私	私::わたし:名詞 は::: 韓国::かんこく:名詞 人::じん:名詞 です::: 。:::
あなた	あなた:::名詞 の::: 名前::なまえ:名詞 は::: 何::なに:名詞 です::: か::: 。:::
友達	友達::ともだち:名詞 と::: 映画::えいが:名詞 を::: 見:見る:み:動詞 ます::: 。:::
家族	家族::かぞく:名詞 は::: 四::よん:名詞 人::にん:名詞 です::: 。:::
父	父::ちち:名詞 は::: 会社::かいしゃ:名詞 員::いん:名詞 です::: 。:::
母	母::はは:名詞 に::: 手紙::てがみ:名詞 を::: 書き:書く:かき:動詞 まし:ます:: た::: 。:::
兄	兄::あに:名詞 は::: 大学生::だいがくせい:名詞 です::: 。:::
姉	姉::あね:名詞 は::: 東京::とうきょう:名詞 に::: 住ん:住む:すん:動詞 で::: い:いる::動詞 ます::: 。:::
弟	弟::おとうと:名詞 は::: 今年::ことし:名詞 十::じゅう:名詞 歳::さい:名詞 です::: 。:::
妹	妹::いもうと:名詞 と::: 一緒::いっしょ:名詞 に::: 学校::がっこう:名詞 へ::: 行き:行く:いき:動詞 ます::: 。:::
子供	公園::こうえん:名詞 に::: 子供::こども:名詞 が::: 多い::おおい:形容詞 です::: 。:::
先生	先生::せんせい:名詞 に::: 質問::しつもん:名詞 し:する::動詞 まし:ます:: た::: 。:::
学生	私::わたし:名詞 は::: 学生::がくせい:名詞 です::: 。:::
会社員	兄::あに:名詞 は::: 会社::かいしゃ:名詞 員::いん:名詞 に::: なり:なる::動詞 まし:ます:: た::: 。:::
医者	医者::いしゃ:名詞 に::: 診:診る:み:動詞 て::: もらい:もらう::動詞 ます::: 。:::
人	あの::: 人::ひと:名詞 は::: 誰::だれ:名詞 です::: か::: 。:::
男	男の子::おとこのこ:名詞 が::: 三::さん:名詞 人::にん:名詞 い:いる::動詞 ます::: 。:::
女	女::おんな:名詞 の::: 人::ひと:名詞 が::: 待っ:待つ:まっ:動詞 て::: い:いる::動詞 ます::: 。:::
家	毎日::まいにち:名詞 七::なな:名詞 時::じ:名詞 に::: 家::いえ:名詞 を::: 出:出る:で:動詞 ます::: 。:::
学校	学校::がっこう:名詞 まで::: 歩い:歩く:あるい:動詞 て::: 行き:行く:いき:動詞 ます::: 。:::
会社	会社::かいしゃ:名詞 は::: 駅::えき:名詞 の::: 近く::ちかく:名詞 です::: 。:::
駅	駅::えき:名詞 で::: 友達::ともだち:名詞 を::: 待ち:待つ:まち:動詞 ます::: 。:::
病院	昨日::きのう:名詞 病院::びょういん:名詞 へ::: 行き:行く:いき:動詞 まし:ます:: た::: 。:::
銀行	銀行::ぎんこう:名詞 で::: お金::おかね:名詞 を::: 借り:借りる:かり:動詞 ます::: 。:::
店	この::: 店::みせ:名詞 は::: 安い::やすい:形容詞 です::: 。:::
部屋	部屋::へや:名詞 を::: 綺麗::きれい:名詞 に::: し:する::動詞 まし:ます:: た::: 。:::
トイレ	トイレ::といれ:名詞 は::: どこ:::名詞 です::: か::: 。:::
図書館	図書館::としょかん:名詞 で::: 本::ほん:名詞 を::: 借り:借りる:かり:動詞 まし:ます:: た::: 。:::
公園	公園::こうえん:名詞 で::: 犬::いぬ:名詞 と::: 遊び:遊ぶ:あそび:動詞 ます::: 。:::
空港	空港::くうこう:名詞 まで::: 車::くるま:名詞 で::: 行き:行く:いき:動詞 ます::: 。:::
大学	大学::だいがく:名詞 で::: 日本語::にほんご:名詞 を::: 勉強::べんきょう:名詞 し:する::動詞 ます::: 。:::
郵便局	郵便::ゆうびん:名詞 局::きょく:名詞 で::: 手紙::てがみ:名詞 を::: 出し:出す:だし:動詞 ます::: 。:::
国	どの::: 国::くに:名詞 から::: 来:来る:き:動詞 まし:ます:: た::: か::: 。:::
町	この::: 町::まち:名詞 は::: 静か::しずか:名詞 です::: 。:::
道	道::みち:名詞 が::: 分かり:分かる:わかり:動詞 ませ:ます:: ん::: 。:::
今日	今日::きょう:名詞 は::: 天気::てんき:名詞 が::: いい:::形容詞 です::: 。:::
明日	明日::あした:名詞 も::: 来:来る:き:動詞 て::: ください:くださる::動詞 。:::
昨日	昨日::きのう:名詞 は::: 忙しかっ:忙しい:いそがしかっ:形容詞 た::: です::: 。:::
朝	朝::あさ:名詞 六::ろく:名詞 時::じ:名詞 に::: 起き:起きる:おき:動詞 ます::: 。:::
昼	昼::ひる:名詞 に::: パン::ぱん:名詞 を::: 食べ:食べる:たべ:動詞 まし:ます:: た::: 。:::
夜	夜::よる:名詞 は::: 静か::しずか:名詞 に::: なり:なる::動詞 ます::: 。:::
今	今::いま:名詞 何::なん:名詞 時::じ:名詞 です::: か::: 。:::
毎日	毎日::まいにち:名詞 日本語::にほんご:名詞 を::: 勉強::べんきょう:名詞 し:する::動詞 ます::: 。:::
時間	時間::じかん:名詞 が::: あり:ある::動詞 ませ:ます:: ん::: 。:::
今年	今年::ことし:名詞 の::: 夏::なつ:名詞 は::: 暑い::あつい:形容詞 です::: 。:::
来年	来年::らいねん:名詞 日本::にっぽん:名詞 へ::: 行き:行く:いき:動詞 ます::: 。:::
去年	去年::きょねん:名詞 ここ:::名詞 に::: 来:来る:き:動詞 まし:ます:: た::: 。:::
週末	週末::しゅうまつ:名詞 は::: 家::いえ:名詞 で::: 休み:休む:やすみ:動詞 ます::: 。:::
午前	午前::ごぜん:名詞 中::ちゅう:名詞 に::: 電話::でんわ:名詞 し:する::動詞 ます::: 。:::
午後	午後::ごご:名詞 から::: 雨::あめ:名詞 が::: 降り:降りる:おり:動詞 ます::: 。:::
今朝	今朝::けさ:名詞 は::: 早く:早い:はやく:形容詞 起き:起きる:おき:動詞 まし:ます:: た::: 。:::
今晩	今晩::こんばん:名詞 何::なに:名詞 を::: 食べ:食べる:たべ:動詞 ます::: か::: 。:::
本	この::: 本::ほん:名詞 は::: 面白い::おもしろい:形容詞 です::: 。:::
ペン	ペン::ぺん:名詞 で::: 名前::なまえ:名詞 を::: 書き:書く:かき:動詞 ます::: 。:::
鞄	鞄::かばん:名詞 の::: 中::なか:名詞 に::: 辞書::じしょ:名詞 が::: あり:ある::動詞 ます::: 。:::
傘	雨::あめ:名詞 だ::: から::: 傘::かさ:名詞 を::: 持ち:持つ:もち:動詞 ます::: 。:::
靴	新しい::あたらしい:形容詞 靴::くつ:名詞 を::: 買い:買う:かい:動詞 まし:ます:: た::: 。:::
服	この::: 服::ふく:名詞 は::: 少し::すこし:副詞 高い::たかい:形容詞 です::: 。:::
財布	財布::さいふ:名詞 を::: 家::いえ:名詞 に::: 忘れ:忘れる:わすれ:動詞 まし:ます:: た::: 。:::
時計	時計::とけい:名詞 が::: 止まっ:止まる:とまっ:動詞 て::: い:いる::動詞 ます::: 。:::
携帯	携帯::けいたい:名詞 で::: 写真::しゃしん:名詞 を::: 撮り:撮る:とり:動詞 ます::: 。:::
写真	家族::かぞく:名詞 の::: 写真::しゃしん:名詞 を::: 見せ:見せる:みせ:動詞 ます::: 。:::
手紙	友達::ともだち:名詞 に::: 手紙::てがみ:名詞 を::: 書き:書く:かき:動詞 ます::: 。:::
新聞	朝::あさ:名詞 は::: 新聞::しんぶん:名詞 を::: 読み:読む:よみ:動詞 ます::: 。:::
辞書	辞書::じしょ:名詞 で::: 言葉::ことば:名詞 を::: 調べ:調べる:しらべ:動詞 ます::: 。:::
机	机::つくえ:名詞 の::: 上::うえ:名詞 に::: 本::ほん:名詞 が::: あり:ある::動詞 ます::: 。:::
椅子	椅子::いす:名詞 に::: 座っ:座る:すわっ:動詞 て::: ください:くださる::動詞 。:::
電車	電車::でんしゃ:名詞 で::: 会社::かいしゃ:名詞 へ::: 行き:行く:いき:動詞 ます::: 。:::
車	父::ちち:名詞 は::: 車::くるま:名詞 を::: 運転::うんてん:名詞 し:する::動詞 ます::: 。:::
自転車	自転車::じてんしゃ:名詞 で::: 駅::えき:名詞 まで::: 行き:行く:いき:動詞 ます::: 。:::
お金	お金::おかね:名詞 が::: 少し::すこし:副詞 しか::: あり:ある::動詞 ませ:ます:: ん::: 。:::
名前	ここ:::名詞 に::: 名前::なまえ:名詞 を::: 書い:書く:かい:動詞 て::: ください:くださる::動詞 。:::
言葉	この::: 言葉::ことば:名詞 の::: 意味::いみ:名詞 は::: 何::なに:名詞 です::: か::: 。:::
水	水::みず:名詞 を::: 一杯::いっぱい:副詞 ください:くださる::動詞 。:::
お茶	お茶::おちゃ:名詞 を::: 飲み:飲む:のみ:動詞 ませ:ます:: ん::: か::: 。:::
コーヒー	毎朝::まいあさ:名詞 コーヒー::こーひー:名詞 を::: 飲み:飲む:のみ:動詞 ます::: 。:::
ご飯	ご飯::ごはん:名詞 は::: もう:::副詞 食べ:食べる:たべ:動詞 まし:ます:: た::: 。:::
パン	朝::あさ:名詞 は::: パン::ぱん:名詞 を::: 食べ:食べる:たべ:動詞 ます::: 。:::
肉	肉::にく:名詞 より::: 魚::さかな:名詞 が::: 好き::すき:名詞 です::: 。:::
魚	この::: 魚::さかな:名詞 は::: 新しい::あたらしい:形容詞 です::: 。:::
野菜	野菜::やさい:名詞 を::: たくさん:::名詞 食べ:食べる:たべ:動詞 ます::: 。:::
果物	果物::くだもの:名詞 は::: 体::からだ:名詞 に::: いい:::形容詞 です::: 。:::
卵	卵::たまご:名詞 を::: 二つ::ふたつ:名詞 使い:使う:つかい:動詞 ます::: 。:::
牛乳	毎日::まいにち:名詞 牛乳::ぎゅうにゅう:名詞 を::: 飲み:飲む:のみ:動詞 ます::: 。:::
お酒	お::: 酒::さけ:名詞 は::: あまり:::副詞 飲み:飲む:のみ:動詞 ませ:ます:: ん::: 。:::
朝ご飯	朝::あさ:名詞 ご飯::ごはん:名詞 を::: 食べ:食べる:たべ:動詞 ませ:ます:: ん::: でし:です:: た::: 。:::
昼ご飯	昼::ひる:名詞 ご飯::ごはん:名詞 は::: 会社::かいしゃ:名詞 で::: 食べ:食べる:たべ:動詞 ます::: 。:::
晩ご飯	晩::ばん:名詞 ご飯::ごはん:名詞 を::: 作り:作る:つくり:動詞 ましょ:ます:: う::: 。:::
天気	今日::きょう:名詞 は::: 天気::てんき:名詞 が::: 悪い::わるい:形容詞 です::: 。:::
雨	雨::あめ:名詞 が::: 降っ:降る:ふっ:動詞 て::: い:いる::動詞 ます::: 。:::
雪	北::きた:名詞 の::: 町::まち:名詞 は::: 雪::ゆき:名詞 が::: 多い::おおい:形容詞 です::: 。:::
風	風::かぜ:名詞 が::: 強く:強い:つよく:形容詞 なり:なる::動詞 まし:ます:: た::: 。:::
空	空::そら:名詞 が::: 青く:青い:あおく:形容詞 て::: 綺麗::きれい:名詞 です::: 。:::
海	夏::なつ:名詞 は::: 海::うみ:名詞 で::: 泳ぎ:泳ぐ:およぎ:動詞 ます::: 。:::
山	あの::: 山::やま:名詞 は::: 高い::たかい:形容詞 です::: 。:::
花	庭::にわ:名詞 に::: 花::はな:名詞 が::: 咲き:咲く:さき:動詞 まし:ます:: た::: 。:::
木	公園::こうえん:名詞 に::: 大きい::おおきい:形容詞 木::き:名詞 が::: あり:ある::動詞 ます::: 。:::
犬	犬::いぬ:名詞 と::: 一緒::いっしょ:名詞 に::: 散歩::さんぽ:名詞 し:する::動詞 ます::: 。:::
猫	猫::ねこ:名詞 が::: 椅子::いす:名詞 の::: 下::した:名詞 に::: い:いる::動詞 ます::: 。:::
鳥	朝::あさ:名詞 、::: 鳥::とり:名詞 の::: 声::こえ:名詞 が::: 聞こえ:聞こえる:きこえ:動詞 ます::: 。:::
行く	毎朝::まいあさ:名詞 学校::がっこう:名詞 へ::: 行き:行く:いき:動詞 ます::: 。:::
来る	友達::ともだち:名詞 が::: 家::いえ:名詞 に::: 来:来る:き:動詞 ます::: 。:::
帰る	六::ろく:名詞 時::じ:名詞 に::: 家::いえ:名詞 へ::: 帰り:帰る:かえり:動詞 ます::: 。:::
食べる	昼::ひる:名詞 ご飯::ごはん:名詞 を::: 食べ:食べる:たべ:動詞 まし:ます:: た::: 。:::
飲む	水::みず:名詞 を::: たくさん:::名詞 飲み:飲む:のみ:動詞 ます::: 。:::
見る	テレビ::てれび:名詞 で::: ニュース::にゅーす:名詞 を::: 見:見る:み:動詞 ます::: 。:::
聞く	先生::せんせい:名詞 に::: 道::みち:名詞 を::: 聞き:聞く:きき:動詞 まし:ます:: た::: 。:::
話す	日本語::にほんご:名詞 で::: 話し:話す:はなし:動詞 ましょ:ます:: う::: 。:::
読む	毎晩::まいばん:名詞 本::ほん:名詞 を::: 読み:読む:よみ:動詞 ます::: 。:::
書く	手紙::てがみ:名詞 を::: 書い:書く:かい:動詞 て::: い:いる::動詞 ます::: 。:::
買う	店::みせ:名詞 で::: パン::ぱん:名詞 を::: 買い:買う:かい:動詞 まし:ます:: た::: 。:::
する	週末::しゅうまつ:名詞 は::: 何::なに:名詞 を::: し:する::動詞 ます::: か::: 。:::
寝る	昨日::きのう:名詞 は::: 早く:早い:はやく:形容詞 寝:寝る:ね:動詞 まし:ます:: た::: 。:::
起きる	今朝::けさ:名詞 六::ろく:名詞 時::じ:名詞 に::: 起き:起きる:おき:動詞 まし:ます:: た::: 。:::
働く	父::ちち:名詞 は::: 銀行::ぎんこう:名詞 で::: 働い:働く:はたらい:動詞 て::: い:いる::動詞 ます::: 。:::
休む	今日::きょう:名詞 は::: 会社::かいしゃ:名詞 を::: 休み:休む:やすみ:動詞 ます::: 。:::
待つ	駅::えき:名詞 で::: 三::さん:名詞 十::じゅう:名詞 分::ふん:名詞 待ち:待つ:まち:動詞 まし:ます:: た::: 。:::
会う	明日::あした:名詞 友達::ともだち:名詞 に::: 会い:会う:あい:動詞 ます::: 。:::
作る	母::はは:名詞 が::: 料理::りょうり:名詞 を::: 作り:作る:つくり:動詞 ます::: 。:::
使う	この::: 辞書::じしょ:名詞 を::: 使っ:使う:つかっ:動詞 て::: ください:くださる::動詞 。:::
分かる	意味::いみ:名詞 が::: 分かり:分かる:わかり:動詞 ませ:ます:: ん::: 。:::
歩く	駅::えき:名詞 まで::: 歩き:歩く:あるき:動詞 まし:ます:: た::: 。:::
走る	公園::こうえん:名詞 を::: 走っ:走る:はしっ:動詞 て::: い:いる::動詞 ます::: 。:::
遊ぶ	子供::こども:名詞 が::: 外::そと:名詞 で::: 遊ん:遊ぶ:あそん:動詞 で::: い:いる::動詞 ます::: 。:::
泳ぐ	海::うみ:名詞 で::: 泳ぎ:泳ぐ:およぎ:動詞 たい::: です::: 。:::
入る	部屋::へや:名詞 に::: 入っ:入る:はいっ:動詞 て::: も::: いい:::形容詞 です::: か::: 。:::
出る	八::はち:名詞 時::じ:名詞 に::: 家::いえ:名詞 を::: 出:出る:で:動詞 ます::: 。:::
乗る	駅::えき:名詞 で::: 電車::でんしゃ:名詞 に::: 乗り:乗る:のり:動詞 ます::: 。:::
降りる	次::つぎ:名詞 の::: 駅::えき:名詞 で::: 降り:降りる:おり:動詞 ます::: 。:::
教える	先生::せんせい:名詞 が::: 日本語::にほんご:名詞 を::: 教え:教える:おしえ:動詞 ます::: 。:::
覚える	新しい::あたらしい:形容詞 言葉::ことば:名詞 を::: 覚え:覚える:おぼえ:動詞 まし:ます:: た::: 。:::
忘れる	傘::かさ:名詞 を::: 電車::でんしゃ:名詞 に::: 忘れ:忘れる:わすれ:動詞 まし:ます:: た::: 。:::
借りる	図書館::としょかん:名詞 で::: 本::ほん:名詞 を::: 借り:借りる:かり:動詞 ます::: 。:::
開ける	窓::まど:名詞 を::: 開け:開ける:あけ:動詞 て::: ください:くださる::動詞 。:::
閉める	寒い::さむい:形容詞 ので::: ドア::どあ:名詞 を::: 閉め:閉める:しめ:動詞 ます::: 。:::
立つ	学生::がくせい:名詞 が::: 全員::ぜんいん:名詞 立ち:立つ:たち:動詞 まし:ます:: た::: 。:::
座る	どうぞ:::副詞 ここ:::名詞 に::: 座っ:座る:すわっ:動詞 て::: ください:くださる::動詞 。:::
持つ	鞄::かばん:名詞 を::: 持ち:持つ:もち:動詞 ましょ:ます:: う::: か::: 。:::
取る	塩::しお:名詞 を::: 取っ:取る:とっ:動詞 て::: ください:くださる::動詞 。:::
売る	あの::: 店::みせ:名詞 は::: 果物::くだもの:名詞 を::: 売っ:売る:うっ:動詞 て::: い:いる::動詞 ます::: 。:::
住む	東京::とうきょう:名詞 に::: 住ん:住む:すん:動詞 で::: い:いる::動詞 ます::: 。:::
降る	朝::あさ:名詞 から::: 雨::あめ:名詞 が::: 降っ:降る:ふっ:動詞 て::: い:いる::動詞 ます::: 。:::
大きい	大きい::おおきい:形容詞 鞄::かばん:名詞 を::: 買い:買う:かい:動詞 まし:ます:: た::: 。:::
小さい	この::: 靴::くつ:名詞 は::: 少し::すこし:副詞 小さい::ちいさい:形容詞 です::: 。:::
高い	この::: 店::みせ:名詞 は::: 高い::たかい:形容詞 です::: 。:::
安い	この::: 本::ほん:名詞 は::: 安かっ:安い:やすかっ:形容詞 た::: です::: 。:::
新しい	新しい::あたらしい:形容詞 携帯::けいたい:名詞 が::: 欲しい::ほしい:形容詞 です::: 。:::
古い	この::: 時計::とけい:名詞 は::: 古い::ふるい:形容詞 です::: 。:::
良い	今日::きょう:名詞 は::: 天気::てんき:名詞 が::: 良い::よい:形容詞 です::: 。:::
悪い	頭::あたま:名詞 が::: 悪く:悪い:わるく:形容詞 て::: 覚え:覚える:おぼえ:動詞 られ:られる::動詞 ませ:ます:: ん::: 。:::
暑い	今年::ことし:名詞 の::: 夏::なつ:名詞 は::: とても:::副詞 暑い::あつい:形容詞 です::: 。:::
寒い	今朝::けさ:名詞 は::: とても:::副詞 寒かっ:寒い:さむかっ:形容詞 た::: です::: 。:::
熱い	この::: お茶::おちゃ:名詞 は::: 熱い::あつい:形容詞 です::: 。:::
冷たい	冷たい::つめたい:形容詞 水::みず:名詞 が::: 飲み:飲む:のみ:動詞 たい::: です::: 。:::
忙しい	今週::こんしゅう:名詞 は::: とても:::副詞 忙しい::いそがしい:形容詞 です::: 。:::
楽しい	旅行::りょこう:名詞 は::: 楽しかっ:楽しい:たのしかっ:形容詞 た::: です::: 。:::
面白い	この::: 映画::えいが:名詞 は::: 面白い::おもしろい:形容詞 です::: 。:::
難しい	この::: 問題::もんだい:名詞 は::: 難しい::むずかしい:形容詞 です::: 。:::
易しい	易しい::やさしい:形容詞 本::ほん:名詞 から::: 読み:読む:よみ:動詞 ます::: 。:::
長い	姉::あね:名詞 は::: 髪::かみ:名詞 が::: 長い::ながい:形容詞 です::: 。:::
短い	この::: 鉛筆::えんぴつ:名詞 は::: 短い::みじかい:形容詞 です::: 。:::
早い	今日::きょう:名詞 は::: 早く:早い:はやく:形容詞 帰り:帰る:かえり:動詞 ます::: 。:::
遅い	バス::ばす:名詞 が::: 遅い::おそい:形容詞 です::: ね::: 。:::
近い	駅::えき:名詞 は::: 家::いえ:名詞 から::: 近い::ちかい:形容詞 です::: 。:::
遠い	空港::くうこう:名詞 は::: ここ:::名詞 から::: 遠い::とおい:形容詞 です::: 。:::
多い	この::: 町::まち:名詞 は::: 店::みせ:名詞 が::: 多い::おおい:形容詞 です::: 。:::
少ない	今日::きょう:名詞 は::: 人::ひと:名詞 が::: 少ない::すくない:形容詞 です::: 。:::
美味しい	この::: 果物::くだもの:名詞 は::: 美味しい::おいしい:形容詞 です::: 。:::
白い	白い::しろい:形容詞 シャツ::しゃつ:名詞 を::: 着:着る:き:動詞 て::: い:いる::動詞 ます::: 。:::
黒い	黒い::くろい:形容詞 猫::ねこ:名詞 が::: 来:来る:き:動詞 まし:ます:: た::: 。:::
赤い	赤い::あかい:形容詞 花::はな:名詞 が::: 好き::すき:名詞 です::: 。:::
青い	今日::きょう:名詞 は::: 空::そら:名詞 が::: 青い::あおい:形容詞 です::: 。:::
若い	あの::: 先生::せんせい:名詞 は::: 若い::わかい:形容詞 です::: 。:::
強い	今日::きょう:名詞 は::: 風::かぜ:名詞 が::: 強い::つよい:形容詞 です::: 。:::
弱い	弟::おとうと:名詞 は::: 体::からだ:名詞 が::: 弱い::よわい:形容詞 です::: 。:::
好き	私::わたし:名詞 は::: 魚::さかな:名詞 が::: 好き::すき:名詞 です::: 。:::
嫌い	野菜::やさい:名詞 が::: 嫌い::きらい:名詞 です::: 。:::
上手	姉::あね:名詞 は::: 料理::りょうり:名詞 が::: 上手::じょうず:名詞 です::: 。:::
下手	私::わたし:名詞 は::: 歌::うた:名詞 が::: 下手::へた:名詞 です::: 。:::
元気	家族::かぞく:名詞 は::: みんな:::名詞 元気::げんき:名詞 です::: 。:::
有名	この::: 店::みせ:名詞 は::: 有名::ゆうめい:名詞 です::: 。:::
親切	あの::: 人::ひと:名詞 は::: とても:::副詞 親切::しんせつ:名詞 です::: 。:::
静か	図書館::としょかん:名詞 は::: 静か::しずか:名詞 です::: 。:::
賑やか	この::: 町::まち:名詞 は::: 賑やか::にぎやか:名詞 です::: 。:::
便利	この::: 携帯::けいたい:名詞 は::: 便利::べんり:名詞 です::: 。:::
不便	駅::えき:名詞 が::: 遠く:遠い:とおく:形容詞 て::: 不便::ふべん:名詞 です::: 。:::
大丈夫	一::いち:名詞 人::にん:名詞 で::: 大丈夫::だいじょうぶ:名詞 です::: か::: 。:::
大切	家族::かぞく:名詞 は::: 大切::たいせつ:名詞 です::: 。:::
簡単	この::: 問題::もんだい:名詞 は::: 簡単::かんたん:名詞 でし:です:: た::: 。:::
綺麗	部屋::へや:名詞 が::: とても:::副詞 綺麗::きれい:名詞 です::: 。:::
暇	明日::あした:名詞 は::: 暇::ひま:名詞 です::: 。:::
大変	仕事::しごと:名詞 が::: 大変::たいへん:名詞 でし:です:: た::: 。:::
真面目	弟::おとうと:名詞 は::: 真面目::まじめ:名詞 な:だ:: 学生::がくせい:名詞 です::: 。:::
とても	この::: 本::ほん:名詞 は::: とても:::副詞 面白い::おもしろい:形容詞 です::: 。:::
少し	日本語::にほんご:名詞 が::: 少し::すこし:副詞 分かり:分かる:わかり:動詞 ます::: 。:::
たくさん	野菜::やさい:名詞 を::: たくさん:::名詞 買い:買う:かい:動詞 まし:ます:: た::: 。:::
よく	よく:::副詞 図書館::としょかん:名詞 へ::: 行き:行く:いき:動詞 ます::: 。:::
まだ	まだ:::副詞 食べ:食べる:たべ:動詞 て::: い:いる::動詞 ませ:ます:: ん::: 。:::
もう	もう:::副詞 八::はち:名詞 時::じ:名詞 に::: なり:なる::動詞 まし:ます:: た::: 。:::
いつも	いつも:::副詞 七::なな:名詞 時::じ:名詞 に::: 起き:起きる:おき:動詞 ます::: 。:::
時々	時々::ときどき:副詞 映画::えいが:名詞 を::: 見:見る:み:動詞 ます::: 。:::
あまり	お::: 酒::さけ:名詞 は::: あまり:::副詞 飲み:飲む:のみ:動詞 ませ:ます:: ん::: 。:::
全然	全然::ぜんぜん:副詞 分かり:分かる:わかり:動詞 ませ:ます:: ん::: でし:です:: た::: 。:::
一緒に	一緒::いっしょ:名詞 に::: 昼::ひる:名詞 ご飯::ごはん:名詞 を::: 食べ:食べる:たべ:動詞 ましょ:ます:: う::: 。:::
ゆっくり	ゆっくり:::副詞 話し:話す:はなし:動詞 て::: ください:くださる::動詞 。:::
ちょっと	ちょっと:::副詞 待っ:待つ:まっ:動詞 て::: ください:くださる::動詞 。:::
どうぞ	どうぞ:::副詞 入っ:入る:はいっ:動詞 て::: ください:くださる::動詞 。:::
どうも	どうも:::副詞 ありがとう::: ござい:ござる:: ます::: 。:::
おはよう	おはよう::: 、::: 今日::きょう:名詞 も::: 早い::はやい:形容詞 ね::: 。:::
こんにちは	こんにちは::: 、::: いい:::形容詞 天気::てんき:名詞 です::: ね::: 。:::
こんばんは	こんばんは::: 、::: 遅く:遅い:おそく:形容詞 なり:なる::動詞 まし:ます:: た::: 。:::
ありがとう	手伝っ:手伝う:てつだっ:動詞 て::: くれ:くれる::動詞 て::: ありがとう::: 。:::
すみません	すみません::: 、::: 駅::えき:名詞 は::: どこ:::名詞 です::: か::: 。:::
さようなら	先生::せんせい:名詞 、::: さようなら::: 。:::
いただきます	では::: 、::: いただき:いただく::動詞 ます::: 。:::
ごちそうさま	ごちそうさま::: でし:です:: た::: 。:::
おやすみなさい	もう:::副詞 寝:寝る:ね:動詞 ます::: 。::: おやすみなさい::: 。:::
はじめまして	はじめまして::: 、::: 金::きむ:名詞 と::: 申し:申す:もうし:動詞 ます::: 。:::
お願いします	よろしく:::副詞 お願い::おねがい:名詞 し:する::動詞 ます::: 。:::
妻	妻::つま:名詞 と::: 買い物::かいもの:名詞 に::: 行き:行く:いき:動詞 まし:ます:: た::: 。:::
主人	主人::しゅじん:名詞 は::: まだ:::副詞 帰っ:帰る:かえっ:動詞 て::: い:いる::動詞 ませ:ます:: ん::: 。:::
息子	息子::むすこ:名詞 は::: 来年::らいねん:名詞 小学生::しょうがくせい:名詞 に::: なり:なる::動詞 ます::: 。:::
娘	娘::むすめ:名詞 は::: 音楽::おんがく:名詞 が::: 好き::すき:名詞 です::: 。:::
両親	両親::りょうしん:名詞 は::: 田舎::いなか:名詞 に::: 住ん:住む:すん:動詞 で::: い:いる::動詞 ます::: 。:::
祖父	祖父::そふ:名詞 は::: 今年::ことし:名詞 八::はち:名詞 十::じゅう:名詞 歳::さい:名詞 です::: 。:::
祖母	祖母::そぼ:名詞 が::: 料理::りょうり:名詞 を::: 教え:教える:おしえ:動詞 て::: くれ:くれる::動詞 まし:ます:: た::: 。:::
客	今日::きょう:名詞 は::: 客::きゃく:名詞 が::: 多い::おおい:形容詞 です::: 。:::
課長	課長::かちょう:名詞 に::: 報告::ほうこく:名詞 し:する::動詞 まし:ます:: た::: 。:::
部長	部長::ぶちょう:名詞 は::: 会議::かいぎ:名詞 に::: 出:出る:で:動詞 て::: い:いる::動詞 ます::: 。:::
台所	台所::だいどころ:名詞 で::: 料理::りょうり:名詞 を::: 作り:作る:つくり:動詞 ます::: 。:::
教室	教室::きょうしつ:名詞 に::: 誰::だれ:名詞 も::: い:いる::動詞 ませ:ます:: ん::: 。:::
工場	父::ちち:名詞 は::: 工場::こうじょう:名詞 で::: 働い:働く:はたらい:動詞 て::: い:いる::動詞 ます::: 。:::
受付	受付::うけつけ:名詞 で::: 名前::なまえ:名詞 を::: 書き:書く:かき:動詞 ます::: 。:::
港	港::みなと:名詞 に::: 大きい::おおきい:形容詞 船::ふね:名詞 が::: 来:来る:き:動詞 まし:ます:: た::: 。:::
島	夏::なつ:名詞 に::: 南::みなみ:名詞 の::: 島::しま:名詞 へ::: 行き:行く:いき:動詞 ます::: 。:::
村	小さい::ちいさい:形容詞 村::むら:名詞 に::: 住ん:住む:すん:動詞 で::: い:いる::動詞 ます::: 。:::
都会	都会::とかい:名詞 は::: 人::ひと:名詞 が::: 多く:多い:おおく:形容詞 て::: 賑やか::にぎやか:名詞 です::: 。:::
田舎	田舎::いなか:名詞 の::: 生活::せいかつ:名詞 は::: 静か::しずか:名詞 です::: 。:::
会場	会場::かいじょう:名詞 は::: もう:::副詞 満員::まんいん:名詞 です::: 。:::
昔	昔::むかし:名詞 ここ:::名詞 に::: 学校::がっこう:名詞 が::: あり:ある::動詞 まし:ます:: た::: 。:::
今度	今度::こんど:名詞 一緒::いっしょ:名詞 に::: 食事::しょくじ:名詞 し:する::動詞 ましょ:ます:: う::: 。:::
最初	最初::さいしょ:名詞 は::: 難しかっ:難しい:むずかしかっ:形容詞 た::: です::: 。:::
最後	最後::さいご:名詞 まで::: 頑張り:頑張る:がんばり:動詞 ます::: 。:::
途中	帰る::かえる:動詞 途中::とちゅう:名詞 で::: 雨::あめ:名詞 が::: 降り:降りる:おり:動詞 まし:ます:: た::: 。:::
期間	この::: 期間::きかん:名詞 は::: 店::みせ:名詞 が::: 休み::やすみ:名詞 です::: 。:::
予定	明日::あした:名詞 の::: 予定::よてい:名詞 を::: 教え:教える:おしえ:動詞 て::: ください:くださる::動詞 。:::
最近	最近::さいきん:名詞 よく:::副詞 雨::あめ:名詞 が::: 降り:降りる:おり:動詞 ます::: 。:::
荷物	荷物::にもつ:名詞 が::: 重く:重い:おもく:形容詞 て::: 大変::たいへん:名詞 です::: 。:::
眼鏡	眼鏡::めがね:名詞 を::: かけ:かける::動詞 て::: 本::ほん:名詞 を::: 読み:読む:よみ:動詞 ます::: 。:::
鍵	部屋::へや:名詞 の::: 鍵::かぎ:名詞 を::: なくし:なくす::動詞 まし:ます:: た::: 。:::
引き出し	引き出し:引き出す:ひきだし:動詞 に::: 手紙::てがみ:名詞 を::: 入れ:入れる:いれ:動詞 まし:ます:: た::: 。:::
布団	布団::ふとん:名詞 を::: 干し:干す:ほし:動詞 まし:ます:: た::: 。:::
電気	部屋::へや:名詞 の::: 電気::でんき:名詞 を::: 消し:消す:けし:動詞 て::: ください:くださる::動詞 。:::
冷蔵庫	冷蔵庫::れいぞうこ:名詞 に::: 牛乳::ぎゅうにゅう:名詞 が::: あり:ある::動詞 ます::: 。:::
洗濯機	洗濯::せんたく:名詞 機::き:名詞 が::: 壊れ:壊れる:こわれ:動詞 まし:ます:: た::: 。:::
機械	この::: 機械::きかい:名詞 の::: 使い方::つかいかた:名詞 が::: 分かり:分かる:わかり:動詞 ませ:ます:: ん::: 。:::
道具	掃除::そうじ:名詞 の::: 道具::どうぐ:名詞 を::: 借り:借りる:かり:動詞 ます::: 。:::
品物	この::: 店::みせ:名詞 は::: 品物::しなもの:名詞 が::: 多い::おおい:形容詞 です::: 。:::
切符	駅::えき:名詞 で::: 切符::きっぷ:名詞 を::: 買い:買う:かい:動詞 まし:ます:: た::: 。:::
味	この::: スープ::すーぷ:名詞 は::: 味::あじ:名詞 が::: 薄い::うすい:形容詞 です::: 。:::
砂糖	コーヒー::こーひー:名詞 に::: 砂糖::さとう:名詞 を::: 入れ:入れる:いれ:動詞 ます::: 。:::
塩	塩::しお:名詞 を::: 少し::すこし:副詞 足し:足す:たし:動詞 て::: ください:くださる::動詞 。:::
味噌	朝::あさ:名詞 は::: 味噌汁::みそしる:名詞 を::: 飲み:飲む:のみ:動詞 ます::: 。:::
醤油	魚::さかな:名詞 に::: 醤油::しょうゆ:名詞 を::: かけ:かける::動詞 ます::: 。:::
弁当	昼::ひる:名詞 は::: 弁当::べんとう:名詞 を::: 持っ:持つ:もっ:動詞 て::: 行き:行く:いき:動詞 ます::: 。:::
食事	食事::しょくじ:名詞 の::: 前::まえ:名詞 に::: 手::て:名詞 を::: 洗い:洗う:あらい:動詞 ます::: 。:::
料理	日本::にっぽん:名詞 料理::りょうり:名詞 を::: 作っ:作る:つくっ:動詞 て::: み:みる::動詞 ます::: 。:::
森	森::もり:名詞 の::: 中::なか:名詞 は::: 涼しい::すずしい:形容詞 です::: 。:::
林	家::いえ:名詞 の::: 後ろ::うしろ:名詞 に::: 林::はやし:名詞 が::: あり:ある::動詞 ます::: 。:::
池	池::いけ:名詞 に::: 魚::さかな:名詞 が::: たくさん:::名詞 い:いる::動詞 ます::: 。:::
湖	湖::みずうみ:名詞 の::: 水::みず:名詞 は::: 冷たい::つめたい:形容詞 です::: 。:::
星	今夜::こんや:名詞 は::: 星::ほし:名詞 が::: よく:::副詞 見え:見える:みえ:動詞 ます::: 。:::
月	今日::きょう:名詞 は::: 月::つき:名詞 が::: 綺麗::きれい:名詞 です::: ね::: 。:::
太陽	太陽::たいよう:名詞 が::: 出:出る:で:動詞 て::: 暖かく:暖かい:あたたかく:形容詞 なり:なる::動詞 まし:ます:: た::: 。:::
台風	台風::たいふう:名詞 で::: 電車::でんしゃ:名詞 が::: 止まり:止まる:とまり:動詞 まし:ます:: た::: 。:::
集める	古い::ふるい:形容詞 切手::きって:名詞 を::: 集め:集める:あつめ:動詞 て::: い:いる::動詞 ます::: 。:::
選ぶ	好き::すき:名詞 な:だ:: 色::いろ:名詞 を::: 選ん:選ぶ:えらん:動詞 で::: ください:くださる::動詞 。:::
運ぶ	机::つくえ:名詞 を::: 教室::きょうしつ:名詞 まで::: 運び:運ぶ:はこび:動詞 ます::: 。:::
続ける	毎日::まいにち:名詞 運動::うんどう:名詞 を::: 続け:続ける:つづけ:動詞 て::: い:いる::動詞 ます::: 。:::
始める	来月::らいげつ:名詞 から::: ピアノ::ぴあの:名詞 を::: 始め:始める:はじめ:動詞 ます::: 。:::
終わる	会議::かいぎ:名詞 は::: 五::ご:名詞 時::じ:名詞 に::: 終わり:終わる:おわり:動詞 ます::: 。:::
決める	旅行::りょこう:名詞 の::: 日::ひ:名詞 を::: 決め:決める:きめ:動詞 ましょ:ます:: う::: 。:::
調べる	辞書::じしょ:名詞 で::: 意味::いみ:名詞 を::: 調べ:調べる:しらべ:動詞 ます::: 。:::
比べる	二つ::ふたつ:名詞 の::: 店::みせ:名詞 を::: 比べ:比べる:くらべ:動詞 て::: み:みる::動詞 ます::: 。:::
準備する	会議::かいぎ:名詞 の::: 資料::しりょう:名詞 を::: 準備::じゅんび:名詞 し:する::動詞 ます::: 。:::
招待する	友達::ともだち:名詞 を::: 家::いえ:名詞 に::: 招待::しょうたい:名詞 し:する::動詞 まし:ます:: た::: 。:::
説明する	使い方::つかいかた:名詞 を::: 説明::せつめい:名詞 し:する::動詞 て::: ください:くださる::動詞 。:::
相談する	先生::せんせい:名詞 に::: 相談::そうだん:名詞 し:する::動詞 まし:ます:: た::: 。:::
連れる	子供::こども:名詞 を::: 公園::こうえん:名詞 に::: 連れ:連れる:つれ:動詞 て::: 行き:行く:いき:動詞 ます::: 。:::
届く	昨日::きのう:名詞 荷物::にもつ:名詞 が::: 届き:届く:とどき:動詞 まし:ます:: た::: 。:::
送る	母::はは:名詞 に::: 写真::しゃしん:名詞 を::: 送り:送る:おくり:動詞 まし:ます:: た::: 。:::
拾う	道::みち:名詞 で::: 財布::さいふ:名詞 を::: 拾い:拾う:ひろい:動詞 まし:ます:: た::: 。:::
捨てる	古い::ふるい:形容詞 新聞::しんぶん:名詞 を::: 捨て:捨てる:すて:動詞 ます::: 。:::
落ちる	鍵::かぎ:名詞 が::: 机::つくえ:名詞 から::: 落ち:落ちる:おち:動詞 まし:ます:: た::: 。:::
直す	時計::とけい:名詞 を::: 直し:直す:なおし:動詞 て::: もらい:もらう::動詞 まし:ます:: た::: 。:::
治る	風邪::かぜ:名詞 が::: やっと:::副詞 治り:治る:なおり:動詞 まし:ます:: た::: 。:::
変わる	天気::てんき:名詞 が::: 急::きゅう:名詞 に::: 変わり:変わる:かわり:動詞 まし:ます:: た::: 。:::
育てる	庭::にわ:名詞 で::: 野菜::やさい:名詞 を::: 育て:育てる:そだて:動詞 て::: い:いる::動詞 ます::: 。:::
手伝う	母::はは:名詞 の::: 仕事::しごと:名詞 を::: 手伝い:手伝う:てつだい:動詞 ます::: 。:::
訪ねる	先生::せんせい:名詞 の::: 家::いえ:名詞 を::: 訪ね:訪ねる:たずね:動詞 まし:ます:: た::: 。:::
珍しい	珍しい::めずらしい:形容詞 花::はな:名詞 を::: 見つけ:見つける:みつけ:動詞 まし:ます:: た::: 。:::
恥ずかしい	名前::なまえ:名詞 を::: 間違え:間違える:まちがえ:動詞 て::: 恥ずかしい::はずかしい:形容詞 です::: 。:::
嬉しい	手紙::てがみ:名詞 を::: もらっ:もらう::動詞 て::: 嬉しい::うれしい:形容詞 です::: 。:::
悲しい	悲しい::かなしい:形容詞 話::はなし:名詞 を::: 聞き:聞く:きき:動詞 まし:ます:: た::: 。:::
寂しい	一::いち:名詞 人::にん:名詞 で:だ:: 寂しい::さびしい:形容詞 です::: 。:::
厳しい	あの::: 先生::せんせい:名詞 は::: 厳しい::きびしい:形容詞 です::: 。:::
優しい	姉::あね:名詞 は::: とても:::副詞 優しい::やさしい:形容詞 です::: 。:::
細かい	細かい::こまかい:形容詞 お金::おかね:名詞 が::: あり:ある::動詞 ませ:ます:: ん::: 。:::
安全	この::: 道::みち:名詞 は::: 夜::よる:名詞 も::: 安全::あんぜん:名詞 です::: 。:::
危険	ここ:::名詞 は::: 危険::きけん:名詞 です::: から::: 入ら:入る:はいら:動詞 ない::: で::: ください:くださる::動詞 。:::
必要	パスポート::ぱすぽーと:名詞 が::: 必要::ひつよう:名詞 です::: 。:::
十分	時間::じかん:名詞 は::: 十分::じゅうぶん:名詞 あり:ある::動詞 ます::: 。:::
特別	今日::きょう:名詞 は::: 特別::とくべつ:名詞 な:だ:: 日::ひ:名詞 です::: 。:::
自由	週末::しゅうまつ:名詞 は::: 自由::じゆう:名詞 に::: 過ごし:過ごす:すごし:動詞 ます::: 。:::
適当	適当::てきとう:名詞 な:だ:: 大き:大きい:おおき:形容詞 さ:::名詞 に::: 切り:切る:きり:動詞 ます::: 。:::
熱心	彼::かれ:名詞 は::: 熱心::ねっしん:名詞 に::: 勉強::べんきょう:名詞 し:する::動詞 て::: い:いる::動詞 ます::: 。:::
必ず	明日::あした:名詞 は::: 必ず::かならず:副詞 来:来る:き:動詞 て::: ください:くださる::動詞 。:::
例えば	例えば::たとえば: この::: 本::ほん:名詞 は::: どう:::副詞 です::: か::: 。:::
特に	特に::とくに:副詞 問題::もんだい:名詞 は::: あり:ある::動詞 ませ:ます:: ん::: 。:::
実は	実は::じつは: まだ:::副詞 食べ:食べる:たべ:動詞 て::: い:いる::動詞 ませ:ます:: ん::: 。:::
大体	大体::だいたい:名詞 分かり:分かる:わかり:動詞 まし:ます:: た::: 。:::
急に	急::きゅう:名詞 に::: 用事::ようじ:名詞 が::: でき:できる::動詞 まし:ます:: た::: 。:::
しばらく	しばらく:::副詞 ここ:::名詞 で::: 待ち:待つ:まち:動詞 ます::: 。:::
そろそろ	そろそろ:::副詞 帰り:帰る:かえり:動詞 ましょ:ます:: う::: 。:::
お疲れ様	今日::きょう:名詞 も::: お疲れ様::おつかれさま: でし:です:: た::: 。:::
行ってきます	じゃあ::: 、::: 行っ:行く:いっ:動詞 て::: き:くる::動詞 ます::: 。:::
ただいま	ただいま::: 、::: 遅く:遅い:おそく:形容詞 なり:なる::動詞 まし:ます:: た::: 。:::
おかえりなさい	おかえりなさい::: 、::: 疲れ:疲れる:つかれ:動詞 た::: でしょ:です:: う::: 。:::
失礼します	お先に::おさきに:副詞 失礼::しつれい:名詞 し:する::動詞 ます::: 。:::
男性	男性::だんせい:名詞 の::: 店員::てんいん:名詞 に::: 聞き:聞く:きき:動詞 まし:ます:: た::: 。:::
女性	女性::じょせい:名詞 の::: 割合::わりあい:名詞 が::: 増え:増える:ふえ:動詞 て::: い:いる::動詞 ます::: 。:::
大人	大人::おとな:名詞 に::: なっ:なる::動詞 たら:た:: 分かり:分かる:わかり:動詞 ます::: 。:::
若者	この::: 街::まち:名詞 は::: 若者::わかもの:名詞 が::: 多い::おおい:形容詞 です::: 。:::
専門家	専門::せんもん:名詞 家::か:名詞 の::: 意見::いけん:名詞 を::: 聞き:聞く:きき:動詞 まし:ます:: た::: 。:::
相手	相手::あいて:名詞 の::: 話::はなし:名詞 を::: よく:::副詞 聞き:聞く:きき:動詞 ます::: 。:::
他人	他人::たにん:名詞 の::: 目::め:名詞 が::: 気::き:名詞 に::: なり:なる::動詞 ます::: 。:::
本人	本人::ほんにん:名詞 に::: 直接::ちょくせつ:名詞 確認::かくにん:名詞 し:する::動詞 ます::: 。:::
会議室	会議::かいぎ:名詞 室::しつ:名詞 は::: 三::さん:名詞 階::かい:名詞 に::: あり:ある::動詞 ます::: 。:::
廊下	廊下::ろうか:名詞 を::: 走ら:走る:はしら:動詞 ない::: で::: ください:くださる::動詞 。:::
屋上	屋上::おくじょう:名詞 から::: 街::まち:名詞 が::: 見え:見える:みえ:動詞 ます::: 。:::
地下	地下::ちか:名詞 に::: 駐車::ちゅうしゃ:名詞 場::じょう:名詞 が::: あり:ある::動詞 ます::: 。:::
郊外	郊外::こうがい:名詞 に::: 引っ越し:引っ越す:ひっこし:動詞 まし:ます:: た::: 。:::
首都	日本::にっぽん:名詞 の::: 首都::しゅと:名詞 は::: 東京::とうきょう:名詞 です::: 。:::
地域	この::: 地域::ちいき:名詞 は::: 雪::ゆき:名詞 が::: 多い::おおい:形容詞 です::: 。:::
場所	待ち合わせ::まちあわせ:名詞 の::: 場所::ばしょ:名詞 を::: 決め:決める:きめ:動詞 ます::: 。:::
現在	現在::げんざい:名詞 の::: 状況::じょうきょう:名詞 を::: 説明::せつめい:名詞 し:する::動詞 ます::: 。:::
過去	過去::かこ:名詞 の::: こと:::名詞 は::: 忘れ:忘れる:わすれ:動詞 ましょ:ます:: う::: 。:::
未来	未来::みらい:名詞 の::: ため:::名詞 に::: 貯金::ちょきん:名詞 し:する::動詞 ます::: 。:::
期限	申し込み::もうしこみ:名詞 の::: 期限::きげん:名詞 は::: 明日::あした:名詞 です::: 。:::
当時	当時::とうじ:名詞 は::: まだ:::副詞 学生::がくせい:名詞 でし:です:: た::: 。:::
普段	普段::ふだん:名詞 は::: 自転車::じてんしゃ:名詞 で::: 通っ:通う:かよっ:動詞 て::: い:いる::動詞 ます::: 。:::
瞬間	その::: 瞬間::しゅんかん:名詞 、::: 電気::でんき:名詞 が::: 消え:消える:きえ:動詞 まし:ます:: た::: 。:::
時期	今::いま:名詞 は::: 忙しい::いそがしい:形容詞 時期::じき:名詞 です::: 。:::
資料	会議::かいぎ:名詞 の::: 資料::しりょう:名詞 を::: コピー::こぴー:名詞 し:する::動詞 ます::: 。:::
書類	書類::しょるい:名詞 に::: サイン::さいん:名詞 し:する::動詞 て::: ください:くださる::動詞 。:::
記録	毎日::まいにち:名詞 の::: 記録::きろく:名詞 を::: 残し:残す:のこし:動詞 て::: い:いる::動詞 ます::: 。:::
部品	機械::きかい:名詞 の::: 部品::ぶひん:名詞 を::: 交換::こうかん:名詞 し:する::動詞 まし:ます:: た::: 。:::
商品	この::: 商品::しょうひん:名詞 は::: 人気::にんき:名詞 が::: あり:ある::動詞 ます::: 。:::
製品	新しい::あたらしい:形容詞 製品::せいひん:名詞 を::: 開発::かいはつ:名詞 し:する::動詞 て::: い:いる::動詞 ます::: 。:::
家具	部屋::へや:名詞 の::: 家具::かぐ:名詞 を::: 買い替え:買い替える:かいかえ:動詞 まし:ます:: た::: 。:::
現金	現金::げんきん:名詞 しか::: 使え:使える:つかえ:動詞 ませ:ます:: ん::: 。:::
領収書	領収::りょうしゅう:名詞 書::しょ:名詞 を::: お願い::おねがい:名詞 し:する::動詞 ます::: 。:::
封筒	封筒::ふうとう:名詞 に::: 住所::じゅうしょ:名詞 を::: 書き:書く:かき:動詞 ます::: 。:::
材料	料理::りょうり:名詞 の::: 材料::ざいりょう:名詞 を::: 買っ:買う:かっ:動詞 て::: き:くる::動詞 ます::: 。:::
栄養	野菜::やさい:名詞 は::: 栄養::えいよう:名詞 が::: 豊か::ゆたか:名詞 です::: 。:::
食欲	暑く:暑い:あつく:形容詞 て::: 食欲::しょくよく:名詞 が::: あり:ある::動詞 ませ:ます:: ん::: 。:::
香り	コーヒー::こーひー:名詞 の::: いい:::形容詞 香り::かおり:名詞 が::: し:する::動詞 ます::: 。:::
冷凍	肉::にく:名詞 を::: 冷凍::れいとう:名詞 し:する::動詞 て::: おき:おく::動詞 ます::: 。:::
外食	週末::しゅうまつ:名詞 は::: よく:::副詞 外食::がいしょく:名詞 し:する::動詞 ます::: 。:::
環境	環境::かんきょう:名詞 を::: 守る::まもる:動詞 必要::ひつよう:名詞 が::: あり:ある::動詞 ます::: 。:::
自然	この::: 村::むら:名詞 は::: 自然::しぜん:名詞 が::: 豊か::ゆたか:名詞 です::: 。:::
気温	今日::きょう:名詞 は::: 気温::きおん:名詞 が::: 下がり:下がる:さがり:動詞 まし:ます:: た::: 。:::
地震	昨夜::さくや:名詞 大きい::おおきい:形容詞 地震::じしん:名詞 が::: あり:ある::動詞 まし:ます:: た::: 。:::
波	今日::きょう:名詞 は::: 波::なみ:名詞 が::: 高い::たかい:形容詞 です::: 。:::
砂	靴::くつ:名詞 の::: 中::なか:名詞 に::: 砂::すな:名詞 が::: 入り:入る:はいり:動詞 まし:ます:: た::: 。:::
増える	外国::がいこく:名詞 人::じん:名詞 の::: 客::きゃく:名詞 が::: 増え:増える:ふえ:動詞 まし:ます:: た::: 。:::
減る	仕事::しごと:名詞 が::: 少し::すこし:副詞 減り:減る:へり:動詞 まし:ます:: た::: 。:::
含む	値段::ねだん:名詞 は::: 税金::ぜいきん:名詞 を::: 含ん:含む:ふくん:動詞 で::: い:いる::動詞 ます::: 。:::
認める	自分::じぶん:名詞 の::: 間違い::まちがい:名詞 を::: 認め:認める:みとめ:動詞 まし:ます:: た::: 。:::
断る	誘い::さそい:名詞 を::: 断り:断る:ことわり:動詞 まし:ます:: た::: 。:::
許す	今回::こんかい:名詞 だけ::: は::: 許し:許す:ゆるし:動詞 ます::: 。:::
与える	子供::こども:名詞 に::: 良い::よい:形容詞 影響::えいきょう:名詞 を::: 与え:与える:あたえ:動詞 ます::: 。:::
求める	会社::かいしゃ:名詞 に::: 説明::せつめい:名詞 を::: 求め:求める:もとめ:動詞 まし:ます:: た::: 。:::
支える	家族::かぞく:名詞 が::: 私::わたし:名詞 を::: 支え:支える:ささえ:動詞 て::: くれ:くれる::動詞 まし:ます:: た::: 。:::
進む	工事::こうじ:名詞 は::: 順調::じゅんちょう:名詞 に::: 進ん:進む:すすん:動詞 で::: い:いる::動詞 ます::: 。:::
戻る	すぐ:::副詞 席::せき:名詞 に::: 戻り:戻る:もどり:動詞 ます::: 。:::
諦める	最後::さいご:名詞 まで::: 諦め:諦める:あきらめ:動詞 ませ:ます:: ん::: でし:です:: た::: 。:::
慣れる	新しい::あたらしい:形容詞 仕事::しごと:名詞 に::: 慣れ:慣れる:なれ:動詞 まし:ます:: た::: 。:::
迷う	道::みち:名詞 に::: 迷っ:迷う:まよっ:動詞 て::: しまい:しまう::動詞 まし:ます:: た::: 。:::
悩む	進路::しんろ:名詞 について::: 悩ん:悩む:なやん:動詞 で::: い:いる::動詞 ます::: 。:::
頑張る	試験::しけん:名詞 まで::: 頑張り:頑張る:がんばり:動詞 ます::: 。:::
預ける	駅::えき:名詞 に::: 荷物::にもつ:名詞 を::: 預け:預ける:あづけ:動詞 まし:ます:: た::: 。:::
守る	約束::やくそく:名詞 は::: 必ず::かならず:副詞 守り:守る:まもり:動詞 ます::: 。:::
育つ	子供::こども:名詞 が::: 元気::げんき:名詞 に::: 育っ:育つ:そだっ:動詞 て::: い:いる::動詞 ます::: 。:::
続く	雨::あめ:名詞 が::: 三::さん:名詞 日::にち:名詞 も::: 続い:続く:つづい:動詞 て::: い:いる::動詞 ます::: 。:::
変える	予定::よてい:名詞 を::: 変え:変える:かえ:動詞 て::: も::: いい:::形容詞 です::: か::: 。:::
伝える	部長::ぶちょう:名詞 に::: 伝え:伝える:つたえ:動詞 て::: おき:おく::動詞 ます::: 。:::
感謝する	助け:助ける:たすけ:動詞 て::: くれ:くれる::動詞 た::: 人::ひと:名詞 に::: 感謝::かんしゃ:名詞 し:する::動詞 ます::: 。:::
判断する	自分::じぶん:名詞 で::: 判断::はんだん:名詞 し:する::動詞 て::: ください:くださる::動詞 。:::
解決する	問題::もんだい:名詞 は::: もう:::副詞 解決::かいけつ:名詞 し:する::動詞 まし:ます:: た::: 。:::
詳しい	彼::かれ:名詞 は::: 日本::にっぽん:名詞 の::: 歴史::れきし:名詞 に::: 詳しい::くわしい:形容詞 です::: 。:::
激しい	激しい::はげしい:形容詞 雨::あめ:名詞 が::: 降っ:降る:ふっ:動詞 て::: い:いる::動詞 ます::: 。:::
正しい	正しい::ただしい:形容詞 答え::こたえ:名詞 を::: 選ん:選ぶ:えらん:動詞 で::: ください:くださる::動詞 。:::
恐ろしい	恐ろしい::おそろしい:形容詞 夢::ゆめ:名詞 を::: 見:見る:み:動詞 まし:ます:: た::: 。:::
懐かしい	懐かしい::なつかしい:形容詞 写真::しゃしん:名詞 が::: 出:出る:で:動詞 て::: き:くる::動詞 まし:ます:: た::: 。:::
賢い	賢い::かしこい:形容詞 選び方::えらびかた:名詞 だ::: と::: 思い:思う:おもい:動詞 ます::: 。:::
貧しい	昔::むかし:名詞 この::: 村::むら:名詞 は::: 貧しかっ:貧しい:まずしかっ:形容詞 た::: です::: 。:::
険しい	険しい::けわしい:形容詞 山道::さんどう:名詞 を::: 登り:登る:のぼり:動詞 まし:ます:: た::: 。:::
確か	確か::たしか:名詞 な:だ:: 情報::じょうほう:名詞 で::: は::: あり:ある::動詞 ませ:ます:: ん::: 。:::
明らか	原因::げんいん:名詞 は::: 明らか::あきらか:名詞 に::: なり:なる::動詞 まし:ます:: た::: 。:::
豊か	この::: 国::くに:名詞 は::: 水::みず:名詞 が::: 豊か::ゆたか:名詞 です::: 。:::
複雑	手続き::てつづき:名詞 が::: 複雑::ふくざつ:名詞 で::: 困り:困る:こまり:動詞 まし:ます:: た::: 。:::
単純	答え::こたえ:名詞 は::: 単純::たんじゅん:名詞 でし:です:: た::: 。:::
積極的	積極::せっきょく:名詞 的::てき:名詞 に::: 意見::いけん:名詞 を::: 言い:言う:いい:動詞 ます::: 。:::
正直	正直::しょうじき:名詞 に::: 話し:話す:はなし:動詞 て::: ください:くださる::動詞 。:::
派手	派手::はで:名詞 な:だ:: 服::ふく:名詞 は::: 苦手::にがて:名詞 です::: 。:::
恐らく	恐らく::おそらく:副詞 間に合わ:間に合う:まにあわ:動詞 ない::: でしょ:です:: う::: 。:::
実際に	実際::じっさい:副詞 に::: 会っ:会う:あっ:動詞 て::: 話し:話す:はなし:動詞 まし:ます:: た::: 。:::
結局	結局::けっきょく:名詞 行か:行く:いか:動詞 ない::: こと:::名詞 に::: し:する::動詞 まし:ます:: た::: 。:::
突然	突然::とつぜん:副詞 電気::でんき:名詞 が::: 消え:消える:きえ:動詞 まし:ます:: た::: 。:::
相当	相当::そうとう:副詞 疲れ:疲れる:つかれ:動詞 て::: いる:::動詞 よう:::名詞 です::: 。:::
ますます	雨::あめ:名詞 が::: ますます:::副詞 強く:強い:つよく:形容詞 なり:なる::動詞 まし:ます:: た::: 。:::
さすが	さすが:::副詞 専門::せんもん:名詞 家::か:名詞 です::: ね::: 。:::
つまり	つまり::: 明日::あした:名詞 は::: 休み::やすみ:名詞 です::: ね::: 。:::
お世話になります	来月::らいげつ:名詞 から::: お世話::おせわ:名詞 に::: なり:なる::動詞 ます::: 。:::
お邪魔します	こんにちは::: 、::: お::: 邪魔::じゃま:名詞 し:する::動詞 ます::: 。:::
かしこまりました	かしこまり:かしこまる::動詞 まし:ます:: た::: 、::: すぐ:::副詞 用意::ようい:名詞 し:する::動詞 ます::: 。:::
お陰様で	お陰様::おかげさま:名詞 で::: 元気::げんき:名詞 に::: し:する::動詞 て::: い:いる::動詞 ます::: 。:::
恐れ入ります	恐れ入り:恐れ入る:おそれいり:動詞 ます::: が::: 、::: 少々::しょうしょう:副詞 お待ち::おまち:名詞 ください:くださる::動詞 。:::
上司	上司::じょうし:名詞 に::: 報告::ほうこく:名詞 し:する::動詞 まし:ます:: た::: 。:::
部下	部下::ぶか:名詞 を::: 信じ:信じる:しんじ:動詞 て::: い:いる::動詞 ます::: 。:::
同僚	同僚::どうりょう:名詞 と::: 昼食::ちゅうしょく:名詞 を::: とり:とる::動詞 まし:ます:: た::: 。:::
選手	選手::せんしゅ:名詞 が::: 全力::ぜんりょく:名詞 で::: 走り:走る:はしり:動詞 まし:ます:: た::: 。:::
観客	観客::かんきゃく:名詞 が::: 大きな::おおきな: 拍手::はくしゅ:名詞 を::: 送り:送る:おくり:動詞 まし:ます:: た::: 。:::
経営者	経営::けいえい:名詞 者::しゃ:名詞 として::: 責任::せきにん:名詞 を::: 持ち:持つ:もち:動詞 ます::: 。:::
担当者	担当::たんとう:名詞 者::しゃ:名詞 に::: 代わり:代わる:かわり:動詞 ます::: 。:::
素人	素人::しろうと:名詞 に::: は::: 難しい::むずかしい:形容詞 作業::さぎょう:名詞 です::: 。:::
支店	駅前::えきまえ:名詞 の::: 支店::してん:名詞 に::: 寄り:寄る:より:動詞 まし:ます:: た::: 。:::
本社	本社::ほんしゃ:名詞 は::: 東京::とうきょう:名詞 に::: あり:ある::動詞 ます::: 。:::
倉庫	倉庫::そうこ:名詞 に::: 在庫::ざいこ:名詞 を::: 保管::ほかん:名詞 し:する::動詞 て::: い:いる::動詞 ます::: 。:::
施設	この::: 施設::しせつ:名詞 は::: 年中::ねんじゅう:副詞 無休::むきゅう:名詞 です::: 。:::
通路	通路::つうろ:名詞 に::: 荷物::にもつ:名詞 を::: 置か:置く:おか:動詞 ない::: で::: ください:くださる::動詞 。:::
出入口	出入口::でいりぐち:名詞 の::: 前::まえ:名詞 に::: 立た:立つ:たた:動詞 ない::: で::: ください:くださる::動詞 。:::
現場	事故::じこ:名詞 の::: 現場::げんば:名詞 を::: 確認::かくにん:名詞 し:する::動詞 まし:ます:: た::: 。:::
住宅街	静か::しずか:名詞 な:だ:: 住宅::じゅうたく:名詞 街::がい:名詞 に::: 住ん:住む:すん:動詞 で::: い:いる::動詞 ます::: 。:::
当日	当日::とうじつ:名詞 は::: 九::きゅう:名詞 時::じ:名詞 に::: 集合::しゅうごう:名詞 し:する::動詞 ます::: 。:::
翌日	翌日::よくじつ:名詞 に::: 結果::けっか:名詞 が::: 出:出る:で:動詞 ます::: 。:::
前後	三::さん:名詞 時::じ:名詞 前後::ぜんご:名詞 に::: 着き:着く:つき:動詞 ます::: 。:::
以降	五::ご:名詞 時::じ:名詞 以降::いこう:名詞 は::: 受け付け:受け付ける:うけつけ:動詞 ませ:ます:: ん::: 。:::
年度	新しい::あたらしい:形容詞 年度::ねんど:名詞 が::: 始まり:始まる:はじまり:動詞 まし:ます:: た::: 。:::
週間	二::に:名詞 週間::しゅうかん:名詞 ほど::: 留守::るす:名詞 に::: し:する::動詞 ます::: 。:::
締め切り	締め切り::しめきり:名詞 は::: 明日::あした:名詞 の::: 正午::しょうご:名詞 です::: 。:::
平日	平日::へいじつ:名詞 は::: 混ん:混む:こん:動詞 で::: い:いる::動詞 ませ:ます:: ん::: 。:::
契約書	契約::けいやく:名詞 書::しょ:名詞 に::: 署名::しょめい:名詞 し:する::動詞 まし:ます:: た::: 。:::
名刺	名刺::めいし:名詞 を::: 交換::こうかん:名詞 し:する::動詞 まし:ます:: た::: 。:::
見本	見本::みほん:名詞 を::: お送り::おおくり:名詞 し:する::動詞 ます::: 。:::
在庫	在庫::ざいこ:名詞 が::: 足り:足る:たり:動詞 ませ:ます:: ん::: 。:::
装置	安全::あんぜん:名詞 装置::そうち:名詞 が::: 働き:働く:はたらき:動詞 まし:ます:: た::: 。:::
用紙	申込::もうしこみ:名詞 用紙::ようし:名詞 に::: 記入::きにゅう:名詞 し:する::動詞 て::: ください:くださる::動詞 。:::
番号	電話::でんわ:名詞 番号::ばんごう:名詞 を::: 教え:教える:おしえ:動詞 て::: ください:くださる::動詞 。:::
表面	表面::ひょうめん:名詞 に::: 傷::きず:名詞 が::: 付い:付く:つい:動詞 て::: い:いる::動詞 ます::: 。:::
蓋	鍋::なべ:名詞 の::: 蓋::ふた:名詞 を::: 開け:開ける:あけ:動詞 まし:ます:: た::: 。:::
針	時計::とけい:名詞 の::: 針::はり:名詞 が::: 止まり:止まる:とまり:動詞 まし:ます:: た::: 。:::
食材	新鮮::しんせん:名詞 な:だ:: 食材::しょくざい:名詞 を::: 選び:選ぶ:えらび:動詞 ます::: 。:::
主食	日本::にっぽん:名詞 の::: 主食::しゅしょく:名詞 は::: 米::こめ:名詞 です::: 。:::
調味料	調味::ちょうみ:名詞 料::りょう:名詞 を::: 少し::すこし:副詞 加え:加える:くわえ:動詞 ます::: 。:::
屋台	祭り::まつり:名詞 の::: 屋台::やたい:名詞 で::: 焼き鳥::やきとり:名詞 を::: 買い:買う:かい:動詞 まし:ます:: た::: 。:::
定食	昼::ひる:名詞 は::: 定食::ていしょく:名詞 を::: 注文::ちゅうもん:名詞 し:する::動詞 まし:ます:: た::: 。:::
満腹	もう:::副詞 満腹::まんぷく:名詞 です::: 。:::
気候	この::: 地方::ちほう:名詞 は::: 気候::きこう:名詞 が::: 穏やか::おだやか:名詞 です::: 。:::
湿気	梅雨::つゆ:名詞 は::: 湿気::しっけ:名詞 が::: 多い::おおい:形容詞 です::: 。:::
洪水	大雨::おおあめ:名詞 で::: 洪水::こうずい:名詞 が::: 起き:起きる:おき:動詞 まし:ます:: た::: 。:::
大陸	アフリカ::あふりか:名詞 大陸::たいりく:名詞 を::: 旅::たび:名詞 し:する::動詞 まし:ます:: た::: 。:::
岩	海辺::うみべ:名詞 に::: 大きな::おおきな: 岩::いわ:名詞 が::: あり:ある::動詞 ます::: 。:::
枝	風::かぜ:名詞 で::: 枝::えだ:名詞 が::: 折れ:折れる:おれ:動詞 まし:ます:: た::: 。:::
せめて	せめて:::副詞 一::いち:名詞 度::ど:名詞 は::: 会い:会う:あい:動詞 たい::: です::: 。:::
いきなり	いきなり:::副詞 呼ば:呼ぶ:よば:動詞 れ:れる::動詞 て::: 驚き:驚く:おどろき:動詞 まし:ます:: た::: 。:::
次々に	注文::ちゅうもん:名詞 が::: 次々::つぎつぎ:副詞 に::: 入り:入る:はいり:動詞 まし:ます:: た::: 。:::
今にも	今にも::いまにも:副詞 雨::あめ:名詞 が::: 降り:降りる:おり:動詞 そう:::名詞 です::: 。:::
わざわざ	わざわざ:::副詞 来:来る:き:動詞 て::: くださっ:くださる::動詞 て::: 、::: ありがとう::: ござい:ござる:: ます::: 。:::
案外	試験::しけん:名詞 は::: 案外::あんがい:副詞 簡単::かんたん:名詞 でし:です:: た::: 。:::
せっかく	せっかく:::副詞 の::: 休み::やすみ:名詞 が::: 雨::あめ:名詞 で::: 潰れ:潰れる:つぶれ:動詞 まし:ます:: た::: 。:::
相変わらず	相変わらず::あいかわらず:副詞 忙し:忙しい:いそがし:形容詞 そう:::名詞 です::: ね::: 。:::
いらっしゃいませ	いらっしゃい:いらっしゃる::動詞 ませ:ます:: 、::: 何::なに:名詞 名::めい:名詞 様::さま:名詞 です::: か::: 。:::
少々お待ちください	少々::しょうしょう:副詞 お待ち::おまち:名詞 ください:くださる::動詞 、::: 確認::かくにん:名詞 し:する::動詞 ます::: 。:::
お手数ですが	お手数::おてかず:名詞 です::: が::: 、::: ご::: 連絡::れんらく:名詞 ください:くださる::動詞 。:::
承知しました	承知::しょうち:名詞 し:する::動詞 まし:ます:: た::: 、::: すぐ:::副詞 手配::てはい:名詞 し:する::動詞 ます::: 。:::
ご無沙汰しております	ご無沙汰::ごぶさた:名詞 し:する::動詞 て::: おり:おる::動詞 ます::: 、::: お::: 元気::げんき:名詞 です::: か::: 。:::
鋭い	彼::かれ:名詞 の::: 指摘::してき:名詞 は::: 鋭い::するどい:形容詞 です::: 。:::
鈍い	反応::はんのう:名詞 が::: 鈍い::にぶい:形容詞 です::: 。:::
濃い	この::: コーヒー::こーひー:名詞 は::: 濃い::こい:形容詞 です::: 。:::
薄い	この::: 本::ほん:名詞 は::: 薄い::うすい:形容詞 です::: 。:::
緩い	ねじ:::名詞 が::: 緩い::ゆるい:形容詞 です::: 。:::
硬い	この::: パン::ぱん:名詞 は::: 硬い::かたい:形容詞 です::: 。:::
面倒	手続き::てつづき:名詞 が::: 面倒::めんどう:名詞 です::: 。:::
上品	上品::じょうひん:名詞 な:だ:: 色::いろ:名詞 の::: かばん:::名詞 です::: ね::: 。:::
地味	地味::じみ:名詞 な:だ:: 服::ふく:名詞 が::: 好き::すき:名詞 です::: 。:::
曖昧	返事::へんじ:名詞 が::: 曖昧::あいまい:名詞 でし:です:: た::: 。:::
有効	この::: 切符::きっぷ:名詞 は::: 三::さん:名詞 日間::にちかん:名詞 有効::ゆうこう:名詞 です::: 。:::
平等	全員::ぜんいん:名詞 に::: 平等::びょうどう:名詞 な:だ:: 機会::きかい:名詞 を::: 与え:与える:あたえ:動詞 ます::: 。:::
主要	主要::しゅよう:名詞 な:だ:: 原因::げんいん:名詞 は::: これ:::名詞 です::: 。:::
順調	工事::こうじ:名詞 は::: 順調::じゅんちょう:名詞 に::: 進ん:進む:すすん:動詞 で::: い:いる::動詞 ます::: 。:::
見事	見事::みごと:名詞 な:だ:: 演奏::えんそう:名詞 でし:です:: た::: 。:::
気の毒	事情::じじょう:名詞 を::: 聞い:聞く:きい:動詞 て::: 気の毒::きのどく:名詞 に::: 思い:思う:おもい:動詞 まし:ます:: た::: 。:::
扱う	この::: 店::みせ:名詞 は::: 輸入::ゆにゅう:名詞 品::ひん:名詞 を::: 扱っ:扱う:あつかっ:動詞 て::: い:いる::動詞 ます::: 。:::
済ませる	昼食::ちゅうしょく:名詞 は::: 簡単::かんたん:名詞 に::: 済ませ:済ませる:すませ:動詞 まし:ます:: た::: 。:::
任せる	この::: 仕事::しごと:名詞 は::: 君::きみ:名詞 に::: 任せ:任せる:まかせ:動詞 ます::: 。:::
訴える	痛み::いたみ:名詞 を::: 医者::いしゃ:名詞 に::: 訴え:訴える:うったえ:動詞 まし:ます:: た::: 。:::
削る	予算::よさん:名詞 を::: 削る::けずる:動詞 こと:::名詞 に::: なり:なる::動詞 まし:ます:: た::: 。:::
補う	不足::ふそく:名詞 分::ぶん:名詞 を::: 補い:補う:おぎない:動詞 ます::: 。:::
抑える	費用::ひよう:名詞 を::: 抑える::おさえる:動詞 工夫::くふう:名詞 を::: し:する::動詞 ます::: 。:::
占める	輸出::ゆしゅつ:名詞 が::: 売上::うりあげ:名詞 の::: 半分::はんぶん:名詞 を::: 占め:占める:しめ:動詞 て::: い:いる::動詞 ます::: 。:::
属する	私::わたし:名詞 は::: 営業::えいぎょう:名詞 部::ぶ:名詞 に::: 属し:属す:ぞくし:動詞 て::: い:いる::動詞 ます::: 。:::
応じる	要望::ようぼう:名詞 に::: 応じ:応じる:おうじ:動詞 て::: 時間::じかん:名詞 を::: 変え:変える:かえ:動詞 ます::: 。:::
基づく	資料::しりょう:名詞 に::: 基づい:基づく:もとづい:動詞 て::: 説明::せつめい:名詞 し:する::動詞 ます::: 。:::
見直す	計画::けいかく:名詞 を::: 見直す::みなおす:動詞 こと:::名詞 に::: し:する::動詞 まし:ます:: た::: 。:::
取り消す	予約::よやく:名詞 を::: 取り消し:取り消す:とりけし:動詞 まし:ます:: た::: 。:::
引き受ける	その::: 役::やく:名詞 を::: 引き受け:引き受ける:ひきうけ:動詞 まし:ます:: た::: 。:::
追いつく	急い:急ぐ:いそい:動詞 で::: 先頭::せんとう:名詞 に::: 追いつき:追いつく:おいつき:動詞 まし:ます:: た::: 。:::
落ち着く	深呼吸::しんこきゅう:名詞 し:する::動詞 て::: 落ち着き:落ち着く:おちつき:動詞 まし:ます:: た::: 。:::
思いつく	良い::よい:形容詞 案::あん:名詞 を::: 思いつき:思いつく:おもいつき:動詞 まし:ます:: た::: 。:::
引っ越す	来月::らいげつ:名詞 郊外::こうがい:名詞 に::: 引っ越し:引っ越す:ひっこし:動詞 ます::: 。:::
出張する	大阪::おおさか:名詞 へ::: 出張::しゅっちょう:名詞 し:する::動詞 ます::: 。:::
提出する	書類::しょるい:名詞 を::: 提出::ていしゅつ:名詞 し:する::動詞 まし:ます:: た::: 。:::
検討する	社内::しゃない:名詞 で::: 検討::けんとう:名詞 し:する::動詞 ます::: 。:::
確認する	予定::よてい:名詞 を::: 確認::かくにん:名詞 し:する::動詞 ます::: 。:::
反対する	その::: 案::あん:名詞 に::: 反対::はんたい:名詞 し:する::動詞 ます::: 。:::
我慢する	痛み::いたみ:名詞 を::: 我慢::がまん:名詞 し:する::動詞 まし:ます:: た::: 。:::
遠慮する	ここ:::名詞 で::: の::: 喫煙::きつえん:名詞 は::: ご::: 遠慮::えんりょ:名詞 ください:くださる::動詞 。:::
ああ	ああ::: 、::: よかっ:よい::形容詞 た::: です::: 。:::
青	私::わたし:名詞 は::: 赤::あか:名詞 より::: 青::あお:名詞 の::: ほう:::名詞 が::: 好き::すき:名詞 です::: 。:::
赤	信号::しんごう:名詞 が::: 赤::あか:名詞 に::: なり:なる::動詞 まし:ます:: た::: 。:::
明るい	この::: 部屋::へや:名詞 は::: 明るい::あかるい:形容詞 です::: 。:::
秋	春::はる:名詞 が::: 好き::すき:名詞 です::: か::: 、::: 秋::あき:名詞 が::: 好き::すき:名詞 です::: か::: 。:::
開く	店::みせ:名詞 は::: 九::きゅう:名詞 時::じ:名詞 に::: 開き:開く:ひらき:動詞 ます::: 。:::
上げる	手::て:名詞 を::: 上げ:上げる:あげ:動詞 て::: ください:くださる::動詞 。:::
明後日	学校::がっこう:名詞 は::: 明後日::みょうごにち:名詞 から::: 始まり:始まる:はじまり:動詞 ます::: 。:::
足	足::あし:名詞 が::: 痛い::いたい:形容詞 です::: 。:::
あそこ	トイレ::といれ:名詞 は::: あそこ:::名詞 です::: 。:::
暖かい	今日::きょう:名詞 は::: 暖かい::あたたかい:形容詞 です::: 。:::
頭	頭::あたま:名詞 が::: 痛い::いたい:形容詞 です::: 。:::
あちら	受付::うけつけ:名詞 は::: あちら:::名詞 です::: 。:::
厚い	この::: 雑誌::ざっし:名詞 は::: 厚く:厚い:あつく:形容詞 て::: 、::: 重い::おもい:形容詞 です::: 。:::
あっち	食堂::しょくどう:名詞 は::: あっち:::名詞 の::: 建物::たてもの:名詞 に::: あり:ある::動詞 ます::: 。:::
後	大学::だいがく:名詞 を::: 卒業::そつぎょう:名詞 し:する::動詞 た::: 後::のち:名詞 何::なに:名詞 を::: し:する::動詞 ます::: か::: 。:::
アパート	駅::えき:名詞 の::: 近く::ちかく:名詞 の::: アパート::あぱーと:名詞 に::: 住ん:住む:すん:動詞 で::: い:いる::動詞 ます::: 。:::
あの	あの::: 人::ひと:名詞 は::: 誰::だれ:名詞 です::: か::: 。:::
浴びる	毎晩::まいばん:名詞 シャワー::しゃわー:名詞 を::: 浴び:浴びる:あび:動詞 て::: から::: 、::: 寝:寝る:ね:動詞 ます::: 。:::
危ない	夜::よる:名詞 は::: 暗い::くらい:形容詞 ので::: 、::: 危ない::あぶない:形容詞 です::: 。:::
甘い	この::: ケーキ::けーき:名詞 は::: 甘い::あまい:形容詞 です::: 。:::
余り	これ:::名詞 は::: お昼::おひる:名詞 の::: 余り::あまり:名詞 です::: 。:::
飴	子供::こども:名詞 に::: 飴::あめ:名詞 を::: あげ:あげる::動詞 まし:ます:: た::: 。:::
洗う	食事::しょくじ:名詞 の::: 前::まえ:名詞 に::: 手::て:名詞 を::: 洗い:洗う:あらい:動詞 ます::: 。:::
在る	駅::えき:名詞 は::: 町::まち:名詞 の::: 中心::ちゅうしん:名詞 に::: 在り:在る:あり:動詞 ます::: 。:::
有る	質問::しつもん:名詞 が::: 有る::ある:動詞 人::ひと:名詞 は::: 手::て:名詞 を::: 上げ:上げる:あげ:動詞 て::: ください:くださる::動詞 。:::
あれ	あれ:::名詞 は::: 私::わたし:名詞 の::: かばん:::名詞 です::: 。:::
いい	トイレ::といれ:名詞 に::: 行っ:行く:いっ:動詞 て::: も::: いい:::形容詞 です::: か::: 。:::
いいえ	いいえ::: 、::: それ:::名詞 は::: 私::わたし:名詞 の::: おごり:::名詞 です::: 。:::
言う	言い:言う:いい:動詞 たい::: こと:::名詞 は::: それだけ:::副詞 です::: 。:::
いかが	コーヒー::こーひー:名詞 の::: お::: かわり:::名詞 は::: いかが:::名詞 です::: か::: 。:::
いくつ	りんご:::名詞 は::: いくつ:::名詞 あり:ある::動詞 ます::: か::: 。:::
いくら	この::: 本::ほん:名詞 は::: いくら:::名詞 です::: か::: 。:::
痛い	お腹::おなか:名詞 が::: 痛い::いたい:形容詞 です::: 。:::
一	一::いち:名詞 から::: 始め:始める:はじめ:動詞 ます::: 。:::
一番	世界::せかい:名詞 で::: 一番::いちばん:名詞 長い::ながい:形容詞 川::かわ:名詞 は::: 何::なに:名詞 です::: か::: 。:::
いつ	い:いる::動詞 つ::: 日本::にっぽん:名詞 へ::: 行き:行く:いき:動詞 ます::: か::: 。:::
一緒	ずっと:::副詞 一緒::いっしょ:名詞 に::: い:いる::動詞 たい::: です::: 。:::
五つ	りんご:::名詞 を::: 五つ::いつつ:名詞 買い:買う:かい:動詞 まし:ます:: た::: 。:::
意味	この::: 言葉::ことば:名詞 の::: 意味::いみ:名詞 を::: 教え:教える:おしえ:動詞 て::: ください:くださる::動詞 。:::
嫌	私::わたし:名詞 は::: 虫::むし:名詞 が::: 嫌::いや:名詞 です::: 。:::
入口	入口::いりぐち:名詞 は::: 建物::たてもの:名詞 の::: 右::みぎ:名詞 に::: あり:ある::動詞 ます::: 。:::
居る	姉::あね:名詞 は::: 今::いま:名詞 家::か:名詞 に::: 居:居る:い:動詞 ます::: 。:::
要る	旅行::りょこう:名詞 に::: は::: お金::おかね:名詞 が::: 要り:要る:いり:動詞 ます::: 。:::
入れる	かばん:::名詞 に::: 本::ほん:名詞 を::: 入れ:入れる:いれ:動詞 ます::: 。:::
色	好き::すき:名詞 な:だ:: 色::いろ:名詞 は::: 青::あお:名詞 です::: 。:::
上	テーブル::てーぶる:名詞 の::: 上::うえ:名詞 に::: 猫::ねこ:名詞 が::: い:いる::動詞 ます::: か::: 。:::
後ろ	銀行::ぎんこう:名詞 は::: 駅::えき:名詞 の::: 後ろ::うしろ:名詞 に::: あり:ある::動詞 ます::: 。:::
歌	あなた:::名詞 に::: 歌::うた:名詞 を::: 歌っ:歌う:うたっ:動詞 て::: ほしい:::形容詞 です::: 。:::
歌う	人前::ひとまえ:名詞 で::: 歌う::うたう:動詞 の:::名詞 は::: 苦手::にがて:名詞 です::: 。:::
うち	私::わたし:名詞 の::: うち:::名詞 は::: 小さく:小さい:ちいさく:形容詞 て::: 、::: 狭い::せまい:形容詞 です::: 。:::
生まれる	私::わたし:名詞 は::: 韓国::かんこく:名詞 で::: 生まれ:生まれる:うまれ:動詞 まし:ます:: た::: 。:::
うるさい	外::そと:名詞 の::: 音::おと:名詞 が::: うるさい:::形容詞 です::: 。:::
上着	寒い::さむい:形容詞 ので::: 上着::うわぎ:名詞 を::: 着:着る:き:動詞 ます::: 。:::
絵	妹::いもうと:名詞 は::: 絵::え:名詞 が::: 上手::じょうず:名詞 です::: 。:::
映画	週末::しゅうまつ:名詞 に::: 映画::えいが:名詞 を::: 見:見る:み:動詞 ます::: 。:::
英語	あなた:::名詞 は::: 英語::えいご:名詞 が::: 好き::すき:名詞 です::: か::: 。:::
ええ	ええ::: 、::: わたし:::名詞 も::: そう:::副詞 思い:思う:おもい:動詞 ます::: 。:::
エレベーター	エレベーター::えれべーたー:名詞 は::: 三::さん:名詞 階::かい:名詞 に::: 止まり:止まる:とまり:動詞 ます::: 。:::
円	この::: 本::ほん:名詞 は::: 千::せん:名詞 円::えん:名詞 です::: 。:::
鉛筆	鉛筆::えんぴつ:名詞 で::: 名前::なまえ:名詞 を::: 書き:書く:かき:動詞 ます::: 。:::
大きな	大きな::おおきな: 木::き:名詞 が::: あり:ある::動詞 ます::: 。:::
大勢	ここ:::名詞 に::: は::: 、::: 大勢::たいせい:名詞 の::: 女性::じょせい:名詞 が::: い:いる::動詞 ます::: 。:::
お母さん	お母さん::おかあさん:名詞 は::: いらっしゃい:いらっしゃる::動詞 ます::: か::: 。:::
お菓子	この::: お菓子::おかし:名詞 を::: 食べ:食べる:たべ:動詞 て::: も::: いい:::形容詞 です::: か::: 。:::
置く	本::ほん:名詞 を::: 机::つくえ:名詞 の::: 上::うえ:名詞 に::: 置き:置く:おき:動詞 ます::: 。:::
奥さん	先生::せんせい:名詞 の::: 奥さん::おくさん:名詞 は::: 医者::いしゃ:名詞 です::: 。:::
伯父	伯父::おじ:名詞 は::: 東京::とうきょう:名詞 に::: 住ん:住む:すん:動詞 で::: い:いる::動詞 ます::: 。:::
おじいさん	おじいさん:::名詞 は::: 毎朝::まいあさ:名詞 散歩::さんぽ:名詞 し:する::動詞 ます::: 。:::
押す	この::: ボタン::ぼたん:名詞 を::: 押し:押す:おし:動詞 て::: ください:くださる::動詞 。:::
お父さん	お父さん::おとうさん:名詞 は::: 会社::かいしゃ:名詞 員::いん:名詞 です::: 。:::
男の子	男の子::おとこのこ:名詞 は::: 水::みず:名詞 を::: 飲ん:飲む:のん:動詞 で::: い:いる::動詞 ます::: 。:::
一昨日	一昨日::おととい:名詞 、::: 映画::えいが:名詞 を::: 見:見る:み:動詞 まし:ます:: た::: 。:::
おととし	おととし:::名詞 、::: オーストラリア::おーすとらりあ:名詞 に::: 引っ越し:引っ越す:ひっこし:動詞 まし:ます:: た::: 。:::
お腹	お腹::おなか:名詞 が::: 痛い::いたい:形容詞 です::: 。:::
同じ	語順::ごじゅん:名詞 が::: 同じ::おなじ: 言語::げんご:名詞 は::: 勉強::べんきょう:名詞 し:する::動詞 易い::やすい:形容詞 です::: 。:::
おばあさん	彼::かれ:名詞 の::: おばあさん:::名詞 は::: 元気::げんき:名詞 そう:::名詞 です::: 。:::
おまわりさん	その::: おまわりさん:::名詞 は::: 勤務::きんむ:名詞 中::ちゅう:名詞 です::: 。:::
重い	この::: かばん:::名詞 は::: 重い::おもい:形容詞 です::: 。:::
終る	授業::じゅぎょう:名詞 は::: 三::さん:名詞 時::じ:名詞 に::: 終り:終る:おわり:動詞 ます::: 。:::
音楽	音楽::おんがく:名詞 を::: 聞き:聞く:きき:動詞 ながら::: 勉強::べんきょう:名詞 し:する::動詞 ます::: 。:::
女の子	女の子::おんなのこ:名詞 が::: 公園::こうえん:名詞 で::: 遊ん:遊ぶ:あそん:動詞 で::: い:いる::動詞 ます::: 。:::
回	日本人::にっぽんじん:名詞 は::: 一::いち:名詞 日::にち:名詞 三::さん:名詞 回::かい:名詞 食事::しょくじ:名詞 を::: し:する::動詞 ます::: 。:::
階	私::わたし:名詞 は::: 一番::いちばん:名詞 下::か:名詞 の::: 階::かい:名詞 に::: 住ん:住む:すん:動詞 で::: い:いる::動詞 ます::: 。:::
外国	外国::がいこく:名詞 で::: 働き:働く:はたらき:動詞 たい::: です::: 。:::
階段	トイレ::といれ:名詞 は::: 、::: 階段::かいだん:名詞 の::: 後ろ::うしろ:名詞 です::: 。:::
買い物	母::はは:名詞 と::: 買い物::かいもの:名詞 に::: 行き:行く:いき:動詞 ます::: 。:::
返す	借り:借りる:かり:動詞 た::: 本::ほん:名詞 を::: 返し:返す:かえし:動詞 ます::: 。:::
顔	朝::あさ:名詞 、::: 顔::かお:名詞 を::: 洗い:洗う:あらい:動詞 ます::: 。:::
かかる	学校::がっこう:名詞 まで::: 三::さん:名詞 十::じゅう:名詞 分::ふん:名詞 かかり:かかる::動詞 ます::: 。:::
か月	日本語::にほんご:名詞 を::: 三::さん:名詞 か月::かげつ:名詞 勉強::べんきょう:名詞 し:する::動詞 まし:ます:: た::: 。:::
掛ける	コート::こーと:名詞 は::: 掛け:掛ける:かけ:動詞 て::: ください:くださる::動詞 。:::
かける	友達::ともだち:名詞 に::: 電話::でんわ:名詞 を::: かけ:かける::動詞 ます::: 。:::
貸す	車::くるま:名詞 を::: 貸し:貸す:かし:動詞 て::: い:いる::動詞 た::: だけ::: ませ:ます:: ん::: か::: 。:::
風邪	風邪::かぜ:名詞 を::: ひい:ひく::動詞 て::: 休み:休む:やすみ:動詞 まし:ます:: た::: 。:::
方	あの::: 方::ほう:名詞 は::: どなた:::名詞 です::: か::: 。:::
片仮名	外来::がいらい:名詞 語::ご:名詞 は::: 片仮名::かたかな:名詞 で::: 書き:書く:かき:動詞 ます::: 。:::
カップ	どの::: カップ::かっぷ:名詞 が::: あなた:::名詞 の:::名詞 です::: か::: 。:::
家庭	家庭::かてい:名詞 で::: 日本語::にほんご:名詞 を::: 話し:話す:はなし:動詞 ます::: 。:::
角	その::: 店::みせ:名詞 は::: 通り::とおり:名詞 の::: 角::かく:名詞 に::: あり:ある::動詞 ます::: 。:::
かばん	あの::: 黒い::くろい:形容詞 かばん:::名詞 は::: あなた:::名詞 の:::名詞 です::: か::: 。:::
花瓶	テーブル::てーぶる:名詞 の::: 上::うえ:名詞 に::: 花瓶::かびん:名詞 が::: あり:ある::動詞 ます::: 。:::
かぶる	帽子::ぼうし:名詞 を::: かぶっ:かぶる::動詞 て::: 出かけ:出かける:でかけ:動詞 ます::: 。:::
紙	この::: 紙::かみ:名詞 に::: 書い:書く:かい:動詞 て::: いただけ:いただける::動詞 ます::: か::: 。:::
カメラ	この::: カメラ::かめら:名詞 は::: 安い::やすい:形容詞 です::: 。:::
火曜日	火曜日::かようび:名詞 に::: 会い:会う:あい:動詞 ましょ:ます:: う::: 。:::
辛い	この::: カレー::かれー:名詞 は::: とても:::副詞 辛い::つらい:形容詞 です::: 。:::
体	毎日::まいにち:名詞 運動::うんどう:名詞 し:する::動詞 て::: 体::からだ:名詞 を::: 大切::たいせつ:名詞 に::: し:する::動詞 ます::: 。:::
がる	ケン::けん:名詞 は::: 自転車::じてんしゃ:名詞 を::: 欲し:欲しい:ほし:形容詞 がっ:がる::動詞 て::: い:いる::動詞 ます::: 。:::
軽い	この::: かばん:::名詞 は::: 軽い::かるい:形容詞 です::: 。:::
カレー	きょう:::名詞 の::: 晩::ばん:名詞 ごはん:::名詞 は::: カレー::かれー:名詞 です::: 。:::
カレンダー	机::つくえ:名詞 の::: 上::うえ:名詞 に::: カレンダー::かれんだー:名詞 が::: 置い:置く:おい:動詞 て::: あり:ある::動詞 ます::: 。:::
川	家::いえ:名詞 の::: 近く::ちかく:名詞 に::: 川::かわ:名詞 が::: あり:ある::動詞 ます::: 。:::
側	道::みち:名詞 の::: 右側::みぎがわ:名詞 を::: 歩き:歩く:あるき:動詞 ます::: 。:::
可愛い	彼女::かのじょ:名詞 は::: 可愛い::かわいい:形容詞 です::: 。:::
漢字	漢字::かんじ:名詞 を::: 学ぶ::まなぶ:動詞 の:::名詞 は::: 難しい::むずかしい:形容詞 です::: 。:::
黄色	彼女::かのじょ:名詞 は::: 黄色::きいろ:名詞 の::: ソファ::そふぁ:名詞 に::: 座り:座る:すわり:動詞 ます::: 。:::
黄色い	大きな::おおきな: 花::はな:名詞 は::: 黄色い::きいろい:形容詞 です::: 。:::
消える	電気::でんき:名詞 が::: 消え:消える:きえ:動詞 まし:ます:: た::: 。:::
北	北海道::ほっかいどう:名詞 は::: 日本::にっぽん:名詞 の::: 北::きた:名詞 に::: 位置::いち:名詞 し:する::動詞 ます::: 。:::
ギター	どちら:::名詞 が::: あなた:::名詞 の::: ギター::ぎたー:名詞 です::: か::: 。:::
汚い	この::: 部屋::へや:名詞 は::: 汚い::きたない:形容詞 です::: 。:::
喫茶店	喫茶店::きっさてん:名詞 で::: コーヒー::こーひー:名詞 を::: 飲み:飲む:のみ:動詞 ます::: 。:::
切手	切手::きって:名詞 を::: 五::ご:名詞 枚::まい:名詞 買い:買う:かい:動詞 まし:ます:: た::: 。:::
九	九::きゅう:名詞 まで::: 数え:数える:かぞえ:動詞 ます::: 。:::
牛肉	ラム::らむ:名詞 肉::にく:名詞 より::: 牛肉::ぎゅうにく:名詞 の::: 方::ほう:名詞 が::: 好き::すき:名詞 です::: 。:::
兄弟	兄弟::きょうだい:名詞 は::: 三::さん:名詞 人::にん:名詞 い:いる::動詞 ます::: 。:::
切る	紙::かみ:名詞 を::: はさみ:::名詞 で::: 切り:切る:きり:動詞 ます::: 。:::
着る	寒い::さむい:形容詞 ので::: コート::こーと:名詞 を::: 着:着る:き:動詞 ます::: 。:::
キロ	私::わたし:名詞 は::: 毎朝::まいあさ:名詞 三::さん:名詞 キロ::きろ:名詞 走り:走る:はしり:動詞 ます::: 。:::
金曜日	金曜日::きんようび:名詞 に::: 友達::ともだち:名詞 と::: 会い:会う:あい:動詞 ます::: 。:::
薬	食後::しょくご:名詞 に::: 薬::くすり:名詞 を::: 飲み:飲む:のみ:動詞 ます::: 。:::
下さい	パスポート::ぱすぽーと:名詞 を::: 見せ:見せる:みせ:動詞 て::: 下さい:下さる:ください:動詞 。:::
口	口::くち:名詞 を::: 開け:開ける:あけ:動詞 て::: ください:くださる::動詞 。:::
靴下	靴下::くつした:名詞 の::: 売り場::うりば:名詞 は::: 一::いち:名詞 階::かい:名詞 に::: あり:ある::動詞 ます::: 。:::
曇り	あした:::名詞 は::: 曇り:曇る:くもり:動詞 だそ:だす::動詞 う::: です::: 。:::
曇る	空::そら:名詞 が::: 曇っ:曇る:くもっ:動詞 て::: き:くる::動詞 まし:ます:: た::: 。:::
暗い	部屋::へや:名詞 が::: 暗い::くらい:形容詞 です::: 。:::
くらい	駅::えき:名詞 まで::: 三::さん:名詞 十::じゅう:名詞 分::ふん:名詞 くらい::: かかり:かかる::動詞 ます::: 。:::
クラス	マイク::まいく:名詞 と::: トム::とむ:名詞 は::: 同じ::おなじ: クラス::くらす:名詞 です::: 。:::
グラム	卵::たまご:名詞 は::: 一::いち:名詞 個::こ:名詞 五::ご:名詞 十::じゅう:名詞 グラム::ぐらむ:名詞 ぐらい::: です::: 。:::
黒	一番::いちばん:名詞 好き::すき:名詞 な:だ:: 色::いろ:名詞 は::: 黒::くろ:名詞 です::: 。:::
警官	警官::けいかん:名詞 に::: 道::みち:名詞 を::: 聞き:聞く:きき:動詞 まし:ます:: た::: 。:::
消す	部屋::へや:名詞 の::: 電気::でんき:名詞 を::: 消し:消す:けし:動詞 ます::: 。:::
結構	もう:::副詞 結構::けっこう:名詞 です::: 、::: ありがとう::: 。:::
結婚	姉::あね:名詞 は::: 去年::きょねん:名詞 結婚::けっこん:名詞 し:する::動詞 まし:ます:: た::: 。:::
月曜日	月曜日::げつようび:名詞 から::: 仕事::しごと:名詞 が::: 始まり:始まる:はじまり:動詞 ます::: 。:::
玄関	玄関::げんかん:名詞 で::: 靴::くつ:名詞 を::: 脱ぎ:脱ぐ:ぬぎ:動詞 ます::: 。:::
個	この::: 料理::りょうり:名詞 は::: 卵::たまご:名詞 を::: 二::に:名詞 個::こ:名詞 使い:使う:つかい:動詞 ます::: 。:::
五	五::ご:名詞 まで::: 数え:数える:かぞえ:動詞 まし:ます:: た::: 。:::
語	日本語::にほんご:名詞 を::: 勉強::べんきょう:名詞 し:する::動詞 て::: い:いる::動詞 ます::: 。:::
交差点	この::: 交差点::こうさてん:名詞 は::: 何::なに:名詞 と::: 呼ば:呼ぶ:よば:動詞 れ:れる::動詞 て::: い:いる::動詞 ます::: か::: 。:::
紅茶	紅茶::こうちゃ:名詞 じゃ::: なく:ない:: て::: 、::: コーヒー::こーひー:名詞 を::: お願い::おねがい:名詞 し:する::動詞 ます::: 。:::
交番	交番::こうばん:名詞 は::: どこ:::名詞 に::: ある:::動詞 か::: わかり:わかる::動詞 ます::: か::: 。:::
声	声::こえ:名詞 が::: 小さい::ちいさい:形容詞 です::: 。:::
コート	寒い::さむい:形容詞 ので::: コート::こーと:名詞 を::: 買い:買う:かい:動詞 まし:ます:: た::: 。:::
ここ	その::: 銀行::ぎんこう:名詞 は::: ここ:::名詞 から::: 遠い::とおい:形容詞 です::: か::: 。:::
九つ	りんご:::名詞 が::: 九つ::ここのつ:名詞 あり:ある::動詞 ます::: 。:::
答える	質問::しつもん:名詞 に::: 答え:答える:こたえ:動詞 て::: ください:くださる::動詞 。:::
こちら	こちら:::名詞 へ::: どうぞ:::副詞 。:::
こっち	こっち:::名詞 の::: 方::ほう:名詞 が::: 安い::やすい:形容詞 です::: 。:::
コップ	その::: コップ::こっぷ:名詞 は::: あなた:::名詞 の:::名詞 です::: 。:::
この	この::: 本::ほん:名詞 は::: 面白い::おもしろい:形容詞 です::: 。:::
御飯	朝::あさ:名詞 は::: 御飯::ごはん:名詞 を::: 食べ:食べる:たべ:動詞 ます::: 。:::
コピーする	書類::しょるい:名詞 を::: コピー::こぴー:名詞 し:する::動詞 ます::: 。:::
困る	お金::おかね:名詞 が::: なく:ない::形容詞 て::: 困っ:困る:こまっ:動詞 て::: い:いる::動詞 ます::: 。:::
これ	これ:::名詞 は::: 私::わたし:名詞 の::: 本::ほん:名詞 です::: 。:::
ころ	子供::こども:名詞 の::: ころ:::名詞 、::: よく:::副詞 泣き:泣く:なき:動詞 まし:ます:: た::: 。:::
今月	今日::きょう:名詞 は::: 今月::こんげつ:名詞 最後::さいご:名詞 の::: 火曜日::かようび:名詞 です::: 。:::
今週	今週::こんしゅう:名詞 は::: 忙しい::いそがしい:形容詞 です::: 。:::
こんな	こんな::: 話::はなし:名詞 は::: 初めて::はじめて:副詞 です::: 。:::
さあ	さあ::: お茶::おちゃ:名詞 を::: 一杯::いっぱい:副詞 いかが:::名詞 です::: か::: 。:::
歳	弟::おとうと:名詞 は::: 十::じゅう:名詞 歳::さい:名詞 です::: 。:::
先	先::さき:名詞 に::: 行っ:行く:いっ:動詞 て::: ください:くださる::動詞 。:::
咲く	多く::おおく:名詞 の::: 植物::しょくぶつ:名詞 は::: 春::はる:名詞 に::: 花::はな:名詞 が::: 咲き:咲く:さき:動詞 ます::: 。:::
作文	私::わたし:名詞 の::: 作文::さくぶん:名詞 を::: 見:見る:み:動詞 て::: いただけ:いただける::動詞 ます::: か::: 。:::
差す	雨::あめ:名詞 が::: 降っ:降る:ふっ:動詞 た::: ので::: 傘::かさ:名詞 を::: 差し:差す:さし:動詞 ます::: 。:::
冊	あなた:::名詞 は::: 二::に:名詞 冊::さつ:名詞 の::: 本::ほん:名詞 を::: 持っ:持つ:もっ:動詞 て::: い:いる::動詞 ます::: 。:::
雑誌	この::: 雑誌::ざっし:名詞 を::: いただい:いただく::動詞 て::: も::: いい:::形容詞 です::: か::: 。:::
さん	田中::たなか:名詞 さん:::名詞 は::: 先生::せんせい:名詞 です::: 。:::
三	三::さん:名詞 まで::: 数え:数える:かぞえ:動詞 ます::: 。:::
散歩	私::わたし:名詞 たち:::名詞 と::: 一緒::いっしょ:名詞 に::: 散歩::さんぽ:名詞 し:する::動詞 ませ:ます:: ん::: か::: 。:::
四	四::よん:名詞 から::: 始め:始める:はじめ:動詞 ます::: 。:::
時	開演::かいえん:名詞 は::: 何::なん:名詞 時::じ:名詞 です::: か::: 。:::
しかし	安い::やすい:形容詞 です::: 。::: しかし::: 、::: 重い::おもい:形容詞 です::: 。:::
仕事	父::ちち:名詞 は::: 鉄道::てつどう:名詞 関係::かんけい:名詞 の::: 仕事::しごと:名詞 を::: し:する::動詞 て::: い:いる::動詞 ます::: 。:::
下	机::つくえ:名詞 の::: 下::した:名詞 に::: 猫::ねこ:名詞 が::: い:いる::動詞 ます::: 。:::
七	七::なな:名詞 まで::: 数え:数える:かぞえ:動詞 ます::: 。:::
質問	質問::しつもん:名詞 は::: あり:ある::動詞 ます::: か::: 。:::
自動車	あなた:::名詞 は::: 自動車::じどうしゃ:名詞 を::: 運転::うんてん:名詞 でき:できる::動詞 ます::: か::: 。:::
死ぬ	花::はな:名詞 は::: 水::みず:名詞 を::: やら:やる::動詞 ない::: と::: 死に:死ぬ:しに:動詞 ます::: 。:::
字引	字引::じびき:名詞 で::: 言葉::ことば:名詞 を::: 調べ:調べる:しらべ:動詞 ます::: 。:::
自分	自分::じぶん:名詞 の::: 部屋::へや:名詞 を::: 掃除::そうじ:名詞 し:する::動詞 ます::: 。:::
閉まる	何::なん:名詞 時::じ:名詞 に::: 開い:開く:ひらい:動詞 て::: 何::なん:名詞 時::じ:名詞 に::: 閉まり:閉まる:しまり:動詞 ます::: か::: 。:::
締める	シートベルト::しーとべると:名詞 を::: お::: 締め:締める:しめ:動詞 ください:くださる::動詞 。:::
じゃ	じゃ::: 、::: また::: 明日::あした:名詞 。:::
シャツ	白い::しろい:形容詞 シャツ::しゃつ:名詞 を::: 着:着る:き:動詞 て::: い:いる::動詞 ます::: 。:::
シャワー	毎晩::まいばん:名詞 シャワー::しゃわー:名詞 を::: 浴び:浴びる:あび:動詞 て::: から::: 、::: 寝:寝る:ね:動詞 ます::: 。:::
十	十::じゅう:名詞 まで::: 数え:数える:かぞえ:動詞 ます::: 。:::
中	今日::きょう:名詞 中::ちゅう:名詞 に::: 返事::へんじ:名詞 し:する::動詞 ます::: 。:::
授業	今日::きょう:名詞 、::: ヤニー::*:名詞 は::: 授業::じゅぎょう:名詞 が::: あり:ある::動詞 ます::: 。:::
宿題	宿題::しゅくだい:名詞 を::: 忘れ:忘れる:わすれ:動詞 まし:ます:: た::: 。:::
丈夫	この::: 机::つくえ:名詞 は::: 丈夫::じょうぶ:名詞 です::: 。:::
食堂	食堂::しょくどう:名詞 で::: ご飯::ごはん:名詞 を::: 食べ:食べる:たべ:動詞 ます::: 。:::
知る	彼::かれ:名詞 の::: 名前::なまえ:名詞 を::: 知っ:知る:しっ:動詞 て::: い:いる::動詞 ます::: 。:::
白	白::しろ:名詞 の::: シャツ::しゃつ:名詞 を::: 買い:買う:かい:動詞 まし:ます:: た::: 。:::
水曜日	水曜日::すいようび:名詞 に::: 病院::びょういん:名詞 へ::: 行き:行く:いき:動詞 ます::: 。:::
吸う	ここ:::名詞 で::: は::: タバコ::たばこ:名詞 を::: 吸っ:吸う:すっ:動詞 て::: は::: いけ:いける::動詞 ませ:ます:: ん::: 。:::
スカート	この::: スカート::すかーと:名詞 は::: 少し::すこし:副詞 きつ:きつい::形容詞 すぎ:すぎる::動詞 ます::: 。:::
すぎ	三::さん:名詞 時::じ:名詞 すぎ:::名詞 に::: 着き:着く:つき:動詞 まし:ます:: た::: 。:::
涼しい	秋::あき:名詞 は::: 涼しい::すずしい:形容詞 です::: 。:::
ずつ	少し::すこし:副詞 ずつ::: 、::: 漢字::かんじ:名詞 を::: 学ん:学ぶ:まなん:動詞 で::: い:いる::動詞 ます::: 。:::
ストーブ	この::: ストーブ::すとーぶ:名詞 は::: 灯油::とうゆ:名詞 を::: 使用::しよう:名詞 し:する::動詞 ます::: 。:::
スプーン	スープ::すーぷ:名詞 は::: スプーン::すぷーん:名詞 で::: 飲み:飲む:のみ:動詞 ます::: 。:::
スポーツ	スポーツ::すぽーつ:名詞 が::: 好き::すき:名詞 です::: 。:::
ズボン	新しい::あたらしい:形容詞 ズボン::ずぼん:名詞 を::: 買い:買う:かい:動詞 まし:ます:: た::: 。:::
背	トニー::とにー:名詞 は::: 大変::たいへん:名詞 背::せ:名詞 の::: 高い::たかい:形容詞 少年::しょうねん:名詞 です::: 。:::
生徒	先生::せんせい:名詞 は::: 生徒::せいと:名詞 の::: 間違い::まちがい:名詞 に::: 気付い:気付く:きづい:動詞 た::: 。:::
セーター	彼女::かのじょ:名詞 は::: 赤い::あかい:形容詞 セーター::せーたー:名詞 を::: 買い:買う:かい:動詞 ます::: 。:::
石鹸	石鹸::せっけん:名詞 で::: 手::て:名詞 を::: 洗い:洗う:あらい:動詞 ます::: 。:::
背広	父::ちち:名詞 は::: 背広::せびろ:名詞 を::: 着:着る:き:動詞 て::: い:いる::動詞 ます::: 。:::
狭い	この::: 部屋::へや:名詞 は::: 狭い::せまい:形容詞 です::: 。:::
ゼロ	これ:::名詞 は::: 、::: カロリー::かろりー:名詞 ゼロ::ぜろ:名詞 です::: 。:::
千	千::せん:名詞 に::: 百::ひゃく:名詞 を::: 加える::くわえる:動詞 と::: 千::せん:名詞 百::ひゃく:名詞 に::: なる:::動詞 。:::
先月	あなた:::名詞 は::: 先月::せんげつ:名詞 から::: 日本::にっぽん:名詞 に::: い:いる::動詞 ます::: か::: 。:::
先週	先週::せんしゅう:名詞 は::: 雨::あめ:名詞 が::: 多かっ:多い:おおかっ:形容詞 た::: です::: 。:::
洗濯	洗濯::せんたく:名詞 は::: いつ:::名詞 やっ:やる::動詞 て::: も::: いい:::形容詞 です::: か::: 。:::
全部	全部::ぜんぶ:名詞 食べ:食べる:たべ:動詞 まし:ます:: た::: 。:::
そう	私::わたし:名詞 も::: そう:::副詞 思い:思う:おもい:動詞 ます::: 。:::
掃除	今日::きょう:名詞 あなた:::名詞 の::: 寝室::しんしつ:名詞 を::: 掃除::そうじ:名詞 し:する::動詞 ます::: 。:::
そうして	そうして::: いただける:::動詞 と::: 助かり:助かる:たすかり:動詞 ます::: 。:::
そこ	そこ:::名詞 に::: 座っ:座る:すわっ:動詞 て::: ください:くださる::動詞 。:::
そちら	今晩::こんばん:名詞 そちら:::名詞 に::: お::: 電話::でんわ:名詞 いたし:いたす::動詞 ます::: 。:::
そっち	そっち:::名詞 の::: 本::ほん:名詞 は::: 私::わたし:名詞 の::: もの:::名詞 です::: 。:::
外	外::そと:名詞 は::: 寒い::さむい:形容詞 です::: 。:::
その	その::: 本::ほん:名詞 を::: 郵便::ゆうびん:名詞 で::: お送り::おおくり:名詞 し:する::動詞 ます::: 。:::
そば	ガレージ::がれーじ:名詞 は::: 家::いえ:名詞 の::: そば:::名詞 に::: あり:ある::動詞 ます::: 。:::
それ	それ:::名詞 は::: 何::なに:名詞 です::: か::: 。:::
それから	先ず::まず:副詞 火::ひ:名詞 を::: 消し:消す:けし:動詞 て::: 、::: それから::: 安全::あんぜん:名詞 な:だ:: 場所::ばしょ:名詞 へ::: 行き:行く:いき:動詞 ます::: 。:::
それでは	それでは::: 、::: 体温::たいおん:名詞 を::: 測り:測る:はかり:動詞 ます::: ね::: 。:::
台	うち:::名詞 に::: は::: テレビ::てれび:名詞 が::: 三::さん:名詞 台::だい:名詞 あり:ある::動詞 ます::: 。:::
大使館	日本::にっぽん:名詞 大使館::たいしかん:名詞 は::: どこ:::名詞 に::: あり:ある::動詞 ます::: か::: 。:::
大好き	私::わたし:名詞 は::: 中国人::ちゅうごくじん:名詞 で::: 、::: 中国::ちゅうごく:名詞 が::: 大好き::だいすき:名詞 です::: 。:::
だけ	一つ::ひとつ:名詞 だけ::: 約束::やくそく:名詞 し:する::動詞 て::: ほしい:::形容詞 。:::
沢山	この::: 湖::みずうみ:名詞 に::: は::: 沢山::たくさん:名詞 の::: 魚::さかな:名詞 が::: い:いる::動詞 ます::: 。:::
タクシー	雨::あめ:名詞 が::: 降っ:降る:ふっ:動詞 てる:::動詞 から::: タクシー::たくしー:名詞 に::: 乗り:乗る:のり:動詞 まし:ます:: た::: 。:::
出す	かばん:::名詞 から::: 本::ほん:名詞 を::: 出し:出す:だし:動詞 ます::: 。:::
たち	私::わたし:名詞 たち:::名詞 は::: 完全::かんぜん:名詞 な:だ:: 文::ぶん:名詞 を::: 求め:求める:もとめ:動詞 て::: い:いる::動詞 ます::: 。:::
たて	この::: 紙::かみ:名詞 の::: たて:::名詞 は::: 三::さん:名詞 十::じゅう:名詞 センチ::せんち:名詞 です::: 。:::
建物	この::: 建物::たてもの:名詞 は::: 現代::げんだい:名詞 的::てき:名詞 に::: 見える::みえる:動詞 。:::
頼む	あなた:::名詞 に::: 頼ん:頼む:たのん:動詞 で::: も::: よろしい:::形容詞 です::: か::: 。:::
たばこ	たばこ:::名詞 を::: 吸っ:吸う:すっ:動詞 て::: も::: 良い::よい:形容詞 ん:::名詞 です::: か::: 。:::
多分	多分::たぶん:副詞 明日::あした:名詞 は::: 雨::あめ:名詞 です::: 。:::
食べ物	好き::すき:名詞 な:だ:: 食べ物::たべもの:名詞 は::: 何::なに:名詞 です::: か::: 。:::
誰	これ:::名詞 は::: 誰::だれ:名詞 の::: かばん:::名詞 です::: か::: 。:::
誰か	誰::だれ:名詞 か::: 来:来る:き:動詞 まし:ます:: た::: か::: 。:::
小さな	彼女::かのじょ:名詞 は::: 小さな::ちいさな: パン::ぱん:名詞 を::: 持っ:持つ:もっ:動詞 て::: い:いる::動詞 ます::: 。:::
違う	答え::こたえ:名詞 が::: 違い:違う:ちがい:動詞 ます::: 。:::
近く	空港::くうこう:名詞 は::: すぐ:::副詞 近く::ちかく:名詞 に::: あり:ある::動詞 ます::: 。:::
地下鉄	地下鉄::ちかてつ:名詞 で::: 会社::かいしゃ:名詞 へ::: 行き:行く:いき:動詞 ます::: 。:::
地図	地図::ちず:名詞 を::: 見:見る:み:動詞 て::: 道::みち:名詞 を::: 探し:探す:さがし:動詞 ます::: 。:::
茶色	茶色::ちゃいろ:名詞 の::: かばん:::名詞 を::: 買い:買う:かい:動詞 まし:ます:: た::: 。:::
茶碗	テーブル::てーぶる:名詞 の::: 上::うえ:名詞 に::: 茶碗::ちゃわん:名詞 が::: あり:ある::動詞 ます::: 。:::
丁度	丁度::ちょうど:副詞 、::: ランチ::らんち:名詞 を::: 食べ:食べる:たべ:動詞 て:てる::動詞 た::: ん:::名詞 です::: 。:::
疲れる	今日::きょう:名詞 は::: とても:::副詞 疲れ:疲れる:つかれ:動詞 まし:ます:: た::: 。:::
次	サマータイム::さまーたいむ:名詞 は::: 次::つぎ:名詞 の::: 日曜::にちよう:名詞 で::: 終わり:終わる:おわり:動詞 です::: 。:::
着く	駅::えき:名詞 に::: 着き:着く:つき:動詞 まし:ます:: た::: 。:::
つける	テレビ::てれび:名詞 を::: つけ:つける::動詞 て::: いい:::形容詞 です::: か::: 。:::
勤める	あなた:::名詞 は::: どこ:::名詞 に::: 勤め:勤める:つとめ:動詞 て::: い:いる::動詞 ます::: か::: 。:::
つまらない	この::: 映画::えいが:名詞 は::: つまらない:::形容詞 です::: 。:::
手	手::て:名詞 を::: 洗っ:洗う:あらっ:動詞 て::: ください:くださる::動詞 。:::
テープ	私::わたし:名詞 の::: 声::こえ:名詞 の::: テープ::てーぷ:名詞 を::: 送り:送る:おくり:動詞 ます::: 。:::
テープレコーダー	これ:::名詞 は::: 君::きみ:名詞 の::: テープレコーダー::てーぷれこーだー:名詞 です::: か::: 。:::
テーブル	テーブル::てーぶる:名詞 の::: 上::うえ:名詞 に::: 猫::ねこ:名詞 が::: い:いる::動詞 ます::: か::: 。:::
出かける	母::はは:名詞 は::: 買い物::かいもの:名詞 に::: 出かけ:出かける:でかけ:動詞 まし:ます:: た::: 。:::
できる	日本語::にほんご:名詞 で::: 話す::はなす:動詞 こと:::名詞 が::: でき:できる::動詞 ます::: 。:::
出口	この::: 出口::でぐち:名詞 を::: 出る::でる:動詞 と::: 、::: 図書館::としょかん:名詞 に::: 一番::いちばん:名詞 近い::ちかい:形容詞 です::: 。:::
テスト	来週::らいしゅう:名詞 から::: 毎日::まいにち:名詞 テスト::てすと:名詞 が::: あり:ある::動詞 ます::: 。:::
では	では::: 、::: 確認::かくにん:名詞 さ:する::動詞 せ:せる::動詞 て::: いただき:いただく::動詞 ます::: 。:::
デパート	その::: デパート::でぱーと:名詞 の::: 前::まえ:名詞 に::: 本屋::ほんや:名詞 が::: あり:ある::動詞 ます::: 。:::
でも	安い::やすい:形容詞 です::: 。::: でも::: 、::: 重い::おもい:形容詞 です::: 。:::
テレビ	いつか:::名詞 テレビ::てれび:名詞 に::: 出:出る:で:動詞 たい::: です::: 。:::
電話	だれ:::名詞 も::: 電話::でんわ:名詞 に::: 出:出る:で:動詞 ませ:ます:: ん::: でし:です:: た::: 。:::
戸	戸::と:名詞 を::: 閉め:閉める:しめ:動詞 て::: ください:くださる::動詞 。:::
度	一::いち:名詞 度::ど:名詞 も::: 行っ:行う:おこなっ:動詞 た::: こと:::名詞 が::: あり:ある::動詞 ませ:ます:: ん::: 。:::
ドア	ドア::どあ:名詞 を::: バタ::ばた:名詞 ン::ん:名詞 と::: 閉める::しめる:動詞 の:::名詞 は::: よせ:::名詞 。:::
どう	明日::あした:名詞 の::: 天気::てんき:名詞 は::: どう:::副詞 です::: か::: 。:::
どうして	どうして:::副詞 遅れ:遅れる:おくれ:動詞 まし:ます:: た::: か::: 。:::
動物	私::わたし:名詞 の::: 子ども::こども:名詞 たち:::名詞 は::: 動物::どうぶつ:名詞 が::: 大好き::だいすき:名詞 です::: 。:::
どこ	どこ:::名詞 に::: 行く::いく:動詞 ところ:::名詞 です::: か::: 。:::
所	静か::しずか:名詞 な:だ:: 所::ところ:名詞 で::: 休み:休む:やすみ:動詞 ます::: 。:::
年	年::とし:名詞 を::: 聞い:聞く:きい:動詞 て::: も::: いい:::形容詞 です::: か::: 。:::
どちら	夏::なつ:名詞 と::: 冬::ふゆ:名詞 と::: で::: は::: どちら:::名詞 が::: 好き::すき:名詞 です::: か::: 。:::
どっち	あなた:::名詞 は::: どっち:::名詞 を::: 使い:使う:つかい:動詞 ます::: か::: 。:::
どなた	机::つくえ:名詞 の::: 上::うえ:名詞 の::: 本::ほん:名詞 は::: どなた:::名詞 の:::名詞 です::: か::: 。:::
隣	消防署::しょうぼうしょ:名詞 は::: 警察::けいさつ:名詞 署::しょ:名詞 の::: 隣::となり:名詞 に::: あり:ある::動詞 ます::: 。:::
どの	どの::: 本::ほん:名詞 を::: 読み:読む:よみ:動詞 ます::: か::: 。:::
飛ぶ	鳥::とり:名詞 が::: 空::そら:名詞 を::: 飛ん:飛ぶ:とん:動詞 で::: い:いる::動詞 ます::: 。:::
止まる	時計::とけい:名詞 が::: 止まり:止まる:とまり:動詞 まし:ます:: た::: 。:::
土曜日	結婚式::けっこんしき:名詞 は::: 土曜日::どようび:名詞 に::: 行わ:行う:おこなわ:動詞 れ:れる::動詞 ます::: 。:::
鶏肉	夕飯::ゆうはん:名詞 は::: 鶏肉::けいにく:名詞 を::: 焼き:焼く:やき:動詞 ます::: 。:::
撮る	公園::こうえん:名詞 で::: 写真::しゃしん:名詞 を::: 撮り:撮る:とり:動詞 まし:ます:: た::: 。:::
どれ	どれ:::名詞 が::: あなた:::名詞 の::: 傘::かさ:名詞 です::: か::: 。:::
どんな	どんな::: 音楽::おんがく:名詞 が::: 好き::すき:名詞 です::: か::: 。:::
ない	時間::じかん:名詞 が::: ない:::形容詞 です::: 。:::
ナイフ	この::: ナイフ::ないふ:名詞 は::: よく:::副詞 切れ:切れる:きれ:動詞 ます::: 。:::
鳴く	鳥::とり:名詞 が::: 朝::あさ:名詞 から::: 鳴い:鳴く:ない:動詞 て::: い:いる::動詞 ます::: 。:::
無くす	ここ:::名詞 で::: 何::なに:名詞 か::: 無くし:無くす:なくし:動詞 た::: の:::名詞 です::: か::: 。:::
なぜ	なぜ:::副詞 日本語::にほんご:名詞 を::: 勉強::べんきょう:名詞 し:する::動詞 ます::: か::: 。:::
夏	夏::なつ:名詞 と::: 冬::ふゆ:名詞 と::: で::: は::: どちら:::名詞 が::: 好き::すき:名詞 です::: か::: 。:::
夏休み	夏休み::なつやすみ:名詞 の::: 計画::けいかく:名詞 が::: 何::なに:名詞 か::: あり:ある::動詞 ます::: か::: 。:::
など	果物::くだもの:名詞 、::: 野菜::やさい:名詞 など::: を::: 買い:買う:かい:動詞 まし:ます:: た::: 。:::
何	何::なに:名詞 を::: し:する::動詞 て::: い:いる::動詞 ます::: か::: 。:::
習う	私::わたし:名詞 の::: ルームメイト::*:名詞 は::: 中国語::ちゅうごくご:名詞 を::: 習っ:習う:ならっ:動詞 て::: い:いる::動詞 ます::: 。:::
並ぶ	店::みせ:名詞 の::: 前::まえ:名詞 に::: 人::ひと:名詞 が::: 並ん:並ぶ:ならん:動詞 で::: い:いる::動詞 ます::: 。:::
並べる	机::つくえ:名詞 に::: 本::ほん:名詞 を::: 並べ:並べる:ならべ:動詞 ます::: 。:::
なる	来年::らいねん:名詞 医者::いしゃ:名詞 に::: なり:なる::動詞 ます::: 。:::
二	二::に:名詞 から::: 始め:始める:はじめ:動詞 ます::: 。:::
にぎやか	ここ:::名詞 は::: とても:::副詞 にぎやか:::名詞 な:だ:: 所::ところ:名詞 です::: 。:::
西	ロンドン::ろんどん:名詞 の::: 西::にし:名詞 に::: 位置::いち:名詞 する:::動詞 町::まち:名詞 です::: 。:::
日	今日::きょう:名詞 は::: 何::なん:名詞 日::にち:名詞 です::: か::: 。:::
日曜日	日曜日::にちようび:名詞 は::: 家::いえ:名詞 に::: い:いる::動詞 ます::: 。:::
ニュース	ニュース::にゅーす:名詞 は::: 毎時::まいじ: 放送::ほうそう:名詞 し:する::動詞 て::: い:いる::動詞 ます::: 。:::
庭	猫::ねこ:名詞 が::: 庭::にわ:名詞 で::: 遊ん:遊ぶ:あそん:動詞 で::: い:いる::動詞 ます::: 。:::
脱ぐ	暑い::あつい:形容詞 ので::: 上着::うわぎ:名詞 を::: 脱ぎ:脱ぐ:ぬぎ:動詞 ます::: 。:::
ネクタイ	この::: ネクタイ::ねくたい:名詞 は::: いくら:::名詞 です::: か::: 。:::
ノート	机::つくえ:名詞 の::: 上::うえ:名詞 に::: 本::ほん:名詞 と::: ノート::のーと:名詞 が::: あり:ある::動詞 ます::: 。:::
登る	山::やま:名詞 に::: 登り:登る:のぼり:動詞 まし:ます:: た::: 。:::
飲み物	何::なに:名詞 か::: 冷たい::つめたい:形容詞 飲み物::のみもの:名詞 が::: 欲しい::ほしい:形容詞 です::: 。:::
歯	朝::あさ:名詞 と::: 晩::ばん:名詞 に::: 歯::は:名詞 を::: 磨き:磨く:みがき:動詞 ます::: 。:::
パーティー	土曜日::どようび:名詞 に::: パーティー::ぱーてぃー:名詞 が::: あり:ある::動詞 ます::: 。:::
はい	はい::: 、::: 分かり:分かる:わかり:動詞 まし:ます:: た::: 。:::
杯	もう:::副詞 一::いち:名詞 杯::はい:名詞 ビール::びーる:名詞 は::: いかが:::名詞 です::: か::: 。:::
灰皿	テーブル::てーぶる:名詞 に::: 灰皿::はいざら:名詞 が::: あり:ある::動詞 ます::: 。:::
葉書	この::: 店::みせ:名詞 に::: 葉書::はがき:名詞 が::: たくさん:::名詞 ある:::動詞 。:::
はく	どの::: サイズ::さいず:名詞 の::: 靴::くつ:名詞 を::: お::: はき:はく::動詞 です::: か::: 。:::
箱	この::: 箱::はこ:名詞 に::: は::: リンゴ::りんご:名詞 が::: 五つ::いつつ:名詞 入っ:入る:はいっ:動詞 て::: いる:::動詞 。:::
橋	橋::はし:名詞 は::: 修理::しゅうり:名詞 中::ちゅう:名詞 です::: 。:::
箸	どう:::副詞 やっ:やる::動詞 て::: 箸::はし:名詞 を::: 使い:使う:つかい:動詞 ます::: か::: 。:::
始まる	その::: 試合::しあい:名詞 は::: 何::なん:名詞 時::じ:名詞 に::: 始まり:始まる:はじまり:動詞 ます::: か::: 。:::
初め	家::いえ:名詞 へ::: 帰っ:帰る:かえっ:動詞 たら:た:: 、::: 初め::はじめ:名詞 に::: 宿題::しゅくだい:名詞 を::: し:する::動詞 ます::: 。:::
初めて	ここ:::名詞 に::: 来る::くる:動詞 の:::名詞 は::: 初めて::はじめて:副詞 な:だ:: ん:::名詞 です::: 。:::
バス	彼::かれ:名詞 は::: バス::ばす:名詞 で::: 通学::つうがく:名詞 し:する::動詞 て::: い:いる::動詞 ます::: 。:::
バター	バター::ばたー:名詞 は::: 牛乳::ぎゅうにゅう:名詞 から::: 作ら:作る:つくら:動詞 れる:::動詞 。:::
八	いつも:::副詞 朝::あさ:名詞 八::はち:名詞 時::じ:名詞 の::: 電車::でんしゃ:名詞 に::: 乗り:乗る:のり:動詞 ます::: 。:::
鼻	妹::いもうと:名詞 は::: 目::め:名詞 が::: 大きく:大きい:おおきく:形容詞 て::: 、::: 鼻::はな:名詞 が::: 高い::たかい:形容詞 です::: 。:::
話	どうか:::副詞 私::わたし:名詞 の::: 話::はなし:名詞 を::: 信じ:信じる:しんじ:動詞 て::: ください:くださる::動詞 。:::
速い	この::: 電車::でんしゃ:名詞 は::: 速い::はやい:形容詞 です::: 。:::
春	春::はる:名詞 が::: 好き::すき:名詞 です::: か::: 、::: 秋::あき:名詞 が::: 好き::すき:名詞 です::: か::: 。:::
貼る	交番::こうばん:名詞 に::: 町::まち:名詞 の::: 地図::ちず:名詞 が::: 貼っ:貼る:はっ:動詞 て::: あり:ある::動詞 ます::: 。:::
晴れ	明日::あした:名詞 は::: 晴れ::はれ:名詞 です::: 。:::
晴れる	明日::あした:名詞 は::: 晴れる::はれる:動詞 と::: 思う::おもう:動詞 。:::
半	この::: 仕事::しごと:名詞 は::: 半::はん: 時間::じかん:名詞 で::: 仕上げ:仕上げる:しあげ:動詞 られ:られる::動詞 ます::: 。:::
晩	晩::ばん:名詞 に::: 友達::ともだち:名詞 と::: 会い:会う:あい:動詞 ます::: 。:::
番	今日::きょう:名詞 は::: 私::わたし:名詞 の::: 番::ばん:名詞 です::: 。:::
ハンカチ	この::: ハンカチ::はんかち:名詞 は::: いくら:::名詞 です::: か::: 。:::
半分	学費::がくひ:名詞 の::: 半分::はんぶん:名詞 は::: 父::ちち:名詞 に::: 頼む::たのむ:動詞 つもり:::名詞 です::: 。:::
東	東::ひがし:名詞 の::: 空::そら:名詞 が::: 明るく:明るい:あかるく:形容詞 なり:なる::動詞 まし:ます:: た::: 。:::
匹	あそこ:::名詞 に::: 犬::いぬ:名詞 が::: 二::に:名詞 匹::ひき:名詞 い:いる::動詞 ます::: 。:::
引く	カーテン::かーてん:名詞 を::: 引い:引く:ひい:動詞 て::: も::: いい:::形容詞 です::: か::: 。:::
弾く	姉::あね:名詞 は::: ピアノ::ぴあの:名詞 を::: 弾き:弾く:はじき:動詞 ます::: 。:::
低い	私::わたし:名詞 は::: 血圧::けつあつ:名詞 が::: 低い::ひくい:形容詞 です::: 。:::
飛行機	飛行機::ひこうき:名詞 で::: 日本::にっぽん:名詞 へ::: 行き:行く:いき:動詞 ます::: 。:::
左	左::ひだり:名詞 に::: 曲がっ:曲がる:まがっ:動詞 て::: ください:くださる::動詞 。:::
一つ	バッグ::ばっぐ:名詞 が::: 一つ::ひとつ:名詞 見あたら:見あたる:みあたら:動詞 ない::: 。:::
一月	一月::いちがつ:名詞 ほど::: 日本::にっぽん:名詞 に::: い:いる::動詞 まし:ます:: た::: 。:::
百	千::せん:名詞 に::: 百::ひゃく:名詞 を::: 加える::くわえる:動詞 と::: 千::せん:名詞 百::ひゃく:名詞 に::: なる:::動詞 。:::
病気	彼::かれ:名詞 が::: 休ん:休む:やすん:動詞 だ::: の:::名詞 は::: 病気::びょうき:名詞 の::: ため:::名詞 だ::: 。:::
平仮名	平仮名::ひらがな:名詞 で::: 名前::なまえ:名詞 を::: 書き:書く:かき:動詞 ます::: 。:::
広い	この::: 部屋::へや:名詞 は::: 広い::ひろい:形容詞 です::: 。:::
フィルム	この::: フィルム::ふぃるむ:名詞 を::: 現像::げんぞう:名詞 し:する::動詞 て::: もらえ:もらえる::動詞 ます::: か::: 。:::
プール	ホテル::ほてる:名詞 の::: プール::ぷーる:名詞 を::: 利用::りよう:名詞 でき:できる::動詞 ます::: 。:::
フォーク	フォーク::ふぉーく:名詞 で::: パスタ::ぱすた:名詞 を::: 食べ:食べる:たべ:動詞 ます::: 。:::
吹く	強い::つよい:形容詞 風::かぜ:名詞 が::: 吹い:吹く:ふい:動詞 て::: い:いる::動詞 ます::: 。:::
二つ	二つ::ふたつ:名詞 しか::: 見つけ:見つける:みつけ:動詞 られ:られる::動詞 なかっ:ない:: た::: 。:::
豚肉	フォーク::ふぉーく:名詞 で::: 豚肉::ぶたにく:名詞 を::: 食べ:食べる:たべ:動詞 ます::: 。:::
太い	この::: ペン::ぺん:名詞 は::: 太い::ふとい:形容詞 です::: 。:::
冬	私::わたし:名詞 は::: 冬::ふゆ:名詞 が::: 好き::すき:名詞 です::: 。:::
分	三::さん:名詞 十::じゅう:名詞 分::ふん:名詞 待ち:待つ:まち:動詞 まし:ます:: た::: 。:::
文章	文章::ぶんしょう:名詞 を::: 書い:書く:かい:動詞 て::: い:いる::動詞 ます::: 。:::
ページ	次::つぎ:名詞 の::: ページ::ぺーじ:名詞 を::: 開い:開く:ひらい:動詞 て::: ください:くださる::動詞 。:::
ベッド	赤ちゃん::あかちゃん:名詞 は::: ベッド::べっど:名詞 で::: 寝:寝る:ね:動詞 て::: い:いる::動詞 ます::: 。:::
ペット	ペット::ぺっと:名詞 に::: 犬::いぬ:名詞 を::: 飼っ:飼う:かっ:動詞 て::: い:いる::動詞 ます::: 。:::
辺	この::: 辺::あたり:名詞 で::: は::: 水::みず:名詞 が::: 不足::ふそく:名詞 し:する::動詞 て::: い:いる::動詞 ます::: 。:::
勉強	あなた:::名詞 は::: 勉強::べんきょう:名詞 し:する::動詞 て::: い:いる::動詞 ます::: か::: 。:::
帽子	彼::かれ:名詞 は::: 帽子::ぼうし:名詞 を::: 買っ:買う:かっ:動詞 た::: 。:::
ボールペン	ボールペン::ぼーるぺん:名詞 で::: 書い:書く:かい:動詞 て::: ください:くださる::動詞 。:::
ポケット	ポケット::ぽけっと:名詞 に::: 手::て:名詞 を::: 入れ:入れる:いれ:動詞 ます::: 。:::
欲しい	新しい::あたらしい:形容詞 かばん:::名詞 が::: 欲しい::ほしい:形容詞 です::: 。:::
ポスト	ポスト::ぽすと:名詞 は::: 家::いえ:名詞 の::: 向かい::むかい:名詞 に::: あり:ある::動詞 ます::: 。:::
細い	この::: 糸::いと:名詞 は::: 細い::ほそい:形容詞 です::: 。:::
ボタン	ボタン::ぼたん:名詞 を::: 押せ:押す:おせ:動詞 ば::: ドア::どあ:名詞 が::: 開き:開く:ひらき:動詞 ます::: 。:::
ホテル	駅::えき:名詞 の::: 近く::ちかく:名詞 の::: ホテル::ほてる:名詞 に::: 泊まり:泊まる:とまり:動詞 ます::: 。:::
本棚	この::: 本棚::ほんだな:名詞 は::: 組み立て::くみたて:名詞 が::: 簡単::かんたん:名詞 です::: 。:::
本当	残念::ざんねん:名詞 ながら::: それ:::名詞 は::: 本当::ほんとう:名詞 な:だ:: の:::名詞 です::: 。:::
枚	バッグ::ばっぐ:名詞 に::: 切手::きって:名詞 を::: 数::すう:名詞 枚::まい:名詞 入れ:入れる:いれ:動詞 て::: い:いる::動詞 ます::: 。:::
毎朝	毎朝::まいあさ:名詞 六::ろく:名詞 時::じ:名詞 に::: 起き:起きる:おき:動詞 ます::: 。:::
毎月	毎月::まいつき:名詞 どの:::名詞 くらい::: 本::ほん:名詞 を::: 読み:読む:よみ:動詞 ます::: か::: 。:::
毎週	毎週::まいしゅう:名詞 月曜日::げつようび:名詞 は::: テニス::てにす:名詞 を::: し:する::動詞 ます::: 。:::
毎年	毎年::まいとし:名詞 家族::かぞく:名詞 と::: 旅行::りょこう:名詞 し:する::動詞 ます::: 。:::
毎晩	毎晩::まいばん:名詞 シャワー::しゃわー:名詞 を::: 浴び:浴びる:あび:動詞 て::: から::: 、::: 寝:寝る:ね:動詞 ます::: 。:::
前	駅::えき:名詞 の::: 前::まえ:名詞 に::: 郵便::ゆうびん:名詞 局::きょく:名詞 が::: あり:ある::動詞 ます::: 。:::
曲る	次::つぎ:名詞 の::: 角::かく:名詞 を::: 右::みぎ:名詞 に::: 曲り:曲る:まがり:動詞 ます::: 。:::
まずい	あの::: 店::みせ:名詞 は::: 安い::やすい:形容詞 です::: が::: 、::: まずい:::形容詞 です::: 。:::
また	いつか:::名詞 また::: お::: 会い:会う:あい:動詞 し:する::動詞 たい::: です::: ね::: 。:::
まっすぐ	まっすぐ:::副詞 行っ:行く:いっ:動詞 て::: ください:くださる::動詞 。:::
マッチ	マッチ::まっち:名詞 を::: 持っ:持つ:もっ:動詞 て::: い:いる::動詞 ます::: か::: 。:::
窓	窓::まど:名詞 から::: 海::うみ:名詞 が::: 見え:見える:みえ:動詞 ます::: 。:::
丸い	あそこ:::名詞 に::: 丸い::まるい:形容詞 箱::はこ:名詞 が::: あり:ある::動詞 ます::: 。:::
万	この::: 時計::とけい:名詞 は::: 三::さん:名詞 万::まん:名詞 円::えん:名詞 です::: 。:::
万年筆	パリ::ぱり:名詞 で::: 買っ:買う:かっ:動詞 た::: の:::名詞 は::: この::: 万年筆::まんねんひつ:名詞 です::: 。:::
磨く	男::おとこ:名詞 の::: 人::ひと:名詞 は::: 歯::は:名詞 を::: 磨く::みがく:動詞 。:::
右	これ:::名詞 を::: 右::みぎ:名詞 に::: 回せ:回す:まわせ:動詞 ば::: 機械::きかい:名詞 は::: 動き:動く:うごき:動詞 ます::: 。:::
見せる	パスポート::ぱすぽーと:名詞 を::: 見せ:見せる:みせ:動詞 て::: ください:くださる::動詞 。:::
三つ	この::: 問題::もんだい:名詞 の::: 答え::こたえ:名詞 は::: 三つ::みっつ:名詞 あり:ある::動詞 ます::: 。:::
緑	あなた:::名詞 は::: 緑::みどり:名詞 の::: 本::ほん:名詞 を::: 持っ:持つ:もっ:動詞 て::: い:いる::動詞 ます::: 。:::
皆さん	皆さん::みなさん:名詞 、::: こちら:::名詞 へ::: どうぞ:::副詞 。:::
南	ジュバ::*:名詞 は::: 南::みなみ:名詞 スーダン::すーだん:名詞 の::: 首都::しゅと:名詞 です::: 。:::
耳	耳::みみ:名詞 が::: 痛い::いたい:形容詞 です::: 。:::
みんな	みんな:::名詞 で::: 写真::しゃしん:名詞 を::: 撮り:撮る:とり:動詞 まし:ます:: た::: 。:::
向こう	パイプ::ぱいぷ:名詞 屋::や:名詞 は::: 通り::とおり:名詞 の::: 向こう::むこう:名詞 側::がわ:名詞 です::: 。:::
六つ	りんご:::名詞 を::: 六つ::むっつ:名詞 買い:買う:かい:動詞 まし:ます:: た::: 。:::
目	目::め:名詞 が::: 痛い::いたい:形容詞 です::: 。:::
メートル	およそ:::副詞 六::ろく:名詞 百::ひゃく:名詞 メートル::めーとる:名詞 先::さき:名詞 を::: 右折::うせつ:名詞 です::: 。:::
木曜日	今日::きょう:名詞 は::: 木曜日::もくようび:名詞 です::: 。:::
もしもし	もしもし::: 、::: こちら:::名詞 は::: マイク::まいく:名詞 です::: 。:::
もっと	もっと:::副詞 ゆっくり:::副詞 話し:話す:はなし:動詞 て::: ください:くださる::動詞 。:::
物	申告::しんこく:名詞 する:::動詞 物::もの:名詞 は::: あり:ある::動詞 ます::: か::: 。:::
門	門::もん:名詞 の::: 前::まえ:名詞 で::: 待つ::まつ:動詞 よ::: 。:::
問題	先生::せんせい:名詞 で::: さえ::: その::: 問題::もんだい:名詞 は::: 解け:解ける:とけ:動詞 なかっ:ない:: た::: 。:::
屋	本屋::ほんや:名詞 で::: 雑誌::ざっし:名詞 を::: 買い:買う:かい:動詞 まし:ます:: た::: 。:::
八百屋	あの::: 八百屋::やおや:名詞 の::: おじさん:::名詞 は::: いつも:::副詞 元気::げんき:名詞 です::: 。:::
休み	彼::かれ:名詞 は::: 今日::きょう:名詞 お::: 休み::やすみ:名詞 です::: 。:::
八つ	りんご:::名詞 を::: 八つ::やっつ:名詞 買い:買う:かい:動詞 まし:ます:: た::: 。:::
やる	宿題::しゅくだい:名詞 を::: やり:やる::動詞 ます::: 。:::
夕方	トム::とむ:名詞 は::: 今日::きょう:名詞 の::: 夕方::ゆうがた:名詞 コンサート::こんさーと:名詞 に::: 行き:行く:いき:動詞 ます::: 。:::
夕飯	夕飯::ゆうはん:名詞 は::: 六::ろく:名詞 時::じ:名詞 に::: 食べ:食べる:たべ:動詞 ます::: 。:::
昨夜	昨夜::さくや:名詞 は::: 早く:早い:はやく:形容詞 寝:寝る:ね:動詞 まし:ます:: た::: 。:::
洋服	この::: 洋服::ようふく:名詞 の::: クリーニング::くりーにんぐ:名詞 頼み:頼む:たのみ:動詞 ます::: 。:::
横	銀行::ぎんこう:名詞 は::: 駅::えき:名詞 の::: 横::よこ:名詞 に::: あり:ある::動詞 ます::: 。:::
四つ	午前::ごぜん:名詞 中::ちゅう:名詞 に::: 四つ::よっつ:名詞 授業::じゅぎょう:名詞 が::: あり:ある::動詞 ます::: 。:::
呼ぶ	タクシー::たくしー:名詞 を::: 呼ん:呼ぶ:よん:動詞 で::: ください:くださる::動詞 。:::
来月	来月::らいげつ:名詞 タクシー::たくしー:名詞 料金::りょうきん:名詞 が::: あがり:あがる::動詞 ます::: 。:::
来週	来週::らいしゅう:名詞 の::: 日曜日::にちようび:名詞 に::: 遊び::あそび:名詞 に::: 来:来る:き:動詞 て::: ください:くださる::動詞 。:::
ラジオ	この::: ラジオ::らじお:名詞 の::: 値段::ねだん:名詞 は::: いくら:::名詞 です::: か::: 。:::
りっぱ	あの::: 先生::せんせい:名詞 は::: 大変::たいへん:名詞 りっぱ:::名詞 な:だ:: 方::ほう:名詞 です::: 。:::
留学生	あの::: 人::ひと:名詞 は::: この::: 学校::がっこう:名詞 の::: 留学生::りゅうがくせい:名詞 です::: 。:::
旅行	夏::なつ:名詞 に::: 家族::かぞく:名詞 と::: 旅行::りょこう:名詞 し:する::動詞 ます::: 。:::
零	ここ:::名詞 は::: 零::れい:名詞 度::ど:名詞 な:だ:: ので::: 、::: とても:::副詞 寒い::さむい:形容詞 です::: 。:::
レコード	彼ら::かれら:名詞 は::: 、::: レコード::れこーど:名詞 を::: 買い:買う:かい:動詞 ます::: 。:::
レストラン	レストラン::れすとらん:名詞 は::: い:いる::動詞 つ::: 閉店::へいてん:名詞 し:する::動詞 ます::: か::: 。:::
練習	トム::とむ:名詞 は::: 毎日::まいにち:名詞 ピアノ::ぴあの:名詞 を::: 練習::れんしゅう:名詞 する:::動詞 よ::: 。:::
六	毎朝::まいあさ:名詞 六::ろく:名詞 時::じ:名詞 に::: 起き:起きる:おき:動詞 ます::: 。:::
ワイシャツ	白い::しろい:形容詞 ワイシャツ::わいしゃつ:名詞 を::: 着:着る:き:動詞 ます::: 。:::
渡す	この::: 書類::しょるい:名詞 を::: 渡し:渡す:わたし:動詞 て::: ください:くださる::動詞 。:::
渡る	ここ:::名詞 で::: 通り::とおり:名詞 を::: 渡る::わたる:動詞 の:::名詞 は::: 危険::きけん:名詞 です::: 。:::
踏む	電車::でんしゃ:名詞 で::: 足::あし:名詞 を::: 踏ま:踏む:ふま:動詞 れ:れる::動詞 まし:ます:: た::: 。:::
区	東京::とうきょう:名詞 都::と:名詞 の::: 県庁::けんちょう:名詞 所在地::しょざいち:名詞 は::: 新宿::しんじゅく:名詞 区::く:名詞 です::: 。:::
すっと	カタツムリ::かたつむり:名詞 が::: すっと:::副詞 角::かく:名詞 を::: 出し:出す:だし:動詞 た::: 。:::
盗む	バッグ::ばっぐ:名詞 を::: 盗ま:盗む:ぬすま:動詞 れ:れる::動詞 まし:ます:: た::: 。:::
大抵	私::わたし:名詞 は::: 大抵::たいてい:副詞 歩い:歩く:あるい:動詞 て::: 通学::つうがく:名詞 し:する::動詞 ます::: 。:::
とうとう	とうとう:::副詞 私::わたし:名詞 たち:::名詞 は::: 家::いえ:名詞 が::: 買え:買える:かえ:動詞 ます::: 。:::
ガソリン	ガソリン::がそりん:名詞 は::: こちら:::名詞 の::: 負担::ふたん:名詞 です::: か::: 。:::
鳴る	電話::でんわ:名詞 が::: 鳴っ:鳴る:なっ:動詞 て::: い:いる::動詞 ます::: 。:::
しっかり	この::: ベンチ::べんち:名詞 は::: しっかり:::副詞 し:する::動詞 て::: い:いる::動詞 ます::: か::: 。:::
生きる	百::ひゃく:名詞 歳::さい:名詞 まで::: 生き:生きる:いき:動詞 たい::: です::: 。:::
苦い	すごく:すごい::形容詞 苦い::にがい:形容詞 です::: 。:::
沸く	お湯::おゆ:名詞 が::: 沸き:沸く:わき:動詞 まし:ます:: た::: 。:::
意見	意見::いけん:名詞 を::: 聞か:聞く:きか:動詞 せ:せる::動詞 て::: ください:くださる::動詞 。:::
やはり	欠点::けってん:名詞 は::: ある:::動詞 が::: やはり:::副詞 彼::かれ:名詞 が::: 好き::すき:名詞 です::: 。:::
漫画	日本::にっぽん:名詞 の::: 漫画::まんが:名詞 や::: アニメ::あにめ:名詞 は::: 世界中::せかいじゅう:名詞 で::: 人気::にんき:名詞 が::: ある:::動詞 。:::
ステレオ	自分::じぶん:名詞 の::: ステレオ::すてれお:名詞 を::: 持っ:持つ:もっ:動詞 て::: い:いる::動詞 ます::: 。:::
医学	ヒポクラテス::*:名詞 は::: 医学::いがく:名詞 の::: 父::ちち:名詞 と::: 呼ば:呼ぶ:よば:動詞 れ:れる::動詞 ます::: 。:::
テキスト	授業::じゅぎょう:名詞 の::: テキスト::てきすと:名詞 を::: 買い:買う:かい:動詞 まし:ます:: た::: 。:::
折る	転ん:転ぶ:ころん:動詞 だ::: 時::とき:名詞 、::: 手首::てくび:名詞 を::: 折り:折る:おり:動詞 まし:ます:: た::: 。:::
会	この::: 会::かい:名詞 の::: 主::おも:名詞 な:だ:: 目的::もくてき:名詞 は::: なん:::名詞 です::: か::: 。:::
うかがう	一つ::ひとつ:名詞 うかがっ:うかがう::動詞 て::: も::: いい:::形容詞 です::: か::: 。:::
聞こえる	外::そと:名詞 の::: 音::おと:名詞 が::: 聞こえ:聞こえる:きこえ:動詞 ます::: 。:::
僕	僕::ぼく:名詞 は::: 学生::がくせい:名詞 です::: 。:::
壊す	かなり:::副詞 多く::おおく:名詞 の::: 家::いえ:名詞 が::: 台風::たいふう:名詞 で::: 壊さ:壊す:こわさ:動詞 れ:れる::動詞 た::: 。:::
怒る	父::ちち:名詞 は::: 少し::すこし:副詞 怒っ:怒る:おこっ:動詞 て::: い:いる::動詞 ます::: 。:::
床屋	床屋::とこや:名詞 に::: 行き:行く:いき:動詞 なさい:なさる::動詞 。:::
オートバイ	オートバイ::おーとばい:名詞 を::: 持っ:持つ:もっ:動詞 て::: い:いる::動詞 ます::: か::: 。:::
運動	毎朝::まいあさ:名詞 公園::こうえん:名詞 で::: 運動::うんどう:名詞 し:する::動詞 ます::: 。:::
止む	私::わたし:名詞 たち:::名詞 は::: 雨::あめ:名詞 が::: 止み:止む:やみ:動詞 次第::しだい:名詞 出発::しゅっぱつ:名詞 し:する::動詞 ます::: 。:::
もし	もし:::副詞 明日::あした:名詞 雨::あめ:名詞 なら:だ:: 試合::しあい:名詞 は::: 中止::ちゅうし:名詞 です::: 。:::
表	紙::かみ:名詞 の::: 表::ひょう:名詞 に::: 名前::なまえ:名詞 を::: 書き:書く:かき:動詞 ます::: 。:::
大学生	その::: 大学生::だいがくせい:名詞 は::: 工学::こうがく:名詞 を::: 学ん:学ぶ:まなん:動詞 で::: い:いる::動詞 ます::: 。:::
予習	予習::よしゅう:名詞 を::: 始め:始める:はじめ:動詞 た::: 方::ほう:名詞 が::: いい:::形容詞 です::: よ::: 。:::
心配	私::わたし:名詞 達::たち:名詞 は::: 心配::しんぱい:名詞 だっ:だ:: た::: 。:::
別	別::べつ:名詞 の::: 例::れい:名詞 を::: 示し:示す:しめし:動詞 なさい:なさる::動詞 。:::
お宅	明日::あした:名詞 お宅::おたく:名詞 に::: 伺い:伺う:うかがい:動詞 ます::: 。:::
柔らかい	私::わたし:名詞 は::: 柔らかい::やわらかい:形容詞 ベッド::べっど:名詞 で::: 眠る::ねむる:動詞 の:::名詞 が::: 好き::すき:名詞 です::: 。:::
気	気::き:名詞 が::: 重い::おもい:形容詞 です::: 。:::
ほとんど	水筒::すいとう:名詞 に::: は::: ほとんど:::副詞 水::みず:名詞 が::: 残っ:残る:のこっ:動詞 て::: い:いる::動詞 ない::: 。:::
つもり	来年::らいねん:名詞 留学::りゅうがく:名詞 する:::動詞 つもり:::名詞 です::: 。:::
だめ	この::: 部屋::へや:名詞 に::: 入っ:入る:はいっ:動詞 て::: は::: だめ:::名詞 です::: 。:::
売り場	スナック::すなっく:名詞 売り場::うりば:名詞 は::: 、::: どこ:::名詞 です::: か::: 。:::
正月	日本::にっぽん:名詞 で::: は::: 老い::おい:名詞 も::: 若き:若い:わかき:形容詞 も::: 正月::しょうがつ:名詞 を::: 祝い:祝う:いわい:動詞 ます::: 。:::
規則	トム::とむ:名詞 は::: 規則::きそく:名詞 を::: 知ら:知る:しら:動詞 ない::: 。:::
うん	うん::: 。::: ちゃんと:::副詞 聞こえ:聞こえる:きこえ:動詞 て::: いる:::動詞 よ::: 。:::
発音	発音::はつおん:名詞 を::: 直し:直す:なおし:動詞 て::: ください:くださる::動詞 。:::
焼く	この::: 魚::さかな:名詞 は::: 焼き:焼く:やき:動詞 あがっ:あがる::動詞 て::: い:いる::動詞 ます::: 。:::
失礼	失礼::しつれい:名詞 です::: が::: あなた:::名詞 が::: 悪い::わるい:形容詞 の:::名詞 です::: 。:::
ごみ	ごみ:::名詞 は::: 月曜日::げつようび:名詞 に::: 出し:出す:だし:動詞 ます::: 。:::
アフリカ	私::わたし:名詞 は::: いつ:::名詞 の::: 日::ひ:名詞 か::: アフリカ::あふりか:名詞 に::: 行き:行く:いき:動詞 たい::: 。:::
点	ここ:::名詞 が::: 君::きみ:名詞 の::: 間違っ:間違う:まちがっ:動詞 て::: いる:::動詞 点::てん:名詞 です::: 。:::
一生懸命	一生懸命::いっしょうけんめい:名詞 に::: やる:::動詞 つもり:::名詞 です::: 。:::
機会	いい:::形容詞 機会::きかい:名詞 を::: いただき:いただく::動詞 まし:ます:: た::: 。:::
建てる	その::: 城::しろ:名詞 は::: いつ:::名詞 建て:建てる:たて:動詞 られ:られる::動詞 た::: の:::名詞 です::: か::: 。:::
彼	彼::かれ:名詞 は::: 実行::じっこう:名詞 力::りょく:名詞 の::: ある:::動詞 人::ひと:名詞 です::: 。:::
いらっしゃる	先生::せんせい:名詞 は::: 教室::きょうしつ:名詞 に::: いらっしゃい:いらっしゃる::動詞 ます::: 。:::
大事	家族::かぞく:名詞 が::: 一番::いちばん:名詞 大事::だいじ:名詞 です::: 。:::
贈り物	贈り物::おくりもの:名詞 を::: ありがとう::: ござい:ござる:: ます::: 。:::
泥棒	泥棒::どろぼう:名詞 は::: きっと:::副詞 その::: うち:::名詞 に::: 捕まり:捕まる:つかまり:動詞 ます::: 。:::
製	私::わたし:名詞 の::: 車::くるま:名詞 は::: ドイツ::どいつ:名詞 製::せい:名詞 です::: 。:::
注意	車::くるま:名詞 に::: 注意::ちゅうい:名詞 し:する::動詞 て::: ください:くださる::動詞 。:::
軒	庭::にわ:名詞 は::: 二::に:名詞 軒::けん:名詞 の::: 家::いえ:名詞 の::: 共有::きょうゆう:名詞 の::: もの:::名詞 です::: 。:::
通る	ここ:::名詞 は::: 私::わたし:名詞 の::: 父::ちち:名詞 が::: 通っ:通る:とおっ:動詞 た::: 学校::がっこう:名詞 です::: 。:::
過ぎる	三::さん:名詞 時::じ:名詞 を::: 過ぎ:過ぎる:すぎ:動詞 まし:ます:: た::: 。:::
レポート	期末::きまつ:名詞 レポート::れぽーと:名詞 は::: はかどっ:はかどる::動詞 て::: ます::: か::: 。:::
葉	葉::は:名詞 の::: 色::いろ:名詞 が::: とても:::副詞 美しい::うつくしい:形容詞 です::: 。:::
すると	緑::みどり:名詞 の::: ボタン::ぼたん:名詞 を::: 押し:押す:おし:動詞 て::: 下さい:下さる:ください:動詞 、::: すると::: 明かり::あかり:名詞 が::: つき:つく::動詞 ます::: 。:::
止める	たばこ:::名詞 を::: 止め:止める:とめ:動詞 まし:ます:: た::: 。:::
ガラス	フロント::ふろんと:名詞 ガラス::がらす:名詞 を::: ふき:ふく::動詞 ます::: か::: 。:::
学部	この::: 学部::がくぶ:名詞 は::: 大学::だいがく:名詞 の::: 主力::しゅりょく:名詞 学部::がくぶ:名詞 です::: 。:::
エスカレーター	建物::たてもの:名詞 で::: エスカレーター::えすかれーたー:名詞 が::: あり:ある::動詞 ませ:ます:: ん::: 。:::
人口	日本::にっぽん:名詞 の::: 人口::じんこう:名詞 は::: 先細り::さきぼそり:名詞 し:する::動詞 て::: い:いる::動詞 ます::: 。:::
絹	その::: ドレス::どれす:名詞 は::: 絹::きぬ:名詞 製::せい:名詞 です::: 。:::
ちっとも	あなた:::名詞 は::: ちっとも:::副詞 変っ:変る:かわっ:動詞 て::: い:いる::動詞 ない::: 。:::
深い	この::: 川::かわ:名詞 は::: あまり:::副詞 深く:深い:ふかく:形容詞 ない::: です::: 。:::
壊れる	時計::とけい:名詞 が::: 壊れ:壊れる:こわれ:動詞 まし:ます:: た::: 。:::
揺れる	地震::じしん:名詞 で::: 家::いえ:名詞 が::: 揺れ:揺れる:ゆれ:動詞 まし:ます:: た::: 。:::
できるだけ	できるだけ:::副詞 たくさん:::名詞 の::: 本::ほん:名詞 を::: 読み:読む:よみ:動詞 なさい:なさる::動詞 。:::
中学校	父::ちち:名詞 は::: 中学校::ちゅうがっこう:名詞 で::: 英語::えいご:名詞 を::: 教え:教える:おしえ:動詞 て::: い:いる::動詞 ます::: 。:::
ガス	この::: 辺::あたり:名詞 に::: は::: ガス::がす:名詞 が::: 通じ:通じる:つうじ:動詞 て::: ます::: か::: 。:::
祈る	世界::せかい:名詞 平和::へいわ:名詞 を::: 常に::つねに:副詞 祈っ:祈る:いのっ:動詞 て::: いる:::動詞 。:::
盛ん	日本::にっぽん:名詞 で::: は::: 英語::えいご:名詞 教育::きょういく:名詞 が::: 盛ん::さかん:名詞 で:だ:: ある::: 。:::
アルバイト	コンビニ::こんびに:名詞 で::: アルバイト::あるばいと:名詞 を::: し:する::動詞 ます::: 。:::
起こす	お母さん::おかあさん:名詞 は::: 娘::むすめ:名詞 を::: 起こし:起こす:おこし:動詞 て::: い:いる::動詞 ます::: 。:::
致す	喜ん:喜ぶ:よろこん:動詞 で::: ご::: 招待::しょうたい:名詞 を::: お::: 受け:受ける:うけ:動詞 致し:致す:いたし:動詞 ます::: 。:::
噛む	食べ物::たべもの:名詞 が::: 噛み:噛む:かみ:動詞 にくい:::形容詞 の:::名詞 です::: 。:::
赤ちゃん	赤ちゃん::あかちゃん:名詞 は::: 話せ:話せる:はなせ:動詞 ない::: ん:::名詞 だ::: 。:::
浅い	この::: 池::いけ:名詞 は::: 浅い::あさい:形容詞 です::: 。:::
嘘	嘘::うそ:名詞 を::: ついては::: いけ:いける::動詞 ませ:ます:: ん::: 。:::
小説	夢::ゆめ:名詞 は::: 小説::しょうせつ:名詞 家::か:名詞 に::: なる:::動詞 こと:::名詞 です::: 。:::
親	彼::かれ:名詞 は::: 親::おや:名詞 と::: 一緒::いっしょ:名詞 に::: 暮らし:暮らす:くらし:動詞 て::: い:いる::動詞 ます::: 。:::
それに	安い::やすい:形容詞 です::: 。::: それに::: 便利::べんり:名詞 です::: 。:::
西洋	西洋::せいよう:名詞 で::: は::: 個性::こせい:名詞 は::: 非常::ひじょう:名詞 に::: 重要::じゅうよう:名詞 で:だ:: ある::: 。:::
思う	明日::あした:名詞 は::: 雨::あめ:名詞 だ::: と::: 思い:思う:おもい:動詞 ます::: 。:::
時代	今::いま:名詞 は::: 、::: 正直::しょうじき:名詞 が::: 、::: 損::そん:名詞 を::: する:::動詞 時代::じだい:名詞 です::: 。:::
申し上げる	お礼::おれい:名詞 を::: 申し上げ:申し上げる:もうしあげ:動詞 ます::: 。:::
式	これ:::名詞 は::: 、::: ドラム::どらむ:名詞 式::しき:名詞 洗濯::せんたく:名詞 機::き:名詞 です::: 。:::
出席	きっと:::副詞 ボブ::ぼぶ:名詞 は::: 会合::かいごう:名詞 に::: 出席::しゅっせき:名詞 し:する::動詞 ます::: 。:::
迎える	あなた:::名詞 の::: 家::いえ:名詞 に::: 迎え:迎える:むかえ:動詞 に::: 行き:行く:いき:動詞 ます::: 。:::
触る	絵::え:名詞 に::: 触ら:触る:さわら:動詞 ない::: で::: ください:くださる::動詞 。:::
建て	二::に:名詞 階::かい:名詞 建て::だて:名詞 の::: 家::いえ:名詞 に::: 住ん:住む:すん:動詞 で::: い:いる::動詞 ます::: 。:::
社長	社長::しゃちょう:名詞 の::: スピーチ::すぴーち:名詞 を::: どう:::副詞 思い:思う:おもい:動詞 ます::: か::: 。:::
捕まえる	これ:::名詞 は::: 彼::かれ:名詞 が::: 捕まえ:捕まえる:つかまえ:動詞 た::: 魚::さかな:名詞 です::: 。:::
季節	春::はる:名詞 は::: 、::: 私::わたし:名詞 が::: 一番::いちばん:名詞 好き::すき:名詞 な:だ:: 季節::きせつ:名詞 です::: 。:::
寄る	ちょっと:::副詞 寄っ:寄る:よっ:動詞 て::: み:みる::動詞 て::: も::: 良い::よい:形容詞 です::: か::: 。:::
決まる	明日::あした:名詞 は::: 予定::よてい:名詞 が::: 決まっ:決まる:きまっ:動詞 て::: い:いる::動詞 ます::: か::: 。:::
逃げる	なぜ:::副詞 彼::かれ:名詞 は::: 逃げ:逃げる:にげ:動詞 た::: の:::名詞 です::: か::: 。:::
だから	だから::: 選ば:選ぶ:えらば:動詞 れる:::動詞 と::: 思い:思う:おもい:動詞 ます::: 。:::
残念	残念::ざんねん:名詞 です::: が::: 、::: 行け:行ける:いけ:動詞 ませ:ます:: ん::: 。:::
畳	トム::とむ:名詞 は::: 畳::たたみ:名詞 の::: 上::うえ:名詞 に::: 腰::こし:名詞 を::: 下ろし:下ろす:おろし:動詞 た::: 。:::
丁寧	彼::かれ:名詞 に::: 丁寧::ていねい:名詞 な:だ:: 返事::へんじ:名詞 を::: 書く::かく:動詞 つもり:::名詞 です::: 。:::
地理	私::わたし:名詞 は::: ここ:::名詞 で::: は::: 地理::ちり:名詞 不案内::ふあんない:名詞 です::: 。:::
さっき	私::わたし:名詞 は::: つい:::副詞 さっき:::名詞 彼::かれ:名詞 に::: 会っ:会う:あっ:動詞 た::: ばかり::: です::: 。:::
怖い	一::いち:名詞 人::にん:名詞 に::: なる:::動詞 の:::名詞 が::: 怖い::こわい:形容詞 の::: 。:::
包む	きれい:::名詞 に::: 包ん:包む:つつん:動詞 で::: いただけ:いただける::動詞 ます::: か::: 。:::
なるべく	なるべく:::副詞 安い::やすい:形容詞 ほう:::名詞 が::: いい:::形容詞 です::: 。:::
無理	それ:::名詞 は::: 無理::むり:名詞 です::: 。:::
サンドイッチ	あなた:::名詞 の::: サンドイッチ::さんどいっち:名詞 を::: ください:くださる::動詞 。:::
人形	あなた:::名詞 に::: 人形::にんぎょう:名詞 を::: お::: 贈り:贈る:おくり:動詞 し:する::動詞 ます::: 。:::
利用	原子力::げんしりょく:名詞 は::: 発電::はつでん:名詞 に::: 利用::りよう:名詞 さ:する::動詞 れ:れる::動詞 て::: い:いる::動詞 ます::: 。:::
飾る	私::わたし:名詞 たち:::名詞 自身::じしん:名詞 が::: 部屋::へや:名詞 を::: 飾っ:飾る:かざっ:動詞 た::: の:::名詞 です::: 。:::
用事	用事::ようじ:名詞 が::: ある:::動詞 ので::: 、::: 先::さき:名詞 に::: 帰り:帰る:かえり:動詞 ます::: 。:::
ビル	あれ:::名詞 は::: 父::ちち:名詞 の::: 働い:働く:はたらい:動詞 て::: いる:::動詞 ビル::びる:名詞 です::: 。:::
けんかする	兄弟::きょうだい:名詞 で::: よく:::副詞 けんか:::名詞 し:する::動詞 ます::: 。:::
投げる	君::きみ:名詞 は::: 速球::そっきゅう:名詞 が::: 投げ:投げる:なげ:動詞 られ:られる::動詞 ます::: か::: 。:::
故障	クーラー::くーらー:名詞 が::: 故障::こしょう:名詞 し:する::動詞 て::: しまっ:しまう::動詞 た::: 。:::
力	力::ちから:名詞 を::: 貸し:貸す:かし:動詞 て::: ください:くださる::動詞 。:::
受ける	あなた:::名詞 の::: 申し出::もうしで:名詞 は::: お::: 受け:受ける:うけ:動詞 し:する::動詞 ます::: 。:::
気分	今日::きょう:名詞 は::: 気分::きぶん:名詞 が::: ひどく:::副詞 悪い::わるい:形容詞 の:::名詞 です::: 。:::
間違える	電車::でんしゃ:名詞 を::: 乗り:乗る:のり:動詞 間違え:間違える:まちがえ:動詞 た::: 。:::
そんな	トム::とむ:名詞 は::: そんな::: 悪い::わるい:形容詞 こと:::名詞 し:する::動詞 ない::: と::: 思う::おもう:動詞 よ::: 。:::
場合	場合::ばあい:名詞 に::: よりけり:::名詞 だ::: と::: 思い:思う:おもい:動詞 ます::: 。:::
やっと	やっと:::副詞 宿題::しゅくだい:名詞 が::: 終り:終る:おわり:動詞 まし:ます:: た::: 。:::
足りる	メモリ::めもり:名詞 が::: 足り:足りる:たり:動詞 ない::: の:::名詞 か::: なぁ::: 。:::
行う	結婚式::けっこんしき:名詞 は::: 土曜日::どようび:名詞 に::: 行わ:行う:おこなわ:動詞 れ:れる::動詞 ます::: 。:::
ぶどう	ぶどう:::名詞 を::: 買い:買う:かい:動詞 まし:ます:: た::: 。:::
無くなる	お金::おかね:名詞 が::: 無くなっ:無くなる:なくなっ:動詞 て::: しまっ:しまう::動詞 た::: 。:::
準備	旅行::りょこう:名詞 の::: 準備::じゅんび:名詞 を::: し:する::動詞 ます::: 。:::
世界	世界::せかい:名詞 で::: 一番::いちばん:名詞 長い::ながい:形容詞 川::かわ:名詞 は::: 何::なに:名詞 です::: か::: 。:::
住所	この::: 住所::じゅうしょ:名詞 まで::: 、::: 行っ:行く:いっ:動詞 て::: ください:くださる::動詞 。:::
倍	私::わたし:名詞 の::: 年齢::ねんれい:名詞 は::: あなた:::名詞 の::: 二::に:名詞 倍::ばい:名詞 です::: 。:::
痩せる	運動::うんどう:名詞 し:する::動詞 て::: 痩せ:痩せる:やせ:動詞 まし:ます:: た::: 。:::
線	この::: 線::せん:名詞 が::: あなた:::名詞 の::: 身長::しんちょう:名詞 を::: 示し:示す:しめし:動詞 ます::: 。:::
戦争	戦争::せんそう:名詞 の::: ない:::形容詞 世界::せかい:名詞 を::: 願い:願う:ねがい:動詞 ます::: 。:::
寝坊	実は::じつは: その::: 朝::あさ:名詞 、::: 彼::かれ:名詞 は::: 寝坊::ねぼう:名詞 し:する::動詞 た::: の:::名詞 です::: 。:::
パパ	パパ::ぱぱ:名詞 は::: 会社::かいしゃ:名詞 に::: い:いる::動詞 ます::: 。:::
光る	あの::: 上::うえ:名詞 の::: 方::ほう:名詞 で::: 光っ:光る:ひかっ:動詞 て::: いる:::動詞 星::ほし:名詞 は::: 木星::もくせい:名詞 です::: 。:::
夫	夫::おっと:名詞 は::: まもなく:::副詞 帰っ:帰る:かえっ:動詞 て::: き:くる::動詞 ます::: 。:::
雲	雲::くも:名詞 が::: だんだん:::副詞 黒く:黒い:くろく:形容詞 なっ:なる::動詞 て::: い:いる::動詞 ます::: 。:::
坂	それ:::名詞 は::: とても:::副詞 急::きゅう:名詞 な:だ:: 坂::さか:名詞 です::: 。:::
飛行場	航空::こうくう:名詞 券::けん:名詞 は::: 飛行場::ひこうじょう:名詞 で::: 受け取れ:受け取れる:うけとれ:動詞 ます::: か::: 。:::
柔道	柔道::じゅうどう:名詞 を::: 練習::れんしゅう:名詞 し:する::動詞 て::: い:いる::動詞 ます::: 。:::
決して	彼::かれ:名詞 は::: 決して::けっして:副詞 幸福::こうふく:名詞 で:だ:: は::: なかっ:ない::形容詞 た::: 。:::
事務所	彼::かれ:名詞 の::: 事務所::じむしょ:名詞 なら:だ:: ちょっと:::副詞 先::さき:名詞 です::: 。:::
連絡	後で::あとで:副詞 連絡::れんらく:名詞 し:する::動詞 ます::: 。:::
小学校	弟::おとうと:名詞 は::: 小学校::しょうがっこう:名詞 へ::: 通っ:通る:とおっ:動詞 て::: い:いる::動詞 ます::: 。:::
美しい	フランス語::ふらんすご:名詞 は::: 最も::もっとも:副詞 美しい::うつくしい:形容詞 言語::げんご:名詞 だ::: と::: 思い:思う:おもい:動詞 ます::: 。:::
なさる	先生::せんせい:名詞 は::: 何::なに:名詞 を::: なさい:なさる::動詞 ます::: か::: 。:::
事	その::: 役者::やくしゃ:名詞 の::: 事::こと:名詞 は::: 聞い:聞く:きい:動詞 た::: こと:::名詞 が::: 無い::ない:形容詞 。:::
どんどん	状況::じょうきょう:名詞 は::: どんどん:::副詞 悪化::あっか:名詞 し:する::動詞 て::: ます::: 。:::
試合	あさって:::名詞 野球::やきゅう:名詞 の::: 試合::しあい:名詞 が::: あり:ある::動詞 ます::: 。:::
素晴らしい	素晴らしい::すばらしい:形容詞 父::ちち:名詞 に::: なる:::動詞 と::: 思い:思う:おもい:動詞 ます::: 。:::
美術館	この::: 道::みち:名詞 を::: 行け:行く:いけ:動詞 ば::: 美術館::びじゅつかん:名詞 に::: 出:出る:で:動詞 ます::: 。:::
文法	ドイツ::どいつ:名詞 語::ご:名詞 の::: 文法::ぶんぽう:名詞 に::: 手こずっ:手こずる:てこずっ:動詞 て::: い:いる::動詞 ます::: 。:::
終わり	これ:::名詞 で::: 終わり:終わる:おわり:動詞 です::: 。:::
壁	壁::かべ:名詞 に::: 絵::え:名詞 を::: 掛け:掛ける:かけ:動詞 ます::: 。:::
一度	一度::いちど:副詞 行っ:行く:いっ:動詞 た::: こと:::名詞 が::: あり:ある::動詞 ます::: 。:::
お礼	前もって::まえもって:副詞 お礼::おれい:名詞 を::: 申し上げ:申し上げる:もうしあげ:動詞 ます::: 。:::
知らせる	何::なに:名詞 か::: もち:::名詞 上がっ:上がる:あがっ:動詞 たら:た:: 知らせ:知らせる:しらせ:動詞 ます::: 。:::
歯医者	歯医者::はいしゃ:名詞 さん:::名詞 に::: 今日::きょう:名詞 会え:会える:あえ:動詞 ます::: か::: 。:::
もらう	友達::ともだち:名詞 に::: 本::ほん:名詞 を::: もらい:もらう::動詞 まし:ます:: た::: 。:::
泣く	お願い::おねがい:名詞 、::: 泣か:泣く:なか:動詞 ない::: で::: 。:::
熱	熱::ねつ:名詞 が::: ある:::動詞 ので::: 身体::しんたい:名詞 中::ちゅう:名詞 が::: 痛み:痛む:いたみ:動詞 ます::: 。:::
お祭り	今年::ことし:名詞 も::: いつも:::副詞 通り::とおり:名詞 お祭り::おまつり:名詞 が::: 行わ:行う:おこなわ:動詞 れ:れる::動詞 まし:ます:: た::: 。:::
水道	昨日::きのう:名詞 水道::すいどう:名詞 を::: 止め:止める:とめ:動詞 られ:られる::動詞 た::: 。:::
匂い	開け:開ける:あけ:動詞 た::: 古書::こしょ:名詞 の::: 匂い::におい:名詞 が::: 大好き::だいすき:名詞 です::: 。:::
ベル	ベル::べる:名詞 ボーイ::ぼーい:名詞 が::: お::: 部屋::へや:名詞 に::: ご::: 案内::あんない:名詞 し:する::動詞 ます::: 。:::
赤ん坊	母親::ははおや:名詞 は::: 赤ん坊::あかんぼう:名詞 を::: ひざ:::名詞 の::: 上::うえ:名詞 で::: あやし:あやす::動詞 て::: いる:::動詞 。:::
おかしい	私::わたし:名詞 にとって::: は::: 少し::すこし:副詞 おかしい:::形容詞 です::: 。:::
事故	昨日::きのう:名詞 、::: 高速::こうそく:名詞 道路::どうろ:名詞 で::: 事故::じこ:名詞 が::: あっ:ある::動詞 た::: 。:::
変	エンジン::えんじん:名詞 から::: 変::へん:名詞 な:だ:: 音::おと:名詞 が::: 聞こえ:聞こえる:きこえ:動詞 ます::: 。:::
辞典	漢和::かんわ:名詞 辞典::じてん:名詞 で::: 漢字::かんじ:名詞 の::: 意味::いみ:名詞 を::: 調べ:調べる:しらべ:動詞 た::: の::: 。:::
残る	水筒::すいとう:名詞 に::: は::: ほとんど:::副詞 水::みず:名詞 が::: 残っ:残る:のこっ:動詞 て::: い:いる::動詞 ない::: 。:::
立てる	何::なに:名詞 か::: お::: 役::やく:名詞 に::: 立てれ:立てる:たてれ:動詞 ば::: と::: 思い:思う:おもい:動詞 ます::: 。:::
くれる	彼女::かのじょ:名詞 は::: 私::わたし:名詞 を::: 助け:助ける:たすけ:動詞 て::: くれる:::動詞 と::: 思う::おもう:動詞 。:::
員	彼女::かのじょ:名詞 は::: 貿易::ぼうえき:名詞 会社::かいしゃ:名詞 の::: 事務::じむ:名詞 員::いん:名詞 です::: 。:::
原因	この::: 悲劇::ひげき:名詞 の::: 本当::ほんとう:名詞 の::: 原因::げんいん:名詞 は::: 何::なに:名詞 です::: か::: 。:::
驚く	あなた:::名詞 を::: 驚か:驚く:おどろか:動詞 せ:せる::動詞 たく:たい:: なかっ:ない:: た::: の:::名詞 です::: 。:::
いただく	この::: 雑誌::ざっし:名詞 を::: いただい:いただく::動詞 て::: も::: いい:::形容詞 です::: か::: 。:::
答	きみ:::名詞 の::: 答::こたえ:名詞 は::: 確か::たしか:名詞 です::: か::: 。:::
もちろん	彼女::かのじょ:名詞 は::: もちろん:::副詞 英語::えいご:名詞 が::: 話せ:話せる:はなせ:動詞 ます::: 。:::
漬ける	私::わたし:名詞 の::: お::: ばあちゃん:::名詞 、::: 漬物::つけもの:名詞 を::: 漬ける::つける:動詞 の:::名詞 が::: 上手::じょうず:名詞 な:だ:: ん:::名詞 だ::: よ::: 。:::
内	心配::しんぱい:名詞 ご::: 無用::むよう:名詞 。::: すべて:::名詞 想定::そうてい:名詞 内::ない:名詞 です::: 。:::
スクリーン	トム::とむ:名詞 は::: スクリーン::すくりーん:名詞 に::: 釘付け::くぎづけ:名詞 だっ:だ:: た::: 。:::
または	ユーザー::ゆーざー:名詞 名::めい:名詞 または::: パスワード::ぱすわーど:名詞 が::: 間違っ:間違う:まちがっ:動詞 て::: い:いる::動詞 ます::: 。:::
けがする	交通::こうつう:名詞 事故::じこ:名詞 で::: 大::だい: けが:::名詞 を::: し:する::動詞 た::: ん:::名詞 です::: 。:::
以下	以下::いか:名詞 の::: 文章::ぶんしょう:名詞 を::: 読ん:読む:よん:動詞 で::: 下さい:下さる:ください:動詞 。:::
ばかり	買っ:買う:かっ:動詞 た::: ばかり::: の::: カバー::かばー:名詞 な:だ:: ん:::名詞 だ::: ぞ::: 。:::
心	私::わたし:名詞 は::: 心::こころ:名詞 を::: 開き:開く:ひらき:動詞 、::: より::: 国際::こくさい:名詞 的::てき:名詞 に::: なり:なる::動詞 たい::: です::: 。:::
だす	いつ:::名詞 から::: 痛み:痛む:いたみ:動詞 だし:だす::動詞 まし:ます:: た::: か::: 。:::
サラダ	野菜::やさい:名詞 の::: サラダ::さらだ:名詞 を::: 作り:作る:つくり:動詞 ます::: 。:::
届ける	君::きみ:名詞 に::: 届け:届ける:とどけ:動詞 て::: ほしい:::形容詞 メッセージ::めっせーじ:名詞 が::: ある:::動詞 ん:::名詞 だ::: 。:::
挨拶	朝::あさ:名詞 は::: 明るく:明るい:あかるく:形容詞 挨拶::あいさつ:名詞 し:する::動詞 ます::: 。:::
景色	景色::けしき:名詞 の::: よい:::形容詞 部屋::へや:名詞 を::: お願い::おねがい:名詞 し:する::動詞 ます::: 。:::
ステーキ	ステーキ::すてーき:名詞 の::: 焼き::やき:名詞 具合::ぐあい:名詞 は::: 、::: いか:::名詞 が::: いたし:いたす::動詞 ましょ:ます:: う::: か::: 。:::
以内	三::さん:名詞 日::にち:名詞 以内::いない:名詞 に::: お::: 返事::へんじ:名詞 いたし:いたす::動詞 ます::: 。:::
オーバー	あれ:::名詞 は::: 私::わたし:名詞 の::: オーバー::おーばー:名詞 です::: 。:::
乾く	靴下::くつした:名詞 は::: もう:::副詞 乾い:乾く:かわい:動詞 た::: の:::名詞 です::: か::: 。:::
石	あの::: 橋::はし:名詞 は::: 石::いし:名詞 で::: でき:できる::動詞 て::: い:いる::動詞 ます::: 。:::
思い出す	この::: 写真::しゃしん:名詞 を::: 見る::みる:動詞 と::: 、::: 私::わたし:名詞 は::: 必ず::かならず:副詞 子供::こども:名詞 の::: ころ:::名詞 を::: 思い出す::おもいだす:動詞 。:::
踊る	彼女::かのじょ:名詞 は::: 踊る::おどる:動詞 の:::名詞 が::: 上手::じょうず:名詞 だ::: と::: 私::わたし:名詞 は::: 思い:思う:おもい:動詞 ます::: 。:::
塗る	壁::かべ:名詞 に::: ペンキ::ぺんき:名詞 を::: 塗る::ぬる:動詞 ん:::名詞 です::: 。:::
用	町::まち:名詞 で::: 用::よう:名詞 が::: ある:::動詞 ん:::名詞 だ::: 。:::
公務員	私::わたし:名詞 は::: 公務員::こうむいん:名詞 です::: 。:::
お嬢さん	お嬢さん::おじょうさん:名詞 に::: 会わ:会う:あわ:動詞 せ:せる::動詞 て::: いただき:いただく::動詞 たい::: 。:::
用意	パーティー::ぱーてぃー:名詞 の::: 用意::ようい:名詞 は::: いい:::形容詞 です::: か::: 。:::
探す	彼::かれ:名詞 は::: 職::しょく:名詞 を::: 探し:探す:さがし:動詞 て::: いる:::動詞 。:::
形	地球::ちきゅう:名詞 は::: オレンジ::おれんじ:名詞 の::: 形::かたち:名詞 を::: し:する::動詞 て::: い:いる::動詞 ます::: 。:::
運転	私::わたし:名詞 は::: 運転::うんてん:名詞 する:::動詞 やり方::やりかた:名詞 を::: 学ん:学ぶ:まなん:動詞 でる:::動詞 よ::: 。:::
すっかり	もう:::副詞 すっかり:::副詞 真夜中::まよなか:名詞 です::: 。:::
アナウンサー	あの::: 子::こ:名詞 の::: お母さん::おかあさん:名詞 は::: アナウンサー::あなうんさー:名詞 です::: 。:::
消しゴム	この::: 教室::きょうしつ:名詞 は::: 消しゴム::けしごむ:名詞 の::: 忘れ物::わすれもの:名詞 が::: 多い::おおい:形容詞 。:::
旅館	旅館::りょかん:名詞 の::: 部屋::へや:名詞 の::: テーブル::てーぶる:名詞 の::: 上::うえ:名詞 に::: スイカ::すいか:名詞 が::: あり:ある::動詞 ます::: 。:::
海岸	この::: バス::ばす:名詞 は::: 、::: 海岸::かいがん:名詞 に::: 行き:行く:いき:動詞 ます::: か::: 。:::
火	すみません::: 火::ひ:名詞 を::: 貸し:貸す:かし:動詞 て::: もらえ:もらえる::動詞 ます::: か::: 。:::
お祝い	心から::こころから:副詞 お祝い::おいわい:名詞 を::: 申し上げ:申し上げる:もうしあげ:動詞 ます::: 。:::
乗り物	ここ:::名詞 は::: 公共::こうきょう:名詞 の::: 乗り物::のりもの:名詞 が::: 不便::ふべん:名詞 だ::: 。:::
案内	この::: 席::せき:名詞 まで::: 案内::あんない:名詞 し:する::動詞 て::: くれ:くれる::動詞 ます::: か::: 。:::
通う	私::わたし:名詞 たち:::名詞 は::: その::: バス::ばす:名詞 で::: 学校::がっこう:名詞 に::: 通っ:通う:かよっ:動詞 て::: い:いる::動詞 ます::: 。:::
技術	日本::にっぽん:名詞 の::: 技術::ぎじゅつ:名詞 に::: 関心::かんしん:名詞 を::: 持ち:持つ:もち:動詞 ます::: 。:::
小鳥	小鳥::ことり:名詞 達::たち:名詞 は::: 木::き:名詞 で:だ:: 楽し:楽しい:たのし:形容詞 げ:::名詞 に::: 歌い:歌う:うたい:動詞 ます::: 。:::
下宿	学生::がくせい:名詞 で::: も::: 下宿::げしゅく:名詞 さ:する::動詞 せ:せる::動詞 て::: もらえ:もらえる::動詞 ます::: か::: 。:::
ジャム	これ:::名詞 は::: 自家製::じかせい:名詞 の::: ジャム::じゃむ:名詞 です::: 。:::
招待	トム::とむ:名詞 と::: メアリー::めありー:名詞 は::: 招待::しょうたい:名詞 さ:する::動詞 れ:れる::動詞 て::: なかっ:ない::形容詞 た::: ん:::名詞 だ::: 。:::
鏡	私::わたし:名詞 は::: 鏡::かがみ:名詞 に::: 写っ:写る:うつっ:動詞 て::: いる:::動詞 自分::じぶん:名詞 を::: 見つめ:見つめる:みつめ:動詞 て::: いる:::動詞 の:::名詞 です::: 。:::
はず	もう:::副詞 じき:::名詞 郵便::ゆうびん:名詞 屋::や:名詞 さん:::名詞 が::: 来る::くる:動詞 はず:::名詞 です::: 。:::
法律	彼女::かのじょ:名詞 、::: 法律::ほうりつ:名詞 の::: 学位::がくい:名詞 は::: 取れ:取れる:とれ:動詞 ます::: か::: 。:::
貿易	ある::: 貿易::ぼうえき:名詞 会社::かいしゃ:名詞 に::: 勤め:勤める:つとめ:動詞 て::: い:いる::動詞 ます::: 。:::
反対	私::わたし:名詞 たち:::名詞 の::: 中::なか:名詞 で::: 彼::かれ:名詞 の::: 考え::かんがえ:名詞 に::: 反対::はんたい:名詞 し:する::動詞 てる:::動詞 者::もの:名詞 は::: い:いる::動詞 ない::: 。:::
おる	いつも:::副詞 お世話::おせわ:名詞 に::: なっ:なる::動詞 て::: おり:おる::動詞 ます::: 。:::
申す	こんにちは::: 、::: オミッド::*:名詞 と::: 申し:申す:もうし:動詞 ます::: 。:::
試験	田中::たなか:名詞 さん:::名詞 は::: 試験::しけん:名詞 に::: 合格::ごうかく:名詞 し:する::動詞 た::: よう:::名詞 です::: 。:::
店員	さしあたり:::副詞 彼女::かのじょ:名詞 は::: デパート::でぱーと:名詞 の::: 店員::てんいん:名詞 を::: し:する::動詞 て::: い:いる::動詞 ます::: 。:::
泊まる	今晩::こんばん:名詞 、::: 友達::ともだち:名詞 が::: うち:::名詞 に::: 泊まり:泊まる:とまり:動詞 ます::: 。:::
よろしい	こういう::: ふう:::名詞 に::: 考え:考える:かんがえ:動詞 て::: よろしい:::形容詞 でしょ:です:: う::: か::: 。:::
今夜	今夜::こんや:名詞 は::: 早く:早い:はやく:形容詞 寝:寝る:ね:動詞 ます::: 。:::
チェックする	予定::よてい:名詞 を::: チェック::ちぇっく:名詞 し:する::動詞 ます::: 。:::
会話	この::: 会話::かいわ:名詞 は::: 録音::ろくおん:名詞 さ:する::動詞 れ:れる::動詞 て::: い:いる::動詞 ます::: 。:::
空気	山::やま:名詞 の::: 空気::くうき:名詞 は::: きれい:::名詞 です::: 。:::
交通	この::: 通り::とおり:名詞 は::: 交通::こうつう:名詞 量::りょう:名詞 が::: 多い::おおい:形容詞 ん:::名詞 です::: 。:::
ワープロ	あなた:::名詞 は::: 、::: ワープロ::わーぷろ:名詞 を::: 使い:使う:つかい:動詞 ます::: か::: 。:::
喜ぶ	彼ら::かれら:名詞 は::: とても:::副詞 喜ぶ::よろこぶ:動詞 でしょ:です:: う::: 。:::
急行	急行::きゅうこう:名詞 列車::れっしゃ:名詞 は::: あり:ある::動詞 ます::: か::: 。:::
皆	皆::みな:名詞 が::: 彼::かれ:名詞 を::: 愛し:愛す:あいし:動詞 て::: いる:::動詞 。:::
手袋	この::: 手袋::てぶくろ:名詞 、::: 私::わたし:名詞 の:::名詞 です::: 。:::
校長	校長::こうちょう:名詞 先生::せんせい:名詞 と::: 何処::どこ:名詞 で::: 会っ:会う:あっ:動詞 た::: の:::名詞 です::: か::: 。:::
ごちそう	ごちそう:::名詞 を::: しっかり:::副詞 召し上がれ:召し上がる:めしあがれ:動詞 。:::
踊り	この::: 踊り::おどり:名詞 の::: お::: 相手::あいて:名詞 を::: 願え:願える:ねがえ:動詞 ます::: か::: 。:::
興味	歴史::れきし:名詞 に::: は::: 全く::まったく:副詞 興味::きょうみ:名詞 が::: ない:::形容詞 ん:::名詞 だ::: 。:::
冷房	その::: 部屋::へや:名詞 は::: 冷房::れいぼう:名詞 が::: つい:つく::動詞 て::: い:いる::動詞 ます::: か::: 。:::
都合	い:いる::動詞 つ::: ご::: 都合::つごう:名詞 が::: よろしい:::形容詞 です::: か::: 。:::
遠慮	タバコ::たばこ:名詞 を::: ご::: 遠慮::えんりょ:名詞 いただけ:いただける::動詞 ます::: か::: 。:::
亡くなる	彼::かれ:名詞 が::: 亡くなっ:亡くなる:なくなっ:動詞 て::: 三::さん:名詞 年::ねん:名詞 に::: なり:なる::動詞 ます::: 。:::
科学	私::わたし:名詞 たち:::名詞 は::: 物理::ぶつり:名詞 科学::かがく:名詞 を::: 学ん:学ぶ:まなん:動詞 で::: い:いる::動詞 ます::: 。:::
はっきり	彼::かれ:名詞 が::: 偉大::いだい:名詞 な:だ:: 芸術::げいじゅつ:名詞 家::か:名詞 で:だ:: ある::: こと:::名詞 は::: はっきり:::副詞 し:する::動詞 て::: いる:::動詞 。:::
差し上げる	私::わたし:名詞 の::: 本::ほん:名詞 、::: 差し上げ:差し上げる:さしあげ:動詞 ます::: よ::: 。:::
気持ち	彼::かれ:名詞 は::: まったく:::副詞 他人::たにん:名詞 の::: 気持ち::きもち:名詞 を::: 尊重::そんちょう:名詞 し:する::動詞 ない::: の::: 。:::
予約	ここ:::名詞 で::: 予約::よやく:名詞 を::: し:する::動詞 て::: もらえ:もらえる::動詞 ます::: か::: 。:::
凄い	自然::しぜん:名詞 って::: 凄い::すごい:形容詞 なぁ::: 。:::
入学	入学::にゅうがく:名詞 は::: 申し込み::もうしこみ:名詞 順::じゅん:名詞 に::: 許可::きょか:名詞 し:する::動詞 ます::: 。:::
片付ける	できるだけ:::副詞 早く:早い:はやく:形容詞 片付け:片付ける:かたづけ:動詞 ます::: 。:::
写す	人::ひと:名詞 の::: 宿題::しゅくだい:名詞 を::: 写し:写す:うつし:動詞 て::: なんか::: ないし::: 。:::
パソコン	パソコン::ぱそこん:名詞 で::: 仕事::しごと:名詞 を::: し:する::動詞 て::: い:いる::動詞 ます::: 。:::
火事	近所::きんじょ:名詞 で::: 火事::かじ:名詞 が::: あり:ある::動詞 まし:ます:: た::: 。:::
足す	九::きゅう:名詞 千::せん:名詞 九::きゅう:名詞 百::ひゃく:名詞 九::きゅう:名詞 十::じゅう:名詞 九::きゅう:名詞 に::: 一::いち:名詞 を::: 足す::たす:動詞 と::: 一::いち:名詞 万::まん:名詞 です::: 。:::
教会	ここ:::名詞 は::: 私::わたし:名詞 達::たち:名詞 が::: 結婚::けっこん:名詞 し:する::動詞 た::: 教会::きょうかい:名詞 です::: 。:::
彼ら	彼ら::かれら:名詞 は::: パイロット::ぱいろっと:名詞 です::: 。:::
一杯	コップ::こっぷ:名詞 に::: 水::みず:名詞 を::: 一杯::いっぱい:副詞 入れ:入れる:いれ:動詞 ます::: 。:::
アメリカ	アメリカ::あめりか:名詞 で::: 留学::りゅうがく:名詞 し:する::動詞 たい::: なら:だ:: 、::: 学生::がくせい:名詞 ビザ::びざ:名詞 が::: 必要::ひつよう:名詞 です::: 。:::
理由	これ:::名詞 が::: 、::: 彼::かれ:名詞 が::: そうした::: 理由::りゆう:名詞 です::: 。:::
生産	お::: 米::べい:名詞 の::: 生産::せいさん:名詞 量::りょう:名詞 は::: 減少::げんしょう:名詞 し:する::動詞 て::: い:いる::動詞 ます::: 。:::
着物	一::いち:名詞 人::にん:名詞 で::: 着物::きもの:名詞 を::: 着る::きる:動詞 こと:::名詞 が::: 出来:出来る:でき:動詞 ます::: か::: 。:::
おもちゃ	近所::きんじょ:名詞 に::: おもちゃ:::名詞 屋::や:名詞 が::: あり:ある::動詞 ます::: 。:::
暮れる	冬::ふゆ:名詞 は::: 早く:早い:はやく:形容詞 日::ひ:名詞 が::: 暮れ:暮れる:くれ:動詞 ます::: 。:::
釣る	彼::かれ:名詞 は::: 釣る::つる:動詞 の:::名詞 が::: 好き::すき:名詞 です::: 。:::
ちゃん	花::はな:名詞 ちゃん:::名詞 は::: 私::わたし:名詞 の::: 妹::いもうと:名詞 です::: 。:::
打つ	ボール::ぼーる:名詞 を::: 強く:強い:つよく:形容詞 打ち:打つ:うち:動詞 まし:ます:: た::: 。:::
あんな	トム::とむ:名詞 さん:::名詞 は::: あんな::: こと:::名詞 を::: いっ:いう::動詞 た::: はず:::名詞 が::: ない:::形容詞 と::: 思い:思う:おもい:動詞 ます::: 。:::
謝る	悪い::わるい:形容詞 こと:::名詞 を::: し:する::動詞 たら:た:: すぐ:::副詞 に::: 謝ら:謝る:あやまら:動詞 なけれ:ない:: ば::: なり:なる::動詞 ませ:ます:: ん::: 。:::
昼間	昼間::ひるま:名詞 の::: ツアー::つあー:名詞 は::: あり:ある::動詞 ます::: か::: 。:::
教育	この::: 世界::せかい:名詞 の::: 教育::きょういく:名詞 に::: は::: がっかり:::副詞 し:する::動詞 て::: しまう:::動詞 。:::
米	毎日::まいにち:名詞 米::まい:名詞 を::: 食べ:食べる:たべ:動詞 ます::: 。:::
邪魔	お::: 邪魔::じゃま:名詞 し:する::動詞 て::: すみません::: 。:::
国際	国際::こくさい:名詞 会議::かいぎ:名詞 に::: 出:出る:で:動詞 ます::: 。:::
隅	隅::すみ:名詞 の::: テーブル::てーぶる:名詞 を::: お願い::おねがい:名詞 でき:できる::動詞 ます::: か::: 。:::
伺う	いずれ:::副詞 改めて::あらためて:副詞 お::: 伺い:伺う:うかがい:動詞 いたし:いたす::動詞 ます::: 。:::
再来週	彼ら::かれら:名詞 は::: 再来週::さらいしゅう:名詞 に::: お::: 店::みせ:名詞 に::: 行き:行く:いき:動詞 ます::: 。:::
夢	私::わたし:名詞 の::: 夢::ゆめ:名詞 は::: 作家::さっか:名詞 に::: なる:::動詞 こと:::名詞 です::: 。:::
喉	喉::のど:名詞 が::: 痛い::いたい:形容詞 です::: 。:::
周り	自販機::じはんき:名詞 の::: 周り::まわり:名詞 に::: ごみ:::名詞 が::: 多い::おおい:形容詞 です::: 。:::
歴史	彼::かれ:名詞 は::: 私::わたし:名詞 達::たち:名詞 に::: 歴史::れきし:名詞 を::: 教え:教える:おしえ:動詞 て::: い:いる::動詞 ます::: 。:::
血	指::ゆび:名詞 から::: 血::ち:名詞 が::: 出:出る:で:動詞 まし:ます:: た::: 。:::
毛	猫::ねこ:名詞 の::: 毛::け:名詞 が::: 服::ふく:名詞 に::: つき:つく::動詞 まし:ます:: た::: 。:::
ひどい	ひどい:::形容詞 雨::あめ:名詞 の::: ため:::名詞 に::: 私::わたし:名詞 たち:::名詞 は::: 出発::しゅっぱつ:名詞 を::: 延ばさ:延ばす:のばさ:動詞 ね:ぬ:: ば::: なら:なる::動詞 なかっ:ない:: た::: 。:::
随分	それ:::名詞 は::: 随分::ずいぶん:副詞 昔::むかし:名詞 に::: 起き:起きる:おき:動詞 た::: こと:::名詞 です::: 。:::
やすい	ここ:::名詞 で::: は::: 天気::てんき:名詞 は::: 変わり:変わる:かわり:動詞 やすい:::形容詞 。:::
押し入れ	布団::ふとん:名詞 を::: 押し入れ::おしいれ:名詞 に::: しまい:しまう::動詞 ます::: 。:::
電灯	寝る::ねる:動詞 前::まえ:名詞 に::: 電灯::でんとう:名詞 を::: 消し:消す:けし:動詞 て::: ください:くださる::動詞 。:::
叱る	先生::せんせい:名詞 に::: 叱ら:叱る:しから:動詞 れ:れる::動詞 まし:ます:: た::: 。:::
サンダル	サンダル::さんだる:名詞 、::: 持っ:持つ:もっ:動詞 て::: くる:::動詞 の:::名詞 忘れ:忘れる:わすれ:動詞 ちゃっ:ちゃう::動詞 た::: 。:::
びっくりする	大きな::おおきな: 音::おと:名詞 に::: びっくり:::名詞 し:する::動詞 まし:ます:: た::: 。:::
うまい	この::: 店::みせ:名詞 の::: ラーメン::らーめん:名詞 は::: うまい:::形容詞 です::: 。:::
講堂	その::: 教師::きょうし:名詞 は::: 講堂::こうどう:名詞 に::: 学生::がくせい:名詞 を::: 集め:集める:あつめ:動詞 た::: 。:::
子	その::: 子::こ:名詞 の::: 肯定::こうてい:名詞 的::てき:名詞 な:だ:: 面::めん:名詞 を::: 見よ:見る:みよ:動詞 う::: 。:::
沸かす	お湯::おゆ:名詞 を::: 少し::すこし:副詞 沸かし:沸かす:わかし:動詞 て::: ください:くださる::動詞 。:::
レジ	レジ::れじ:名詞 で::: 会計::かいけい:名詞 を::: し:する::動詞 ます::: 。:::
空く	席::せき:名詞 が::: 空き:空く:あき:動詞 まし:ます:: た::: 。:::
計画	彼::かれ:名詞 は::: 計画::けいかく:名詞 を::: 実行::じっこう:名詞 し:する::動詞 た::: 。:::
通り	この::: 通り::とおり:名詞 、::: 好き::すき:名詞 な:だ:: ん:::名詞 だ::: 。:::
下着	下着::したぎ:名詞 を::: 洗濯::せんたく:名詞 し:する::動詞 ます::: 。:::
経済	アメリカ::あめりか:名詞 経済::けいざい:名詞 は::: 世界::せかい:名詞 最大::さいだい:名詞 です::: 。:::
こう	こう:::副詞 する:::動詞 より::: 仕方::しかた:名詞 が::: ない:::形容詞 の:::名詞 です::: 。:::
是非	是非::ぜひ:名詞 お話::おはなし:名詞 さ:する::動詞 せ:せる::動詞 て::: 頂き:頂く:いただき:動詞 たい::: と::: 思い:思う:おもい:動詞 ます::: 。:::
裏	家::いえ:名詞 の::: 裏::うら:名詞 に::: は::: 庭::にわ:名詞 が::: ある:::動詞 ん:::名詞 です::: 。:::
為	あなた:::名詞 の::: 為::ため:名詞 なら:だ:: 何でも::なんでも:副詞 し:する::動詞 ます::: 。:::
以外	日曜日::にちようび:名詞 以外::いがい:名詞 は::: 毎日::まいにち:名詞 働く::はたらく:動詞 。:::
済む	ポリオ::ぽりお:名詞 ワクチン::わくちん:名詞 は::: 済ん:済む:すん:動詞 で::: い:いる::動詞 ます::: 。:::
ハンバーグ	夕飯::ゆうはん:名詞 は::: ハンバーグ::はんばーぐ:名詞 を::: 作り:作る:つくり:動詞 ます::: 。:::
市	千葉::ちば:名詞 県::けん:名詞 の::: 県庁::けんちょう:名詞 所在地::しょざいち:名詞 は::: 千葉::ちば:名詞 市::し:名詞 です::: 。:::
遊び	子供::こども:名詞 の::: 遊び::あそび:名詞 を::: 見:見る:み:動詞 て::: い:いる::動詞 ます::: 。:::
支度	母::はは:名詞 は::: 夕食::ゆうしょく:名詞 の::: 支度::したく:名詞 を::: し:する::動詞 て::: い:いる::動詞 ます::: 。:::
見える	よく:::副詞 見え:見える:みえ:動詞 ます::: か::: 。:::
音	外::そと:名詞 で::: 大きな::おおきな: 音::おと:名詞 が::: し:する::動詞 まし:ます:: た::: 。:::
きっと	明日::あした:名詞 は::: きっと:::副詞 よい:::形容詞 天気::てんき:名詞 に::: なる:::動詞 。:::
まず	まず:::副詞 例文::れいぶん:名詞 を::: 見:見る:み:動詞 て::: み:みる::動詞 ましょ:ます:: う::: 。:::
遠く	私::わたし:名詞 の::: 家族::かぞく:名詞 は::: 遠く::とおく:名詞 に::: 住ん:住む:すん:動詞 で::: い:いる::動詞 ます::: 。:::
折れる	鉛筆::えんぴつ:名詞 の::: 先::さき:名詞 が::: 折れ:折れる:おれ:動詞 まし:ます:: た::: 。:::
輸入	私::わたし:名詞 たち:::名詞 は::: ブラジル::ぶらじる:名詞 から::: コーヒー::こーひー:名詞 を::: 輸入::ゆにゅう:名詞 し:する::動詞 て::: いる:::動詞 ん:::名詞 です::: 。:::
返事	手紙::てがみ:名詞 の::: 返事::へんじ:名詞 を::: お::: 忘れ::わすれ:名詞 なく:ない::形容詞 。:::
都	ヴェネツィア::*:名詞 は::: 水::みず:名詞 の::: 都::と:名詞 です::: 。:::
産業	この::: 町::まち:名詞 の::: 主::おも:名詞 な:だ:: 産業::さんぎょう:名詞 は::: 何::なに:名詞 です::: か::: 。:::
説明	説明::せつめい:名詞 下手::へた:名詞 で:だ:: ごめん::: ね::: 。:::
滑る	路面::ろめん:名詞 が::: 凍結::とうけつ:名詞 し:する::動詞 て::: 滑り:滑る:すべり:動詞 やすく:やすい::形容詞 なっ:なる::動詞 て::: い:いる::動詞 ます::: 。:::
それほど	あの::: 部屋::へや:名詞 は::: それほど:::副詞 広く:広い:ひろく:形容詞 ない::: よ::: 。:::
以上	最新::さいしん:名詞 の::: 出来事::できごと:名詞 は::: 以上::いじょう:名詞 です::: 。:::
まま	そのまま:::副詞 に::: し:する::動詞 て::: ください:くださる::動詞 。:::
特急	最近::さいきん:名詞 、::: 特急::とっきゅう:名詞 に::: 乗り:乗る:のり:動詞 まし:ます:: た::: か::: 。:::
プレゼント	誕生::たんじょう:名詞 日::び:名詞 の::: プレゼント::ぷれぜんと:名詞 を::: 買い:買う:かい:動詞 ます::: 。:::
帰り	出来れ:出来る:できれ:動詞 ば::: 明日::あした:名詞 まで::: に::: 帰り:帰る:かえり:動詞 ます::: 。:::
具合	体::からだ:名詞 の::: 具合::ぐあい:名詞 は::: どう:::副詞 です::: か::: 。:::
堅	会::かい:名詞 の::: 始まり::はじまり:名詞 や::: 初対面::しょたいめん:名詞 の::: 堅:堅い:かた:形容詞 さ:::名詞 を::: ほぐす:::動詞 。:::
スーツ	面接::めんせつ:名詞 に::: スーツ::すーつ:名詞 を::: 着:着る:き:動詞 ます::: 。:::
髪	彼女::かのじょ:名詞 は::: くし:::名詞 で::: 髪::かみ:名詞 を::: とかし:とかす::動詞 てる:::動詞 よ::: 。:::
彼女	彼女::かのじょ:名詞 は::: プログラマー::ぷろぐらまー:名詞 です::: 。:::
間	机::つくえ:名詞 と::: 壁::かべ:名詞 の::: 間::ま:名詞 に::: 本::ほん:名詞 が::: あり:ある::動詞 ます::: 。:::
卒業	私::わたし:名詞 は::: 来春::らいしゅん:名詞 大学::だいがく:名詞 を::: 卒業::そつぎょう:名詞 し:する::動詞 たい::: です::: 。:::
それで	それで::: 結構::けっこう:副詞 だ::: と::: 思い:思う:おもい:動詞 ます::: 。:::
専門	私::わたし:名詞 の::: 専門::せんもん:名詞 研究::けんきゅう:名詞 分野::ぶんや:名詞 は::: 社会::しゃかい:名詞 学::がく:名詞 です::: 。:::
あげる	彼女::かのじょ:名詞 は::: 彼::かれ:名詞 に::: プレゼント::ぷれぜんと:名詞 を::: あげ:あげる::動詞 た::: 。:::
騒ぐ	この::: 部屋::へや:名詞 で::: 騒い:騒ぐ:さわい:動詞 で::: は::: いけ:いける::動詞 ませ:ます:: ん::: 。:::
尋ねる	彼女::かのじょ:名詞 に::: 尋ねる::たずねる:動詞 勇気::ゆうき:名詞 が::: あり:ある::動詞 ます::: か::: 。:::
放送	今::いま:名詞 は::: 何::なに:名詞 を::: 放送::ほうそう:名詞 し:する::動詞 て::: い:いる::動詞 ます::: か::: 。:::
政治	政治::せいじ:名詞 の::: 話::はなし:名詞 は::: 難しい::むずかしい:形容詞 です::: 。:::
市民	姉::あね:名詞 は::: 市民::しみん:名詞 菜園::さいえん:名詞 で::: 過ごす::すごす:動詞 時間::じかん:名詞 が::: 多い::おおい:形容詞 です::: 。:::
ファックス	書類::しょるい:名詞 を::: ファックス::ふぁっくす:名詞 で::: 送り:送る:おくり:動詞 ます::: 。:::
負ける	試合::しあい:名詞 に::: 負け:負ける:まけ:動詞 まし:ます:: た::: 。:::
指輪	金::きん:名詞 より::: 銀::ぎん:名詞 の::: 指輪::ゆびわ:名詞 の::: 方::ほう:名詞 が::: 好き::すき:名詞 です::: 。:::
見つける	なくし:なくす::動詞 た::: 鍵::かぎ:名詞 を::: 見つけ:見つける:みつけ:動詞 まし:ます:: た::: 。:::
高校生	トム::とむ:名詞 は::: ごく:::副詞 普通::ふつう:名詞 の::: 高校生::こうこうせい:名詞 です::: 。:::
講義	あの::: 先生::せんせい:名詞 の::: 講義::こうぎ:名詞 は::: あくび:::名詞 が::: 出る::でる:動詞 。:::
そんなに	なぜ:::副詞 あなた:::名詞 は::: 今日::きょう:名詞 そんなに:::副詞 疲れ:疲れる:つかれ:動詞 て::: いる:::動詞 の:::名詞 です::: か::: 。:::
昼休み	昼休み::ひるやすみ:名詞 に::: 散歩::さんぽ:名詞 し:する::動詞 ます::: 。:::
忘れ物	御::ご: 忘れ物::わすれもの:名詞 なき:ない::形容詞 よう:::名詞 お願い::おねがい:名詞 し:する::動詞 ます::: 。:::
下りる	一行::いっこう:名詞 は::: 、::: 歩い:歩く:あるい:動詞 て::: その::: 山::やま:名詞 を::: 下り:下りる:おり:動詞 た::: 。:::
腕	腕::うで:名詞 が::: 痛い::いたい:形容詞 です::: 。:::
訳	この::: 訳::わけ:名詞 、::: 読み:読む:よみ:動詞 にくい:::形容詞 なぁ::: 。:::
承知	時間::じかん:名詞 が::: 遅い::おそい:形容詞 こと:::名詞 は::: 承知::しょうち:名詞 し:する::動詞 て::: い:いる::動詞 ます::: 。:::
日記	日記::にっき:名詞 を::: つける:::動詞 の:::名詞 は::: よい:::形容詞 習慣::しゅうかん:名詞 です::: 。:::
高校	兄::あに:名詞 は::: 高校::こうこう:名詞 の::: 先生::せんせい:名詞 です::: 。:::
似る	英語::えいご:名詞 と::: 中国::ちゅうごく:名詞 語::ご:名詞 は::: 語順::ごじゅん:名詞 が::: 似:似る:に:動詞 て::: ます::: 。:::
おわる	仕事::しごと:名詞 が::: おわり:おわる::動詞 まし:ます:: た::: 。:::
暖房	お::: 宅::たく:名詞 の::: 暖房::だんぼう:名詞 は::: どの::: よう:::名詞 に::: し:する::動詞 て::: い:いる::動詞 ます::: か::: 。:::
留守	留守::るす:名詞 中::ちゅう:名詞 に::: ウェスト::*:名詞 という::: 人::ひと:名詞 から::: 電話::でんわ:名詞 が::: あっ:ある::動詞 た::: よ::: 。:::
割合	熱帯::ねったい:名詞 雨林::うりん:名詞 は::: 一::いち:名詞 日::にち:名詞 数::すう:名詞 万::まん:名詞 ヘクタール::へくたーる:名詞 の::: 割合::わりあい:名詞 で:だ:: なく:ない:: なっ:なる::動詞 て::: いる:::動詞 。:::
寺	あれ:::名詞 は::: 彼ら::かれら:名詞 が::: 住ん:住む:すん:動詞 で::: いる:::動詞 寺::てら:名詞 です::: 。:::
普通	普通::ふつう:名詞 の::: 生活::せいかつ:名詞 を::: 送り:送る:おくり:動詞 たい::: だけ::: です::: 。:::
なるほど	なるほど::: 彼::かれ:名詞 は::: 若い::わかい:形容詞 が::: 、::: 用心深い::ようじんぶかい:形容詞 。:::
くださる	来:来る:き:動詞 て::: くださっ:くださる::動詞 て::: ありがとう::: ござい:ござる:: ます::: 。:::
お子さん	お子さん::おこさん:名詞 たち:::名詞 は::: お::: いくつ:::名詞 です::: か::: 。:::
笑う	ドラえもん::どらえもん:名詞 が::: よく:::副詞 にっこり:::副詞 笑い:笑う:わらい:動詞 ます::: 。:::
文学	彼::かれ:名詞 は::: 現代::げんだい:名詞 文学::ぶんがく:名詞 を::: 研究::けんきゅう:名詞 し:する::動詞 て::: い:いる::動詞 ます::: 。:::
光	窓::まど:名詞 から::: 光::ひかり:名詞 が::: 入り:入る:はいり:動詞 ます::: 。:::
席	禁煙::きんえん:名詞 席::せき:名詞 を::: お願い::おねがい:名詞 し:する::動詞 ます::: 。:::
様	田中::たなか:名詞 様::さま:名詞 は::: いらっしゃい:いらっしゃる::動詞 ます::: か::: 。:::
ご存じ	郵便::ゆうびん:名詞 局::きょく:名詞 は::: どこ:::名詞 か::: ご存じ::ごぞんじ:名詞 です::: か::: 。:::
下る	今日::きょう:名詞 も::: 氷点::ひょうてん:名詞 を::: 下っ:下る:くだっ:動詞 て::: おり:おる::動詞 ます::: 。:::
字	この::: 字::じ:名詞 は::: 、::: 解読::かいどく:名詞 不能::ふのう:名詞 です::: 。:::
アジア	日本::にっぽん:名詞 は::: アジア::あじあ:名詞 の::: 東部::とうぶ:名詞 に::: あり:ある::動詞 ます::: 。:::
褒める	褒め:褒める:ほめ:動詞 られ:られる::動詞 て::: 育つ::そだつ:動詞 タイプ::たいぷ:名詞 な:だ:: ん:::名詞 です::: 。:::
あ	あ::: 、::: 忘れ:忘れる:わすれ:動詞 て::: い:いる::動詞 まし:ます:: た::: 。:::
最も	フランス語::ふらんすご:名詞 は::: 最も::もっとも:副詞 美しい::うつくしい:形容詞 言語::げんご:名詞 だ::: と::: 思い:思う:おもい:動詞 ます::: 。:::
合う	私::わたし:名詞 の::: 口::くち:名詞 に::: は::: 合い:合う:あい:動詞 ませ:ます:: ん::: 。:::
代	毎月::まいつき:名詞 の::: ガス::がす:名詞 代::だい:名詞 は::: いくら:::名詞 です::: か::: 。:::
値段	なんで:::副詞 こんな::: 値段::ねだん:名詞 で::: 売っ:売る:うっ:動詞 て::: いる:::動詞 の:::名詞 か::: わから:わかる::動詞 ない::: 。:::
退院	彼::かれ:名詞 は::: もうすぐ:::副詞 退院::たいいん:名詞 する:::動詞 でしょ:です:: う::: 。:::
久しぶり	こんにちは::: 。::: お::: 久しぶり::ひさしぶり:名詞 です::: 。:::
カーテン	どんな::: 種類::しゅるい:名詞 の::: カーテン::かーてん:名詞 が::: その::: カーペット::かーぺっと:名詞 に::: 合う::あう:動詞 と::: 思い:思う:おもい:動詞 ます::: か::: 。:::
汽車	汽車::きしゃ:名詞 は::: バス::ばす:名詞 より::: ひんぱん:::名詞 に::: 来:来る:き:動詞 ます::: 。:::
遅れる	バス::ばす:名詞 が::: 遅れ:遅れる:おくれ:動詞 て::: いる:::動詞 ん:::名詞 だ::: 。:::
見つかる	私::わたし:名詞 の::: 荷物::にもつ:名詞 が::: 見つから:見つかる:みつから:動詞 ない::: ん:::名詞 です::: 。:::
召し上がる	何::なに:名詞 でも::: ご::: 自由::じゆう:名詞 に::: 召し上がっ:召し上がる:めしあがっ:動詞 て::: ください:くださる::動詞 。:::
太る	最近::さいきん:名詞 少し::すこし:副詞 太り:太る:ふとり:動詞 まし:ます:: た::: 。:::
注射	痛み::いたみ:名詞 止め::とめ:名詞 の::: 注射::ちゅうしゃ:名詞 を::: し:する::動詞 ます::: 。:::
おき	二::に:名詞 日::にち:名詞 おき:::名詞 に::: 運動::うんどう:名詞 し:する::動詞 ます::: 。:::
安心	それ:::名詞 聞い:聞く:きい:動詞 て::: 安心::あんしん:名詞 し:する::動詞 た::: よ::: 。:::
直る	悪い::わるい:形容詞 クセ::くせ:名詞 は::: なかなか:::副詞 直ら:直る:なおら:動詞 ない::: 。:::
先輩	トム::とむ:名詞 は::: 高校::こうこう:名詞 の::: 先輩::せんぱい:名詞 です::: 。:::
約束	トム::とむ:名詞 は::: 約束::やくそく:名詞 を::: 守ら:守る:まもら:動詞 ない::: こと:::名詞 が::: 多い::おおい:形容詞 。:::
世話	私::わたし:名詞 に::: 職::しょく:名詞 の::: 世話::せわ:名詞 を::: し:する::動詞 て::: くれ:くれる::動詞 ます::: か::: 。:::
近所	トム::とむ:名詞 は::: メアリー::めありー:名詞 の::: ご::: 近所::きんじょ:名詞 さん:::名詞 です::: 。:::
将来	将来::しょうらい:名詞 、::: 彼::かれ:名詞 は::: 何::なに:名詞 に::: なり:なる::動詞 たい::: です::: か::: 。:::
億	実::み:名詞 の::: ところ:::名詞 、::: 彼::かれ:名詞 は::: 億::おく:名詞 万::まん:名詞 長者::ちょうじゃ:名詞 です::: 。:::
数学	数学::すうがく:名詞 は::: 独自::どくじ:名詞 の::: 言語::げんご:名詞 だ::: 。:::
文化	異::い: 文化::ぶんか:名詞 交流::こうりゅう:名詞 は::: 大切::たいせつ:名詞 だ::: と::: 思い:思う:おもい:動詞 ます::: 。:::
払う	今日::きょう:名詞 は::: 、::: 私::わたし:名詞 が::: 払う::はらう:動詞 わ::: 。:::
習慣	煙草::たばこ:名詞 を::: 吸う::すう:動詞 習慣::しゅうかん:名詞 は::: 悪い::わるい:形容詞 習慣::しゅうかん:名詞 です::: 。:::
焼ける	パン::ぱん:名詞 が::: 焼け:焼ける:やけ:動詞 まし:ます:: た::: 。:::
君	君::きみ:名詞 が::: くる:::動詞 と::: は::: 思わ:思う:おもわ:動詞 なかっ:ない:: た::: 。:::
冷える	今日::きょう:名詞 は::: ずいぶん:::副詞 冷える::ひえる:動詞 のに::: 。:::
点く	テレビ::てれび:名詞 を::: 点け:点く:つけ:動詞 て::: も::: いい:::形容詞 です::: か::: 。:::
この間	この間::このかん:名詞 彼::かれ:名詞 を::: よく:::副詞 見かけ:見かける:みかけ:動詞 て::: い:いる::動詞 ます::: 。:::
格好	こんな::: 格好::かっこう:名詞 でし:です:: つれ:つ:: い:いる::動詞 し:する::動詞 ます::: 。:::
落す	しおり:しおる::動詞 、::: 落さ:落す:おとさ:動詞 れ:れる::動詞 まし:ます:: た::: よ::: 。:::
出発	出発::しゅっぱつ:名詞 する:::動詞 前::まえ:名詞 に::: 私::わたし:名詞 に::: 電話::でんわ:名詞 する:::動詞 よう:::名詞 、::: 彼ら::かれら:名詞 に::: 伝え:伝える:つたえ:動詞 て::: ください:くださる::動詞 。:::
拝見	パスポート::ぱすぽーと:名詞 を::: 拝見::はいけん:名詞 でき:できる::動詞 ます::: か::: 。:::
割れる	ガラス::がらす:名詞 は::: 割れ:割れる:われ:動詞 やすい:::形容詞 です::: 。:::
背中	背中::せなか:名詞 が::: 少し::すこし:副詞 痛い::いたい:形容詞 ん:::名詞 です::: 。:::
いじめる	弱い::よわい:形容詞 者::もの:名詞 を::: いじめ:いじめる::動詞 て::: は::: いけ:いける::動詞 ませ:ます:: ん::: 。:::
おっしゃる	お::: 名前::なまえ:名詞 は::: 何と::なんと:副詞 おっしゃい:おっしゃる::動詞 ます::: か::: 。:::
眠い	授業::じゅぎょう:名詞 中::ちゅう:名詞 に::: 眠く:眠い:ねむく:形容詞 なり:なる::動詞 まし:ます:: た::: 。:::
濡れる	雨::あめ:名詞 で::: 服::ふく:名詞 が::: 濡れ:濡れる:ぬれ:動詞 まし:ます:: た::: 。:::
倒れる	トム::とむ:名詞 は::: 過労::かろう:名詞 で::: 倒れ:倒れる:たおれ:動詞 た::: 。:::
アクセサリー	彼女::かのじょ:名詞 は::: 服::ふく:名詞 に::: アクセサリー::あくせさりー:名詞 を::: 付け:付ける:つけ:動詞 て::: いる:::動詞 。:::
考える	教師::きょうし:名詞 に::: 戻ろ:戻る:もどろ:動詞 う::: か::: と::: 考え:考える:かんがえ:動詞 て::: いる:::動詞 。:::
向かう	駅::えき:名詞 に::: 向かっ:向かう:むかっ:動詞 て::: 歩き:歩く:あるき:動詞 ます::: 。:::
仕方	私::わたし:名詞 は::: スキー::すきー:名詞 の::: 仕方::しかた:名詞 を::: 知っ:知る:しっ:動詞 て::: い:いる::動詞 ます::: 。:::
首	首::くび:名詞 が::: 痛い::いたい:形容詞 です::: 。:::
程	この::: 問題::もんだい:名詞 は::: 私::わたし:名詞 に::: 解ける::とける:動詞 程::ほど:名詞 やさしい:::形容詞 。:::
代わり	コーヒー::こーひー:名詞 の::: お::: 代わり::かわり:名詞 は::: いい:::形容詞 です::: か::: 。:::
失敗	君::きみ:名詞 が::: 失敗::しっぱい:名詞 し:する::動詞 た::: の:::名詞 は::: 努力::どりょく:名詞 が::: 足り:足りる:たり:動詞 なかっ:ない:: た::: から::: だ::: 。:::
工業	その::: 国::くに:名詞 は::: 急速::きゅうそく:名詞 に::: 工業::こうぎょう:名詞 化::か:名詞 さ:する::動詞 れ:れる::動詞 た::: 。:::
移る	開発::かいはつ:名詞 チーム::ちーむ:名詞 は::: すでに:::副詞 別::べつ:名詞 の::: プロジェクト::ぷろじぇくと:名詞 に::: 移っ:移る:うつっ:動詞 て::: ます::: 。:::
スーツケース	スーツケース::すーつけーす:名詞 、::: お::: 持ち:持つ:もち:動詞 し:する::動詞 ます::: 。:::
紹介	私::わたし:名詞 の::: 友人::ゆうじん:名詞 の::: 山田::やまだ:名詞 君::くん:名詞 を::: 紹介::しょうかい:名詞 し:する::動詞 ます::: 。:::
けれど	彼女::かのじょ:名詞 は::: 貧しい::まずしい:形容詞 けれど::: 幸福::こうふく:名詞 です::: 。:::
舟	あなた:::名詞 は::: ノア::のあ:名詞 の::: 箱::はこ:名詞 舟::ふね:名詞 を::: 知っ:知る:しっ:動詞 て::: い:いる::動詞 ます::: か::: 。:::
動く	この::: エンジン::えんじん:名詞 は::: 動く::うごく:動詞 の:::名詞 です::: か::: 。:::
コンサート	トム::とむ:名詞 は::: 今日::きょう:名詞 の::: 夕方::ゆうがた:名詞 コンサート::こんさーと:名詞 に::: 行き:行く:いき:動詞 ます::: 。:::
虫	彼女::かのじょ:名詞 は::: いわゆる::: 本::ほん:名詞 の::: 虫::むし:名詞 です::: 。:::
コンピュータ	これ:::名詞 は::: 私::わたし:名詞 の::: コンピュータ::こんぴゅーた:名詞 です::: 。:::
植える	庭::にわ:名詞 に::: グズベリー::*:名詞 を::: 植え:植える:うえ:動詞 て::: い:いる::動詞 ます::: 。:::
両方	両方::りょうほう:名詞 とも::: 、::: 日本語::にほんご:名詞 が::: 分かり:分かる:わかり:動詞 ます::: か::: 。:::
汚れる	洗面::せんめん:名詞 所::しょ:名詞 の::: タオル::たおる:名詞 が::: 汚れ:汚れる:よごれ:動詞 て::: い:いる::動詞 ます::: 。:::
水泳	水泳::すいえい:名詞 が::: 一番::いちばん:名詞 好き::すき:名詞 な:だ:: スポーツ::すぽーつ:名詞 な:だ:: ん:::名詞 だ::: 。:::
経験	彼::かれ:名詞 に::: は::: 農業::のうぎょう:名詞 の::: 経験::けいけん:名詞 が::: あり:ある::動詞 ます::: か::: 。:::
勝つ	どの::: チーム::ちーむ:名詞 が::: 勝つ::かつ:動詞 だろ:だ:: う::: か::: 。:::
警察	警察::けいさつ:名詞 は::: 私::わたし:名詞 が::: 車::くるま:名詞 を::: 移動::いどう:名詞 する:::動詞 よう:::名詞 に::: 求め:求める:もとめ:動詞 た::: 。:::
取り替える	この::: 品物::しなもの:名詞 を::: 取り替え:取り替える:とりかえ:動詞 て::: もらえ:もらえる::動詞 ます::: か::: 。:::
急ぐ	急げ:急ぐ:いそげ:動詞 ば::: 何とか::なんとか:副詞 間に合う::まにあう:動詞 と::: 思い:思う:おもい:動詞 ます::: 。:::
参る	あなた:::名詞 と::: いっしょ:::名詞 に::: 参り:参る:まいり:動詞 ます::: 。:::
復習	試験::しけん:名詞 に::: 備え:備える:そなえ:動詞 て::: 歴史::れきし:名詞 を::: 復習::ふくしゅう:名詞 し:する::動詞 なさい:なさる::動詞 。:::
間に合う	彼::かれ:名詞 は::: 列車::れっしゃ:名詞 に::: 間に合う::まにあう:動詞 でしょ:です:: う::: か::: 。:::
役に立つ	この::: 文::ぶん:名詞 は::: 、::: 語学::ごがく:名詞 学習::がくしゅう:名詞 者::しゃ:名詞 に::: は::: 役に立た:役に立つ:やくにたた:動詞 ない::: よ::: 。:::
もうすぐ	もうすぐ:::副詞 晴れ:晴れる:はれ:動詞 て::: き:くる::動詞 そう:::名詞 だ::: よ::: 。:::
真中	バス::ばす:名詞 は::: 通り::とおり:名詞 の::: 真中::まんなか:名詞 で::: 急停車::きゅうていしゃ:名詞 し:する::動詞 た::: 。:::
研究	これ:::名詞 は::: 私::わたし:名詞 たち:::名詞 の::: 研究::けんきゅう:名詞 の::: 成果::せいか:名詞 です::: 。:::
ケーキ	母::はは:名詞 が::: ケーキ::けーき:名詞 を::: 作っ:作る:つくっ:動詞 て::: い:いる::動詞 ます::: 。:::
草	雨::あめ:名詞 が::: 降る::ふる:動詞 と::: 、::: 草::くさ:名詞 の::: 香り::かおり:名詞 が::: し:する::動詞 ます::: 。:::
込む	今晩::こんばん:名詞 は::: 列車::れっしゃ:名詞 が::: とても:::副詞 込ん:込む:こん:動詞 で::: いる:::動詞 。:::
下げる	もう少し::もうすこし:副詞 音::おと:名詞 を::: 下げ:下げる:さげ:動詞 て::: くれ:くれる::動詞 ます::: か::: 。:::
花見	私::わたし:名詞 は::: 花見::はなみ:名詞 に::: 行き:行く:いき:動詞 たい::: です::: 。:::
入院	入院::にゅういん:名詞 する:::動詞 必要::ひつよう:名詞 が::: あり:ある::動詞 ます::: か::: 。:::
乗り換える	新宿::しんじゅく:名詞 へ::: 行く::いく:動詞 に::: は::: どこ:::名詞 で::: 乗り換え:乗り換える:のりかえ:動詞 です::: か::: 。:::
別れる	駅::えき:名詞 で::: 友達::ともだち:名詞 と::: 別れ:別れる:わかれ:動詞 まし:ます:: た::: 。:::
見物	来年::らいねん:名詞 パリ::ぱり:名詞 見物::けんぶつ:名詞 を::: する:::動詞 つもり:::名詞 です::: 。:::
相談	先生::せんせい:名詞 に::: 相談::そうだん:名詞 し:する::動詞 ます::: 。:::
ガソリンスタンド	兄::あに:名詞 は::: ガソリンスタンド::がそりんすたんど:名詞 で::: 働い:働く:はたらい:動詞 て::: い:いる::動詞 ます::: 。:::
テニス	毎週::まいしゅう:名詞 月曜日::げつようび:名詞 は::: テニス::てにす:名詞 を::: し:する::動詞 ます::: 。:::
眠る	私::わたし:名詞 は::: 眠ら:眠る:ねむら:動詞 なけれ:ない:: ば::: なり:なる::動詞 ませ:ます:: ん::: 。:::
上がる	原油::げんゆ:名詞 価格::かかく:名詞 は::: 上がり:上がる:あがり:動詞 続け:続ける:つづけ:動詞 て::: い:いる::動詞 ます::: 。:::
翻訳	この::: テキスト::てきすと:名詞 を::: 日本語::にほんご:名詞 から::: フランス語::ふらんすご:名詞 に::: 翻訳::ほんやく:名詞 し:する::動詞 て::: ください:くださる::動詞 。:::
お陰	私::わたし:名詞 が::: 今::いま:名詞 ある:::動詞 の:::名詞 は::: 両親::りょうしん:名詞 の::: お陰::おかげ:名詞 です::: 。:::
湯	お湯::おゆ:名詞 を::: 沸かし:沸かす:わかし:動詞 ます::: 。:::
競争	国内::こくない:名詞 市場::しじょう:名詞 の::: 競争::きょうそう:名詞 は::: すさまじい:::形容詞 もの:::名詞 です::: 。:::
会議	会議::かいぎ:名詞 は::: ここ:::名詞 で::: 開か:開く:ひらか:動詞 れ:れる::動詞 た::: 。:::
集まる	私::わたし:名詞 たち:::名詞 は::: 年::とし:名詞 に::: 一度::いちど:副詞 集まり:集まる:あつまり:動詞 ます::: 。:::
にくい	ギリシャ::ぎりしゃ:名詞 語::ご:名詞 は::: 覚え:覚える:おぼえ:動詞 にくい:::形容詞 。:::
生活	小額::しょうがく:名詞 の::: 年金::ねんきん:名詞 で::: 生活::せいかつ:名詞 する:::動詞 の:::名詞 は::: 彼::かれ:名詞 に::: は::: 困難::こんなん:名詞 で:だ:: あっ:ある:: た::: 。:::
糸	赤い::あかい:形容詞 糸::いと:名詞 と::: 白い::しろい:形容詞 糸::いと:名詞 、::: どっち:::名詞 が::: いい:::形容詞 です::: か::: 。:::
関係	父::ちち:名詞 は::: 鉄道::てつどう:名詞 関係::かんけい:名詞 の::: 仕事::しごと:名詞 を::: し:する::動詞 て::: い:いる::動詞 ます::: 。:::
ピアノ	トム::とむ:名詞 は::: 毎日::まいにち:名詞 ピアノ::ぴあの:名詞 を::: 練習::れんしゅう:名詞 する:::動詞 よ::: 。:::
番組	今夜::こんや:名詞 は::: どんな::: 番組::ばんぐみ:名詞 が::: あり:ある::動詞 ます::: か::: 。:::
急	川幅::かわはば:名詞 は::: この::: 地点::ちてん:名詞 で::: 急::きゅう:名詞 に::: 狭まっ:狭まる:せばまっ:動詞 て::: い:いる::動詞 ます::: 。:::
棚	使っ:使う:つかっ:動詞 て::: い:いる::動詞 ない::: 整理::せいり:名詞 棚::たな:名詞 は::: あり:ある::動詞 ます::: か::: 。:::
木綿	この::: ブラウス::ぶらうす:名詞 は::: 木綿::もめん:名詞 製::せい:名詞 です::: 。:::
輸出	ドル::どる:名詞 安::やす:名詞 は::: 輸出::ゆしゅつ:名詞 に::: はずみ:::名詞 を::: つけ:つける::動詞 て::: い:いる::動詞 ます::: 。:::
タイプ	あなた:::名詞 は::: 私::わたし:名詞 の::: 好み::このみ:名詞 の::: タイプ::たいぷ:名詞 です::: 。:::
すり	電車::でんしゃ:名詞 で::: すり:::名詞 に::: 気::き:名詞 を::: つけ:つける::動詞 て::: ください:くださる::動詞 。:::
アルコール	ワイン::わいん:名詞 は::: アルコール::あるこーる:名詞 飲料::いんりょう:名詞 です::: 。:::
ソフト	この::: ソフト::そふと:名詞 は::: フリー::ふりー:名詞 です::: 。:::
神社	本日::ほんじつ:名詞 まず:::副詞 最初::さいしょ:名詞 に::: 訪れる::おとずれる:動詞 の:::名詞 は::: 、::: この::: 町::まち:名詞 で::: 一番::いちばん:名詞 大きい::おおきい:形容詞 神社::じんじゃ:名詞 です::: 。:::
大分	大分::おおいた:名詞 寒く:寒い:さむく:形容詞 なり:なる::動詞 まし:ます:: た::: 。:::
楽しみ	お::: 手紙::てがみ:名詞 を::: 楽しみ::たのしみ:名詞 に::: 待っ:待つ:まっ:動詞 て::: い:いる::動詞 ます::: 。:::
趣味	水泳::すいえい:名詞 は::: 私::わたし:名詞 の::: 趣味::しゅみ:名詞 です::: 。:::
電報	彼女::かのじょ:名詞 は::: すぐ:::副詞 いく:::動詞 と::: 電報::でんぽう:名詞 を::: 打っ:打つ:うっ:動詞 た::: 。:::
家内	私::わたし:名詞 の::: 家内::かない:名詞 は::: 医者::いしゃ:名詞 です::: 。:::
指	指::ゆび:名詞 を::: 切り:切る:きり:動詞 まし:ます:: た::: 。:::
これから	これから:::副詞 も::: 連絡::れんらく:名詞 を::: 取り合い:取り合う:とりあい:動詞 ましょ:ます:: う::: ね::: 。:::
たまに	たまに:::副詞 彼女::かのじょ:名詞 は::: 学校::がっこう:名詞 に::: 遅刻::ちこく:名詞 し:する::動詞 ます::: 。:::
社会	モルモット::もるもっと:名詞 は::: 社会::しゃかい:名詞 的::てき:名詞 動物::どうぶつ:名詞 で:だ:: ある::: 。:::
作法	彼::かれ:名詞 は::: 全く::まったく:副詞 作法::さほう:名詞 を::: 心得:心得る:こころえ:動詞 て::: い:いる::動詞 ない::: 。:::
冷ます	ちょっと:::副詞 冷まし:冷ます:さまし:動詞 て::: 、::: 熱い::あつい:形容詞 うち:::名詞 は::: 食べ:食べる:たべ:動詞 ない::: よう:::名詞 に::: 。:::
覚ます	大きな::おおきな: 音::おと:名詞 で::: 目::め:名詞 を::: 覚まし:覚ます:さまし:動詞 まし:ます:: た::: 。:::
冷める	料理::りょうり:名詞 が::: 冷め:冷める:さめ:動詞 て::: しまっ:しまう::動詞 て::: い:いる::動詞 ます::: 。:::
覚める	目::め:名詞 が::: 覚め:覚める:さめ:動詞 たら:た:: 雪::ゆき:名詞 が::: 降っ:降る:ふっ:動詞 て::: い:いる::動詞 た::: 。:::
左右	ぶどう酒::ぶどうしゅ:名詞 の::: 味::あじ:名詞 は::: 天候::てんこう:名詞 に::: 大きく:大きい:おおきく:形容詞 左右::さゆう:名詞 さ:する::動詞 れる:::動詞 ん:::名詞 です::: 。:::
皿	皿::さら:名詞 を::: 洗い:洗う:あらい:動詞 ます::: 。:::
更に	更に::さらに:副詞 質問::しつもん:名詞 が::: あり:ある::動詞 ます::: か::: 。:::
去る	私::わたし:名詞 たち:::名詞 は::: 、::: この::: 国::くに:名詞 を::: 永遠::えいえん:名詞 に::: 去り:去る:さり:動詞 ます::: 。:::
猿	山::やま:名詞 で::: 猿::さる:名詞 を::: 見:見る:み:動詞 まし:ます:: た::: 。:::
騒ぎ	外::そと:名詞 で::: 騒ぎ::さわぎ:名詞 が::: あり:ある::動詞 まし:ます:: た::: 。:::
参加	その::: パーティー::ぱーてぃー:名詞 に::: 参加::さんか:名詞 する:::動詞 に::: は::: 忙し:忙しい:いそがし:形容詞 すぎる:::動詞 。:::
参考	どの::: 辞書::じしょ:名詞 を::: 参考::さんこう:名詞 に::: し:する::動詞 た::: ん:::名詞 です::: か::: 。:::
賛成	あなた:::名詞 の::: ご::: 意見::いけん:名詞 に::: 全く::まったく:副詞 賛成::さんせい:名詞 です::: 。:::
酸性	海::うみ:名詞 は::: 酸性::さんせい:名詞 に::: なっ:なる::動詞 て::: いっ:いく::動詞 て::: いる:::動詞 。:::
酸素	燃焼::ねんしょう:名詞 に::: は::: 酸素::さんそ:名詞 が::: 必要::ひつよう:名詞 です::: 。:::
氏	シュミット::しゅみっと:名詞 氏::し:名詞 は::: ご::: 在宅::ざいたく:名詞 です::: か::: 。:::
詩	その::: 詩::し:名詞 は::: みな:::名詞 が::: よく:::副詞 知っ:知る:しっ:動詞 て::: いる:::動詞 。:::
幸せ	いつも:::副詞 にこにこ:::名詞 し:する::動詞 てる:::動詞 から::: 、::: 彼女::かのじょ:名詞 は::: 幸せ::しあわせ:名詞 みたい:::名詞 です::: 。:::
ジーンズ	私::わたし:名詞 に::: 合う::あう:動詞 サイズ::さいず:名詞 の::: ジーンズ::じーんず:名詞 は::: あり:ある::動詞 ます::: か::: 。:::
ジェット機	彼女::かのじょ:名詞 の::: 息子::むすこ:名詞 は::: ジェット機::じぇっとき:名詞 の::: パイロット::ぱいろっと:名詞 です::: 。:::
直に	直に::じかに:副詞 話し:話す:はなし:動詞 ましょ:ます:: う::: 。:::
しかも	それ:::名詞 は::: 品質::ひんしつ:名詞 が::: よく:よい::形容詞 、::: しかも::: 安い::やすい:形容詞 。:::
四季	私::わたし:名詞 は::: 四季::しき:名詞 の::: 中::なか:名詞 で::: 夏::なつ:名詞 が::: 一番::いちばん:名詞 好き::すき:名詞 だ::: 。:::
直	直に::じかに:副詞 伺い:伺う:うかがい:動詞 ます::: 。:::
支給	この::: 学校::がっこう:名詞 は::: 、::: 生徒::せいと:名詞 に::: 教科書::きょうかしょ:名詞 を::: 支給::しきゅう:名詞 し:する::動詞 ます::: 。:::
至急	至急::しきゅう:副詞 話し:話す:はなし:動詞 たい::: こと:::名詞 が::: ある:::動詞 の:::名詞 です::: 。:::
しきりに	彼女::かのじょ:名詞 は::: しきりに:::副詞 オーストラリア::おーすとらりあ:名詞 で::: 暮らし:暮らす:くらし:動詞 た:たい:: がっ:がる::動詞 て::: い:いる::動詞 ます::: 。:::
刺激	刺激::しげき:名詞 的::てき:名詞 な:だ:: 新刊::しんかん:名詞 書::しょ:名詞 が::: 注目::ちゅうもく:名詞 を::: ひく:::動詞 。:::
資源	最近::さいきん:名詞 アフガニスタン::あふがにすたん:名詞 で::: は::: 、::: 豊富::ほうふ:名詞 な:だ:: 鉱物::こうぶつ:名詞 資源::しげん:名詞 が::: 発見::はっけん:名詞 さ:する::動詞 れ:れる::動詞 た::: 。:::
事件	ここ:::名詞 が::: あの::: 事件::じけん:名詞 の::: 起こっ:起こる:おこっ:動詞 た::: 場所::ばしょ:名詞 です::: 。:::
時刻	ロサンゼルス::ろさんぜるす:名詞 到着::とうちゃく:名詞 時刻::じこく:名詞 は::: 何::なん:名詞 時::じ:名詞 です::: か::: 。:::
自殺	自殺::じさつ:名詞 を::: 防ぐ::ふせぐ:動詞 相談::そうだん:名詞 窓口::まどぐち:名詞 が::: あり:ある::動詞 ます::: 。:::
事実	その::: 件::けん:名詞 が::: 事実::じじつ:名詞 で:だ:: ある::: と::: 承認::しょうにん:名詞 し:する::動詞 ます::: 。:::
支出	毎月::まいつき:名詞 の::: 支出::ししゅつ:名詞 を::: 減らす::へらす:動詞 必要::ひつよう:名詞 が::: あり:ある::動詞 ます::: 。:::
事情	事情::じじょう:名詞 は::: この::: 通り::とおり:名詞 です::: 。:::
詩人	あれ:::名詞 が::: パリ::ぱり:名詞 で::: 会っ:会う:あっ:動詞 た::: 詩人::しじん:名詞 です::: 。:::
自身	物事::ものごと:名詞 は::: 、::: ありのまま:::副詞 見る::みる:動詞 の:::名詞 で:だ:: は::: なく:ない:: 、::: 自分::じぶん:名詞 自身::じしん:名詞 を::: そこ:::名詞 に::: 見る::みる:動詞 。:::
沈む	冬::ふゆ:名詞 に::: は::: 早く:早い:はやく:形容詞 日::ひ:名詞 が::: 沈み:沈む:しずみ:動詞 ます::: 。:::
思想	祖父::そふ:名詞 は::: 今::いま:名詞 でも::: 新::しん: 思想::しそう:名詞 を::: 吸収::きゅうしゅう:名詞 しよ:する::動詞 う::: と::: 努力::どりょく:名詞 し:する::動詞 て::: い:いる::動詞 ます::: 。:::
舌	舌::した:名詞 の::: 横::よこ:名詞 側::がわ:名詞 が::: 痛い::いたい:形容詞 ん:::名詞 です::: 。:::
次第	それ:::名詞 は::: まったく:::副詞 あなた:::名詞 次第::しだい:名詞 です::: 。:::
従う	私::わたし:名詞 は::: 指示::しじ:名詞 に::: 従っ:従う:したがっ:動詞 て::: いる:::動詞 だけ::: です::: 。:::
したがって	したがって::: 生産::せいさん:名詞 費::ひ:名詞 を::: 削る::けずる:動詞 必要::ひつよう:名詞 が::: ある:::動詞 。:::
親しい	私::わたし:名詞 は::: 彼::かれ:名詞 と::: 親しく:親しい:したしく:形容詞 なっ:なる::動詞 た::: 。:::
質	この::: 店::みせ:名詞 は::: 質::しつ:名詞 が::: いい:::形容詞 です::: 。:::
失業	トム::とむ:名詞 は::: まだ:::副詞 失業::しつぎょう:名詞 中::ちゅう:名詞 だ::: と::: 思い:思う:おもい:動詞 ます::: 。:::
実験	それ:::名詞 は::: まだ:::副詞 実験::じっけん:名詞 段階::だんかい:名詞 に::: あり:ある::動詞 ます::: 。:::
実現	あの::: アイデア::あいであ:名詞 は::: 実現::じつげん:名詞 し:する::動詞 そう:::名詞 です::: か::: 。:::
実行	彼::かれ:名詞 は::: 実行::じっこう:名詞 力::りょく:名詞 の::: ある:::動詞 人::ひと:名詞 です::: 。:::
実際	君::きみ:名詞 は::: 実際::じっさい:副詞 に::: 事故::じこ:名詞 を::: 見:見る:み:動詞 た::: の:::名詞 です::: か::: 。:::
実施	私::わたし:名詞 は::: この::: 計画::けいかく:名詞 を::: 実施::じっし:名詞 する:::動詞 つもり:::名詞 です::: 。:::
湿度	湿度::しつど:名詞 が::: すごく:すごい::形容詞 高い::たかい:形容詞 です::: ね::: 。:::
じっと	その::: 男::おとこ:名詞 は::: じっと:::副詞 横たわっ:横たわる:よこたわっ:動詞 て::: い:いる::動詞 た::: 。:::
実に	この::: 山::やま:名詞 の::: 生活::せいかつ:名詞 は::: 実に::じつに:副詞 快適::かいてき:名詞 です::: 。:::
失望	今回::こんかい:名詞 は::: 信じ:信じる:しんじ:動詞 て:てる::動詞 た::: のに::: 完全::かんぜん:名詞 に::: 失望::しつぼう:名詞 し:する::動詞 た::: よ::: 。:::
実力	彼::かれ:名詞 は::: どう:::副詞 見:見る:み:動詞 て::: も::: 実力::じつりょく:名詞 者::しゃ:名詞 だっ:だ:: た::: 。:::
指導	新しい::あたらしい:形容詞 指導::しどう:名詞 者::しゃ:名詞 は::: どんな::: 人::ひと:名詞 です::: か::: 。:::
自動	自動::じどう:名詞 販売::はんばい:名詞 機::き:名詞 は::: あそこ:::名詞 に::: あり:ある::動詞 ます::: 。:::
児童	図書館::としょかん:名詞 に::: は::: たくさん:::名詞 の::: 児童::じどう:名詞 書::しょ:名詞 が::: ある:::動詞 。:::
品	食料::しょくりょう:名詞 品::ひん:名詞 の::: 買い出し::かいだし:名詞 に::: 行か:行く:いか:動詞 なく:ない:: ちゃ::: 。:::
支配	ナンシー::なんしー:名詞 は::: 夫::おっと:名詞 を::: 支配::しはい:名詞 し:する::動詞 て::: いる:::動詞 。:::
芝居	今::いま:名詞 、::: 人気::にんき:名詞 の::: ある:::動詞 芝居::しばい:名詞 は::: 何::なに:名詞 です::: か::: 。:::
しばしば	トム::とむ:名詞 は::: しばしば:::副詞 物::もの:名詞 を::: 覚える::おぼえる:動詞 の:::名詞 に::: 苦労::くろう:名詞 する:::動詞 。:::
芝生	子供::こども:名詞 たち:::名詞 が::: 芝生::しばふ:名詞 で::: 遊ん:遊ぶ:あそん:動詞 で::: い:いる::動詞 ます::: 。:::
支払	どの::: よう:::名詞 な:だ:: 支払::しはらい:名詞 方法::ほうほう:名詞 が::: あり:ある::動詞 ます::: か::: 。:::
支払う	クレジットカード::くれじっとかーど:名詞 で::: 支払い:支払う:しはらい:動詞 ます::: 。:::
死亡	事故::じこ:名詞 の::: 死亡::しぼう:名詞 者::しゃ:名詞 は::: い:いる::動詞 ませ:ます:: ん::: でし:です:: た::: 。:::
資本	この::: 計画::けいかく:名詞 の::: 資本::しほん:名詞 金::きん:名詞 が::: 用意::ようい:名詞 さ:する::動詞 れ:れる::動詞 た::: 。:::
姉妹	神戸::こうべ:名詞 は::: シアトル::しあとる:名詞 の::: 姉妹::しまい:名詞 都市::とし:名詞 です::: 。:::
自慢	あなた:::名詞 は::: 私::わたし:名詞 の::: 自慢::じまん:名詞 の::: 宝物::ほうもつ:名詞 です::: 。:::
示す	別::べつ:名詞 の::: 例::れい:名詞 を::: 示し:示す:しめし:動詞 なさい:なさる::動詞 。:::
湿る	雨::あめ:名詞 で::: 服::ふく:名詞 が::: 湿り:湿る:しめり:動詞 まし:ます:: た::: 。:::
霜	道路::どうろ:名詞 に::: 霜::しも:名詞 が::: 降り:降りる:おり:動詞 て::: い:いる::動詞 ます::: 。:::
借金	出来る::できる:動詞 だけ::: 早く:早い:はやく:形容詞 借金::しゃっきん:名詞 は::: 返済::へんさい:名詞 し:する::動詞 ます::: 。:::
しゃべる	フランス語::ふらんすご:名詞 も::: しゃべり:しゃべる::動詞 ます::: か::: 。:::
週	日曜日::にちようび:名詞 は::: 週::しゅう:名詞 の::: 始まり::はじまり:名詞 の::: 日::ひ:名詞 です::: 。:::
州	マイアミ::まいあみ:名詞 は::: フロリダ::ふろりだ:名詞 州::しゅう:名詞 最大::さいだい:名詞 の::: 都市::とし:名詞 です::: 。:::
銃	銃::じゅう:名詞 の::: 所持::しょじ:名詞 は::: 禁止::きんし:名詞 さ:する::動詞 れ:れる::動詞 て::: い:いる::動詞 ます::: 。:::
周囲	君::きみ:名詞 は::: 周囲::しゅうい:名詞 の::: 人::ひと:名詞 に::: 無::む: 関心::かんしん:名詞 すぎる:::動詞 よ::: 。:::
収穫	その::: 畑::はたけ:名詞 から::: は::: よい:::形容詞 収穫::しゅうかく:名詞 が::: あっ:ある::動詞 た::: 。:::
宗教	仏教::ぶっきょう:名詞 は::: インド::いんど:名詞 由来::ゆらい:名詞 の::: 宗教::しゅうきょう:名詞 です::: 。:::
重視	彼::かれ:名詞 を::: 重視::じゅうし:名詞 し:する::動詞 て::: いる:::動詞 の:::名詞 です::: か::: 。:::
就職	彼::かれ:名詞 が::: 就職::しゅうしょく:名詞 する:::動詞 可能::かのう:名詞 性::せい:名詞 は::: あり:ある::動詞 ます::: か::: 。:::
ジュース	オレンジ::おれんじ:名詞 ・::: ジュース::じゅーす:名詞 を::: ください:くださる::動詞 。:::
修正	もはや:::副詞 修正::しゅうせい:名詞 は::: 手遅れ::ておくれ:名詞 です::: 。:::
重体	重体::じゅうたい:名詞 の::: 赤ちゃん::あかちゃん:名詞 は::: 医者::いしゃ:名詞 の::: 注意深い::ちゅういぶかい:形容詞 監視::かんし:名詞 下::か:名詞 に::: 置か:置く:おか:動詞 れ:れる::動詞 て::: い:いる::動詞 た::: 。:::
渋滞	渋滞::じゅうたい:名詞 は::: ない::: です::: 。:::
重大	その::: 事実::じじつ:名詞 は::: 、::: 科学::かがく:名詞 の::: 観点::かんてん:名詞 から::: すれ:する::動詞 ば::: 、::: 非常::ひじょう:名詞 に::: 重大::じゅうだい:名詞 です::: 。:::
住宅	一::いち:名詞 戸::こ:名詞 建::けん:名詞 より::: 共同::きょうどう:名詞 住宅::じゅうたく:名詞 に::: 住む::すむ:動詞 世帯::せたい:名詞 の::: 増加::ぞうか:名詞 率::りつ:名詞 の::: 方::ほう:名詞 が::: 高い::たかい:形容詞 。:::
集団	世帯::せたい:名詞 と::: は::: 住居::じゅうきょ:名詞 や::: 生計::せいけい:名詞 を::: 同じく::おなじく:副詞 し:する::動詞 て::: いる:::動詞 集団::しゅうだん:名詞 です::: 。:::
集中	トム::とむ:名詞 は::: 集中::しゅうちゅう:名詞 でき:できる::動詞 なかっ:ない:: た::: よ::: 。:::
収入	教師::きょうし:名詞 の::: 収入::しゅうにゅう:名詞 は::: どれ:::名詞 くらい::: です::: か::: 。:::
住民	その::: 計画::けいかく:名詞 は::: 住民::じゅうみん:名詞 の::: 反対::はんたい:名詞 に::: あっ:ある::動詞 た::: 。:::
重要	この::: 情報::じょうほう:名詞 は::: 私::わたし:名詞 たち:::名詞 にとって::: とても:::副詞 重要::じゅうよう:名詞 です::: 。:::
修理	橋::はし:名詞 は::: 修理::しゅうり:名詞 中::ちゅう:名詞 です::: 。:::
主義	民主::みんしゅ:名詞 主義::しゅぎ:名詞 が::: ない:::形容詞 ところ:::名詞 に::: 信頼::しんらい:名詞 は::: ない::: 。:::
宿泊	宿泊::しゅくはく:名詞 を::: もう:::副詞 一::いち:名詞 晩::ばん:名詞 延長::えんちょう:名詞 でき:できる::動詞 ます::: か::: 。:::
手術	手術::しゅじゅつ:名詞 を::: すれ:する::動詞 ば::: 治り:治る:なおり:動詞 ます::: か::: 。:::
首相	首相::しゅしょう:名詞 は::: 明日::あした:名詞 、::: 記者::きしゃ:名詞 会見::かいけん:名詞 を::: 開き:開く:ひらき:動詞 ます::: 。:::
手段	出発::しゅっぱつ:名詞 前::まえ:名詞 に::: 交通::こうつう:名詞 手段::しゅだん:名詞 の::: 手配::てはい:名詞 を::: 済ませ:済ませる:すませ:動詞 たい::: の:::名詞 です::: 。:::
主張	私::わたし:名詞 は::: 彼::かれ:名詞 の::: 有罪::ゆうざい:名詞 を::: 主張::しゅちょう:名詞 する:::動詞 つもり:::名詞 です::: 。:::
出場	彼::かれ:名詞 は::: その::: 競技::きょうぎ:名詞 の::: 出場::しゅつじょう:名詞 資格::しかく:名詞 を::: 失っ:失う:うしなっ:動詞 た::: 。:::
出身	出身::しゅっしん:名詞 は::: オーストラリア::おーすとらりあ:名詞 です::: 。:::
出版	この::: 本::ほん:名詞 は::: 来年::らいねん:名詞 出版::しゅっぱん:名詞 の::: 予定::よてい:名詞 です::: 。:::
主婦	メアリー::めありー:名詞 は::: 、::: 専業::せんぎょう:名詞 主婦::しゅふ:名詞 です::: 。:::
需要	これら:::名詞 の::: 品物::しなもの:名詞 の::: 需要::じゅよう:名詞 は::: 多い::おおい:形容詞 です::: か::: 。:::
種類	お金::おかね:名詞 の::: 種類::しゅるい:名詞 は::: どう:::副詞 いたし:いたす::動詞 ます::: か::: 。:::
順	名前::なまえ:名詞 は::: アルファベット::あるふぁべっと:名詞 順::じゅん:名詞 です::: 。:::
順番	あなた:::名詞 が::: 質問::しつもん:名詞 に::: 答える::こたえる:動詞 順番::じゅんばん:名詞 です::: 。:::
使用	この::: トイレ::といれ:名詞 は::: 生徒::せいと:名詞 使用::しよう:名詞 禁止::きんし:名詞 です::: 。:::
小	これ:::名詞 は::: 使い:使う:つかい:動詞 やすい:::形容詞 小::しょう: 箱::はこ:名詞 です::: 。:::
章	それでは::: 、::: 次::つぎ:名詞 の::: 章::しょう:名詞 の::: 内容::ないよう:名詞 を::: 確認::かくにん:名詞 し:する::動詞 て::: いき:いく::動詞 たい::: と::: 思い:思う:おもい:動詞 ます::: 。:::
賞	一等::いっとう:名詞 賞::しょう:名詞 は::: 王女::おうじょ:名詞 から::: の::: キス::きす:名詞 です::: 。:::
障害	更年期::こうねんき:名詞 障害::しょうがい:名詞 が::: あり:ある::動詞 ます::: 。:::
乗客	かなり:::名詞 の::: 乗客::じょうきゃく:名詞 が::: 船::ふね:名詞 に::: 乗っ:乗る:のっ:動詞 て::: い:いる::動詞 た::: 。:::
上京	彼::かれ:名詞 の::: 両親::りょうしん:名詞 は::: 上京::じょうきょう:名詞 する:::動詞 予定::よてい:名詞 です::: 。:::
状況	後ほど::のちほど:副詞 状況::じょうきょう:名詞 を::: ご::: 連絡::れんらく:名詞 し:する::動詞 ます::: 。:::
条件	その::: 条件::じょうけん:名詞 に::: は::: 全く::まったく:副詞 不満足::ふまんぞく:名詞 です::: 。:::
正午	列車::れっしゃ:名詞 は::: 正午::しょうご:名詞 に::: 到着::とうちゃく:名詞 する:::動詞 はず:::名詞 です::: 。:::
常識	一般::いっぱん:名詞 常識::じょうしき:名詞 を::: 持っ:持つ:もっ:動詞 て::: い:いる::動詞 ます::: か::: 。:::
少女	少女::しょうじょ:名詞 が::: 私::わたし:名詞 の::: 前::まえ:名詞 に::: 現れ:現れる:あらわれ:動詞 た::: 。:::
症状	この::: 症状::しょうじょう:名詞 が::: 出:出る:で:動詞 た::: の:::名詞 は::: い:いる::動詞 つ::: です::: か::: 。:::
生じる	生じ:生じる:しょうじ:動詞 た::: 利息::りそく:名詞 は::: 貯金::ちょきん:名詞 口座::こうざ:名詞 に::: 入金::にゅうきん:名詞 さ:する::動詞 れ:れる::動詞 ます::: 。:::
状態	両国::りょうこく:名詞 は::: 今::いま:名詞 、::: 平和::へいわ:名詞 な:だ:: 状態::じょうたい:名詞 に::: あり:ある::動詞 ます::: 。:::
上達	彼::かれ:名詞 の::: 上達::じょうたつ:名詞 ぶり:::名詞 に::: 満足::まんぞく:名詞 し:する::動詞 て::: い:いる::動詞 ます::: 。:::
冗談	彼::かれ:名詞 は::: 冗談::じょうだん:名詞 を::: 全然::ぜんぜん:副詞 理解::りかい:名詞 でき:できる::動詞 ない::: 。:::
上等	ぼく:::名詞 の::: ペン::ぺん:名詞 は::: 君::きみ:名詞 の::: ペン::ぺん:名詞 ほど::: 上等::じょうとう:名詞 で:だ:: は::: ない::: 。:::
衝突	大型::おおがた:名詞 船::せん:名詞 が::: 漁船::ぎょせん:名詞 に::: 衝突::しょうとつ:名詞 し:する::動詞 まし:ます:: た::: 。:::
商人	彼ら::かれら:名詞 は::: 商人::しょうにん:名詞 で::: は::: なく:ない::形容詞 て::: 、::: 農場::のうじょう:名詞 主::おも:名詞 です::: 。:::
承認	あなた:::名詞 の::: プラン::ぷらん:名詞 を::: 承認::しょうにん:名詞 し:する::動詞 ます::: 。:::
少年	泳い:泳ぐ:およい:動詞 で::: いる:::動詞 少年::しょうねん:名詞 は::: 私::わたし:名詞 の::: 弟::おとうと:名詞 です::: 。:::
商売	彼::かれ:名詞 の::: 願望::がんぼう:名詞 は::: 商売::しょうばい:名詞 を::: 始める::はじめる:動詞 事::こと:名詞 です::: 。:::
消費	値段::ねだん:名詞 に::: は::: 消費::しょうひ:名詞 税::ぜい:名詞 を::: 含み:含む:ふくみ:動詞 ます::: 。:::
賞品	先生::せんせい:名詞 は::: ジョン::じょん:名詞 に::: 賞品::しょうひん:名詞 を::: 与え:与える:あたえ:動詞 た::: 。:::
消防	地元::じもと:名詞 の::: 消防::しょうぼう:名詞 局::きょく:名詞 から::: お知らせ::おしらせ:名詞 を::: 受け取っ:受け取る:うけとっ:動詞 た::: 。:::
情報	この::: 情報::じょうほう:名詞 は::: 私::わたし:名詞 たち:::名詞 にとって::: とても:::副詞 重要::じゅうよう:名詞 です::: 。:::
証明	彼::かれ:名詞 の::: むじつを::*:名詞 証明::しょうめい:名詞 でき:できる::動詞 ます::: か::: 。:::
省略	その::: 文::ぶん:名詞 から::: この::: 言葉::ことば:名詞 を::: 省略::しょうりゃく:名詞 す:する::動詞 べき:べし:: です::: 。:::
女王	女王::じょおう:名詞 の::: クラウン::くらうん:名詞 は::: 黄金::おうごん:名詞 で::: でき:できる::動詞 て::: い:いる::動詞 ます::: 。:::
職	彼::かれ:名詞 は::: 職::しょく:名詞 を::: 探し:探す:さがし:動詞 て::: いる:::動詞 。:::
職業	お父さん::おとうさん:名詞 の::: 職業::しょくぎょう:名詞 は::: なん:::名詞 です::: か::: 。:::
食卓	母::はは:名詞 が::: 私::わたし:名詞 に::: 食卓::しょくたく:名詞 の::: 用意::ようい:名詞 を::: する:::動詞 よう:::名詞 頼ん:頼む:たのん:動詞 で::: き:くる::動詞 た::: 。:::
食品	インスタント::いんすたんと:名詞 食品::しょくひん:名詞 は::: 塩分::えんぶん:名詞 が::: 多い::おおい:形容詞 。:::
植物	植物::しょくぶつ:名詞 は::: みな:::名詞 水::すい:名詞 と::: 光::ひかり:名詞 を::: 必要::ひつよう:名詞 と::: し:する::動詞 ます::: 。:::
食物	日本::にっぽん:名詞 で::: 食物::しょくもつ:名詞 が::: 高い::たかい:形容詞 と::: 思い:思う:おもい:動詞 ます::: 。:::
食料	私::わたし:名詞 達::たち:名詞 は::: 食料::しょくりょう:名詞 を::: 調達::ちょうたつ:名詞 する:::動詞 ため:::名詞 店::みせ:名詞 に::: 入っ:入る:はいっ:動詞 た::: 。:::
食糧	赤十字::せきじゅうじ:名詞 は::: 難民::なんみん:名詞 たち:::名詞 に::: 食糧::しょくりょう:名詞 を::: 配っ:配る:くばっ:動詞 た::: 。:::
書斎	この::: 書斎::しょさい:名詞 は::: 私::わたし:名詞 の::: 父::ちち:名詞 の:::名詞 です::: 。:::
女子	この::: クラス::くらす:名詞 は::: 女子::じょし:名詞 が::: 男子::だんし:名詞 より::: 多い::おおい:形容詞 です::: 。:::
助手	トム::とむ:名詞 は::: メアリー::めありー:名詞 の::: 助手::じょしゅ:名詞 な:だ:: ん:::名詞 です::: 。:::
署名	この::: 書類::しょるい:名詞 に::: 署名::しょめい:名詞 し:する::動詞 て::: いただけ:いただける::動詞 ます::: か::: 。:::
書物	書物::しょもつ:名詞 から::: 大きな::おおきな: 楽しみ::たのしみ:名詞 が::: 得:得る:え:動詞 られ:られる::動詞 ます::: 。:::
女優	彼女::かのじょ:名詞 の::: 望み::のぞみ:名詞 は::: 女優::じょゆう:名詞 に::: なる:::動詞 こと:::名詞 です::: 。:::
処理	すぐ:::副詞 に::: 処理::しょり:名詞 し:する::動詞 ます::: 。:::
知らせ	彼::かれ:名詞 は::: その::: 知らせ::しらせ:名詞 を::: 聞い:聞く:きい:動詞 て::: がっかり:::副詞 し:する::動詞 た::: 。:::
尻	椅子::いす:名詞 から::: 尻::しり:名詞 が::: 滑り:滑る:すべり:動詞 まし:ます:: た::: 。:::
印	この::: 印::しるし:名詞 は::: どういう::: もの:::名詞 です::: か::: 。:::
城	ここ:::名詞 は::: 、::: 私::わたし:名詞 たち:::名詞 が::: 先週::せんしゅう:名詞 訪れ:訪れる:おとずれ:動詞 た::: 城::しろ:名詞 です::: 。:::
進学	大学院::だいがくいん:名詞 に::: 進学::しんがく:名詞 する:::動詞 つもり:::名詞 です::: 。:::
神経	神経::しんけい:名詞 痛::つう:名詞 で::: は::: ない::: か::: と::: 思う::おもう:動詞 の:::名詞 です::: 。:::
真剣	真剣::しんけん:名詞 に::: 学び:学ぶ:まなび:動詞 続け:続ける:つづけ:動詞 た::: 人::ひと:名詞 こそ::: が::: 人生::じんせい:名詞 の::: 勝利::しょうり:名詞 者::しゃ:名詞 で:だ:: あり:ある:: ます::: 。:::
信仰	ば::: あ::: ば:::名詞 は::: 、::: 信仰::しんこう:名詞 深い::ふかい:形容詞 人::ひと:名詞 な:だ:: ん:::名詞 です::: 。:::
信号	信号::しんごう:名詞 が::: 変わる::かわる:動詞 の:::名詞 を::: 待っ:待つ:まっ:動詞 て::: ます::: 。:::
人工	うち:::名詞 の::: 子::こ:名詞 は::: 、::: 人工::じんこう:名詞 乳::ちち:名詞 で::: 育て:育てる:そだて:動詞 て::: い:いる::動詞 ます::: 。:::
深刻	何::なに:名詞 か::: 深刻::しんこく:名詞 な:だ:: こと:::名詞 な:だ:: の:::名詞 です::: か::: 。:::
診察	診察::しんさつ:名詞 券::けん:名詞 は::: 要ら:要る:いら:動詞 ない::: ん:::名詞 です::: か::: 。:::
人種	世界::せかい:名詞 に::: は::: いろいろ:::名詞 な:だ:: 人種::じんしゅ:名詞 が::: いる:::動詞 。:::
信じる	私::わたし:名詞 は::: 神::かみ:名詞 の::: 存在::そんざい:名詞 を::: 信じ:信じる:しんじ:動詞 ない::: 。:::
人生	幸せ::しあわせ:名詞 な:だ:: 人生::じんせい:名詞 を::: 送り:送る:おくり:動詞 たい::: ん:::名詞 です::: 。:::
親戚	あなた:::名詞 は::: 長島::ながしま:名詞 さん:::名詞 一家::いっか:名詞 と::: 親戚::しんせき:名詞 です::: か::: 。:::
新鮮	新鮮::しんせん:名詞 な:だ:: 果物::くだもの:名詞 は::: あなた:::名詞 の::: 健康::けんこう:名詞 に::: 良い::よい:形容詞 です::: 。:::
心臓	心臓::しんぞう:名詞 が::: バク::ばく:名詞 バク::ばく:名詞 し:する::動詞 始め:始める:はじめ:動詞 た::: ん:::名詞 です::: 。:::
身体	彼::かれ:名詞 は::: 身体::しんたい:名詞 が::: 持ち上げ:持ち上げる:もちあげ:動詞 られる:::動詞 の:::名詞 を::: 感じ:感じる:かんじ:動詞 た::: 。:::
身長	選手::せんしゅ:名詞 達::たち:名詞 の::: 平均::へいきん:名詞 身長::しんちょう:名詞 は::: どの::: くらい::: です::: か::: 。:::
慎重	彼::かれ:名詞 は::: 慎重::しんちょう:名詞 に::: 仕事::しごと:名詞 を::: する:::動詞 ひと:::名詞 です::: 。:::
審判	その::: 審判::しんぱん:名詞 は::: 自国::じこく:名詞 の::: 肩::かた:名詞 を::: もっ:もつ::動詞 た::: 。:::
人物	登場::とうじょう:名詞 人物::じんぶつ:名詞 の::: 名前::なまえ:名詞 は::: ハムレット::はむれっと:名詞 です::: 。:::
進歩	彼::かれ:名詞 の::: 進歩::しんぽ:名詞 ぶり:::名詞 に::: 満足::まんぞく:名詞 し:する::動詞 て::: い:いる::動詞 ます::: 。:::
親友	私::わたし:名詞 たち:::名詞 、::: 昔::むかし:名詞 から::: の::: 親友::しんゆう:名詞 な:だ:: ん:::名詞 です::: 。:::
信用	トム::とむ:名詞 は::: 口::くち:名詞 が::: 固い::かたい:形容詞 ので::: 信用::しんよう:名詞 でき:できる::動詞 ます::: 。:::
信頼	トム::とむ:名詞 の::: こと:::名詞 を::: 信頼::しんらい:名詞 し:する::動詞 て::: い:いる::動詞 ます::: か::: 。:::
心理	私::わたし:名詞 の::: 母::はは:名詞 は::: 心理::しんり:名詞 学::がく:名詞 の::: 先生::せんせい:名詞 です::: 。:::
人類	平和::へいわ:名詞 は::: 人類::じんるい:名詞 にとって::: 大事::だいじ:名詞 な:だ:: 生存::せいぞん:名詞 条件::じょうけん:名詞 です::: 。:::
巣	鳥::とり:名詞 は::: 巣::す:名詞 作り::づくり:名詞 を::: する:::動詞 。:::
酢	お::: 酢::す:名詞 と::: 油::あぶら:名詞 を::: 持っ:持つ:もっ:動詞 て::: き:くる::動詞 て::: ください:くださる::動詞 。:::
図	地下鉄::ちかてつ:名詞 の::: 路線::ろせん:名詞 図::ず:名詞 は::: あり:ある::動詞 ます::: か::: 。:::
水準	私::わたし:名詞 たち:::名詞 は::: 豊か::ゆたか:名詞 な:だ:: 生活::せいかつ:名詞 水準::すいじゅん:名詞 を::: 当然::とうぜん:副詞 の::: こと:::名詞 と::: 思っ:思う:おもっ:動詞 て::: い:いる::動詞 ます::: 。:::
推薦	この::: レストラン::れすとらん:名詞 は::: 推薦::すいせん:名詞 でき:できる::動詞 ます::: 。:::
スイッチ	テレビ::てれび:名詞 の::: スイッチ::すいっち:名詞 を::: 入れ:入れる:いれ:動詞 て::: 下さい:下さる:ください:動詞 。:::
睡眠	睡眠::すいみん:名詞 中::ちゅう:名詞 は::: 、::: 体温::たいおん:名詞 が::: 数::すう:名詞 度::ど:名詞 下がり:下がる:さがり:動詞 ます::: 。:::
数	生徒::せいと:名詞 の::: 数::かず:名詞 が::: だんだん:::副詞 減っ:減る:へっ:動詞 て::: き:くる::動詞 た::: 。:::
数字	私::わたし:名詞 は::: 、::: 数字::すうじ:名詞 を::: 操る::あやつる:動詞 の:::名詞 が::: へた:::名詞 です::: 。:::
スープ	すみません::: 、::: スープ::すーぷ:名詞 に::: 髪の毛::かみのけ:名詞 が::: 入っ:入る:はいっ:動詞 て::: い:いる::動詞 た::: ん:::名詞 です::: けど::: 。:::
末	今週::こんしゅう:名詞 末::まつ:名詞 、::: 何::なに:名詞 か::: 計画::けいかく:名詞 は::: あり:ある::動詞 ます::: か::: 。:::
姿	向こう::むこう:名詞 に::: 警官::けいかん:名詞 の::: 姿::すがた:名詞 が::: 見え:見える:みえ:動詞 ます::: か::: 。:::
スキー	しょっちゅう:::副詞 スキー::すきー:名詞 に::: 行き:行く:いき:動詞 ます::: 。:::
救う	トム::とむ:名詞 を::: 救う::すくう:動詞 に::: は::: どう:::副詞 すれ:する::動詞 ば::: いい:::形容詞 の:::名詞 です::: か::: 。:::
すくなくとも	すくなくとも:::副詞 一::いち:名詞 度::ど:名詞 は::: 会い:会う:あい:動詞 たい::: です::: 。:::
優れる	トム::とむ:名詞 は::: 優れ:優れる:すぐれ:動詞 た::: テニス::てにす:名詞 プレイヤー::ぷれいやー:名詞 です::: 。:::
スケート	トム::とむ:名詞 は::: フィギュア::ふぃぎゅあ:名詞 スケート::すけーと:名詞 を::: 習っ:習う:ならっ:動詞 て::: いる:::動詞 。:::
スケジュール	スケジュール::すけじゅーる:名詞 を::: 確認::かくにん:名詞 し:する::動詞 て::: み:みる::動詞 ます::: 。:::
過ごす	トム::とむ:名詞 は::: ますます:::副詞 多く::おおく:名詞 の::: 時間::じかん:名詞 を::: ボストン::ぼすとん:名詞 で::: 過ごし:過ごす:すごし:動詞 て::: いる:::動詞 。:::
筋	筋::すじ:名詞 トレ::*:名詞 する:::動詞 の:::名詞 が::: 好き::すき:名詞 な:だ:: ん:::名詞 です::: 。:::
進める	私::わたし:名詞 の::: 責任::せきにん:名詞 において::: この::: 計画::けいかく:名詞 を::: 進め:進める:すすめ:動詞 ます::: 。:::
勧める	彼::かれ:名詞 は::: 早く:早い:はやく:形容詞 出発::しゅっぱつ:名詞 する:::動詞 こと:::名詞 を::: 勧め:勧める:すすめ:動詞 た::: 。:::
スター	映画::えいが:名詞 の::: スター::すたー:名詞 に::: 会い:会う:あい:動詞 まし:ます:: た::: 。:::
スタイル	私::わたし:名詞 は::: スタイル::すたいる:名詞 が::: まあ:::副詞 まあ:::副詞 です::: 。:::
スタンド	ここ:::名詞 で::: 電気::でんき:名詞 スタンド::すたんど:名詞 は::: 売っ:売る:うっ:動詞 て::: い:いる::動詞 ます::: か::: 。:::
頭痛	トム::とむ:名詞 は::: 頭痛::ずつう:名詞 に::: 悩まさ:悩ます:なやまさ:動詞 れ:れる::動詞 て::: いる:::動詞 。:::
ずっと	私::わたし:名詞 は::: トム::とむ:名詞 より::: ずっと:::副詞 若い::わかい:形容詞 です::: 。:::
すっぱい	その::: リンゴ::りんご:名詞 は::: すっぱい:::形容詞 味::あじ:名詞 が::: し:する::動詞 ます::: 。:::
すてき	私::わたし:名詞 の::: 父::ちち:名詞 の::: 自動車::じどうしゃ:名詞 は::: とても:::副詞 すてき:::名詞 です::: 。:::
既に	彼女::かのじょ:名詞 は::: もう:::副詞 既に::すでに:副詞 結婚::けっこん:名詞 し:する::動詞 て::: い:いる::動詞 ます::: 。:::
すなわち	彼::かれ:名詞 は::: すごい:::形容詞 知識::ちしき:名詞 を::: 持っ:持つ:もっ:動詞 た::: 人::ひと:名詞 です::: 。::: すなわち::: 、::: 生き字引::いきじびき:名詞 です::: 。:::
スピーチ	私::わたし:名詞 は::: スピーチ::すぴーち:名詞 の::: 下書き::したがき:名詞 を::: 書い:書く:かい:動詞 て::: い:いる::動詞 ます::: 。:::
全て	後で::あとで:副詞 あなた:::名詞 に::: 全て::すべて:名詞 を::: 説明::せつめい:名詞 し:する::動詞 ます::: 。:::
墨	習字::しゅうじ:名詞 の::: 授業::じゅぎょう:名詞 で::: 手::て:名詞 が::: 墨::ぼく:名詞 だらけ:::名詞 に::: なっ:なる::動詞 た::: 。:::
澄む	空::そら:名詞 は::: 高く:高い:たかく:形容詞 、::: 青く:青い:あおく:形容詞 澄ん:澄む:すん:動詞 で::: 、::: 頭::あたま:名詞 の::: 上::うえ:名詞 に::: 広がっ:広がる:ひろがっ:動詞 て::: い:いる::動詞 ます::: 。:::
為る	毎日::まいにち:名詞 運動::うんどう:名詞 を::: 為る::なる:動詞 。:::
すれ違う	最近::さいきん:名詞 すれ違っ:すれ違う:すれちがっ:動詞 て::: ばかり::: で:だ:: 、::: なかなか:::副詞 彼::かれ:名詞 に::: 会え:会える:あえ:動詞 ない::: ん:::名詞 です::: 。:::
ずれる	その::: 答::こたえ:名詞 は::: ピント::ぴんと:名詞 が::: ずれ:ずれる::動詞 て::: いる:::動詞 。:::
正	正::せい:名詞 は::: やさしい:::形容詞 声::こえ:名詞 を::: し:する::動詞 て::: いる:::動詞 。:::
生	生::なま:名詞 と::: 死::し:名詞 について::: 考え:考える:かんがえ:動詞 ます::: 。:::
性	その::: 人::ひと:名詞 は::: 回復::かいふく:名詞 する:::動詞 可能::かのう:名詞 性::せい:名詞 が::: あり:ある::動詞 ませ:ます:: ん::: 。:::
姓	あなた:::名詞 の::: 姓::せい:名詞 は::: どう:::副詞 発音::はつおん:名詞 する:::動詞 の:::名詞 です::: か::: 。:::
所為	それ:::名詞 は::: 実際::じっさい:副詞 君::きみ:名詞 の::: 所為::しょい:名詞 で:だ:: ある::: 。:::
税	この::: 品::しな:名詞 に::: は::: 税::ぜい:名詞 が::: かかり:かかる::動詞 ます::: か::: 。:::
性格	彼女::かのじょ:名詞 は::: 内気::うちき:名詞 な:だ:: 性格::せいかく:名詞 の::: 持ち主::もちぬし:名詞 です::: 。:::
正確	この::: 時計::とけい:名詞 は::: 正確::せいかく:名詞 な:だ:: 時::とき:名詞 を::: 刻み:刻む:きざみ:動詞 ます::: 。:::
世紀	この::: 寺院::じいん:名詞 は::: 七::なな:名詞 世紀::せいき:名詞 から::: の::: もの:::名詞 です::: 。:::
請求	ご::: 請求::せいきゅう:名詞 次第::しだい:名詞 カタログ::かたろぐ:名詞 を::: お送り::おおくり:名詞 し:する::動詞 ます::: 。:::
税金	どんな::: 品物::しなもの:名詞 に::: 税金::ぜいきん:名詞 が::: かかり:かかる::動詞 ます::: か::: 。:::
清潔	日本人::にっぽんじん:名詞 は::: 清潔::せいけつ:名詞 好き::すき:名詞 な:だ:: 国民::こくみん:名詞 です::: 。:::
制限	彼女::かのじょ:名詞 は::: 食事::しょくじ:名詞 制限::せいげん:名詞 し:する::動詞 てる:::動詞 ん:::名詞 です::: 。:::
成功	私::わたし:名詞 は::: 、::: あなた:::名詞 が::: 成功::せいこう:名詞 する:::動詞 と::: 信じ:信じる:しんじ:動詞 て::: い:いる::動詞 ます::: 。:::
正式	どの::: 程度::ていど:名詞 正式::せいしき:名詞 な:だ:: の:::名詞 です::: か::: 。:::
性質	ゼラチン::ぜらちん:名詞 は::: 、::: 冷える::ひえる:動詞 と::: 固まる::かたまる:動詞 性質::せいしつ:名詞 が::: あり:ある::動詞 ます::: 。:::
精神	彼::かれ:名詞 は::: 強固::きょうこ:名詞 な:だ:: 精神::せいしん:名詞 の::: 持ち主::もちぬし:名詞 です::: 。:::
成人	トム::とむ:名詞 に::: は::: 成人::せいじん:名詞 し:する::動詞 た::: 娘::むすめ:名詞 が::: い:いる::動詞 ます::: 。:::
成績	私::わたし:名詞 は::: 試験::しけん:名詞 の::: 成績::せいせき:名詞 を::: 心配::しんぱい:名詞 し:する::動詞 て::: い:いる::動詞 ます::: 。:::
製造	この::: 会社::かいしゃ:名詞 は::: テレビ::てれび:名詞 を::: 製造::せいぞう:名詞 し:する::動詞 て::: い:いる::動詞 ます::: 。:::
贅沢	これ:::名詞 は::: 身分::みぶん:名詞 不相応::ふそうおう:名詞 な:だ:: 贅沢::ぜいたく:名詞 な:だ:: もの:::名詞 だ::: 。:::
成長	スキル::すきる:名詞 向上::こうじょう:名詞 は::: 個人::こじん:名詞 の::: 成長::せいちょう:名詞 に::: 直結::ちょっけつ:名詞 し:する::動詞 ます::: 。:::
制度	今::こん: 教育::きょういく:名詞 制度::せいど:名詞 が::: 見直さ:見直す:みなおさ:動詞 れ:れる::動詞 て::: い:いる::動詞 ます::: 。:::
青年	一::いち:名詞 男::なん:名詞 は::: 大望::たいぼう:名詞 を::: 抱い:抱く:だい:動詞 た::: 青年::せいねん:名詞 です::: 。:::
生年月日	あなた:::名詞 の::: 生年月日::せいねんがっぴ:名詞 を::: 書き:書く:かき:動詞 なさい:なさる::動詞 。:::
政府	郵政::ゆうせい:名詞 事業::じぎょう:名詞 は::: 政府::せいふ:名詞 の::: 独占::どくせん:名詞 事業::じぎょう:名詞 です::: 。:::
生物	最近::さいきん:名詞 変わっ:変わる:かわっ:動詞 た::: 海洋::かいよう:名詞 生物::せいぶつ:名詞 が::: 発見::はっけん:名詞 さ:する::動詞 れ:れる::動詞 た::: 。:::
生命	私::わたし:名詞 は::: 生命::せいめい:名詞 保険::ほけん:名詞 に::: 入っ:入る:はいっ:動詞 て::: い:いる::動詞 ます::: 。:::
整理	理由::りゆう:名詞 を::: 整理::せいり:名詞 する:::動詞 と::: 次::つぎ:名詞 の::: 通り::とおり:名詞 です::: 。:::
咳	咳::せき:名詞 止め::とめ:名詞 と::: アスピリン::あすぴりん:名詞 が::: 必要::ひつよう:名詞 です::: 。:::
石炭	彼ら::かれら:名詞 は::: 今::こん: 石炭::せきたん:名詞 を::: 船::ふね:名詞 に::: 積み込ん:積み込む:つみこん:動詞 で::: い:いる::動詞 ます::: 。:::
責任	彼女::かのじょ:名詞 の::: 責任::せきにん:名詞 で::: は::: ない::: 。:::
石油	列車::れっしゃ:名詞 は::: 石油::せきゆ:名詞 で::: 走ら:走る:はしら:動詞 せる:::動詞 の:::名詞 です::: か::: 。:::
世間	世間::せけん:名詞 を::: 知る::しる:動詞 よう:::名詞 に::: 新聞::しんぶん:名詞 を::: 読ん:読む:よん:動詞 で::: い:いる::動詞 ます::: 。:::
説	その::: 説::せつ:名詞 は::: 一般::いっぱん:名詞 に::: 認め:認める:みとめ:動詞 られる:::動詞 だろ:だ:: う::: 。:::
設計	ご::: 自分::じぶん:名詞 で::: 設計::せっけい:名詞 なさっ:なさる::動詞 た::: の:::名詞 です::: か::: 。:::
絶対	試験::しけん:名詞 、::: 絶対::ぜったい:名詞 に::: 合格::ごうかく:名詞 しろ:する::動詞 よ::: 。:::
セット	シャンプー::しゃんぷー:名詞 と::: セット::せっと:名詞 を::: お願い::おねがい:名詞 し:する::動詞 ます::: 。:::
愛	愛::あい:名詞 より::: 尊い::とうとい:形容詞 物::もの:名詞 は::: ない::: 。:::
愛情	子供::こども:名詞 に::: は::: 愛情::あいじょう:名詞 が::: 必要::ひつよう:名詞 です::: 。:::
合図	合図::あいず:名詞 する:::動詞 まで::: 、::: なか:::名詞 に::: い:いる::動詞 なさい:なさる::動詞 。:::
アイスクリーム	アイスクリーム::あいすくりーむ:名詞 が::: 大好き::だいすき:名詞 です::: 。:::
愛する	川::かわ:名詞 を::: 愛する::あいする:動詞 こと:::名詞 は::: 、::: 私::わたし:名詞 たち:::名詞 にとって::: とても:::副詞 大切::たいせつ:名詞 です::: 。:::
あいにく	あいにく:::副詞 です::: が::: 、::: 彼::かれ:名詞 は::: 外出::がいしゅつ:名詞 中::ちゅう:名詞 です::: 。:::
遭う	強盗::ごうとう:名詞 に::: 遭っ:遭う:あっ:動詞 た::: こと:::名詞 が::: あり:ある::動詞 ます::: か::: 。:::
アウト	チェック::ちぇっく:名詞 アウト::あうと:名詞 は::: 何::なん:名詞 時::じ:名詞 です::: か::: 。:::
明かり	あの::: 明かり::あかり:名詞 は::: 何::なに:名詞 を::: 意味::いみ:名詞 し:する::動詞 て::: いる:::動詞 の:::名詞 です::: か::: 。:::
空き	空き::あき:名詞 部屋::へや:名詞 は::: あり:ある::動詞 ます::: か::: 。:::
飽きる	私::わたし:名詞 は::: テレビ::てれび:名詞 を::: 見る::みる:動詞 の:::名詞 に::: 飽き:飽きる:あき:動詞 て::: い:いる::動詞 ます::: 。:::
握手	握手::あくしゅ:名詞 し:する::動詞 て::: ください:くださる::動詞 。:::
悪魔	悪魔::あくま:名詞 が::: 出:出る:で:動詞 て::: くる:::動詞 映画::えいが:名詞 を::: 見:見る:み:動詞 まし:ます:: た::: 。:::
明ける	明け:明ける:あけ:動詞 まし:ます:: て::: おめでとう::: 。:::
揚げる	彼女::かのじょ:名詞 は::: 魚::さかな:名詞 を::: サラダ油::さらだゆ:名詞 で::: 揚げ:揚げる:あげ:動詞 た::: 。:::
挙げる	私::わたし:名詞 は::: 先月::せんげつ:名詞 結婚式::けっこんしき:名詞 を::: 挙げ:挙げる:あげ:動詞 まし:ます:: た::: 。:::
預かる	これ:::名詞 を::: 預かっ:預かる:あずかっ:動詞 て::: もらえ:もらえる::動詞 ます::: か::: 。:::
汗	この::: パジャマ::ぱじゃま:名詞 は::: よく:::副詞 汗::あせ:名詞 を::: 吸収::きゅうしゅう:名詞 し:する::動詞 ます::: 。:::
温かい	私::わたし:名詞 が::: 今::いま:名詞 欲しい::ほしい:形容詞 の:::名詞 は::: 温かい::あたたかい:形容詞 コーヒー::こーひー:名詞 だ::: 。:::
暖まる	火::ひ:名詞 が::: 燃え:燃える:もえ:動詞 て::: いる:::動詞 間::ま:名詞 に::: 暖まれ:暖まる:あたたまれ:動詞 。:::
温まる	スープ::すーぷ:名詞 が::: 温まる::あたたまる:動詞 まで::: 待ち:待つ:まち:動詞 なさい:なさる::動詞 。:::
暖める	彼::かれ:名詞 は::: 指::ゆび:名詞 に::: 息::いき:名詞 を::: 吹きかけ:吹きかける:ふきかけ:動詞 て::: 暖め:暖める:あたため:動詞 た::: 。:::
温める	寒い::さむい:形容詞 夜::よる:名詞 に::: は::: 、::: 温かい::あたたかい:形容詞 飲み物::のみもの:名詞 で::: 体::からだ:名詞 を::: 温める::あたためる:動詞 と::: 良い::よい:形容詞 です::: 。:::
辺り	この::: 辺り::あたり:名詞 は::: 交通::こうつう:名詞 量::りょう:名詞 が::: 多い::おおい:形容詞 です::: 。:::
当たり前	人::ひと:名詞 として::: 当たり前::あたりまえ:名詞 の::: こと:::名詞 を::: し:する::動詞 た::: まで::: です::: 。:::
当たる	天気::てんき:名詞 予報::よほう:名詞 が::: 当たっ:当たる:あたっ:動詞 た::: よ::: 。:::
あちこち	あちこち:::名詞 に::: 、::: 美しい::うつくしい:形容詞 湖::みずうみ:名詞 が::: あり:ある::動詞 ます::: 。:::
集まり	私::わたし:名詞 たち:::名詞 は::: 毎週::まいしゅう:名詞 金曜日::きんようび:名詞 に::: 集まり:集まる:あつまり:動詞 ます::: 。:::
当てる	値段::ねだん:名詞 を::: 当て:当てる:あて:動詞 られ:られる::動詞 ます::: か::: 。:::
跡	ここ:::名詞 は::: 城::しろ:名詞 の::: 跡::あと:名詞 です::: 。:::
穴	靴下::くつした:名詞 に::: 穴::あな:名詞 が::: 空き:空く:あき:動詞 まし:ます:: た::: 。:::
油	オリーブ::おりーぶ:名詞 の::: 実::み:名詞 から::: 油::あぶら:名詞 が::: 取れ:取れる:とれ:動詞 ます::: 。:::
脂	肌::はだ:名詞 が::: 脂::あぶら:名詞 っぽい:::形容詞 の:::名詞 です::: 。:::
誤り	私::わたし:名詞 たち:::名詞 は::: 英語::えいご:名詞 で::: 少なから:少ない:すくなから:形容詞 ず:ぬ:: 誤り::あやまり:名詞 を::: 犯し:犯す:おかし:動詞 ます::: 。:::
粗	トム::とむ:名詞 って::: いつも:::副詞 私::わたし:名詞 の::: 粗::あら:名詞 探し:探す:さがし:動詞 ばかり::: する:::動詞 の::: 。:::
嵐	嵐::あらし:名詞 に::: なる:::動詞 恐れ::おそれ:名詞 が::: あり:ある::動詞 ます::: 。:::
争う	先::さき:名詞 を::: 争っ:争う:あらそっ:動詞 て::: 人::ひと:名詞 が::: 出口::でぐち:名詞 に::: 殺到::さっとう:名詞 し:する::動詞 た::: 。:::
新た	生産::せいさん:名詞 性::せい:名詞 を::: あげる:::動詞 ため:::名詞 新た::あらた:名詞 な:だ:: ツール::つーる:名詞 を::: 探し:探す:さがし:動詞 て::: ます::: 。:::
あらゆる	あらゆる::: こと:::名詞 が::: うまく:うまい::形容詞 いっ:いく::動詞 て::: いる:::動詞 と::: 思い:思う:おもい:動詞 ます::: 。:::
表す	この::: しるし:::名詞 は::: 何::なに:名詞 を::: 表し:表す:あらわし:動詞 て::: い:いる::動詞 ます::: か::: 。:::
現す	ご::: 自分::じぶん:名詞 の::: 栄光::えいこう:名詞 を::: 現さ:現す:あらわさ:動詞 れ:れる::動詞 た::: 。:::
著す	有名::ゆうめい:名詞 作家::さっか:名詞 は::: また::: ベストセラー::べすとせらー:名詞 書::しょ:名詞 を::: 著し:著す:あらわし:動詞 た::: 。:::
現れ	涙::なみだ:名詞 は::: 悲しみ::かなしみ:名詞 の::: 現れ::あらわれ:名詞 です::: 。:::
現れる	少女::しょうじょ:名詞 が::: 私::わたし:名詞 の::: 前::まえ:名詞 に::: 現れ:現れる:あらわれ:動詞 た::: 。:::
或	君::きみ:名詞 に::: 或::ある: る:り:: 物::もの:名詞 を::: 見せ:見せる:みせ:動詞 ましょ:ます:: う::: 。:::
あるいは	ガス::がす:名詞 で::: 調理::ちょうり:名詞 し:する::動詞 ます::: か::: 、::: あるいは::: 電気::でんき:名詞 です::: か::: 。:::
アルバム	ここ:::名詞 に::: は::: 私::わたし:名詞 の::: アルバム::あるばむ:名詞 が::: あり:ある::動詞 ます::: 。:::
泡	石鹸::せっけん:名詞 の::: 泡::あわ:名詞 で::: 手::て:名詞 を::: 洗い:洗う:あらい:動詞 ます::: 。:::
合わせる	トム::とむ:名詞 と::: は::: 毎日::まいにち:名詞 顔::がお:名詞 を::: 合わせ:合わせる:あわせ:動詞 て::: ます::: 。:::
慌てる	ここ:::名詞 が::: 彼::かれ:名詞 が::: 慌て:慌てる:あわて:動詞 て::: 入っ:入る:はいっ:動詞 た::: 部屋::へや:名詞 だ::: 。:::
哀れ	哀れ::あわれ:名詞 な:だ:: 老人::ろうじん:名詞 が::: 寒:寒い:さむ:形容詞 さ:::名詞 に::: 震え:震える:ふるえ:動詞 て::: いる:::動詞 。:::
案	どちら:::名詞 の::: 案::あん:名詞 が::: より:::副詞 よい:::形容詞 と::: 思い:思う:おもい:動詞 ます::: か::: 。:::
暗記	せりふ:::名詞 を::: 早く:早い:はやく:形容詞 暗記::あんき:名詞 する:::動詞 何::なに:名詞 か::: 良い::よい:形容詞 方法::ほうほう:名詞 が::: あり:ある::動詞 ます::: か::: 。:::
安定	兄::あに:名詞 は::: 、::: うまい:::形容詞 、::: 安定::あんてい:名詞 し:する::動詞 た::: レイ::れい:名詞 アップ::あっぷ:名詞 が::: でき:できる::動詞 ます::: 。:::
あんなに	彼女::かのじょ:名詞 が::: あんなに:::副詞 怒っ:怒る:おこっ:動詞 て::: いる:::動詞 理由::りゆう:名詞 が::: わかり:わかる::動詞 ます::: か::: 。:::
あんまり	最近::さいきん:名詞 あんまり:::副詞 食欲::しょくよく:名詞 が::: ない:::形容詞 ん:::名詞 です::: 。:::
胃	食事::しょくじ:名詞 の::: 後::のち:名詞 に::: 胃::い:名詞 が::: 痛く:痛い:いたく:形容詞 なる:::動詞 ん:::名詞 です::: 。:::
委員	君::きみ:名詞 は::: あの::: 委員::いいん:名詞 会::かい:名詞 の::: メンバー::めんばー:名詞 です::: か::: 。:::
意外	この::: 映画::えいが:名詞 、::: 意外::いがい:名詞 に::: 面白かっ:面白い:おもしろかっ:形容詞 た::: よ::: 。:::
行き	毎週::まいしゅう:名詞 日曜::にちよう:名詞 、::: 礼拝::れいはい:名詞 に::: 行き:行く:いき:動詞 ます::: 。:::
息	息::いき:名詞 を::: 止め:止める:とめ:動詞 て::: ください:くださる::動詞 。:::
勢い	彼::かれ:名詞 は::: 飛ぶ::とぶ:動詞 鳥::とり:名詞 を::: 落とす::おとす:動詞 勢い::いきおい:名詞 で:だ:: ある::: 。:::
生き物	火星::かせい:名詞 に::: は::: 何::なに:名詞 か::: 生き物::いきもの:名詞 は::: い:いる::動詞 ます::: か::: 。:::
医師	ブラジル::ぶらじる:名詞 に::: は::: 、::: もっと:::副詞 医師::いし:名詞 が::: 必要::ひつよう:名詞 です::: 。:::
意思	情報::じょうほう:名詞 収集::しゅうしゅう:名詞 力::りょく:名詞 は::: 適切::てきせつ:名詞 な:だ:: 意思::いし:名詞 決定::けってい:名詞 に::: 必要::ひつよう:名詞 です::: 。:::
意志	こいつ:::名詞 は::: 意志::いし:名詞 薄弱::はくじゃく:名詞 な:だ:: 男::おとこ:名詞 です::: 。:::
維持	私::わたし:名詞 は::: 毎朝::まいあさ:名詞 ジョギング::じょぎんぐ:名詞 を::: し:する::動詞 て::: 健康::けんこう:名詞 を::: 維持::いじ:名詞 し:する::動詞 て::: い:いる::動詞 ます::: 。:::
意識	お::: 二::に:名詞 人::にん:名詞 の::: プロ::ぷろ:名詞 意識::いしき:名詞 に::: 敬意::けいい:名詞 を::: 表し:表す:あらわし:動詞 ます::: 。:::
異常	受信::じゅしん:名詞 異常::いじょう:名詞 が::: あっ:ある::動詞 た::: の:::名詞 だ::: と::: 思い:思う:おもい:動詞 ます::: 。:::
意地悪	意地悪::いじわる:名詞 で:だ:: は::: あり:ある::動詞 ませ:ます:: ん::: が::: 、::: やさしく:やさしい::形容詞 も::: ない:::形容詞 です::: 。:::
泉	村::むら:名詞 の::: 真ん中::まんなか:名詞 に::: は::: 、::: 泉::いずみ:名詞 が::: あり:ある::動詞 ます::: 。:::
いずれ	いずれ:::名詞 に::: せよ:する::動詞 、::: 私::わたし:名詞 は::: 明日::あした:名詞 出発::しゅっぱつ:名詞 し:する::動詞 ます::: 。:::
以前	これ:::名詞 が::: 以前::いぜん:名詞 よく:::副詞 訪れ:訪れる:おとずれ:動詞 た::: お寺::おてら:名詞 です::: 。:::
板	板::いた:名詞 は::: 床::ゆか:名詞 を::: 作る::つくる:動詞 ため:::名詞 に::: 使わ:使う:つかわ:動詞 れ:れる::動詞 ます::: 。:::
偉大	彼::かれ:名詞 が::: 偉大::いだい:名詞 な:だ:: 芸術::げいじゅつ:名詞 家::か:名詞 で:だ:: ある::: こと:::名詞 は::: はっきり:::副詞 し:する::動詞 て::: いる:::動詞 。:::
抱く	私::わたし:名詞 は::: 美術::びじゅつ:名詞 に::: 非常::ひじょう:名詞 な:だ:: 関心::かんしん:名詞 を::: 抱い:抱く:だい:動詞 て::: い:いる::動詞 ます::: 。:::
いたずら	彼::かれ:名詞 は::: いたずら:::名詞 な:だ:: 少年::しょうねん:名詞 です::: 。:::
痛み	腰::こし:名詞 に::: 強い::つよい:形容詞 痛み::いたみ:名詞 が::: ある:::動詞 ん:::名詞 です::: 。:::
至る	至る::いたる:動詞 所::ところ:名詞 で::: フラミンゴ::ふらみんご:名詞 に::: 出会い:出会う:であい:動詞 ます::: 。:::
位置	プエルトリコ::ぷえるとりこ:名詞 の::: 位置::いち:名詞 を::: 地図::ちず:名詞 の::: 上::うえ:名詞 に::: 示し:示す:しめし:動詞 なさい:なさる::動詞 。:::
一時	ほんの::: 一時::いちじ:名詞 的::てき:名詞 な:だ:: 処置::しょち:名詞 です::: 。:::
市場	市場::しじょう:名詞 で::: 魚::さかな:名詞 を::: 買い:買う:かい:動詞 まし:ます:: た::: 。:::
いつか	いつか:::名詞 テレビ::てれび:名詞 に::: 出:出る:で:動詞 たい::: です::: 。:::
一家	トム::とむ:名詞 は::: 音楽::おんがく:名詞 一家::いっか:名詞 の::: 出身::しゅっしん:名詞 な:だ:: ん:::名詞 です::: 。:::
一種	これ:::名詞 は::: 一種::いっしゅ:名詞 の::: スイカ::すいか:名詞 です::: 。:::
一瞬	彼::かれ:名詞 は::: 答える::こたえる:動詞 前::まえ:名詞 に::: 一瞬::いっしゅん:名詞 ためらっ:ためらう::動詞 た::: 。:::
一生	九死::きゅうし:名詞 に::: 一生::いっしょう:名詞 を::: 得:得る:え:動詞 まし:ます:: た::: 。:::
一層	青年::せいねん:名詞 の::: 顔::かお:名詞 は::: 、::: 一層::いっそう:副詞 あからん:あからむ::動詞 だ::: 。:::
一体	一体::いったい:副詞 何::なに:名詞 を::: 彼::かれ:名詞 に::: あげ:あげる::動詞 た::: の:::名詞 です::: か::: 。:::
一致	私::わたし:名詞 は::: あなた:::名詞 と::: 意見::いけん:名詞 が::: 一致::いっち:名詞 し:する::動詞 て::: い:いる::動詞 ます::: 。:::
いつのまにか	いつのまにか:::副詞 最下位::さいかい:名詞 に::: なっ:なる::動詞 て:てる::動詞 た::: 。:::
一般	一般::いっぱん:名詞 的::てき:名詞 に::: 言え:言う:いえ:動詞 ば::: 、::: 日本::にっぽん:名詞 の::: 気候::きこう:名詞 は::: 温和::おんわ:名詞 だ::: 。:::
一方	後で::あとで:副詞 読む::よむ:動詞 と::: いい:いう::動詞 ながら::: たまる:::動詞 一方::いっぽう:名詞 です::: 。:::
移動	警察::けいさつ:名詞 は::: 私::わたし:名詞 が::: 車::くるま:名詞 を::: 移動::いどう:名詞 する:::動詞 よう:::名詞 に::: 求め:求める:もとめ:動詞 た::: 。:::
従兄弟	彼ら::かれら:名詞 は::: 、::: 私::わたし:名詞 の::: 従兄弟::いとこ:名詞 です::: 。:::
従姉妹	従姉妹::いとこ:名詞 の::: 連絡::れんらく:名詞 先::さき:名詞 を::: 教え:教える:おしえ:動詞 られ:られる::動詞 なく:ない:: て::: ごめん::: 。:::
稲	稲::いね:名詞 は::: 温暖::おんだん:名詞 な:だ:: 地域::ちいき:名詞 で::: 育ち:育つ:そだち:動詞 ます::: 。:::
居眠り	ホーマー::ほーまー:名詞 も::: 時には::ときには:副詞 居眠り::いねむり:名詞 を::: する:::動詞 。:::
命	あなた:::名詞 は::: 死後::しご:名詞 の::: 命::いのち:名詞 が::: ある:::動詞 こと:::名詞 を::: 信じ:信じる:しんじ:動詞 ます::: か::: 。:::
違反	それ:::名詞 は::: ルール::るーる:名詞 違反::いはん:名詞 です::: 。:::
衣服	衣服::いふく:名詞 を::: 使い古し:使い古す:つかいふるし:動詞 たら:た:: それ:::名詞 を::: どう:::副詞 し:する::動詞 ます::: か::: 。:::
居間	彼ら::かれら:名詞 は::: 居間::いま:名詞 で::: お茶::おちゃ:名詞 を::: 飲ん:飲む:のん:動詞 で::: い:いる::動詞 ます::: 。:::
今に	今に::いまに:副詞 バチ::*:名詞 が::: あたる:::動詞 ぞ::: 。:::
イメージ	自分::じぶん:名詞 の::: イメージ::いめーじ:名詞 を::: 変え:変える:かえ:動詞 たい::: ん:::名詞 です::: 。:::
否	座る::すわる:動詞 や::: 否::いな:名詞 や::: 、::: 眠り込ん:眠り込む:ねむりこん:動詞 で::: しまっ:しまう::動詞 た::: 。:::
以来	先週::せんしゅう:名詞 の::: 土曜日::どようび:名詞 以来::いらい:名詞 ずっと:::副詞 雨::あめ:名詞 です::: 。:::
依頼	私::わたし:名詞 は::: 彼::かれ:名詞 の::: 依頼::いらい:名詞 で::: そうした::: の:::名詞 です::: 。:::
いらいら	本当に::ほんとうに:副詞 いらいら:::名詞 し:する::動詞 ます::: 。:::
いらっしゃい	いらっしゃい:いらっしゃる::動詞 ませ:ます:: 。:::
医療	医療::いりょう:名詞 保険::ほけん:名詞 に::: は::: 入っ:入る:はいっ:動詞 て::: い:いる::動詞 ます::: か::: 。:::
祝い	私::わたし:名詞 達::たち:名詞 は::: 毎年::まいとし:名詞 クリスマス::くりすます:名詞 を::: 祝い:祝う:いわい:動詞 ます::: 。:::
祝う	その::: 国::くに:名詞 で::: は::: クリスマス::くりすます:名詞 を::: 祝う::いわう:動詞 の:::名詞 です::: か::: 。:::
言わば	その::: 老人::ろうじん:名詞 は::: 言わば::いわば:副詞 生き字引::いきじびき:名詞 だ::: 。:::
いわゆる	彼等::かれら:名詞 は::: いわゆる::: 暴走::ぼうそう:名詞 族::ぞく:名詞 です::: 。:::
インク	インク::いんく:名詞 で::: 書か:書く:かか:動詞 なけれ:ない:: ば::: だめ:::名詞 です::: か::: 。:::
印刷	すぐ:::副詞 印刷::いんさつ:名詞 し:する::動詞 ます::: 。:::
印象	第::だい: 一::いち:名詞 印象::いんしょう:名詞 は::: 大切::たいせつ:名詞 だ::: 。:::
引退	祖父::そふ:名詞 は::: 、::: 再来年::さらいねん:名詞 引退::いんたい:名詞 する:::動詞 予定::よてい:名詞 です::: 。:::
インタビュー	彼::かれ:名詞 は::: 首相::しゅしょう:名詞 に::: インタビュー::いんたびゅー:名詞 し:する::動詞 た::: 。:::
引用	彼::かれ:名詞 は::: よく:::副詞 ミルトン::*:名詞 の::: 言葉::ことば:名詞 を::: 引用::いんよう:名詞 する:::動詞 。:::
ウイスキー	トム::とむ:名詞 は::: ウイスキー::ういすきー:名詞 を::: 飲ん:飲む:のん:動詞 で::: い:いる::動詞 ます::: 。:::
受け取る	どこ:::名詞 で::: 荷物::にもつ:名詞 を::: 受け取る::うけとる:動詞 の:::名詞 です::: か::: 。:::
動かす	あなた:::名詞 の::: 車::くるま:名詞 を::: 動かし:動かす:うごかし:動詞 て::: も::: いい:::形容詞 です::: か::: 。:::
兎	公園::こうえん:名詞 で::: 兎::うさぎ:名詞 を::: 見:見る:み:動詞 まし:ます:: た::: 。:::
牛	あれ:::名詞 は::: 牛::うし:名詞 です::: か::: 水牛::すいぎゅう:名詞 です::: か::: 。:::
失う	彼女::かのじょ:名詞 は::: 意識::いしき:名詞 を::: 失っ:失う:うしなっ:動詞 て::: い:いる::動詞 ます::: 。:::
疑う	なぜ:::副詞 あなた:::名詞 は::: 私::わたし:名詞 を::: 疑う::うたがう:動詞 の:::名詞 です::: か::: 。:::
宇宙	宇宙::うちゅう:名詞 は::: 広い::ひろい:形容詞 です::: 。:::
討つ	昔::むかし:名詞 の::: 物語::ものがたり:名詞 で::: 敵::てき:名詞 を::: 討つ::うつ:動詞 話::はなし:名詞 です::: 。:::
撃つ	的::まと:名詞 を::: 撃つ::うつ:動詞 練習::れんしゅう:名詞 を::: し:する::動詞 ます::: 。:::
うっかり	皆::みな:名詞 が::: 私::わたし:名詞 の::: うっかり:::名詞 し:する::動詞 た::: 間違い::まちがい:名詞 を::: 責める::せめる:動詞 の:::名詞 です::: 。:::
映す	山::やま:名詞 が::: 湖::みずうみ:名詞 に::: 影::かげ:名詞 を::: 映し:映す:うつし:動詞 て::: いる:::動詞 。:::
写る	家族::かぞく:名詞 全員::ぜんいん:名詞 が::: 写っ:写る:うつっ:動詞 てる:::動詞 写真::しゃしん:名詞 は::: 、::: これ:::名詞 一::いち:名詞 枚::まい:名詞 です::: 。:::
映る	なんて:::副詞 小さな::ちいさな: テレビ::てれび:名詞 な:だ:: ん:::名詞 でしょ:です:: う::: 。::: 本当に::ほんとうに:副詞 映る::うつる:動詞 の:::名詞 です::: か::: 。:::
うなる	いぬ:::名詞 は::: 見知らぬ::みしらぬ: 男::おとこ:名詞 に::: 向かっ:向かう:むかっ:動詞 て::: うなっ:うなる::動詞 た::: 。:::
奪う	試合::しあい:名詞 で::: 一::いち:名詞 位::い:名詞 を::: 奪い:奪う:うばい:動詞 まし:ます:: た::: 。:::
馬	あの::: 馬::うま:名詞 ね::: 、::: 話::はなし:名詞 が::: できる:::動詞 ん:::名詞 だ::: よ::: 。:::
生まれ	京都::きょうと:名詞 で::: 生まれ:生まれる:うまれ:動詞 まし:ます:: た::: 。:::
有無	一部::いちぶ:名詞 の::: 言語::げんご:名詞 は::: 呼気::こき:名詞 の::: 有無::うむ:名詞 が::: 意味::いみ:名詞 弁別::べんべつ:名詞 の::: 機能::きのう:名詞 を::: 果たし:果たす:はたし:動詞 ます::: 。:::
梅	梅::うめ:名詞 一::いち:名詞 輪::りん:名詞 一::いち:名詞 輪::りん:名詞 ほど::: の::: 暖か:暖かい:あたたか:形容詞 さ:::名詞 。:::
埋める	庭::にわ:名詞 に::: 種::たね:名詞 を::: 埋め:埋める:うめ:動詞 まし:ます:: た::: 。:::
裏切る	その::: 結果::けっか:名詞 は::: 私::わたし:名詞 の::: 期待::きたい:名詞 を::: 裏切っ:裏切る:うらぎっ:動詞 た::: 。:::
羨ましい	多く::おおく:名詞 の::: 人::ひと:名詞 が::: 羨まし:羨ましい:うらやまし:形容詞 がる:::動詞 でしょ:です:: う::: 。:::
売れる	この::: 雑誌::ざっし:名詞 は::: よく:::副詞 売れる::うれる:動詞 ん:::名詞 です::: 。:::
噂	お::: 噂::うわさ:名詞 は::: かねがね:::副詞 伺っ:伺う:うかがっ:動詞 て::: おり:おる::動詞 ます::: 。:::
運	とても:::副詞 運::うん:名詞 が::: よかっ:よい::形容詞 た::: って::: 、::: 先生::せんせい:名詞 たち:::名詞 は::: 言っ:言う:いっ:動詞 てる:::動詞 よ::: 。:::
柄	この::: 傘::かさ:名詞 の::: 柄::え:名詞 は::: 木::き:名詞 で::: でき:できる::動詞 て::: い:いる::動詞 ます::: 。:::
永遠	私::わたし:名詞 は::: 、::: あなた:::名詞 を::: 永遠::えいえん:名詞 に::: 愛し:愛す:あいし:動詞 ます::: 。:::
永久	私::わたし:名詞 は::: 永久::えいきゅう:名詞 に::: 生き:生きる:いき:動詞 たい::: の:::名詞 です::: 。:::
影響	太陽::たいよう:名詞 の::: 光::ひかり:名詞 は::: 肌::はだ:名詞 に::: 影響::えいきょう:名詞 を::: 与え:与える:あたえ:動詞 ます::: 。:::
営業	営業::えいぎょう:名詞 時間::じかん:名詞 は::: 十::じゅう:名詞 時::じ:名詞 から::: 七::なな:名詞 時::じ:名詞 まで::: です::: 。:::
衛星	火星::かせい:名詞 に::: は::: 二つ::ふたつ:名詞 の::: 天然::てんねん:名詞 衛星::えいせい:名詞 が::: あり:ある::動詞 ます::: 。:::
笑顔	君::きみ:名詞 の::: 笑顔::えがお:名詞 、::: 好き::すき:名詞 だ::: よ::: 。:::
描く	最近::さいきん:名詞 また::: 絵::え:名詞 を::: 描く::えがく:動詞 の:::名詞 が::: 楽しく:楽しい:たのしく:形容詞 なっ:なる::動詞 て::: き:くる::動詞 た::: 。:::
餌	毎日::まいにち:名詞 朝::あさ:名詞 と::: 夜::よる:名詞 、::: 猫::ねこ:名詞 に::: 餌::えさ:名詞 を::: 与え:与える:あたえ:動詞 て::: い:いる::動詞 ます::: 。:::
エネルギー	私::わたし:名詞 たち:::名詞 は::: エネルギー::えねるぎー:名詞 の::: 使用::しよう:名詞 を::: 減らす::へらす:動詞 こと:::名詞 が::: でき:できる::動詞 ます::: 。:::
得る	無料::むりょう:名詞 で::: それ:::名詞 が::: 得:得る:え:動詞 られる:::動詞 。:::
延期	もし:::副詞 雨::あめ:名詞 が::: 降れ:降る:ふれ:動詞 ば::: 私::わたし:名詞 は::: 出発::しゅっぱつ:名詞 を::: 延期::えんき:名詞 し:する::動詞 ます::: 。:::
演技	彼女::かのじょ:名詞 の::: 演技::えんぎ:名詞 は::: プロ::ぷろ:名詞 並み::なみ:名詞 です::: 。:::
援助	いつ:::名詞 でも::: 彼::かれ:名詞 の::: 援助::えんじょ:名詞 を::: 求め:求める:もとめ:動詞 られ:られる::動詞 ます::: 。:::
エンジン	エンジン::えんじん:名詞 から::: 、::: 煙::けむり:名詞 が::: もくもく:::副詞 出:出る:で:動詞 て:てる::動詞 た::: よ::: 。:::
演説	トム::とむ:名詞 の::: 演説::えんぜつ:名詞 は::: よかっ:よい::形容詞 た::: 。:::
演奏	女の子::おんなのこ:名詞 たち:::名詞 が::: 演奏::えんそう:名詞 し:する::動詞 て::: い:いる::動詞 ます::: 。:::
老い	日本::にっぽん:名詞 で::: は::: 老い::おい:名詞 も::: 若き:若い:わかき:形容詞 も::: 正月::しょうがつ:名詞 を::: 祝い:祝う:いわい:動詞 ます::: 。:::
追い付く	すぐ:::副詞 に::: 追い付く::おいつく:動詞 から::: 先::さき:名詞 に::: 行っ:行く:いっ:動詞 て::: て:てる::動詞 。:::
王	王::おう:名詞 の::: 言う::いう:動詞 こと:::名詞 は::: 常に::つねに:副詞 絶対::ぜったい:名詞 です::: 。:::
追う	彼::かれ:名詞 は::: 何::なに:名詞 を::: 追っ:追う:おっ:動詞 て::: いる:::動詞 の:::名詞 です::: か::: 。:::
応援	大した::たいした: 力::ちから:名詞 に::: は::: なら:なる::動詞 ない::: かも::: しれ:しれる::動詞 ませ:ます:: ん::: けど::: 、::: 応援::おうえん:名詞 し:する::動詞 ます::: 。:::
王様	ライオン::らいおん:名詞 は::: ジャングル::じゃんぐる:名詞 の::: 王様::おうさま:名詞 です::: 。:::
王子	彼女::かのじょ:名詞 は::: ある:::動詞 王子::おうじ:名詞 と::: 恋::こい:名詞 に::: 落ち:落ちる:おち:動詞 た::: 。:::
横断	その::: 横断::おうだん:名詞 歩道::ほどう:名詞 を::: 渡っ:渡る:わたっ:動詞 た::: 先::さき:名詞 が::: 公園::こうえん:名詞 です::: 。:::
終える	いつ:::名詞 あなた:::名詞 は::: 仕事::しごと:名詞 を::: 終え:終える:おえ:動詞 ます::: か::: 。:::
大いに	私::わたし:名詞 は::: 彼::かれ:名詞 を::: 大いに::おおいに:副詞 尊敬::そんけい:名詞 し:する::動詞 て::: い:いる::動詞 ます::: 。:::
覆う	その::: 山::やま:名詞 は::: 一年中::いちねんじゅう:名詞 雪::ゆき:名詞 で::: 覆わ:覆う:おおわ:動詞 れ:れる::動詞 て::: い:いる::動詞 ます::: 。:::
大家	あの::: 人::ひと:名詞 は::: 物理::ぶつり:名詞 学::がく:名詞 の::: 大家::おおや:名詞 です::: 。:::
丘	丘::おか:名詞 の::: 上::うえ:名詞 から::: なら:だ:: 、::: 海::うみ:名詞 が::: 見える::みえる:動詞 よ::: 。:::
沖	風::かぜ:名詞 が::: やん:やむ::動詞 だら:だ:: 沖::おき:名詞 まで::: 船::ふね:名詞 を::: 出そ:出す:だそ:動詞 う::: 。:::
奥	奥::おく:名詞 の::: 席::せき:名詞 を::: お願い::おねがい:名詞 し:する::動詞 ます::: 。:::
贈る	結婚::けっこん:名詞 の::: お祝い::おいわい:名詞 に::: 、::: これ:::名詞 を::: お::: 贈り:贈る:おくり:動詞 し:する::動詞 ます::: 。:::
起こる	いったい:::副詞 何::なに:名詞 が::: 起こっ:起こる:おこっ:動詞 て::: いる:::動詞 の:::名詞 か::: 。:::
幼い	彼::かれ:名詞 に::: は::: 妻::つま:名詞 と::: 幼い::おさない:形容詞 子供::こども:名詞 が::: い:いる::動詞 ます::: 。:::
収める	ペン::ぺん:名詞 も::: 引き出し:引き出す:ひきだし:動詞 に::: 収め:収める:おさめ:動詞 まし:ます:: た::: 。:::
納める	ペンチ::ぺんち:名詞 を::: 道具::どうぐ:名詞 箱::ばこ:名詞 に::: 納め:納める:おさめ:動詞 とい:とく::動詞 て::: 。:::
治める	王::おう:名詞 は::: 自分::じぶん:名詞 の::: 王国::おうこく:名詞 を::: 公正::こうせい:名詞 に::: 治め:治める:おさめ:動詞 た::: 。:::
お辞儀	彼::かれ:名詞 は::: 通りすがり::とおりすがり:名詞 に::: お辞儀::おじぎ:名詞 を::: し:する::動詞 た::: 。:::
お洒落	お洒落::おしゃれ:名詞 し:する::動詞 なく:ない:: て::: も::: いい:::形容詞 の::: よ::: 。:::
お喋り	お喋り::おしゃべり:名詞 を::: やめ:やめる::動詞 て::: 、::: 聞い:聞く:きい:動詞 て::: 下さい:下さる:ください:動詞 。:::
汚染	この::: 川::かわ:名詞 は::: 汚染::おせん:名詞 さ:する::動詞 れ:れる::動詞 て::: い:いる::動詞 ない::: 。:::
恐れる	動物::どうぶつ:名詞 は::: なぜ:::副詞 火::ひ:名詞 を::: 恐れる::おそれる:動詞 と::: 思い:思う:おもい:動詞 ます::: か::: 。:::
教わる	学校::がっこう:名詞 で::: は::: 、::: 読ん:読む:よん:動詞 だり::: 、::: 書い:書く:かい:動詞 たり::: 、::: 計算::けいさん:名詞 する:::動詞 こと:::名詞 を::: 教わり:教わる:おそわり:動詞 ます::: 。:::
お互い	私::わたし:名詞 たち:::名詞 は::: お互い::おたがい:名詞 に::: 愛し合う::あいしあう:動詞 べき:べし:: です::: 。:::
穏やか	日本::にっぽん:名詞 は::: 気候::きこう:名詞 が::: 穏やか::おだやか:名詞 で:だ:: ある::: 。:::
大人しい	ちょっと:::副詞 大人しく:大人しい:おとなしく:形容詞 し:する::動詞 とい:とく::動詞 て::: 。:::
劣る	ジェーン::じぇーん:名詞 は::: 姉::あね:名詞 に::: 劣ら:劣る:おとら:動詞 ず:ぬ:: 美しい::うつくしい:形容詞 少女::しょうじょ:名詞 です::: 。:::
鬼	来年::らいねん:名詞 の::: こと:::名詞 を::: 言う::いう:動詞 と::: 鬼::おに:名詞 が::: 笑う::わらう:動詞 。:::
帯	毎日::まいにち:名詞 働く::はたらく:動詞 時間::じかん:名詞 帯::たい:名詞 が::: 違う::ちがう:動詞 ん:::名詞 です::: 。:::
お昼	お昼::おひる:名詞 は::: サンドイッチ::さんどいっち:名詞 で:だ:: いい:::形容詞 です::: か::: 。:::
オフィス	彼女::かのじょ:名詞 は::: 、::: オフィス::おふぃす:名詞 レディー::れでぃー:名詞 です::: 。:::
溺れる	川::かわ:名詞 で::: 溺れ:溺れる:おぼれ:動詞 ない::: よう:::名詞 に::: 気::き:名詞 を::: つけ:つける::動詞 ます::: 。:::
お前	お前::おまえ:名詞 に::: は::: 関係::かんけい:名詞 ない:::形容詞 だろ:だ:: 。:::
おめでとう	あけ:あける::動詞 まし:ます:: て::: おめでとう::: ござい:ござる:: ます::: 。:::
思い付く	そんな::: アイディア::あいでぃあ:名詞 を::: どの::: よう:::名詞 に::: し:する::動詞 て::: 思い付い:思い付く:おもいつい:動詞 た::: の:::名詞 です::: か::: 。:::
思い出	この::: 家::いえ:名詞 に::: は::: 、::: 楽しい::たのしい:形容詞 思い出::おもいで:名詞 が::: いっぱい:::副詞 詰まっ:詰まる:つまっ:動詞 て::: い:いる::動詞 ます::: 。:::
思わず	思わず::おもわず:副詞 笑わ:笑う:わらわ:動詞 ず:ぬ:: に::: い:いる::動詞 られ:られる::動詞 なかっ:ない:: た::: 。:::
泳ぎ	泳ぎ::およぎ:名詞 に::: 行ける::いける:動詞 ほど::: 暑い::あつい:形容詞 です::: か::: 。:::
およそ	およそ:::副詞 どれ:::名詞 くらい::: の::: 価値::かち:名詞 が::: あり:ある::動詞 ます::: か::: 。:::
及ぼす	運動::うんどう:名詞 不足::ふそく:名詞 が::: 健康::けんこう:名詞 に::: 害::がい:名詞 を::: 及ぼす::およぼす:動詞 かも::: しれ:しれる::動詞 ない::: 。:::
下す	私::わたし:名詞 が::: 、::: その::: 決断::けつだん:名詞 を::: 下し:下す:くだし:動詞 た::: 者::もの:名詞 です::: 。:::
降ろす	図書館::としょかん:名詞 で::: 私::わたし:名詞 を::: 降ろし:降ろす:おろし:動詞 て::: くれ:くれる::動詞 ます::: か::: 。:::
卸す	いやいや:::副詞 、::: そう:::副詞 は::: 問屋::とんや:名詞 が::: 卸さ:卸す:おろさ:動詞 ない::: だろ:だ:: 。:::
恩	この::: ご::: 恩::おん:名詞 は::: 一生::いっしょう:名詞 忘れ:忘れる:わすれ:動詞 ませ:ます:: ん::: 。:::
温暖	オレンジ::おれんじ:名詞 は::: 温暖::おんだん:名詞 な:だ:: 国::くに:名詞 で::: 育ち:育つ:そだち:動詞 ます::: 。:::
温度	温度::おんど:名詞 計::けい:名詞 は::: 温度::おんど:名詞 を::: 測る::はかる:動詞 器具::きぐ:名詞 です::: 。:::
可	この::: ビル::びる:名詞 は::: 男女::だんじょ:名詞 宿泊::しゅくはく:名詞 可::か:名詞 の::: カプセル::かぷせる:名詞 ホテル::ほてる:名詞 です::: 。:::
蚊	マラリア::まらりあ:名詞 は::: 蚊::か:名詞 が::: 運ぶ::はこぶ:動詞 病気::びょうき:名詞 です::: 。:::
課	この::: 課::か:名詞 で::: 何::なに:名詞 か::: 質問::しつもん:名詞 が::: あり:ある::動詞 ます::: か::: 。:::
カー	トム::とむ:名詞 は::: ハイブリッド::はいぶりっど:名詞 カー::かー:名詞 を::: 買っ:買う:かっ:動詞 た::: 。:::
カード	この::: 電話::でんわ:名詞 は::: カード::かーど:名詞 が::: 使え:使える:つかえ:動詞 ます::: か::: 。:::
貝	私::わたし:名詞 が::: 手::て:名詞 に::: し:する::動詞 てる:::動詞 の:::名詞 は::: 貝::かい:名詞 の::: 化石::かせき:名詞 です::: 。:::
害	テレビ::てれび:名詞 は::: 子供::こども:名詞 に::: 害::がい:名詞 が::: ある:::動詞 と::: 思い:思う:おもい:動詞 ます::: か::: 。:::
会員	トム::とむ:名詞 は::: 読書::どくしょ:名詞 クラブ::くらぶ:名詞 の::: 会員::かいいん:名詞 です::: 。:::
絵画	私::わたし:名詞 は::: 、::: 現代::げんだい:名詞 絵画::かいが:名詞 に::: 熱中::ねっちゅう:名詞 し:する::動詞 て::: い:いる::動詞 ます::: 。:::
海外	最近::さいきん:名詞 は::: 海外::かいがい:名詞 へ::: 行く::いく:動詞 学生::がくせい:名詞 が::: 増え:増える:ふえ:動詞 て::: いる:::動詞 。:::
会計	お::: 会計::かいけい:名詞 は::: レジ::れじ:名詞 で::: お願い::おねがい:名詞 し:する::動詞 ます::: 。:::
解決	どう:::副詞 すれ:する::動詞 ば::: 、::: この::: 問題::もんだい:名詞 を::: 解決::かいけつ:名詞 できる:::動詞 の:::名詞 だろ:だ:: う::: か::: 。:::
会合	今夜::こんや:名詞 の::: 会合::かいごう:名詞 に::: は::: 出席::しゅっせき:名詞 さ:する::動詞 れ:れる::動詞 ます::: か::: 。:::
外交	彼::かれ:名詞 は::: アメリカ大使館::あめりかたいしかん:名詞 の::: 外交::がいこう:名詞 官::かん:名詞 です::: 。:::
開始	小雨::こさめ:名詞 に::: なり:なる::動詞 まし:ます:: た::: 。::: 開始::かいし:名詞 でき:できる::動詞 ます::: 。:::
解釈	この::: 文章::ぶんしょう:名詞 を::: どう:::副詞 解釈::かいしゃく:名詞 し:する::動詞 ます::: か::: 。:::
外出	トム::とむ:名詞 は::: ただ今::ただいま:副詞 外出::がいしゅつ:名詞 し:する::動詞 て::: おり:おる::動詞 ます::: 。:::
改善	あなた:::名詞 が::: 状況::じょうきょう:名詞 を::: すぐ:::副詞 に::: 改善::かいぜん:名詞 できる:::動詞 事::こと:名詞 を::: 願っ:願う:ねがっ:動詞 て::: い:いる::動詞 ます::: 。:::
快適	私::わたし:名詞 達::たち:名詞 は::: 新居::しんきょ:名詞 で::: 快適::かいてき:名詞 に::: 暮らし:暮らす:くらし:動詞 て::: い:いる::動詞 ます::: 。:::
回復	彼女::かのじょ:名詞 は::: まもなく:::副詞 病気::びょうき:名詞 から::: 回復::かいふく:名詞 する:::動詞 でしょ:です:: う::: 。:::
飼う	日本::にっぽん:名詞 に::: は::: ペンギン::ぺんぎん:名詞 を::: 飼っ:飼う:かっ:動詞 て::: いる:::動詞 人::ひと:名詞 が::: いる:::動詞 らしい::: 。:::
帰す	子供::こども:名詞 を::: 家::いえ:名詞 に::: 帰し:帰す:かえし:動詞 ます::: 。:::
代える	真::しん:名詞 の::: 友情::ゆうじょう:名詞 は::: 千金::せんきん:名詞 に::: も::: 代え:代える:かえ:動詞 難い::がたい:形容詞 。:::
替える	部屋::へや:名詞 を::: 替え:替える:かえ:動詞 て::: いただけ:いただける::動詞 ます::: か::: 。:::
換える	これ:::名詞 を::: 現金::げんきん:名詞 に::: 換え:換える:かえ:動詞 て::: もらえ:もらえる::動詞 ます::: か::: 。:::
画家	彼女::かのじょ:名詞 は::: 国際::こくさい:名詞 的::てき:名詞 に::: 著名::ちょめい:名詞 な:だ:: 画家::がか:名詞 です::: 。:::
抱える	医者::いしゃ:名詞 は::: 困難::こんなん:名詞 な:だ:: 問題::もんだい:名詞 を::: 抱え:抱える:かかえ:動詞 て::: い:いる::動詞 ます::: 。:::
価格	価格::かかく:名詞 を::: 値引き::ねびき:名詞 する:::動詞 店::みせ:名詞 も::: あり:ある::動詞 ます::: 。:::
化学	私::わたし:名詞 は::: 数学::すうがく:名詞 や::: 化学::かがく:名詞 など::: が::: 好き::すき:名詞 です::: 。:::
輝く	今夜::こんや:名詞 、::: 空::そら:名詞 に::: は::: 星::ほし:名詞 が::: とても:::副詞 明るく:明るい:あかるく:形容詞 輝い:輝く:かがやい:動詞 て::: いる:::動詞 。:::
係	彼女::かのじょ:名詞 は::: クラブ::くらぶ:名詞 の::: 会計::かいけい:名詞 係::がかり:名詞 を::: し:する::動詞 て::: い:いる::動詞 ます::: 。:::
罹る	食中毒::しょくちゅうどく:名詞 に::: 罹っ:罹る:かかっ:動詞 た::: こと:::名詞 は::: あり:ある::動詞 ます::: か::: 。:::
限る	こんな::: 時::とき:名詞 は::: 、::: 迎え酒::むかえざけ:名詞 に::: 限り:限る:かぎり:動詞 ます::: 。:::
掻く	背中::せなか:名詞 を::: 掻い:掻く:かい:動詞 て::: ください:くださる::動詞 。:::
嗅ぐ	その::: 犬::いぬ:名詞 は::: 地面::じめん:名詞 を::: くん:くれる::動詞 くん:::名詞 嗅い:嗅ぐ:かい:動詞 だ::: 。:::
学	彼::かれ:名詞 は::: 京都大::きょうとだい:名詞 学::がく:名詞 で::: 学ん:学ぶ:まなん:動詞 で::: おり:おる::動詞 ます::: 。:::
額	合計::ごうけい:名詞 額::がく:名詞 を::: 調べ:調べる:しらべ:動詞 て::: は::: どう:::副詞 です::: か::: 。:::
覚悟	私::わたし:名詞 は::: すでに:::副詞 覚悟::かくご:名詞 は::: でき:できる::動詞 て::: い:いる::動詞 ます::: 。:::
確実	彼::かれ:名詞 が::: 来る::くる:動詞 こと:::名詞 は::: 確実::かくじつ:名詞 です::: 。:::
学者	彼::かれ:名詞 は::: 、::: 生物::せいぶつ:名詞 学者::がくしゃ:名詞 な:だ:: ん:::名詞 です::: 。:::
学習	これ:::名詞 が::: 彼::かれ:名詞 の::: 英語::えいご:名詞 学習::がくしゅう:名詞 法::ほう:名詞 です::: 。:::
隠す	家::いえ:名詞 の::: スペア::すぺあ:名詞 キー::きー:名詞 は::: 外::そと:名詞 に::: 隠し:隠す:かくし:動詞 て::: あり:ある::動詞 ます::: 。:::
拡大	当社::とうしゃ:名詞 の::: 第::だい: 一::いち:名詞 目標::もくひょう:名詞 は::: 南米::なんべい:名詞 市場::しじょう:名詞 を::: 拡大::かくだい:名詞 する:::動詞 こと:::名詞 です::: 。:::
確認	これ:::名詞 確認::かくにん:名詞 し:する::動詞 て::: み:みる::動詞 て::: 。:::
学問	政治::せいじ:名詞 に対する::にたいする: 私::わたし:名詞 の::: 関心::かんしん:名詞 は::: 専ら::もっぱら:副詞 学問::がくもん:名詞 上::じょう:名詞 の::: もの:::名詞 です::: 。:::
隠れる	今::いま:名詞 は::: 雲::くも:名詞 で::: 隠れ:隠れる:かくれ:動詞 て::: しまっ:しまう::動詞 て::: い:いる::動詞 ます::: 。:::
影	その::: 木::き:名詞 は::: 道路::どうろ:名詞 に::: 影::かげ:名詞 を::: 投げ:投げる:なげ:動詞 て::: い:いる::動詞 た::: 。:::
陰	ドア::どあ:名詞 の::: 陰::かげ:名詞 から::: 変::へん:名詞 な:だ:: 音::おと:名詞 が::: 聞こえ:聞こえる:きこえ:動詞 た::: 。:::
欠ける	何::なに:名詞 か::: が::: 欠け:欠ける:かけ:動詞 て::: ます::: 。:::
加減	しゃべる:::動詞 の:::名詞 も::: いい:::形容詞 加減::かげん:名詞 に::: し:する::動詞 たら:た:: 。:::
籠	彼::かれ:名詞 は::: 花::はな:名詞 で::: いっぱい:::副詞 の::: 大きな::おおきな: 籠::かご:名詞 を::: 持っ:持つ:もっ:動詞 て::: い:いる::動詞 ます::: 。:::
囲む	日本::にっぽん:名詞 は::: 海::うみ:名詞 に::: 囲ま:囲む:かこま:動詞 れ:れる::動詞 て::: い:いる::動詞 ます::: 。:::
火災	今週::こんしゅう:名詞 は::: 火災::かさい:名詞 予防::よぼう:名詞 週間::しゅうかん:名詞 です::: 。:::
重なる	今度::こんど:名詞 の::: 祭日::さいじつ:名詞 は::: 日曜日::にちようび:名詞 と::: 重なり:重なる:かさなり:動詞 ます::: 。:::
重ねる	あなた:::名詞 と::: 一緒::いっしょ:名詞 に::: 歳::とし:名詞 を::: 重ね:重ねる:かさね:動詞 たい::: です::: 。:::
飾り	新しい::あたらしい:形容詞 デザイン::でざいん:名詞 の::: ポスター::ぽすたー:名詞 を::: 飾り:飾る:かざり:動詞 たい::: 。:::
貸し	君::きみ:名詞 の::: 車::くるま:名詞 を::: 貸し:貸す:かし:動詞 て::: ください:くださる::動詞 。:::
菓子	この::: 菓子::かし:名詞 を::: 自由::じゆう:名詞 に::: お::: 取り:取る:とり:動詞 下さい:下さる:ください:動詞 。:::
家事	私::わたし:名詞 は::: 毎日::まいにち:名詞 母::はは:名詞 の::: 家事::かじ:名詞 を::: 手伝い:手伝う:てつだい:動詞 ます::: 。:::
歌手	彼::かれ:名詞 は::: 日本::にっぽん:名詞 で::: 有名::ゆうめい:名詞 な:だ:: 流行::りゅうこう:名詞 歌手::かしゅ:名詞 です::: 。:::
稼ぐ	彼::かれ:名詞 は::: 毎月::まいつき:名詞 お金::おかね:名詞 を::: いくら:::副詞 稼ぎ:稼ぐ:かせぎ:動詞 ます::: か::: 。:::
数える	星::ほし:名詞 の::: 数::かず:名詞 を::: 数え:数える:かぞえ:動詞 まし:ます:: た::: 。:::
型	特に::とくに:副詞 お::: 望み::のぞみ:名詞 の::: 型::かた:名詞 は::: ござい:ござる::動詞 ます::: か::: 。:::
肩	今::こん: 肩::かた:名詞 慣らし:慣らす:ならし:動詞 し:する::動詞 て::: いる:::動詞 ところ:::名詞 です::: 。:::
堅い	ダイヤモンド::だいやもんど:名詞 は::: 本来::ほんらい:名詞 堅い::かたい:形容詞 もの:::名詞 だ::: 。:::
片付く	いざこざ:::名詞 も::: 全部::ぜんぶ:名詞 片付い:片付く:かたづい:動詞 て::: 、::: やれやれ::: です::: 。:::
刀	二::に:名詞 人::にん:名詞 の::: 刀::かたな:名詞 が::: ガチッ::*:名詞 と::: 切り:切る:きり:動詞 あっ:ある::動詞 た::: 。:::
語る	自分::じぶん:名詞 の::: こと:::名詞 を::: 語る::かたる:動詞 の:::名詞 は::: 苦手::にがて:名詞 です::: 。:::
勝ち	どちら:::名詞 の::: チーム::ちーむ:名詞 が::: 勝ち:勝つ:かち:動詞 そう:::名詞 です::: か::: 。:::
価値	彼::かれ:名詞 の::: 新しい::あたらしい:形容詞 小説::しょうせつ:名詞 は::: 読む::よむ:動詞 価値::かち:名詞 が::: ある:::動詞 。:::
がっかり	彼::かれ:名詞 は::: その::: 知らせ::しらせ:名詞 を::: 聞い:聞く:きい:動詞 て::: がっかり:::副詞 し:する::動詞 た::: 。:::
活気	彼::かれ:名詞 は::: 活気::かっき:名詞 の::: ある:::動詞 人::ひと:名詞 です::: 。:::
楽器	好き::すき:名詞 な:だ:: 楽器::がっき:名詞 は::: 、::: ハー::はー:名詞 モニカ::もにか:名詞 です::: 。:::
学期	まもなく:::副詞 新::しん: 学期::がっき:名詞 が::: 始まり:始まる:はじまり:動詞 ます::: 。:::
活動	クラブ::くらぶ:名詞 活動::かつどう:名詞 は::: 毎日::まいにち:名詞 あり:ある::動詞 ます::: か::: 。:::
活躍	元気::げんき:名詞 で:だ:: 活躍::かつやく:名詞 し:する::動詞 て::: いる:::動詞 こと:::名詞 と::: 思い:思う:おもい:動詞 ます::: 。:::
活用	この::: 動詞::どうし:名詞 の::: 活用::かつよう:名詞 は::: 難しい::むずかしい:形容詞 です::: 。:::
仮定	それ:::名詞 が::: 真実::しんじつ:名詞 で:だ:: ある::: と::: 仮定::かてい:名詞 しよ:する::動詞 う::: 。:::
過程	過程::かてい:名詞 が::: 大切::たいせつ:名詞 です::: 。:::
課程	私::わたし:名詞 は::: 高校::こうこう:名詞 の::: 全::ぜん: 課程::かてい:名詞 を::: 修了::しゅうりょう:名詞 し:する::動詞 た::: 。:::
悲しむ	私::わたし:名詞 は::: その::: こと:::名詞 で::: 悲しん:悲しむ:かなしん:動詞 で::: い:いる::動詞 ます::: 。:::
必ずしも	うわさ:::名詞 は::: 、::: 必ずしも::かならずしも:副詞 事実::じじつ:名詞 で::: は::: ない:::形容詞 事::こと:名詞 が::: わかり:わかる::動詞 ます::: 。:::
かなり	毎晩::まいばん:名詞 、::: かなり:::副詞 遅く:遅い:おそく:形容詞 まで::: 起き:起きる:おき:動詞 て::: ます::: 。:::
金	彼::かれ:名詞 は::: たくさん:::名詞 の::: 金::きん:名詞 を::: 持っ:持つ:もっ:動詞 て::: いる:::動詞 。:::
鐘	これ:::名詞 が::: ビッグ::びっぐ:名詞 ベン::べん:名詞 と::: 呼ば:呼ぶ:よば:動詞 れる:::動詞 鐘::かね:名詞 です::: 。:::
可能	この::: 新しい::あたらしい:形容詞 モデル::もでる:名詞 は::: 市場::しじょう:名詞 で::: 入手::にゅうしゅ:名詞 可能::かのう:名詞 です::: か::: 。:::
株	田中::たなか:名詞 さん:::名詞 、::: 株::かぶ:名詞 を::: 持っ:持つ:もっ:動詞 て::: い:いる::動詞 ます::: か::: 。:::
被る	常時::じょうじ:名詞 ヘルメット::へるめっと:名詞 を::: 被っ:被る:こうむっ:動詞 て::: い:いる::動詞 ます::: 。:::
我慢	彼ら::かれら:名詞 の::: 我慢::がまん:名詞 も::: 限界::げんかい:名詞 だっ:だ:: た::: 。:::
神	私::わたし:名詞 は::: 神::かみ:名詞 の::: 存在::そんざい:名詞 を::: 信じ:信じる:しんじ:動詞 ない::: 。:::
雷	うち:::名詞 の::: 犬::いぬ:名詞 、::: 雷::かみなり:名詞 を::: 怖がる::こわがる:動詞 ん:::名詞 です::: よ::: 。:::
髪の毛	すみません::: 、::: スープ::すーぷ:名詞 に::: 髪の毛::かみのけ:名詞 が::: 入っ:入る:はいっ:動詞 て::: い:いる::動詞 た::: ん:::名詞 です::: けど::: 。:::
科目	数学::すうがく:名詞 は::: 彼::かれ:名詞 の::: 最も::もっとも:副詞 得意::とくい:名詞 な:だ:: 科目::かもく:名詞 です::: 。:::
かゆい	背中::せなか:名詞 が::: かゆい:::形容詞 です::: 。:::
歌謡	最近::さいきん:名詞 は::: 皆::みな:名詞 が::: 歌える::うたえる:動詞 よう:::名詞 な:だ:: 歌謡::かよう:名詞 曲::きょく:名詞 を::: 聞く::きく:動詞 こと:::名詞 も::: なくなっ:なくなる::動詞 た::: 。:::
殻	飲み物::のみもの:名詞 は::: ヤシ::やし:名詞 の::: 実::み:名詞 の::: 殻::から:名詞 に::: 入れ:入れる:いれ:動詞 て::: あっ:ある::動詞 た::: 。:::
刈る	彼女::かのじょ:名詞 は::: 髪::かみ:名詞 を::: 短く:短い:みじかく:形容詞 刈っ:刈る:かっ:動詞 て::: もらっ:もらう::動詞 た::: 。:::
河	この::: 河::かわ:名詞 は::: とても:::副詞 広い::ひろい:形容詞 です::: 。:::
皮	ジャガイモ::じゃがいも:名詞 と::: ニンジン::にんじん:名詞 の::: 皮::かわ:名詞 を::: むい:むく::動詞 て::: ください:くださる::動詞 。:::
革	この::: バッグ::ばっぐ:名詞 は::: 革::かわ:名詞 で::: でき:できる::動詞 て::: い:いる::動詞 ます::: 。:::
可愛らしい	あれ:::名詞 は::: 可愛らしい::かわいらしい:形容詞 少女::しょうじょ:名詞 の::: 学校::がっこう:名詞 です::: 。:::
乾かす	洗濯::せんたく:名詞 物::ぶつ:名詞 を::: 乾かし:乾かす:かわかし:動詞 ます::: 。:::
渇く	いつも:::副詞 のど:::名詞 が::: 渇い:渇く:かわい:動詞 て::: い:いる::動詞 ます::: 。:::
代る	彼女::かのじょ:名詞 に::: 代っ:代る:かわっ:動詞 て::: その::: 会::かい:名詞 に::: 出席::しゅっせき:名詞 し:する::動詞 た::: 。:::
缶	缶::かん:名詞 ビール::びーる:名詞 を::: もう:::副詞 一::いち:名詞 本::ほん:名詞 いただけ:いただける::動詞 ます::: か::: 。:::
勘	私::わたし:名詞 の::: 勘::かん:名詞 は::: 正しかっ:正しい:ただしかっ:形容詞 た::: ん:::名詞 だ::: 。:::
考え	トム::とむ:名詞 は::: 次::つぎ:名詞 なる:なり:: 行動::こうどう:名詞 を::: じっくり:::副詞 考え:考える:かんがえ:動詞 た::: 。:::
感覚	つま先::つまさき:名詞 の::: 感覚::かんかく:名詞 が::: ない:::形容詞 。:::
間隔	バス::ばす:名詞 は::: どれ:::名詞 くらい::: の::: 間隔::かんかく:名詞 で::: 走っ:走る:はしっ:動詞 て::: い:いる::動詞 ます::: か::: 。:::
歓迎	歓迎::かんげい:名詞 いたし:いたす::動詞 ます::: 。:::
観光	ここ:::名詞 は::: 人気::にんき:名詞 の::: 観光::かんこう:名詞 スポット::すぽっと:名詞 です::: 。:::
観察	野鳥::やちょう:名詞 を::: 観察::かんさつ:名詞 し:する::動詞 て::: いる:::動詞 ところ:::名詞 です::: 。:::
感じ	柔らかい::やわらかい:形容詞 感じ::かんじ:名詞 の::: 布::ぬの:名詞 です::: 。:::
感謝	例年::れいねん:名詞 、::: うち:::名詞 で::: は::: 感謝::かんしゃ:名詞 祭::さい:名詞 の::: 日::ひ:名詞 に::: 七面鳥::しちめんちょう:名詞 を::: 食べる::たべる:動詞 ん:::名詞 だ::: 。:::
患者	病院::びょういん:名詞 に::: 患者::かんじゃ:名詞 が::: 多い::おおい:形容詞 です::: 。:::
勘定	自分::じぶん:名詞 の::: 勘定::かんじょう:名詞 は::: 自分::じぶん:名詞 で::: 払い:払う:はらい:動詞 ます::: 。:::
感情	たまに:::副詞 感情::かんじょう:名詞 的::てき:名詞 に::: なる:::動詞 こと:::名詞 が::: あり:ある::動詞 ます::: 。:::
感じる	最近::さいきん:名詞 、::: ストレス::すとれす:名詞 を::: 感じ:感じる:かんじ:動詞 ます::: 。:::
感心	私::わたし:名詞 は::: 君::きみ:名詞 の::: 仕事::しごと:名詞 に::: 非常::ひじょう:名詞 に::: 感心::かんしん:名詞 し:する::動詞 て::: い:いる::動詞 ます::: 。:::
関心	彼::かれ:名詞 は::: 、::: 他人::たにん:名詞 の::: 言葉::ことば:名詞 に::: 無::む: 関心::かんしん:名詞 です::: 。:::
関する	君::きみ:名詞 の::: 関する::かんする:動詞 事柄::ことがら:名詞 で::: は::: ない::: 。:::
完成	私::わたし:名詞 の::: 仕事::しごと:名詞 は::: まだ:::副詞 未::み: 完成::かんせい:名詞 です::: 。:::
完全	私::わたし:名詞 たち:::名詞 は::: 完全::かんぜん:名詞 な:だ:: 文::ぶん:名詞 を::: 求め:求める:もとめ:動詞 て::: い:いる::動詞 ます::: 。:::
乾燥	今日::きょう:名詞 は::: 空気::くうき:名詞 が::: 乾燥::かんそう:名詞 し:する::動詞 て::: い:いる::動詞 ます::: 。:::
感想	あくまでも:::副詞 個人::こじん:名詞 の::: 感想::かんそう:名詞 です::: 。:::
感動	あの::: 映画::えいが:名詞 は::: とても:::副詞 感動::かんどう:名詞 的::てき:名詞 だっ:だ:: た::: 。:::
監督	彼::かれ:名詞 に::: は::: 映画::えいが:名詞 監督::かんとく:名詞 に::: なる:::動詞 という::: 夢::ゆめ:名詞 が::: あり:ある::動詞 ます::: 。:::
管理	君::きみ:名詞 の::: アパート::あぱーと:名詞 は::: 管理::かんり:名詞 が::: いい:::形容詞 です::: か::: 。:::
完了	いつ:::名詞 ごろ:::名詞 完了::かんりょう:名詞 の::: 通知::つうち:名詞 が::: 来:来る:き:動詞 ます::: か::: 。:::
関連	コンピューター::こんぴゅーたー:名詞 関連::かんれん:名詞 の::: 仕事::しごと:名詞 を::: し:する::動詞 て::: い:いる::動詞 ます::: 。:::
議員	私::わたし:名詞 も::: また::: 、::: 議員::ぎいん:名詞 の::: 一::いち:名詞 人::にん:名詞 です::: 。:::
記憶	弟::おとうと:名詞 は::: 記憶::きおく:名詞 力::りょく:名詞 が::: いい:::形容詞 です::: 。:::
器械	血圧::けつあつ:名詞 計::けい:名詞 が::: 大切::たいせつ:名詞 な:だ:: 検査::けんさ:名詞 器械::きかい:名詞 です::: 。:::
議会	議会::ぎかい:名詞 が::: 最初::さいしょ:名詞 に::: 生まれ:生まれる:うまれ:動詞 た::: の:::名詞 は::: いつ:::名詞 だ::: か::: 知っ:知る:しっ:動詞 て::: い:いる::動詞 ます::: か::: 。:::
機関	交通::こうつう:名詞 機関::きかん:名詞 は::: 何::なに:名詞 を::: 使う::つかう:動詞 ん:::名詞 です::: か::: 。:::
企業	大::だい: 企業::きぎょう:名詞 が::: 業界::ぎょうかい:名詞 を::: 支配::しはい:名詞 し:する::動詞 て::: い:いる::動詞 ます::: 。:::
効く	その::: 薬::くすり:名詞 は::: すぐ:::副詞 に::: 効き:効く:きき:動詞 ます::: か::: 。:::
機嫌	だから::: 機嫌::きげん:名詞 が::: 良:良い:よ:形容詞 さ:::名詞 そう:::名詞 な:だ:: ん:::名詞 だ::: ね::: 。:::
岸	ボート::ぼーと:名詞 は::: 岸::きし:名詞 へ::: 打ち上げ:打ち上げる:うちあげ:動詞 られ:られる::動詞 た::: 。:::
生地	この::: 生地::きじ:名詞 は::: あの::: 生地::きじ:名詞 より::: も::: 上質::じょうしつ:名詞 です::: 。:::
記事	学校::がっこう:名詞 新聞::しんぶん:名詞 に::: 記事::きじ:名詞 を::: 書い:書く:かい:動詞 て::: い:いる::動詞 ます::: 。:::
技師	彼::かれ:名詞 は::: 技師::ぎし:名詞 に::: なり:なる::動詞 たく:たい:: 思っ:思う:おもっ:動詞 て::: い:いる::動詞 ます::: 。:::
記者	なぜなら::: 新聞::しんぶん:名詞 記者::きしゃ:名詞 だっ:だ:: た::: から::: です::: 。:::
傷	トム::とむ:名詞 は::: 右::みぎ:名詞 目の下::めのした:名詞 に::: 独特::どくとく:名詞 の::: 傷::きず:名詞 が::: ある:::動詞 。:::
期待	彼女::かのじょ:名詞 に::: 期待::きたい:名詞 する:::動詞 こと:::名詞 が::: 出来:出来る:でき:動詞 ます::: 。:::
気体	水::みず:名詞 は::: 温め:温める:あたため:動詞 られる:::動詞 と::: 、::: 気体::きたい:名詞 に::: なる:::動詞 。:::
帰宅	できれ:できる::動詞 ば::: もう:::副詞 帰宅::きたく:名詞 し:する::動詞 たい::: の:::名詞 です::: が::: 。:::
貴重	貴重::きちょう:名詞 品::ひん:名詞 を::: 預かっ:預かる:あずかっ:動詞 て::: もらえ:もらえる::動詞 ます::: か::: 。:::
議長	議長::ぎちょう:名詞 は::: 辞職::じしょく:名詞 し:する::動詞 ます::: 。:::
きちんと	外国::がいこく:名詞 語::ご:名詞 の::: 授業::じゅぎょう:名詞 で::: は::: きちんと:::副詞 出席::しゅっせき:名詞 する:::動詞 事::こと:名詞 が::: 大切::たいせつ:名詞 です::: 。:::
きつい	きつい:::形容詞 仕事::しごと:名詞 で::: とても:::副詞 疲れ:疲れる:つかれ:動詞 て::: い:いる::動詞 ます::: 。:::
気付く	先生::せんせい:名詞 は::: 生徒::せいと:名詞 の::: 間違い::まちがい:名詞 に::: 気付い:気付く:きづい:動詞 た::: 。:::
気に入る	この::: 家::いえ:名詞 が::: 本当に::ほんとうに:副詞 気に入っ:気に入る:きにいっ:動詞 て::: ます::: 。:::
記入	この::: カード::かーど:名詞 に::: 記入::きにゅう:名詞 し:する::動詞 て::: いただけ:いただける::動詞 ます::: か::: 。:::
記念	部長::ぶちょう:名詞 から::: 記念::きねん:名詞 品::ひん:名詞 を::: 頂き:頂く:いただき:動詞 まし:ます:: た::: 。:::
機能	私::わたし:名詞 の::: 知る::しる:動詞 限り::かぎり:名詞 、::: その::: よう:::名詞 な:だ:: 機能::きのう:名詞 は::: ない:::形容詞 と::: 思い:思う:おもい:動詞 ます::: 。:::
寄付	新しい::あたらしい:形容詞 病院::びょういん:名詞 に::: 寄付::きふ:名詞 を::: お願い::おねがい:名詞 いたし:いたす::動詞 ます::: 。:::
希望	弟::おとうと:名詞 は::: 海外::かいがい:名詞 留学::りゅうがく:名詞 を::: 希望::きぼう:名詞 し:する::動詞 てる:::動詞 ん:::名詞 です::: 。:::
基本	基本::きほん:名詞 的::てき:名詞 に::: あなた:::名詞 の::: 意見::いけん:名詞 に::: 賛成::さんせい:名詞 です::: 。:::
決まり	服装::ふくそう:名詞 の::: 決まり::きまり:名詞 は::: あり:ある::動詞 ます::: か::: 。:::
気味	彼::かれ:名詞 は::: 人::ひと:名詞 の::: 名前::なまえ:名詞 を::: 忘れ:忘れる:わすれ:動詞 気味::ぎみ:名詞 で:だ:: ある::: 。:::
奇妙	これ:::名詞 は::: とても:::副詞 奇妙::きみょう:名詞 な:だ:: 手紙::てがみ:名詞 です::: 。:::
義務	あなた:::名詞 を::: 助ける::たすける:動詞 の:::名詞 が::: 私::わたし:名詞 の::: 義務::ぎむ:名詞 です::: 。:::
疑問	子供::こども:名詞 に::: は::: 疑問::ぎもん:名詞 が::: たくさん:::名詞 あり:ある::動詞 ます::: 。:::
逆	しかし::: 、::: 逆::ぎゃく:名詞 も::: また::: 真::しん:名詞 で:だ:: ある::: 。:::
キャプテン	彼::かれ:名詞 は::: フットボール::ふっとぼーる:名詞 チーム::ちーむ:名詞 の::: キャプテン::きゃぷてん:名詞 です::: 。:::
キャンプ	これ:::名詞 が::: 初めて::はじめて:副詞 の::: キャンプ::*:名詞 です::: 。:::
旧	官僚::かんりょう:名詞 は::: 旧::きゅう: 法規::ほうき:名詞 の::: 改正::かいせい:名詞 に関して::にかんして: 、::: 成り行き::なりゆき:名詞 を::: 見守っ:見守る:みまもっ:動詞 て::: い:いる::動詞 ます::: 。:::
級	日本語::にほんご:名詞 検定::けんてい:名詞 の::: 二::に:名詞 級::きゅう:名詞 に::: 受かっ:受かる:うかっ:動詞 た::: 。:::
球	ボール::ぼーる:名詞 は::: 球::たま:名詞 の::: 形::かたち:名詞 を::: し:する::動詞 て::: い:いる::動詞 ます::: 。:::
休暇	トム::とむ:名詞 は::: 今日::きょう:名詞 休暇::きゅうか:名詞 を::: 取っ:取る:とっ:動詞 て::: い:いる::動詞 ます::: 。:::
休憩	休憩::きゅうけい:名詞 し:する::動詞 て::: いい:::形容詞 よ::: 。:::
急激	その::: 人口::じんこう:名詞 は::: 急激::きゅうげき:名詞 に::: 増加::ぞうか:名詞 し:する::動詞 まし:ます:: た::: 。:::
吸収	ラグ::*:名詞 は::: 音::おと:名詞 を::: 吸収::きゅうしゅう:名詞 し:する::動詞 ます::: 。:::
救助	私::わたし:名詞 たち:::名詞 は::: 彼女::かのじょ:名詞 の::: 救助::きゅうじょ:名詞 に::: 出かけ:出かける:でかけ:動詞 た::: 。:::
急速	子供::こども:名詞 時代::じだい:名詞 は::: 、::: 急速::きゅうそく:名詞 な:だ:: 成長::せいちょう:名詞 の::: 時期::じき:名詞 です::: 。:::
休息	今::いま:名詞 私::わたし:名詞 たち:::名詞 に::: 必要::ひつよう:名詞 な:だ:: の:::名詞 は::: 休息::きゅうそく:名詞 です::: 。:::
給料	給料::きゅうりょう:名詞 の::: ほか:::名詞 に::: 、::: 彼::かれ:名詞 は::: 投資::とうし:名詞 から::: も::: 金::きむ:名詞 が::: 入っ:入る:はいっ:動詞 て::: くる:::動詞 。:::
器用	トム::とむ:名詞 は::: とっても:::副詞 手先::てさき:名詞 が::: 器用::きよう:名詞 だ::: 。:::
教科書	教科書::きょうかしょ:名詞 を::: 開い:開く:ひらい:動詞 て::: ください:くださる::動詞 。:::
競技	ナンシー::なんしー:名詞 は::: 屋内::おくない:名詞 競技::きょうぎ:名詞 が::: 好き::すき:名詞 です::: 。:::
行儀	その::: 少年::しょうねん:名詞 は::: 行儀::ぎょうぎ:名詞 作法::さほう:名詞 を::: 知ら:知る:しら:動詞 ない::: 。:::
供給	現在::げんざい:名詞 、::: 医薬品::いやくひん:名詞 の::: 供給::きょうきゅう:名詞 が::: 難しく:難しい:むずかしく:形容詞 なっ:なる::動詞 て::: い:いる::動詞 ます::: 。:::
教授	教授::きょうじゅ:名詞 は::: 英会話::えいかいわ:名詞 を::: 教え:教える:おしえ:動詞 て::: いる:::動詞 。:::
強調	ぼく:::名詞 は::: この::: 点::てん:名詞 を::: 特に::とくに:副詞 強調::きょうちょう:名詞 し:する::動詞 たい::: 。:::
共通	私::わたし:名詞 たち:::名詞 に::: は::: 共通::きょうつう:名詞 点::てん:名詞 が::: あり:ある::動詞 ます::: 。:::
共同	一::いち:名詞 戸::こ:名詞 建::けん:名詞 より::: 共同::きょうどう:名詞 住宅::じゅうたく:名詞 に::: 住む::すむ:動詞 世帯::せたい:名詞 の::: 増加::ぞうか:名詞 率::りつ:名詞 の::: 方::ほう:名詞 が::: 高い::たかい:形容詞 。:::
恐怖	あなた:::名詞 の::: 最大::さいだい:名詞 の::: 恐怖::きょうふ:名詞 は::: 何::なに:名詞 です::: か::: 。:::
協力	協力::きょうりょく:名詞 者::しゃ:名詞 に対して::にたいして: は::: 賞金::しょうきん:名詞 が::: 出:出る:で:動詞 ます::: 。:::
強力	彼ら::かれら:名詞 は::: より:::副詞 強力::きょうりょく:名詞 な:だ:: 武器::ぶき:名詞 を::: 作っ:作る:つくっ:動詞 た::: 。:::
許可	上司::じょうし:名詞 に::: 許可::きょか:名詞 を::: 取っ:取る:とっ:動詞 て::: き:くる::動詞 ます::: 。:::
局	駅::えき:名詞 の::: 前::まえ:名詞 に::: 郵便::ゆうびん:名詞 局::きょく:名詞 が::: あり:ある::動詞 ます::: 。:::
巨大	あの::: 巨大::きょだい:名詞 な:だ:: 建物::たてもの:名詞 は::: なん:::名詞 です::: か::: 。:::
嫌う	トム::とむ:名詞 は::: あなた:::名詞 の::: こと:::名詞 を::: 嫌っ:嫌う:きらっ:動詞 て::: い:いる::動詞 ます::: 。:::
霧	今日::きょう:名詞 は::: 霧::きり:名詞 が::: かかっ:かかる::動詞 て::: い:いる::動詞 ます::: 。:::
切れ	布::ぬの:名詞 の::: 切れ::きれ:名詞 を::: 集め:集める:あつめ:動詞 て::: い:いる::動詞 ます::: 。:::
切れる	バッテリー::ばってりー:名詞 が::: 切れ:切れる:きれ:動詞 た::: 。:::
議論	中絶::ちゅうぜつ:名詞 問題::もんだい:名詞 で::: 議論::ぎろん:名詞 が::: 二分::にぶん:名詞 し:する::動詞 て::: い:いる::動詞 ます::: 。:::
銀	銀::ぎん:名詞 と::: ブリキ::ぶりき:名詞 の::: 区別::くべつ:名詞 が::: つき:つく::動詞 ます::: か::: 。:::
禁煙	禁煙::きんえん:名詞 席::せき:名詞 は::: あり:ある::動詞 ます::: か::: 。:::
金額	金額::きんがく:名詞 は::: いくら:::名詞 でも::: いい:::形容詞 ん:::名詞 です::: 。:::
金庫	トム::とむ:名詞 は::: 金庫::きんこ:名詞 を::: 開け:開ける:あけ:動詞 て::: パスポート::ぱすぽーと:名詞 を::: 取り出し:取り出す:とりだし:動詞 た::: 。:::
禁止	ここ:::名詞 は::: 水泳::すいえい:名詞 禁止::きんし:名詞 と::: なっ:なる::動詞 て::: い:いる::動詞 ます::: 。:::
金銭	彼::かれ:名詞 は::: 金銭::きんせん:名詞 に::: むとんじゃく:::名詞 で:だ:: ある::: 。:::
金属	ニッケル::にっける:名詞 は::: 硬い::かたい:形容詞 銀::ぎん:名詞 白色::はくしょく:名詞 の::: 金属::きんぞく:名詞 です::: 。:::
近代	近代::きんだい:名詞 的::てき:名詞 方法::ほうほう:名詞 で::: 産業::さんぎょう:名詞 は::: 向上::こうじょう:名詞 し:する::動詞 た::: 。:::
緊張	緊張::きんちょう:名詞 し:する::動詞 て::: い:いる::動詞 ます::: 。:::
筋肉	体::からだ:名詞 中::ちゅう:名詞 の::: 筋肉::きんにく:名詞 が::: 痛い::いたい:形容詞 です::: 。:::
金融	国際::こくさい:名詞 金融::きんゆう:名詞 で::: 仕事::しごと:名詞 を::: 続ける::つづける:動詞 つもり:::名詞 です::: 。:::
句	この::: 句::く:名詞 は::: どう:::副詞 意味::いみ:名詞 です::: か::: 。:::
食う	トム::とむ:名詞 の::: こと:::名詞 が::: 気::き:名詞 に::: 食わ:食う:くわ:動詞 なかっ:ない:: た::: 。:::
偶然	この::: 物語::ものがたり:名詞 に::: は::: 偶然::ぐうぜん:名詞 が::: 多い::おおい:形容詞 です::: 。:::
臭い	この::: 魚::さかな:名詞 は::: 臭い::くさい:形容詞 です::: 。:::
鎖	ジョージ::じょーじ:名詞 は::: その::: 犬::いぬ:名詞 に::: 鎖::くさり:名詞 を::: つけ:つける::動詞 た::: 。:::
腐る	肉::にく:名詞 が::: 腐っ:腐る:くさっ:動詞 た::: の:::名詞 は::: 暑:暑い:あつ:形容詞 さ:::名詞 の::: ため:::名詞 です::: 。:::
癖	それ:::名詞 が::: まさに:::副詞 彼女::かのじょ:名詞 の::: 癖::くせ:名詞 です::: 。:::
管	細い::ほそい:形容詞 管::かん:名詞 に::: 水::みず:名詞 を::: 通し:通す:とおし:動詞 ます::: 。:::
具体	それ:::名詞 は::: とても:::副詞 具体::ぐたい:名詞 的::てき:名詞 な:だ:: 質問::しつもん:名詞 です::: 。:::
下り	川::かわ:名詞 下り::くだり:名詞 で::: びしょびしょ:::名詞 に::: なっ:なる::動詞 た::: 。:::
苦痛	医学::いがく:名詞 の::: 革新::かくしん:名詞 は::: 苦痛::くつう:名詞 から::: 私::わたし:名詞 たち:::名詞 を::: 取り除く::とりのぞく:動詞 最良::さいりょう:名詞 の::: 方法::ほうほう:名詞 です::: 。:::
ぐっすり	ぐっすり:::副詞 寝:寝る:ね:動詞 て::: ね::: 、::: ティミー::*:名詞 坊や::ぼうや:名詞 。:::
区別	良い::よい:形容詞 英語::えいご:名詞 と::: 、::: 悪い::わるい:形容詞 英語::えいご:名詞 は::: どの::: よう:::名詞 に::: し:する::動詞 て::: 区別::くべつ:名詞 でき:できる::動詞 ます::: か::: 。:::
組	パーシー::*:名詞 という::: 人::ひと:名詞 が::: 君::きみ:名詞 の::: 組::くみ:名詞 に::: い:いる::動詞 ます::: か::: 。:::
組合	労働::ろうどう:名詞 組合::くみあい:名詞 は::: スト::すと:名詞 を::: 呼びかけ:呼びかける:よびかけ:動詞 た::: 。:::
組む	あまっ:あまる::動詞 た::: 生徒::せいと:名詞 は::: 先生::せんせい:名詞 と::: 組み:組む:くみ:動詞 ます::: 。:::
汲む	バケツ::ばけつ:名詞 に::: 水::みず:名詞 を::: 汲ん:汲む:くん:動詞 で::: くる:::動詞 よ::: 。:::
悔しい	彼::かれ:名詞 は::: 事業::じぎょう:名詞 の::: 失敗::しっぱい:名詞 を::: 悔し:悔しい:くやし:形容詞 がっ:がる::動詞 た::: 。:::
位	どれ:::名詞 位::い:名詞 かかり:かかる::動詞 ます::: か::: 。:::
暮らし	トム::とむ:名詞 と::: メアリー::めありー:名詞 は::: 、::: スマート::すまーと:名詞 ハウス::はうす:名詞 で::: 暮らし:暮らす:くらし:動詞 て::: い:いる::動詞 ます::: 。:::
クラシック	クラシック::くらしっく:名詞 音楽::おんがく:名詞 が::: 好き::すき:名詞 な:だ:: ん:::名詞 です::: 。:::
暮らす	トム::とむ:名詞 と::: メアリー::めありー:名詞 は::: 、::: スマート::すまーと:名詞 ホーム::ほーむ:名詞 で::: 暮らし:暮らす:くらし:動詞 て::: い:いる::動詞 ます::: 。:::
グラス	グラス::ぐらす:名詞 ワイン::わいん:名詞 の::: 赤::あか:名詞 を::: お願い::おねがい:名詞 し:する::動詞 ます::: 。:::
グランド	グランド::ぐらんど:名詞 ホテル::ほてる:名詞 まで::: の::: 送迎::そうげい:名詞 バス::ばす:名詞 乗り場::のりば:名詞 は::: どこ:::名詞 です::: か::: 。:::
クリーム	コーヒー::こーひー:名詞 に::: クリーム::くりーむ:名詞 は::: いかが:::名詞 です::: か::: 。:::
繰り返す	その::: よう:::名詞 な:だ:: こと:::名詞 が::: また:::副詞 繰り返さ:繰り返す:くりかえさ:動詞 れる:::動詞 と::: 思い:思う:おもい:動詞 ます::: か::: 。:::
クリスマス	クリスマス::くりすます:名詞 に::: 家族::かぞく:名詞 と::: 過ごし:過ごす:すごし:動詞 ます::: 。:::
狂う	時計::とけい:名詞 が::: 狂っ:狂う:くるっ:動詞 て::: い:いる::動詞 ます::: 。:::
グループ	学生::がくせい:名詞 の::: グループ::ぐるーぷ:名詞 が::: 一緒::いっしょ:名詞 に::: 歩き:歩く:あるき:動詞 ます::: 。:::
苦しい	彼::かれ:名詞 の::: 家族::かぞく:名詞 は::: かなり:::副詞 生活::せいかつ:名詞 が::: 苦しい::くるしい:形容詞 。:::
苦しむ	私::わたし:名詞 は::: まだ:::副詞 時差::じさ:名詞 ぼけ:::名詞 に::: 苦しん:苦しむ:くるしん:動詞 で::: い:いる::動詞 ます::: 。:::
暮れ	毎日::まいにち:名詞 、::: 信二::しんじ:名詞 は::: 日::ひ:名詞 が::: 暮れ:暮れる:くれ:動詞 て::: から::: 散歩::さんぽ:名詞 に::: 出かけ:出かける:でかけ:動詞 ます::: 。:::
苦労	トム::とむ:名詞 は::: しばしば:::副詞 物::もの:名詞 を::: 覚える::おぼえる:動詞 の:::名詞 に::: 苦労::くろう:名詞 する:::動詞 。:::
加える	千::せん:名詞 に::: 百::ひゃく:名詞 を::: 加える::くわえる:動詞 と::: 千::せん:名詞 百::ひゃく:名詞 に::: なる:::動詞 。:::
加わる	トム::とむ:名詞 が::: チーム::ちーむ:名詞 に::: 加わっ:加わる:くわわっ:動詞 た::: 。:::
軍	家::いえ:名詞 から::: 遠く:遠い:とおく:形容詞 ない::: ところ:::名詞 に::: ある:::動詞 の:::名詞 は::: 軍::ぐん:名詞 の::: 病院::びょういん:名詞 です::: 。:::
郡	これ:::名詞 は::: 豊能::とよの:名詞 郡::ぐん:名詞 の::: 地図::ちず:名詞 です::: 。:::
軍隊	軍隊::ぐんたい:名詞 に::: 入り:入る:はいり:動詞 たい::: ん:::名詞 です::: 。:::
訓練	あの::: 学校::がっこう:名詞 で::: 訓練::くんれん:名詞 を::: 受け:受ける:うけ:動詞 た::: ん:::名詞 です::: 。:::
計	例えば::たとえば: 、::: 温度::おんど:名詞 計::けい:名詞 や::: 気圧::きあつ:名詞 計::けい:名詞 など::: の::: 計器::けいき:名詞 は::: 器具::きぐ:名詞 です::: 。:::
敬意	どんな::: 相手::あいて:名詞 で::: も::: 敬意::けいい:名詞 を::: 持っ:持つ:もっ:動詞 て::: 戦う::たたかう:動詞 だけ::: です::: 。:::
経営	私::わたし:名詞 の::: おじ:::名詞 は::: 商社::しょうしゃ:名詞 を::: 経営::けいえい:名詞 し:する::動詞 て::: い:いる::動詞 ます::: 。:::
景気	景気::けいき:名詞 が::: よく:::副詞 なっ:なる::動詞 て::: き:くる::動詞 て::: い:いる::動詞 ます::: 。:::
傾向	日本::にっぽん:名詞 の::: 若者::わかもの:名詞 は::: 流行::りゅうこう:名詞 に::: 乗る::のる:動詞 傾向::けいこう:名詞 が::: あり:ある::動詞 ます::: 。:::
警告	トム::とむ:名詞 に::: 警告::けいこく:名詞 し:する::動詞 ます::: 。:::
計算	ジョージ::じょーじ:名詞 は::: 旅行::りょこう:名詞 に::: かかる:::動詞 費用::ひよう:名詞 を::: 計算::けいさん:名詞 し:する::動詞 た::: 。:::
掲示	この::: 掲示::けいじ:名詞 は::: なんと:::副詞 書い:書く:かい:動詞 て::: ある:::動詞 の:::名詞 です::: か::: 。:::
刑事	二::に:名詞 人::にん:名詞 の::: 刑事::けいじ:名詞 が::: 容疑::ようぎ:名詞 者::しゃ:名詞 を::: つけ:つける::動詞 た::: 。:::
芸術	彼::かれ:名詞 が::: 偉大::いだい:名詞 な:だ:: 芸術::げいじゅつ:名詞 家::か:名詞 で:だ:: ある::: こと:::名詞 は::: はっきり:::副詞 し:する::動詞 て::: いる:::動詞 。:::
契約	契約::けいやく:名詞 に関する::にかんする: 大切::たいせつ:名詞 な:だ:: ご::: 案内::あんない:名詞 です::: 。:::
経由	経由::けいゆ:名詞 地::ち:名詞 は::: どこ:::名詞 です::: か::: 。:::
ケース	私::わたし:名詞 が::: この::: ケース::けーす:名詞 を::: あなた:::名詞 の::: 所::ところ:名詞 まで::: 運び:運ぶ:はこび:動詞 ます::: 。:::
ゲーム	この::: ゲーム::げーむ:名詞 は::: フィクション::ふぃくしょん:名詞 です::: 。:::
劇	学生::がくせい:名詞 全員::ぜんいん:名詞 が::: 劇::げき:名詞 に::: 参加::さんか:名詞 し:する::動詞 て::: い:いる::動詞 ます::: 。:::
劇場	今夜::こんや:名詞 は::: 劇場::げきじょう:名詞 に::: いく:::動詞 つもり:::名詞 です::: か::: 。:::
化粧	お::: 肌::はだ:名詞 の::: 手入れ::ていれ:名詞 、::: お::: 化粧::けしょう:名詞 で::: 忙しい::いそがしい:形容詞 です::: 。:::
けち	金持ち::かねもち:名詞 は::: けち:::名詞 で:だ:: ある::: こと:::名詞 が::: 多い::おおい:形容詞 。:::
血液	血液::けつえき:名詞 検査::けんさ:名詞 の::: 結果::けっか:名詞 が::: 気::き:名詞 に::: なり:なる::動詞 ます::: 。:::
結果	検査::けんさ:名詞 の::: 結果::けっか:名詞 が::: 出:出る:で:動詞 たら:た:: 電話::でんわ:名詞 し:する::動詞 ます::: 。:::
欠陥	現代::げんだい:名詞 の::: 教育::きょういく:名詞 制度::せいど:名詞 に::: は::: どんな::: 欠陥::けっかん:名詞 が::: 見:見る:み:動詞 られ:られる::動詞 ます::: か::: 。:::
決心	私::わたし:名詞 は::: 医者::いしゃ:名詞 に::: なる:::動詞 決心::けっしん:名詞 を::: し:する::動詞 た::: 。:::
欠席	今日::きょう:名詞 の::: 英語::えいご:名詞 の::: 授業::じゅぎょう:名詞 は::: 欠席::けっせき:名詞 し:する::動詞 ます::: 。:::
決定	ご::: 決定::けってい:名詞 に::: は::: 賛成::さんせい:名詞 いたし:いたす::動詞 かね:かねる::動詞 ます::: 。:::
欠点	欠点::けってん:名詞 が::: ある:::動詞 けど::: やはり:::副詞 彼::かれ:名詞 が::: 好き::すき:名詞 です::: 。:::
結論	結論::けつろん:名詞 を::: 出す::だす:動詞 前::まえ:名詞 に::: 、::: 一度::いちど:副詞 トム::とむ:名詞 の::: 意見::いけん:名詞 を::: 聞い:聞く:きい:動詞 て::: おき:おく::動詞 たい::: な::: 。:::
煙	エンジン::えんじん:名詞 から::: 、::: 煙::けむり:名詞 が::: もくもく:::副詞 出:出る:で:動詞 て:てる::動詞 た::: よ::: 。:::
蹴る	ボール::ぼーる:名詞 を::: 強く:強い:つよく:形容詞 蹴り:蹴る:けり:動詞 ます::: 。:::
券	国内::こくない:名詞 便::びん:名詞 の::: 安い::やすい:形容詞 航空::こうくう:名詞 券::けん:名詞 は::: あり:ある::動詞 ます::: か::: 。:::
県	千葉::ちば:名詞 県::けん:名詞 の::: 県庁::けんちょう:名詞 所在地::しょざいち:名詞 は::: 千葉::ちば:名詞 市::し:名詞 です::: 。:::
見解	私::わたし:名詞 たち:::名詞 の::: 見解::けんかい:名詞 は::: 、::: 全く::まったく:副詞 違い:違う:ちがい:動詞 ます::: 。:::
限界	これ:::名詞 が::: 私::わたし:名詞 が::: 読める::よめる:動詞 限界::げんかい:名詞 です::: 。:::
言語	言語::げんご:名詞 が::: 好き::すき:名詞 です::: 。:::
健康	健康::けんこう:名詞 上::じょう:名詞 の::: 理由::りゆう:名詞 で::: 仕事::しごと:名詞 を::: 辞め:辞める:やめ:動詞 ます::: 。:::
検査	検査::けんさ:名詞 し:する::動詞 て::: いただき:いただく::動詞 たい::: の:::名詞 です::: 。:::
現実	まず:::副詞 最初::さいしょ:名詞 に::: 、::: 現実::げんじつ:名詞 を::: お話し::おはなし:名詞 し:する::動詞 たい::: と::: 思い:思う:おもい:動詞 ます::: 。:::
現象	見:見る:み:動詞 た::: こと:::名詞 ない:::形容詞 現象::げんしょう:名詞 だ::: 。:::
現状	現状::げんじょう:名詞 の::: まま:::名詞 に::: し:する::動詞 て::: おき:おく::動詞 ます::: 。:::
建設	その::: ビル::びる:名詞 の::: 建設::けんせつ:名詞 は::: 来年::らいねん:名詞 着工::ちゃっこう:名詞 さ:する::動詞 れ:れる::動詞 ます::: 。:::
現代	この::: 建物::たてもの:名詞 は::: 現代::げんだい:名詞 的::てき:名詞 に::: 見える::みえる:動詞 。:::
建築	この::: 建築::けんちく:名詞 物::ぶつ:名詞 は::: モスク::もすく:名詞 です::: 。:::
見当	彼::かれ:名詞 の::: 言う::いう:動詞 こと:::名詞 は::: 見当::けんとう:名詞 違い::ちがい:名詞 の::: よう:::名詞 です::: 。:::
検討	ご::: 検討::けんとう:名詞 の::: 程::ほど:名詞 、::: ありがとう::: ござい:ござる:: ます::: 。:::
憲法	日本国::にっぽんこく:名詞 憲法::けんぽう:名詞 を::: 読ん:読む:よん:動詞 だ::: こと:::名詞 が::: あり:ある::動詞 ます::: か::: 。:::
権利	全て::すべて:名詞 の::: 権利::けんり:名詞 を::: 保有::ほゆう:名詞 し:する::動詞 ます::: 。:::
碁	父::ちち:名詞 は::: 碁::ご:名詞 を::: やり:やる::動詞 ます::: 。:::
恋	彼女::かのじょ:名詞 は::: 恋::こい:名詞 を::: し:する::動詞 た::: こと:::名詞 が::: あり:ある::動詞 ます::: か::: 。:::
恋人	恋愛::れんあい:名詞 の::: 悩み::なやみ:名詞 は::: 恋人::こいびと:名詞 に::: 相談::そうだん:名詞 する:::動詞 の:::名詞 が::: 一番::いちばん:名詞 だ::: よ::: 。:::
幸運	幸運::こううん:名詞 を::: お祈り::おいのり:名詞 いたし:いたす::動詞 ます::: 。:::
講演	その::: 講演::こうえん:名詞 を::: 聞き:聞く:きき:動詞 逃し:逃す:のがし:動詞 て::: 残念::ざんねん:名詞 です::: 。:::
効果	この::: 薬::くすり:名詞 は::: 男性::だんせい:名詞 に::: のみ::: 効果::こうか:名詞 が::: あり:ある::動詞 ます::: 。:::
硬貨	電話::でんわ:名詞 を::: かける:::動詞 ため:::名詞 、::: ポケット::ぽけっと:名詞 に::: 手::て:名詞 を::: 入れ:入れる:いれ:動詞 て::: 硬貨::こうか:名詞 を::: 捜し:捜す:さがし:動詞 た::: 。:::
高価	それ:::名詞 は::: 高価::こうか:名詞 で:だ:: は::: ない::: 。:::
豪華	豪華::ごうか:名詞 キャンペーン::きゃんぺーん:名詞 と::: なっ:なる::動詞 て::: おり:おる::動詞 ます::: 。:::
合格	田中::たなか:名詞 さん:::名詞 は::: 試験::しけん:名詞 に::: 合格::ごうかく:名詞 し:する::動詞 た::: みたい:::名詞 です::: 。:::
交換	彼女::かのじょ:名詞 は::: 外国::がいこく:名詞 から::: の::: 交換::こうかん:名詞 学生::がくせい:名詞 です::: 。:::
航空	航空::こうくう:名詞 便::びん:名詞 だ::: と::: いくら:::副詞 かかり:かかる::動詞 ます::: か::: 。:::
光景	その::: 光景::こうけい:名詞 を::: 見:見る:み:動詞 て::: 私::わたし:名詞 は::: ぞっと:::副詞 し:する::動詞 た::: 。:::
合計	合計::ごうけい:名詞 で::: いくら:::名詞 です::: か::: 。:::
攻撃	どちら:::名詞 の::: 側::がわ:名詞 が::: 攻撃::こうげき:名詞 し:する::動詞 て::: いる:::動詞 の:::名詞 です::: か::: 。:::
貢献	彼::かれ:名詞 は::: 新しい::あたらしい:形容詞 技術::ぎじゅつ:名詞 を::: 開発::かいはつ:名詞 し:する::動詞 、::: 社会::しゃかい:名詞 に::: 貢献::こうけん:名詞 し:する::動詞 たい::: と::: 考え:考える:かんがえ:動詞 て::: い:いる::動詞 ます::: 。:::
広告	私::わたし:名詞 は::: その::: 求人::きゅうじん:名詞 広告::こうこく:名詞 に::: 応募::おうぼ:名詞 し:する::動詞 たい::: と::: 思い:思う:おもい:動詞 ます::: 。:::
交際	その::: 老人::ろうじん:名詞 は::: 人::ひと:名詞 と::: 交際::こうさい:名詞 し:する::動詞 なかっ:ない:: た::: 。:::
校舎	新しい::あたらしい:形容詞 校舎::こうしゃ:名詞 が::: 建設::けんせつ:名詞 中::ちゅう:名詞 です::: 。:::
後者	この::: うち:::名詞 大事::だいじ:名詞 な:だ:: の:::名詞 は::: 後者::こうしゃ:名詞 の::: 方::ほう:名詞 です::: 。:::
公正	公正::こうせい:名詞 に::: 見れ:見る:みれ:動詞 ば::: 彼::かれ:名詞 は::: 勤勉::きんべん:名詞 で:だ:: 親切::しんせつ:名詞 だ::: 。:::
構成	委員::いいん:名詞 会::かい:名詞 は::: 十::じゅう:名詞 名::めい:名詞 で::: 構成::こうせい:名詞 さ:する::動詞 れ:れる::動詞 て::: いる:::動詞 。:::
高速	昨日::きのう:名詞 、::: 高速::こうそく:名詞 道路::どうろ:名詞 で::: 事故::じこ:名詞 が::: あっ:ある::動詞 た::: 。:::
行動	今::こん: 必要::ひつよう:名詞 な:だ:: の:::名詞 は::: 言葉::ことば:名詞 で::: は::: なく:ない::形容詞 行動::こうどう:名詞 だ::: 。:::
強盗	警察::けいさつ:名詞 は::: 強盗::ごうとう:名詞 を::: 捜し:捜す:さがし:動詞 て::: い:いる::動詞 ます::: 。:::
後輩	トム::とむ:名詞 は::: 高校::こうこう:名詞 の::: 後輩::こうはい:名詞 です::: 。:::
幸福	私::わたし:名詞 たち:::名詞 は::: 幸福::こうふく:名詞 です::: 。:::
公平	橋本::はしもと:名詞 先生::せんせい:名詞 は::: 私::わたし:名詞 たち:::名詞 に::: 公平::こうへい:名詞 です::: 。:::
候補	その::: 候補::こうほ:名詞 者::しゃ:名詞 は::: 私::わたし:名詞 達::たち:名詞 が::: 尊敬::そんけい:名詞 できる:::動詞 よう:::名詞 な:だ:: 人::ひと:名詞 です::: 。:::
考慮	インフレ::いんふれ:名詞 を::: 考慮::こうりょ:名詞 し:する::動詞 た::: 数値::すうち:名詞 です::: 。:::
越える	明日::あした:名詞 中::ちゅう:名詞 に::: は::: 国境::こっきょう:名詞 を::: 越え:越える:こえ:動詞 ます::: 。:::
超える	あなた:::名詞 の::: 車::くるま:名詞 は::: 制限::せいげん:名詞 速度::そくど:名詞 を::: 超え:超える:こえ:動詞 た::: 。:::
コーチ	そして::: 、::: 私::わたし:名詞 が::: あなた:::名詞 達::たち:名詞 の::: コーチ::*:名詞 です::: 。:::
コード	最終::さいしゅう:名詞 結果::けっか:名詞 に::: は::: 結果::けっか:名詞 コード::こーど:名詞 が::: 含ま:含む:ふくま:動詞 れ:れる::動詞 ます::: 。:::
氷	飲み物::のみもの:名詞 に::: 氷::こおり:名詞 を::: 入れ:入れる:いれ:動詞 ます::: 。:::
凍る	水::みず:名詞 が::: 凍っ:凍る:こおっ:動詞 た::: とき:::名詞 、::: それ:::名詞 を::: 何と::なんと:副詞 呼び:呼ぶ:よび:動詞 ます::: か::: 。:::
ゴール	彼女::かのじょ:名詞 が::: 最後::さいご:名詞 に::: ゴール::ごーる:名詞 し:する::動詞 た::: 人::ひと:名詞 です::: 。:::
誤解	私::わたし:名詞 の::: こと:::名詞 を::: 誤解::ごかい:名詞 し:する::動詞 ない::: で::: ください:くださる::動詞 。:::
語学	この::: 文::ぶん:名詞 は::: 、::: 語学::ごがく:名詞 学習::がくしゅう:名詞 者::しゃ:名詞 に::: は::: 役に立た:役に立つ:やくにたた:動詞 ない::: よ::: 。:::
呼吸	この::: 装置::そうち:名詞 で::: 人間::にんげん:名詞 が::: 水中::すいちゅう:名詞 で::: 呼吸::こきゅう:名詞 でき:できる::動詞 ます::: 。:::
故郷	アンドロメダ::*:名詞 銀河::ぎんが:名詞 は::: 故郷::こきょう:名詞 です::: 。:::
国語	あなた:::名詞 は::: 英語::えいご:名詞 と::: 国語::こくご:名詞 どちら:::名詞 が::: 好き::すき:名詞 です::: か::: 。:::
国籍	彼::かれ:名詞 の::: 国籍::こくせき:名詞 は::: どこ:::名詞 です::: か::: 。:::
黒板	黒板::こくばん:名詞 は::: 何::なに:名詞 が::: 書か:書く:かか:動詞 れ:れる::動詞 た::: の:::名詞 です::: か::: 。:::
克服	円::えん:名詞 高::だか:名詞 克服::こくふく:名詞 は::: 大::だい: 問題::もんだい:名詞 です::: 。:::
国民	あの::: 政治::せいじ:名詞 家::か:名詞 は::: 職権::しょっけん:名詞 乱用::らんよう:名詞 で::: 国民::こくみん:名詞 の::: 反感::はんかん:名詞 を::: 買っ:買う:かっ:動詞 た::: 。:::
穀物	穀物::こくもつ:名詞 を::: 作る::つくる:動詞 の:::名詞 に::: 必要::ひつよう:名詞 な:だ:: 材料::ざいりょう:名詞 は::: あり:ある::動詞 ます::: か::: 。:::
腰	腰::こし:名詞 に::: 強い::つよい:形容詞 痛み::いたみ:名詞 が::: ある:::動詞 ん:::名詞 です::: 。:::
胡椒	塩::しお:名詞 胡椒::こしょう:名詞 で::: 味::あじ:名詞 を::: 調え:調える:ととのえ:動詞 ます::: 。:::
個人	トム::とむ:名詞 の::: こと:::名詞 は::: 個人::こじん:名詞 的::てき:名詞 に::: 知っ:知る:しっ:動詞 て::: ます::: よ::: 。:::
越す	ぜひ:::副詞 また::: お::: 越し:越す:こし:動詞 ください:くださる::動詞 。:::
超す	それ:::名詞 に::: 超し:超す:こし:動詞 た::: こと:::名詞 は::: ない::: 。:::
国家	台湾::たいわん:名詞 は::: 国家::こっか:名詞 です::: 。:::
国会	国会::こっかい:名詞 は::: 閉会::へいかい:名詞 し:する::動詞 て::: 夏休み::なつやすみ:名詞 に::: 入っ:入る:はいっ:動詞 た::: 。:::
国境	この::: 家::いえ:名詞 は::: マレーシア::まれーしあ:名詞 と::: インドネシア::いんどねしあ:名詞 の::: 国境::こっきょう:名詞 の::: 近く::ちかく:名詞 に::: あり:ある::動詞 ます::: 。:::
骨折	骨折::こっせつ:名詞 し:する::動詞 た::: こと:::名詞 は::: あり:ある::動詞 ます::: か::: 。:::
小包	これ:::名詞 を::: 小包::こづつみ:名詞 郵便::ゆうびん:名詞 で::: 送る::おくる:動詞 の:::名詞 です::: か::: 。:::
琴	彼女::かのじょ:名詞 は::: 琴::きん:名詞 を::: 弾く::ひく:動詞 こと:::名詞 が::: とても:::副詞 好き::すき:名詞 だ::: 。:::
異なる	これ:::名詞 は::: 、::: 通常::つうじょう:名詞 の::: 値引き::ねびき:名詞 と::: は::: 異なり:異なる:ことなり:動詞 ます::: 。:::
諺	ウェールズ::うぇーるず:名詞 に::: 諺::ことわざ:名詞 が::: あり:ある::動詞 ます::: 。:::
粉	彼ら::かれら:名詞 は::: 小麦::こむぎ:名詞 を::: ひい:ひく::動詞 て::: 粉::こな:名詞 に::: し:する::動詞 ます::: 。:::
好み	これ:::名詞 は::: 私::わたし:名詞 の::: 好み::このみ:名詞 に::: ぴったり:::名詞 です::: 。:::
好む	私::わたし:名詞 は::: 飛行機::ひこうき:名詞 の::: 方::ほう:名詞 を::: 好み:好む:このみ:動詞 ます::: 。:::
こぼす	うどん:::名詞 を::: ゆでる:::動詞 と::: よく:::副詞 ふき:::名詞 こぼす:::動詞 。:::
こぼれる	そんな::: 運び:運ぶ:はこび:動詞 方::かた:名詞 じゃ::: 絶対::ぜったい:名詞 こぼれる:::動詞 って::: 。:::
塵	塵::ちり:名詞 を::: 集め:集める:あつめ:動詞 て::: 捨て:捨てる:すて:動詞 ます::: 。:::
小麦	いつ:::名詞 小麦::こむぎ:名詞 の::: 取り入れ::とりいれ:名詞 を::: する:::動詞 の:::名詞 です::: か::: 。:::
ごめんなさい	遅刻::ちこく:名詞 し:する::動詞 て::: ごめんなさい::: 。:::
小屋	ダム::だむ:名詞 の::: 底::そこ:名詞 に::: 水車::すいしゃ:名詞 小屋::こや:名詞 が::: あっ:ある::動詞 た::: 。:::
これら	これら:::名詞 の::: 中::なか:名詞 から::: 選ぶ::えらぶ:動詞 わけ:::名詞 です::: か::: 。:::
殺す	虫::むし:名詞 を::: 殺さ:殺す:ころさ:動詞 ない::: で::: ください:くださる::動詞 。:::
転ぶ	転ん:転ぶ:ころん:動詞 だ::: 時::とき:名詞 、::: 手首::てくび:名詞 を::: 折っ:折る:おっ:動詞 た::: 。:::
今回	今回::こんかい:名詞 は::: 信じ:信じる:しんじ:動詞 て:てる::動詞 た::: のに::: 完全::かんぜん:名詞 に::: 失望::しつぼう:名詞 し:する::動詞 た::: よ::: 。:::
今後	今後::こんご:名詞 は::: 、::: フランス語::ふらんすご:名詞 で::: 話し:話す:はなし:動詞 ます::: 。:::
混雑	いつも:::副詞 こんなに:::副詞 混雑::こんざつ:名詞 し:する::動詞 て::: いる:::動詞 の:::名詞 です::: か::: 。:::
こんなに	こんなに:::副詞 かかる:::動詞 と::: は::: 思っ:思う:おもっ:動詞 て::: い:いる::動詞 なかっ:ない:: た::: 。:::
困難	もう:::副詞 わたし:::名詞 は::: とても:::副詞 年::とし:名詞 を::: とっ:とる::動詞 た::: から::: 歩く::あるく:動詞 こと:::名詞 が::: 困難::こんなん:名詞 だ::: 。:::
婚約	ご::: 婚約::こんやく:名詞 おめでとう::: ござい:ござる:: ます::: 。:::
混乱	ちょっと:::副詞 混乱::こんらん:名詞 し:する::動詞 て::: い:いる::動詞 ます::: 。:::
差	各社::かくしゃ:名詞 、::: 対応::たいおう:名詞 に::: 大きな::おおきな: 差::さ:名詞 が::: あり:ある::動詞 ます::: 。:::
サービス	こちら:::名詞 は::: サービス::さーびす:名詞 で:だ:: ござい:ござる:: ます::: 。:::
際	言語::げんご:名詞 を::: 学ぶ::まなぶ:動詞 際::さい:名詞 に::: 間違う::まちがう:動詞 こと:::名詞 を::: 恐れ:恐れる:おそれ:動詞 て::: は::: いけ:いける::動詞 ない::: の:::名詞 です::: 。:::
最高	これ:::名詞 が::: 断然::だんぜん:副詞 最高::さいこう:名詞 の::: 方法::ほうほう:名詞 です::: 。:::
財産	私::わたし:名詞 達::たち:名詞 は::: この::: 財産::ざいさん:名詞 の::: 権利::けんり:名詞 は::: あなた:::名詞 に::: ある:::動詞 と::: 認め:認める:みとめ:動詞 ます::: 。:::
最終	今日::きょう:名詞 は::: 私::わたし:名詞 たち:::名詞 の::: 最終::さいしゅう:名詞 学::がく:名詞 日::び:名詞 です::: 。:::
最中	彼::かれ:名詞 は::: 遊び::あそび:名詞 の::: 最中::さいちゅう:名詞 です::: 。:::
最低	チェコ::ちぇこ:名詞 の::: 最低::さいてい:名詞 賃金::ちんぎん:名詞 は::: いくら:::名詞 です::: か::: 。:::
才能	メグ::めぐ:名詞 に::: は::: 語学::ごがく:名詞 の::: 才能::さいのう:名詞 が::: あり:ある::動詞 ます::: 。:::
裁判	裁判::さいばん:名詞 の::: 結果::けっか:名詞 を::: 待っ:待つ:まっ:動詞 て::: い:いる::動詞 ます::: 。:::
幸い	もう少し::もうすこし:副詞 お待ち::おまち:名詞 いただける:::動詞 と::: 幸い::さいわい:名詞 です::: 。:::
サイン	彼::かれ:名詞 は::: ペン::ぺん:名詞 を::: 取り出し:取り出す:とりだし:動詞 て::: 小切手::こぎって:名詞 に::: サイン::さいん:名詞 し:する::動詞 た::: 。:::
境	ドイツ::どいつ:名詞 は::: フランス::ふらんす:名詞 と::: 境::さかい:名詞 を::: 接し:接す:せっし:動詞 て::: いる:::動詞 。:::
逆らう	お父さん::おとうさん:名詞 に::: 逆らっ:逆らう:さからっ:動詞 て::: は::: いけ:いける::動詞 ない::: 。:::
盛り	どんな::: 人::ひと:名詞 で::: も::: 盛り::もり:名詞 の::: 時::とき:名詞 は::: ある:::動詞 。:::
作業	私::わたし:名詞 の::: 父::ちち:名詞 は::: ガレージ::がれーじ:名詞 作業::さぎょう:名詞 が::: 好き::すき:名詞 です::: 。:::
裂く	彼::かれ:名詞 は::: その::: 新聞::しんぶん:名詞 を::: 半分::はんぶん:名詞 に::: 裂い:裂く:さい:動詞 た::: 。:::
昨	おじ:::名詞 は::: 私::わたし:名詞 に::: 昨::さく: 日本::にっぽん:名詞 を::: くれ:くれる::動詞 まし:ます:: た::: 。::: これ:::名詞 が::: その::: 本::ほん:名詞 です::: 。:::
作品	ミルトン::*:名詞 の::: 作品::さくひん:名詞 を::: 読ん:読む:よん:動詞 だ::: こと:::名詞 が::: あり:ある::動詞 ます::: か::: 。:::
作物	作物::さくもつ:名詞 に::: は::: 雨::あめ:名詞 が::: 必要::ひつよう:名詞 だ::: 。:::
桜	桜::さくら:名詞 の::: 季節::きせつ:名詞 が::: 大好き::だいすき:名詞 です::: 。:::
酒	早く:早い:はやく:形容詞 お::: 酒::さけ:名詞 飲める::のめる:動詞 歳::とし:名詞 に::: なり:なる::動詞 たい::: なあ::: 。:::
叫ぶ	そんなに:::副詞 叫ば:叫ぶ:さけば:動詞 なく:ない:: て::: も::: 聞こえ:聞こえる:きこえ:動詞 ます::: 。:::
避ける	ストレス::すとれす:名詞 を::: 避ける::さける:動詞 こと:::名詞 が::: 必要::ひつよう:名詞 です::: 。:::
刺さる	指::ゆび:名詞 に::: とげ:::名詞 が::: 刺さっ:刺さる:ささっ:動詞 て::: 取れ:取れる:とれ:動詞 ない::: ん:::名詞 だ::: 。:::
刺す	あの::: 虫::むし:名詞 たち:::名詞 は::: 刺し:刺す:さし:動詞 ます::: か::: 。:::
指す	人::ひと:名詞 を::: 指す::さす:動詞 の:::名詞 は::: 失礼::しつれい:名詞 です::: 。:::
挿す	テレビ::てれび:名詞 の::: コンセント::こんせんと:名詞 を::: 挿し:挿す:さし:動詞 て::: 。:::
注す	車輪::しゃりん:名詞 に::: は::: 油::あぶら:名詞 を::: 注し:注す:さし:動詞 た::: ばかり::: だ::: 。:::
射す	木::き:名詞 が::: 多:多い:おお:形容詞 すぎる:::動詞 と::: 家::いえ:名詞 に::: 光::ひかり:名詞 が::: 射さ:射す:ささ:動詞 ない::: 。:::
座席	座席::ざせき:名詞 の::: 背::せ:名詞 を::: 倒し:倒す:たおし:動詞 て::: も::: いい:::形容詞 です::: か::: 。:::
誘う	明日::あした:名詞 の::: 朝::あさ:名詞 八::はち:名詞 時::じ:名詞 に::: 誘い:誘う:さそい:動詞 に::: 行き:行く:いき:動詞 ます::: 。:::
札	私::わたし:名詞 は::: 各::かく: 生徒::せいと:名詞 用::よう:名詞 に::: 番号::ばんごう:名詞 札::さつ:名詞 を::: 使い:使う:つかい:動詞 ます::: 。:::
作家	私::わたし:名詞 の::: 夢::ゆめ:名詞 は::: 作家::さっか:名詞 に::: なる:::動詞 こと:::名詞 です::: 。:::
作曲	作曲::さっきょく:名詞 を::: し:する::動詞 て::: い:いる::動詞 ます::: 。:::
ざっと	彼::かれ:名詞 は::: 、::: 雑誌::ざっし:名詞 に::: ざっと:::副詞 目::め:名詞 を::: 通し:通す:とおし:動詞 た::: 。:::
さっぱり	彼女::かのじょ:名詞 は::: さっぱり:::副詞 し:する::動詞 た::: 服装::ふくそう:名詞 を::: し:する::動詞 て::: いる:::動詞 。:::
さて	さて::: 、::: あなた:::名詞 の::: 意見::いけん:名詞 は::: どう:::副詞 です::: か::: 。:::
砂漠	ラクダ::らくだ:名詞 は::: 、::: いわば:::副詞 砂漠::さばく:名詞 の::: 船::ふね:名詞 です::: 。:::
差別	性別::せいべつ:名詞 による::: 差別::さべつ:名詞 は::: 禁じ:禁じる:きんじ:動詞 られ:られる::動詞 て::: い:いる::動詞 ます::: 。:::
ママ	メアリー::めありー:名詞 は::: ワーキング::わーきんぐ:名詞 ママ::まま:名詞 です::: 。:::
豆	豆::まめ:名詞 が::: 大好き::だいすき:名詞 です::: 。:::
丸	彼女::かのじょ:名詞 は::: かわいらしい:::形容詞 丸::まる:名詞 顔::がお:名詞 を::: し:する::動詞 て::: い:いる::動詞 ます::: 。:::
まるで	まるで:::副詞 悪夢::あくむ:名詞 を::: 見:見る:み:動詞 て::: いる:::動詞 よう:::名詞 です::: 。:::
万一	万一::まんいち:副詞 彼::かれ:名詞 が::: 来:来る:き:動詞 たら:た:: 、::: この::: 書類::しょるい:名詞 を::: 渡し:渡す:わたし:動詞 て::: 欲しい::ほしい:形容詞 。:::
満足	毎日::まいにち:名詞 の::: 生活::せいかつ:名詞 に::: 満足::まんぞく:名詞 し:する::動詞 て::: い:いる::動詞 ます::: か::: 。:::
身	それ:::名詞 は::: 身::み:名詞 に::: 余る::あまる:動詞 光栄::こうえい:名詞 で:だ:: ござい:ござる:: ます::: 。:::
実	メアリー::めありー:名詞 は::: トム::とむ:名詞 の::: 実::み:名詞 の::: 母::はは:名詞 です::: 。:::
見送り	友人::ゆうじん:名詞 を::: 見送り::みおくり:名詞 に::: 行っ:行く:いっ:動詞 て::: き:くる::動詞 た::: 所::ところ:名詞 です::: 。:::
味方	彼女::かのじょ:名詞 は::: 貧しい::まずしい:形容詞 人達::ひとたち:名詞 の::: 味方::みかた:名詞 です::: 。:::
ミス	実は::じつは: 、::: 私::わたし:名詞 の::: ミス::みす:名詞 だっ:だ:: た::: ん:::名詞 です::: 。:::
満ちる	愛::あい:名詞 と::: 幸せ::しあわせ:名詞 に::: 満ち:満ちる:みち:動詞 た::: 家庭::かてい:名詞 に::: し:する::動詞 たい::: と::: 思い:思う:おもい:動詞 ます::: 。:::
密	から::: だ::: 全体::ぜんたい:名詞 が::: 密::みつ:名詞 に::: 毛::け:名詞 で::: おおわ:おおう::動詞 れ:れる::動詞 て::: いる:::動詞 。:::
見舞い	友人::ゆうじん:名詞 を::: 見舞い::みまい:名詞 に::: 行く::いく:動詞 所::ところ:名詞 です::: 。:::
土産	これ:::名詞 は::: 北海道::ほっかいどう:名詞 から::: の::: お::: 土産::みやげ:名詞 です::: 。:::
妙	あなた:::名詞 の:::名詞 は::: 初めて::はじめて:副詞 耳::みみ:名詞 に::: する:::動詞 妙::みょう:名詞 な:だ:: お話::おはなし:名詞 です::: 。:::
魅力	彼女::かのじょ:名詞 は::: 魅力::みりょく:名詞 的::てき:名詞 だ::: 。:::
診る	医者::いしゃ:名詞 に::: 診:診る:み:動詞 て::: もらい:もらう::動詞 たい::: の:::名詞 です::: 。:::
ミルク	メアリー::めありー:名詞 は::: ミルク::みるく:名詞 が::: 大好き::だいすき:名詞 です::: 。:::
無	トム::とむ:名詞 は::: 無::む: 病状::びょうじょう:名詞 です::: 。:::
向かい	学校::がっこう:名詞 は::: うち:::名詞 の::: 向かい::むかい:名詞 に::: あり:ある::動詞 ます::: 。:::
迎え	バス::ばす:名詞 は::: どこ:::名詞 に::: 迎え:迎える:むかえ:動詞 に::: 来る::くる:動詞 の:::名詞 です::: か::: 。:::
向く	彼::かれ:名詞 は::: 教師::きょうし:名詞 に::: 向い:向く:むい:動詞 て::: い:いる::動詞 ない::: 。:::
剥く	トム::とむ:名詞 は::: リンゴ::りんご:名詞 の::: 皮::かわ:名詞 を::: 剥い:剥く:むい:動詞 た::: 。:::
向ける	人::ひと:名詞 は::: 悪い::わるい:形容詞 事::こと:名詞 に::: 目::め:名詞 を::: 向け:向ける:むけ:動詞 がち:::名詞 だ::: と::: 思い:思う:おもい:動詞 ます::: 。:::
無視	私::わたし:名詞 達::たち:名詞 は::: 単に::たんに:副詞 トム::とむ:名詞 を::: 無視::むし:名詞 する:::動詞 こと:::名詞 に::: し:する::動詞 てる:::動詞 の::: 。:::
蒸し暑い	めっちゃ:::副詞 蒸し暑く:蒸し暑い:むしあつく:形容詞 て::: やる気::やるき:名詞 なし:ない::形容詞 。:::
虫歯	この::: 歯::は:名詞 が::: 虫歯::むしば:名詞 に::: なっ:なる::動詞 て::: い:いる::動詞 ます::: 。:::
蒸す	バナナ::ばなな:名詞 蒸し:蒸す:むし:動詞 パン::ぱん:名詞 を::: 食べ:食べる:たべ:動詞 ます::: 。:::
結ぶ	その::: 小包::こづつみ:名詞 は::: ひも:::名詞 で::: 結ん:結ぶ:むすん:動詞 で::: あっ:ある::動詞 た::: 。:::
無駄	その::: こと:::名詞 を::: はなし:はなす::動詞 て::: も::: 無駄::むだ:名詞 です::: 。:::
夢中	トム::とむ:名詞 は::: 、::: 音楽::おんがく:名詞 に::: 夢中::むちゅう:名詞 です::: 。:::
胸	胸::むね:名詞 の::: 痛み::いたみ:名詞 が::: ある:::動詞 ん:::名詞 です::: 。:::
無料	無料::むりょう:名詞 で::: それ:::名詞 が::: 得:得る:え:動詞 られる:::動詞 。:::
芽	チューリップ::ちゅーりっぷ:名詞 が::: 芽::め:名詞 を::: 出し:出す:だし:動詞 始め:始める:はじめ:動詞 た::: 。:::
明確	明確::めいかく:名詞 さ:::名詞 が::: 一番::いちばん:名詞 大事::だいじ:名詞 です::: 。:::
名詞	役割::やくわり:名詞 語::ご:名詞 と::: は::: 男性::だんせい:名詞 語::ご:名詞 や::: 女性::じょせい:名詞 語::ご:名詞 など::: の::: 日本語::にほんご:名詞 の::: 集合::しゅうごう:名詞 名詞::めいし:名詞 で:だ:: ある::: 。:::
命じる	彼::かれ:名詞 は::: 駐::ちゅう: 日::にち:名詞 アメリカ::あめりか:名詞 大使::たいし:名詞 に::: 命じ:命じる:めいじ:動詞 られ:られる::動詞 た::: ばかり::: です::: 。:::
名人	料理::りょうり:名詞 にかけて::: は::: 、::: 彼女::かのじょ:名詞 は::: 名人::めいじん:名詞 だ::: 。:::
命令	あの::: 仕事::しごと:名詞 は::: 上司::じょうし:名詞 の::: 命令::めいれい:名詞 で::: やっ:やる::動詞 た::: 。:::
迷惑	皆様::みなさま:名詞 に::: ご::: 迷惑::めいわく:名詞 を::: おかけ:::名詞 し:する::動詞 て::: おり:おる::動詞 ます::: 。:::
目上	目上::めうえ:名詞 の::: 人::ひと:名詞 の::: する:::動詞 こと:::名詞 について::: 話す::はなす:動詞 時::とき:名詞 、::: 尊敬::そんけい:名詞 語::ご:名詞 を::: 使い:使う:つかい:動詞 ます::: 。:::
飯	まかない:まかなう::動詞 飯::めし:名詞 は::: 新::しん: 商品::しょうひん:名詞 の::: テスト::てすと:名詞 を::: かね:かねる::動詞 て::: ます::: 。:::
滅多に	コーヒー::こーひー:名詞 を::: 飲む::のむ:動詞 こと:::名詞 は::: 滅多に::めったに:副詞 無い::ない:形容詞 です::: ね::: 。:::
メモ	あの::: メモ::めも:名詞 は::: どこ:::名詞 に::: ある:::動詞 の:::名詞 です::: か::: 。:::
面	その::: 子::こ:名詞 の::: 肯定::こうてい:名詞 的::てき:名詞 な:だ:: 面::めん:名詞 を::: 見よ:見る:みよ:動詞 う::: 。:::
綿	上質::じょうしつ:名詞 の::: 綿::めん:名詞 で::: でき:できる::動詞 て::: い:いる::動詞 ます::: 。:::
免許	年内::ねんない:名詞 に::: は::: 運転::うんてん:名詞 免許::めんきょ:名詞 を::: 取り:取る:とり:動詞 ます::: 。:::
面接	来週::らいしゅう:名詞 面接::めんせつ:名詞 に::: おいで:::名詞 いただけ:いただける::動詞 ます::: か::: 。:::
メンバー	チーム::ちーむ:名詞 の::: メンバー::めんばー:名詞 を::: 信じ:信じる:しんじ:動詞 て::: ます::: 。:::
申し込む	彼::かれ:名詞 は::: あなた:::名詞 に::: 結婚::けっこん:名詞 を::: 申し込ん:申し込む:もうしこん:動詞 だ::: の:::名詞 です::: か::: 。:::
申し訳	申し訳::もうしわけ:名詞 あり:ある::動詞 ませ:ます:: ん::: 。:::
毛布	毛布::もうふ:名詞 を::: 貸し:貸す:かし:動詞 て::: いただけ:いただける::動詞 ます::: か::: 。:::
燃える	トム::とむ:名詞 の::: 家::いえ:名詞 が::: 燃え:燃える:もえ:動詞 て::: い:いる::動詞 た::: 。:::
目的	ついに:::副詞 ケン::けん:名詞 は::: 目的::もくてき:名詞 を::: 果たし:果たす:はたし:動詞 た::: 。:::
目標	彼女::かのじょ:名詞 は::: 目標::もくひょう:名詞 に::: 到達::とうたつ:名詞 する:::動詞 ため:::名詞 に::: 努力::どりょく:名詞 し:する::動詞 た::: 。:::
文字	象形::しょうけい:名詞 文字::もじ:名詞 を::: 読む::よむ:動詞 の:::名詞 は::: 難しい::むずかしい:形容詞 です::: 。:::
もしも	この::: お金::おかね:名詞 は::: 、::: もしも:::副詞 の::: とき:::名詞 の::: 備え::そなえ:名詞 です::: 。:::
持ち上げる	彼::かれ:名詞 は::: 身体::しんたい:名詞 が::: 持ち上げ:持ち上げる:もちあげ:動詞 られる:::動詞 の:::名詞 を::: 感じ:感じる:かんじ:動詞 た::: 。:::
用いる	塩::しお:名詞 は::: 料理::りょうり:名詞 の::: 味付け::あじつけ:名詞 に::: 用い:用いる:もちい:動詞 られ:られる::動詞 ます::: 。:::
もったいない	それ:::名詞 は::: 、::: お金::おかね:名詞 が::: もったいない:::形容詞 よ::: 。:::
元	これ:::名詞 が::: 混乱::こんらん:名詞 の::: 元::もと:名詞 です::: 。:::
基	先ず::まず:副詞 人生::じんせい:名詞 、::: 朝::あさ:名詞 に::: 勝つ::かつ:動詞 という::: こと:::名詞 が::: 勝利::しょうり:名詞 の::: 基::もと:名詞 な:だ:: の:::名詞 で:だ:: あり:ある:: ます::: 。:::
素	どうやら:::副詞 、::: さっき:::名詞 の:::名詞 は::: 演技::えんぎ:名詞 で::: は::: なく:ない:: 、::: 素::もと:名詞 だっ:だ:: た::: らしい::: 。:::
戻す	倒し:倒す:たおし:動詞 た::: 座席::ざせき:名詞 の::: 背::せ:名詞 を::: 少し::すこし:副詞 戻し:戻す:もどし:動詞 て::: いただけ:いただける::動詞 ます::: か::: 。:::
者	若い::わかい:形容詞 者::もの:名詞 が::: 集まり:集まる:あつまり:動詞 まし:ます:: た::: 。:::
物音	その::: 物音::ものおと:名詞 を::: い:いる::動詞 つ::: 聞い:聞く:きい:動詞 た::: の:::名詞 です::: か::: 。:::
物語	これ:::名詞 は::: 英語::えいご:名詞 で::: 書か:書く:かか:動詞 れ:れる::動詞 た::: 物語::ものがたり:名詞 です::: 。:::
物事	物事::ものごと:名詞 は::: 、::: ありのまま:::副詞 見る::みる:動詞 の:::名詞 で:だ:: は::: なく:ない:: 、::: 自分::じぶん:名詞 自身::じしん:名詞 を::: そこ:::名詞 に::: 見る::みる:動詞 。:::
燃やす	プラスチック::ぷらすちっく:名詞 を::: 燃やす::もやす:動詞 と::: 有毒::ゆうどく:名詞 ガス::がす:名詞 が::: 発生::はっせい:名詞 する:::動詞 場合::ばあい:名詞 が::: あり:ある::動詞 ます::: 。:::
模様	天気::てんき:名詞 は::: 荒れ:荒れる:あれ:動詞 模様::もよう:名詞 です::: 。:::
文句	これ:::名詞 が::: 彼::かれ:名詞 の::: 決まり:決まる:きまり:動詞 文句::もんく:名詞 です::: 。:::
やがて	やがて:::副詞 万物::ばんぶつ:名詞 は::: 死に絶え:死に絶える:しにたえ:動詞 ます::: 。:::
役	私::わたし:名詞 の::: 辞書::じしょ:名詞 は::: とても:::副詞 役::やく:名詞 に::: たち:たつ::動詞 ます::: 。:::
約	生徒::せいと:名詞 は::: 全部::ぜんぶ:名詞 で::: 約::やく: 千::せん:名詞 人::にん:名詞 です::: 。:::
訳す	トム::とむ:名詞 用::よう:名詞 に::: その::: 手紙::てがみ:名詞 フランス語::ふらんすご:名詞 に::: 訳し:訳す:やくし:動詞 とい:とく::動詞 た::: よ::: 。:::
役割	現代::げんだい:名詞 社会::しゃかい:名詞 で::: の::: 大学::だいがく:名詞 の::: 役割::やくわり:名詞 は::: 何::なに:名詞 です::: か::: 。:::
家賃	この::: アパート::あぱーと:名詞 は::: 家賃::やちん:名詞 が::: 高い::たかい:形容詞 です::: 。:::
厄介	税金::ぜいきん:名詞 を::: 払う::はらう:動詞 の:::名詞 は::: 厄介::やっかい:名詞 です::: 。:::
宿	温泉::おんせん:名詞 の::: 宿::やど:名詞 に::: 泊まり:泊まる:とまり:動詞 まし:ます:: た::: 。:::
雇う	英語::えいご:名詞 を::: 話せる::はなせる:動詞 人::ひと:名詞 を::: 雇い:雇う:やとい:動詞 ます::: 。:::
屋根	その::: 木::き:名詞 は::: 屋根::やね:名詞 と::: 同じ::おなじ: 高:高い:たか:形容詞 さ:::名詞 です::: 。:::
破る	手紙::てがみ:名詞 を::: 破っ:破る:やぶっ:動詞 て::: 捨て:捨てる:すて:動詞 まし:ます:: た::: 。:::
破れる	服::ふく:名詞 が::: 破れ:破れる:やぶれ:動詞 まし:ます:: た::: 。:::
辞める	彼女::かのじょ:名詞 は::: 彼::かれ:名詞 に::: 辞める::やめる:動詞 よう:::名詞 圧力::あつりょく:名詞 を::: かけ:かける::動詞 た::: 。:::
やや	中古::ちゅうこ:名詞 車::しゃ:名詞 に::: し:する::動詞 て::: は::: この::: 値段::ねだん:名詞 は::: やや:::副詞 高い::たかい:形容詞 。:::
唯一	これ:::名詞 が::: 残さ:残す:のこさ:動詞 れ:れる::動詞 た::: 唯一::ゆいいつ:名詞 の::: もの:::名詞 です::: 。:::
勇気	君::きみ:名詞 が::: 今::こん: 一番::いちばん:名詞 必要::ひつよう:名詞 な:だ:: もの:::名詞 は::: 勇気::ゆうき:名詞 です::: 。:::
友好	両国::りょうこく:名詞 は::: 友好::ゆうこう:名詞 関係::かんけい:名詞 を::: 打ち切っ:打ち切る:うちきっ:動詞 た::: 。:::
優秀	トム::とむ:名詞 は::: クラス::くらす:名詞 で::: 最も::もっとも:副詞 優秀::ゆうしゅう:名詞 な:だ:: 生徒::せいと:名詞 です::: 。:::
優勝	どの::: チーム::ちーむ:名詞 が::: 一番::いちばん:名詞 優勝::ゆうしょう:名詞 し:する::動詞 そう:::名詞 です::: か::: 。:::
友情	ご::: 友情::ゆうじょう:名詞 は::: 私::わたし:名詞 に::: は::: たいそう:::副詞 尊い::とうとい:形容詞 もの:::名詞 です::: 。:::
友人	あなた:::名詞 は::: 私::わたし:名詞 の::: 友人::ゆうじん:名詞 が::: 好き::すき:名詞 です::: か::: 。:::
有能	彼::かれ:名詞 は::: 有能::ゆうのう:名詞 な:だ:: 人::ひと:名詞 だ::: と::: 思い:思う:おもい:動詞 ます::: 。:::
郵便	その::: 本::ほん:名詞 を::: 郵便::ゆうびん:名詞 で::: お送り::おおくり:名詞 し:する::動詞 ます::: 。:::
ユーモア	トム::とむ:名詞 に::: は::: ユーモア::ゆーもあ:名詞 の::: センス::せんす:名詞 が::: ない:::形容詞 。:::
有利	私::わたし:名詞 たち:::名詞 の::: 仲間::なかま:名詞 に::: 入る::はいる:動詞 の:::名詞 が::: 有利::ゆうり:名詞 だ::: 。:::
床	床::ゆか:名詞 に::: 座っ:座る:すわっ:動詞 て::: ください:くださる::動詞 。:::
愉快	マユコ::*:名詞 は::: つきあっ:つきあう::動詞 て::: 愉快::ゆかい:名詞 な:だ:: 子::こ:名詞 だ::: 。:::
譲る	お::: 年寄り::としより:名詞 に::: 席::せき:名詞 を::: 譲る::ゆずる:動詞 こと:::名詞 は::: 確か::たしか:名詞 に::: 親切::しんせつ:名詞 です::: 。:::
茹でる	私::わたし:名詞 は::: 固:固い:かた:形容詞 茹で:茹でる:ゆで:動詞 卵::たまご:名詞 が::: 大好き::だいすき:名詞 です::: 。:::
夜明け	トム::とむ:名詞 は::: 夜明け::よあけ:名詞 とともに::: 起き:起きる:おき:動詞 ます::: 。:::
酔う	あまり:::副詞 多く::おおく:名詞 の::: 乗り物::のりもの:名詞 に::: 乗る::のる:動詞 と::: 酔い:酔う:よい:動詞 ます::: 。:::
容易	君::きみ:名詞 は::: その::: 意味::いみ:名詞 が::: 容易::ようい:名詞 に::: 理解::りかい:名詞 でき:できる::動詞 ます::: か::: 。:::
容器	空::そら:名詞 の::: 容器::ようき:名詞 は::: 一番::いちばん:名詞 音::おと:名詞 を::: 立てる::たてる:動詞 。:::
陽気	私::わたし:名詞 は::: 女の子::おんなのこ:名詞 は::: 陽気::ようき:名詞 な:だ:: の:::名詞 が::: 好き::すき:名詞 です::: 。:::
要求	彼::かれ:名詞 は::: 金::きん:名詞 を::: 要求::ようきゅう:名詞 し:する::動詞 た::: 。:::
用心	足元::あしもと:名詞 に::: 御::ご: 用心::ようじん:名詞 願い:願う:ねがい:動詞 ます::: 。:::
様子	今::いま:名詞 の::: あなた:::名詞 の::: お::: 困り:困る:こまり:動詞 の::: 様子::ようす:名詞 が::: いつも:::副詞 私::わたし:名詞 の::: 気がかり::きがかり:名詞 です::: 。:::
要するに	要するに::ようするに:副詞 彼::かれ:名詞 が::: 間違っ:間違う:まちがっ:動詞 て::: い:いる::動詞 た::: の:::名詞 です::: 。:::
要素	新しい::あたらしい:形容詞 家::いえ:名詞 を::: 買う::かう:動詞 時::とき:名詞 の::: 主::おも:名詞 な:だ:: 要素::ようそ:名詞 は::: お金::おかね:名詞 です::: 。:::
要点	彼::かれ:名詞 の::: 説明::せつめい:名詞 は::: 要点::ようてん:名詞 を::: 外れ:外れる:はずれ:動詞 て::: い:いる::動詞 ます::: 。:::
曜日	あ::: 、::: そっ:::名詞 か::: 、::: 今日::きょう:名詞 日曜日::にちようび:名詞 か::: 。::: 曜日::ようび:名詞 感覚::かんかく:名詞 完全::かんぜん:名詞 に::: なくなっ:なくなる::動詞 てる:::動詞 わ::: 。:::
ヨーロッパ	い:いる::動詞 つ::: ヨーロッパ::よーろっぱ:名詞 へ::: 行く::いく:動詞 の:::名詞 です::: か::: 。:::
予期	わたし:::名詞 は::: その::: 事業::じぎょう:名詞 が::: うまく:うまい::形容詞 やれる:::動詞 と::: 予期::よき:名詞 し:する::動詞 て::: おり:おる::動詞 ます::: 。:::
横切る	ちょうど:::副詞 、::: キツネ::きつね:名詞 が::: 道路::どうろ:名詞 を::: 横切る::よこぎる:動詞 の:::名詞 が::: 見え:見える:みえ:動詞 た::: ん:::名詞 だ::: 。:::
汚す	タバコ::たばこ:名詞 の::: 煙::けむり:名詞 は::: 部屋::へや:名詞 の::: 空気::くうき:名詞 を::: 汚す::けがす:動詞 。:::
予算	予算::よさん:名詞 が::: 限ら:限る:かぎら:動詞 れ:れる::動詞 て::: い:いる::動詞 ます::: 。:::
止す	じゃぁ::: 、::: 行く::いく:動詞 の:::名詞 は::: 止し:止す:よし:動詞 とこ:とく::動詞 う::: 。:::
寄せる	新::しん: 加入::かにゅう:名詞 の::: 選手::せんしゅ:名詞 に::: 期待::きたい:名詞 を::: 寄せ:寄せる:よせ:動詞 て::: い:いる::動詞 ます::: 。:::
予測	今年::ことし:名詞 の::: 冬::ふゆ:名詞 は::: 非常::ひじょう:名詞 に::: 寒く:寒い:さむく:形容詞 なる:::動詞 こと:::名詞 が::: 予測::よそく:名詞 さ:する::動詞 れ:れる::動詞 ます::: 。:::
ヨット	この::: ヨット::よっと:名詞 ほど::: 速く:速い:はやく:形容詞 走る::はしる:動詞 ヨット::よっと:名詞 は::: ない::: 。:::
夜中	夜中::やちゅう:名詞 に::: 熱::ねつ:名詞 が::: 出る::でる:動詞 の:::名詞 です::: 。:::
世の中	世の中::よのなか:名詞 、::: 捨て:捨てる:すて:動詞 猫::ねこ:名詞 が::: いっぱい:::副詞 いる:::動詞 よう:::名詞 です::: 。:::
余分	いつも:::副詞 冬::ふゆ:名詞 に::: は::: 余分::よぶん:名詞 な:だ:: 毛布::もうふ:名詞 が::: 必要::ひつよう:名詞 だ::: 。:::
予報	天気::てんき:名詞 予報::よほう:名詞 が::: 当たっ:当たる:あたっ:動詞 た::: よ::: 。:::
予防	病気::びょうき:名詞 を::: 予防::よぼう:名詞 する:::動詞 こと:::名詞 は::: でき:できる::動詞 ます::: か::: 。:::
読み	いつも:::副詞 、::: その::: 本::ほん:名詞 を::: 読み:読む:よみ:動詞 たい::: ん:::名詞 です::: 。:::
嫁	息子::むすこ:名詞 の::: 嫁::よめ:名詞 は::: 看護::かんご:名詞 師::し:名詞 です::: 。:::
余裕	新車::しんしゃ:名詞 を::: 買う::かう:動詞 余裕::よゆう:名詞 が::: あり:ある::動詞 ます::: か::: 。:::
より	学校::がっこう:名詞 まで::: バス::ばす:名詞 より::: 電車::でんしゃ:名詞 の::: ほう:::名詞 が::: はやい:::形容詞 と::: 思い:思う:おもい:動詞 ます::: 。:::
喜び	喜び::よろこび:名詞 の::: 反意語::はんいご:名詞 は::: 悲しみ::かなしみ:名詞 です::: 。:::
ライター	ライター::らいたー:名詞 を::: お::: 持ち:持つ:もち:動詞 です::: か::: 。:::
楽	この::: 空港::くうこう:名詞 は::: バス::ばす:名詞 で::: 楽::らく:名詞 に::: 行け:行ける:いけ:動詞 ます::: 。:::
ラケット	この::: ラケット::らけっと:名詞 は::: いくら:::名詞 です::: か::: 。:::
利益	利益::りえき:名詞 は::: 税金::ぜいきん:名詞 抜き::ぬき:名詞 です::: か::: 。:::
理解	理解::りかい:名詞 でき:できる::動詞 ない::: ところ:::名詞 も::: ある:::動詞 。:::
陸	陸::りく:名詞 と::: 水::みず:名詞 で::: 地球::ちきゅう:名詞 の::: 表面::ひょうめん:名詞 は::: 出来:出来る:でき:動詞 て::: いる:::動詞 。:::
利口	確か::たしか:名詞 に::: 彼::かれ:名詞 は::: 利口::りこう:名詞 な:だ:: 少年::しょうねん:名詞 だ::: 。:::
離婚	次号::じごう:名詞 で::: は::: 離婚::りこん:名詞 について::: 特集::とくしゅう:名詞 し:する::動詞 ます::: 。:::
理想	彼::かれ:名詞 は::: 私::わたし:名詞 にとって::: 理想::りそう:名詞 の::: 夫::おっと:名詞 です::: 。:::
率	一::いち:名詞 戸::こ:名詞 建::けん:名詞 より::: 共同::きょうどう:名詞 住宅::じゅうたく:名詞 に::: 住む::すむ:動詞 世帯::せたい:名詞 の::: 増加::ぞうか:名詞 率::りつ:名詞 の::: 方::ほう:名詞 が::: 高い::たかい:形容詞 。:::
留学	アメリカ::あめりか:名詞 で::: 留学::りゅうがく:名詞 し:する::動詞 たい::: なら:だ:: 、::: 学生::がくせい:名詞 ビザ::びざ:名詞 が::: 必要::ひつよう:名詞 です::: 。:::
流行	パリ::ぱり:名詞 で::: は::: 何::なに:名詞 が::: 流行::りゅうこう:名詞 し:する::動詞 て::: い:いる::動詞 ます::: か::: 。:::
量	この::: 辺::あたり:名詞 は::: 、::: 交通::こうつう:名詞 量::りょう:名詞 が::: 多い::おおい:形容詞 です::: 。:::
寮	みんな:::名詞 同じ::おなじ: 寮::りょう:名詞 で::: 生活::せいかつ:名詞 し:する::動詞 て::: ます::: 。:::
両替	どこ:::名詞 で::: 円::えん:名詞 を::: ドル::どる:名詞 に::: 両替::りょうがえ:名詞 でき:できる::動詞 ます::: か::: 。:::
料金	この::: バス::ばす:名詞 の::: 料金::りょうきん:名詞 は::: いくら:::名詞 です::: か::: 。:::
例	彼::かれ:名詞 は::: 例::れい:名詞 の::: スキャンダル::すきゃんだる:名詞 と::: 関係::かんけい:名詞 が::: ある:::動詞 と::: 思う::おもう:動詞 。:::
礼	私::わたし:名詞 は::: 彼::かれ:名詞 に::: 本::ほん:名詞 を::: 借り:借りる:かり:動詞 た::: 礼::れい:名詞 を::: 言っ:言う:いっ:動詞 た::: 。:::
例外	例外::れいがい:名詞 が::: ある:::動詞 こと:::名詞 を::: お::: 忘れ::わすれ:名詞 なく:ない::形容詞 。:::
礼儀	日本人::にっぽんじん:名詞 は::: 一体::いったい:名詞 に::: 礼儀::れいぎ:名詞 正しい::ただしい:形容詞 です::: 。:::
冷静	あなた:::名詞 は::: 冷静::れいせい:名詞 を::: 保っ:保つ:たもっ:動詞 た::: 。::: えらい:::形容詞 。:::
列	彼女::かのじょ:名詞 が::: 列::れつ:名詞 の::: 先頭::せんとう:名詞 です::: 。:::
列車	列車::れっしゃ:名詞 に::: 乗り遅れる::のりおくれる:動詞 な::: 。:::
レベル	私::わたし:名詞 の::: 英語::えいご:名詞 レベル::れべる:名詞 は::: 、::: 中級::ちゅうきゅう:名詞 です::: 。:::
連想	夏::なつ:名詞 と::: いえ:いう::動詞 ば::: 何::なに:名詞 を::: 連想::れんそう:名詞 し:する::動詞 ます::: か::: 。:::
連続	人生::じんせい:名詞 は::: 全て::すべて:名詞 活動::かつどう:名詞 の::: 連続::れんぞく:名詞 で:だ:: ある::: 。:::
老人	公園::こうえん:名詞 に::: 老人::ろうじん:名詞 が::: 座っ:座る:すわっ:動詞 て::: い:いる::動詞 ます::: 。:::
労働	この::: 会社::かいしゃ:名詞 で::: は::: 肉体::にくたい:名詞 労働::ろうどう:名詞 が::: 必要::ひつよう:名詞 です::: 。:::
ロケット	私::わたし:名詞 たち:::名詞 の::: ロケット::ろけっと:名詞 は::: 今::こん: 建造::けんぞう:名詞 中::ちゅう:名詞 だ::: 。:::
論じる	その::: 問題::もんだい:名詞 は::: いま:::名詞 論じ:論じる:ろんじ:動詞 られ:られる::動詞 て::: いる:::動詞 。:::
論争	その::: 論争::ろんそう:名詞 は::: 完全::かんぜん:名詞 に::: 片::へん:名詞 が::: 付い:付く:つい:動詞 た::: 。:::
論文	論文::ろんぶん:名詞 の::: まとめ:::名詞 を::: 書い:書く:かい:動詞 て::: い:いる::動詞 ます::: 。:::
輪	共通::きょうつう:名詞 の::: 友人::ゆうじん:名詞 を通じて::をつうじて: 輪::わ:名詞 を::: 広げる::ひろげる:動詞 。:::
ワイン	ワイン::わいん:名詞 か::: ビール::びーる:名詞 を::: 買い:買う:かい:動詞 ます::: 。:::
わがまま	彼::かれ:名詞 の::: わがまま:::名詞 に::: も::: 困っ:困る:こまっ:動詞 た::: もの:::名詞 だ::: 。:::
別れ	明日::あした:名詞 ナンシー::なんしー:名詞 の::: お::: 別れ::わかれ:名詞 会::かい:名詞 を::: 開き:開く:ひらき:動詞 ます::: 。:::
分かれる	課税::かぜい:名詞 問題::もんだい:名詞 で::: 意見::いけん:名詞 が::: 分かれ:分かれる:わかれ:動詞 て::: いる:::動詞 。:::
脇	彼女::かのじょ:名詞 は::: 白い::しろい:形容詞 本::ほん:名詞 を::: 脇::わき:名詞 に::: 抱え:抱える:かかえ:動詞 て::: い:いる::動詞 た::: 。:::
湧く	いざ:::副詞 と::: なれ:なる::動詞 ば::: 勇気::ゆうき:名詞 が::: 湧い:湧く:わい:動詞 て::: くる:::動詞 。:::
分ける	この::: お金::おかね:名詞 は::: 分け:分ける:わけ:動詞 ましょ:ます:: う::: 。:::
わざと	わざと:::副詞 やっ:やる::動詞 た::: ん:::名詞 じゃ::: ない::: ん:::名詞 です::: 。:::
僅か	その::: 列車::れっしゃ:名詞 の::: 乗客::じょうきゃく:名詞 は::: ほんの::: 僅か::わずか:名詞 しか::: い:いる::動詞 ない::: 。:::
話題	ガルフ::がるふ:名詞 ポート::ぽーと:名詞 中::ちゅう:名詞 で::: 話題::わだい:名詞 の::: お::: 店::みせ:名詞 です::: 。:::
笑い	ドラえもん::どらえもん:名詞 が::: よく:::副詞 にっこり:::副詞 笑い:笑う:わらい:動詞 ます::: 。:::
割る	これ:::名詞 は::: ジョン::じょん:名詞 に::: 割ら:割る:わら:動詞 れ:れる::動詞 た::: 窓::まど:名詞 です::: 。:::
悪口	人::ひと:名詞 の::: 悪口::わるぐち:名詞 は::: 言わ:言う:いわ:動詞 ない::: 方::ほう:名詞 が::: いい:::形容詞 よ::: 。:::
湾	その::: 船::ふね:名詞 は::: メキシコ::めきしこ:名詞 湾::わん:名詞 行き::いき:名詞 で:だ:: ある::: 。:::
椀	みんな:::名詞 の::: お::: 椀::わん:名詞 に::: スープ::すーぷ:名詞 を::: 注い:注ぐ:そそい:動詞 で::: 。:::
悪	悪::あく:名詞 が::: 勝つ::かつ:動詞 という::: こと:::名詞 も::: あり:ある::動詞 ます::: 。:::
アップ	スキル::すきる:名詞 を::: 磨く::みがく:動詞 こと:::名詞 は::: キャリア::きゃりあ:名詞 アップ::あっぷ:名詞 に::: つながり:つながる::動詞 ます::: 。:::
アンケート	アンケート::あんけーと:名詞 用紙::ようし:名詞 が::: 適当::てきとう:名詞 に::: 配ら:配る:くばら:動詞 れ:れる::動詞 た::: 。:::
異	異::い: 文化::ぶんか:名詞 間::かん:名詞 の::: コミュニケーション::こみゅにけーしょん:名詞 は::: とても:::副詞 むずかしい:::形容詞 です::: 。:::
意	彼女::かのじょ:名詞 は::: 私::わたし:名詞 の::: 意::い:名詞 に::: かなっ:かなう::動詞 た::: 女性::じょせい:名詞 です::: 。:::
医院	もしもし::: 、::: 山田::やまだ:名詞 医院::いいん:名詞 です::: 。:::
怒り	お::: 怒り::いかり:名詞 は::: ご::: もっとも:::名詞 です::: 。:::
粋	今日::きょう:名詞 の::: 格好::かっこう:名詞 は::: とっても:::副詞 粋::いき:名詞 です::: ね::: 。:::
意地	意地::いじ:名詞 の::: 悪い::わるい:形容詞 動物::どうぶつ:名詞 も::: い:いる::動詞 ます::: 。:::
依然	私::わたし:名詞 の::: 知る::しる:動詞 限り::かぎり:名詞 で::: は::: 彼女::かのじょ:名詞 は::: 依然::いぜん:副詞 行方::ゆくえ:名詞 不明::ふめい:名詞 です::: 。:::
傷める	彼::かれ:名詞 は::: 氷::こおり:名詞 の::: 上::うえ:名詞 で::: 転ん:転ぶ:ころん:動詞 で::: 脚::あし:名詞 を::: 傷め:傷める:いため:動詞 た::: 。:::
炒める	ルー::るー:名詞 は::: 、::: バター::ばたー:名詞 と::: 小麦粉::こむぎこ:名詞 を::: 炒め:炒める:いため:動詞 ながら::: 作り:作る:つくり:動詞 ます::: 。:::
一帯	この::: 辺り::あたり:名詞 一帯::いったい:名詞 は::: 遊泳::ゆうえい:名詞 禁止::きんし:名詞 です::: 。:::
衣料	その::: 店::みせ:名詞 で::: は::: くつ:::名詞 と::: 衣料::いりょう:名詞 が::: 売ら:売る:うら:動詞 れ:れる::動詞 て::: いる:::動詞 。:::
埋まる	公園::こうえん:名詞 の::: ベンチ::べんち:名詞 は::: 全部::ぜんぶ:名詞 埋まっ:埋まる:うまっ:動詞 て::: い:いる::動詞 た::: 。:::
産む	猫::ねこ:名詞 が::: 子::こ:名詞 を::: 産み:産む:うみ:動詞 まし:ます:: た::: 。:::
縁	私::わたし:名詞 は::: 金::きん:名詞 を::: せびる:::動詞 男::おとこ:名詞 と::: 縁::えん:名詞 を::: 切る::きる:動詞 こと:::名詞 に::: し:する::動詞 て::: い:いる::動詞 ます::: 。:::
尾	オール::おーる: ボール::ぼーる:名詞 の::: よう:::名詞 に::: 、::: この::: 子猫::こねこ:名詞 に::: も::: 尾::お:名詞 が::: ない:::形容詞 の:::名詞 です::: 。:::
負う	息子::むすこ:名詞 の::: 失敗::しっぱい:名詞 は::: 私::わたし:名詞 が::: 責任::せきにん:名詞 を::: 負い:負う:おい:動詞 ます::: 。:::
遅れ	バス::ばす:名詞 が::: 遅れ:遅れる:おくれ:動詞 て::: いる:::動詞 ん:::名詞 だ::: 。:::
教え	トム::とむ:名詞 は::: ボストン::ぼすとん:名詞 で::: フランス語::ふらんすご:名詞 を::: 教え:教える:おしえ:動詞 て::: いる:::動詞 。:::
驚き	お::: 宅::たく:名詞 に::: 日本::にっぽん:名詞 車::しゃ:名詞 が::: ある:::動詞 なんて::: 驚き::おどろき:名詞 です::: よ::: 。:::
織る	布::ぬの:名詞 を::: 織る::おる:動詞 仕事::しごと:名詞 です::: 。:::
欠く	この::: 建物::たてもの:名詞 は::: 調和::ちょうわ:名詞 を::: 欠い:欠く:かい:動詞 て::: いる:::動詞 。:::
核	日本::にっぽん:名詞 で::: 核::かく:名詞 の::: 危機::きき:名詞 が::: 起き:起きる:おき:動詞 た::: の:::名詞 は::: 大変::たいへん:名詞 です::: 。:::
学歴	給料::きゅうりょう:名詞 は::: 、::: 経験::けいけん:名詞 と::: 学歴::がくれき:名詞 に::: 基づい:基づく:もとづい:動詞 て::: 決まり:決まる:きまり:動詞 ます::: 。:::
駆ける	ものすごい:::形容詞 勢い::いきおい:名詞 で::: 駆け:駆ける:かけ:動詞 て::: いっ:いく::動詞 た::: 。:::
賭ける	私::わたし:名詞 は::: 彼女::かのじょ:名詞 が::: 試合::しあい:名詞 に::: 勝つ::かつ:動詞 と::: 賭け:賭ける:かけ:動詞 た::: 。:::
課題	彼::かれ:名詞 は::: きのう:::名詞 私::わたし:名詞 が::: 課題::かだい:名詞 に::: し:する::動詞 た::: 医者::いしゃ:名詞 です::: 。:::
片付け	あす:::名詞 の::: 朝::あさ:名詞 まっさきに:::副詞 それ:::名詞 を::: 片付け:片付ける:かたづけ:動詞 ます::: 。:::
借り	今日::きょう:名詞 、::: 車::くるま:名詞 を::: 借り:借りる:かり:動詞 て::: も::: いい:::形容詞 です::: か::: 。:::
狩り	フクロウ::ふくろう:名詞 は::: 昼間::ひるま:名詞 寝:寝る:ね:動詞 て::: い:いる::動詞 て::: 夜間::やかん:名詞 狩り::かり:名詞 を::: し:する::動詞 ます::: 。:::
観	人::ひと:名詞 それぞれ:::名詞 に::: 世界::せかい:名詞 観::かん:名詞 あり:ある::動詞 ます::: 。:::
癌	癌::がん:名詞 の::: 研究::けんきゅう:名詞 が::: 進ん:進む:すすん:動詞 で::: い:いる::動詞 ます::: 。:::
刊行	ついに:::副詞 新しい::あたらしい:形容詞 小説::しょうせつ:名詞 が::: 刊行::かんこう:名詞 さ:する::動詞 れ:れる::動詞 た::: 。:::
慣行	その::: 慣行::かんこう:名詞 は::: 廃止::はいし:名詞 す:する::動詞 べき:べし:: だ::: 。:::
歓声	彼::かれ:名詞 の::: 到着::とうちゃく:名詞 は::: 歓声::かんせい:名詞 の::: 声::こえ:名詞 で::: 迎え:迎える:むかえ:動詞 られ:られる::動詞 た::: 。:::
官僚	官僚::かんりょう:名詞 は::: 旧::きゅう: 法規::ほうき:名詞 の::: 改正::かいせい:名詞 に関して::にかんして: 、::: 成り行き::なりゆき:名詞 を::: 見守っ:見守る:みまもっ:動詞 て::: い:いる::動詞 ます::: 。:::
器官	私::わたし:名詞 たち:::名詞 は::: 内臓::ないぞう:名詞 器官::きかん:名詞 を::: 調べる::しらべる:動詞 ため:::名詞 に::: カエル::かえる:名詞 を::: 解剖::かいぼう:名詞 し:する::動詞 た::: 。:::
起源	彼::かれ:名詞 は::: アメリカ::あめりか:名詞 の::: ジャズ::じゃず:名詞 の::: 起源::きげん:名詞 を::: 研究::けんきゅう:名詞 し:する::動詞 て::: いる:::動詞 。:::
機構	どこ:::名詞 か::: 機構::きこう:名詞 が::: 悪い::わるい:形容詞 に::: 違い::ちがい:名詞 ない::: 。:::
築く	彼::かれ:名詞 は::: この::: ビジネス::びじねす:名詞 で::: 名声::めいせい:名詞 を::: 築い:築く:きずい:動詞 た::: 。:::
規制	食事::しょくじ:名詞 は::: 規制::きせい:名詞 正しく:正しい:ただしく:形容詞 とり:とる::動詞 なさい:なさる::動詞 。:::
丘陵	飛行機::ひこうき:名詞 から::: 見る::みる:動詞 と::: 、::: 小さな::ちいさな: 丘陵::きゅうりょう:名詞 は::: 平地::ひらち:名詞 の::: よう:::名詞 に::: 見える::みえる:動詞 。:::
協議	この::: 計画::けいかく:名詞 について::: は::: 現在::げんざい:名詞 協議::きょうぎ:名詞 中::ちゅう:名詞 です::: 。:::
享受	私::わたし:名詞 たち:::名詞 は::: 四::よん:名詞 十::じゅう:名詞 年::ねん:名詞 以上::いじょう:名詞 平和::へいわ:名詞 を::: 享受::きょうじゅ:名詞 し:する::動詞 て::: い:いる::動詞 ます::: 。:::
協調	トム::とむ:名詞 は::: 仕事::しごと:名詞 は::: できる:::動詞 が::: 、::: 協調::きょうちょう:名詞 性::せい:名詞 が::: ない:::形容詞 から::: ね::: 。:::
切り	私::わたし:名詞 は::: 毎月::まいつき:名詞 髪::かみ:名詞 を::: 切り:切る:きり:動詞 ます::: 。:::
菌	ねずみ:::名詞 は::: ペスト::ぺすと:名詞 菌::きん:名詞 を::: 運ぶ::はこぶ:動詞 。:::
近視	トム::とむ:名詞 は::: 近視::きんし:名詞 だ::: から::: 遠く::とおく:名詞 が::: 見え:見える:みえ:動詞 ない::: ん:::名詞 だ::: 。:::
苦	食器::しょっき:名詞 を::: 洗う::あらう:動詞 の:::名詞 は::: 苦::く:名詞 に::: なら:なる::動詞 ない::: 。:::
群	この::: 辞書::じしょ:名詞 は::: 群::ぐん:名詞 を::: 抜い:抜く:ぬい:動詞 て::: よい:::形容詞 。:::
刑	刑::けい:名詞 の::: 重:重い:おも:形容詞 さ:::名詞 を::: 議論::ぎろん:名詞 し:する::動詞 て::: い:いる::動詞 ます::: 。:::
経緯	これ:::名詞 が::: 事故::じこ:名詞 が::: 発生::はっせい:名詞 し:する::動詞 た::: 経緯::けいい:名詞 です::: 。:::
計器	例えば::たとえば: 、::: 温度::おんど:名詞 計::けい:名詞 や::: 気圧::きあつ:名詞 計::けい:名詞 など::: の::: 計器::けいき:名詞 は::: 器具::きぐ:名詞 です::: 。:::
契機	退職::たいしょく:名詞 を::: 契機::けいき:名詞 に::: 茶道::さどう:名詞 を::: 始め:始める:はじめ:動詞 た::: 。:::
形態	政治::せいじ:名詞 の::: 形態::けいたい:名詞 に::: は::: いくつ:::名詞 か::: ある:::動詞 。:::
血管	目::め:名詞 の::: 血管::けっかん:名詞 が::: 切れ:切れる:きれ:動詞 て::: しまっ:しまう::動詞 た::: 。:::
決行	マラソン::まらそん:名詞 大会::たいかい:名詞 は::: 雨天::うてん:名詞 決行::けっこう:名詞 です::: 。:::
件	あの::: 件::けん:名詞 、::: ありがとう::: ござい:ござる:: ます::: 。:::
減少	今年::ことし:名詞 は::: 倒産::とうさん:名詞 が::: 一::いち:名詞 割::わり:名詞 減少::げんしょう:名詞 し:する::動詞 て::: い:いる::動詞 ます::: 。:::
公演	この::: 公演::こうえん:名詞 は::: もう:::副詞 終わり:終わる:おわり:動詞 まし:ます:: た::: 。:::
後悔	その::: こと:::名詞 を::: 後悔::こうかい:名詞 し:する::動詞 ながら::: 余生::よせい:名詞 を::: 送り:送る:おくり:動詞 たく:たい:: ない::: 。:::
航海	その::: 船::ふね:名詞 は::: 航海::こうかい:名詞 中::ちゅう:名詞 です::: 。:::
拘束	この::: 決定::けってい:名詞 は::: 諸君::しょくん:名詞 全部::ぜんぶ:名詞 を::: 拘束::こうそく:名詞 する:::動詞 もの:::名詞 で:だ:: は::: ない::: 。:::
荒廃	その::: 国::くに:名詞 は::: 戦争::せんそう:名詞 で::: 荒廃::こうはい:名詞 し:する::動詞 て::: しまっ:しまう::動詞 た::: 。:::
降伏	城::しろ:名詞 が::: 降伏::ごうぶく:名詞 し:する::動詞 まし:ます:: た::: 。:::
興奮	そう:::副詞 興奮::こうふん:名詞 し:する::動詞 ない::: で::: お::: 座り:座る:すわり:動詞 下さい:下さる:ください:動詞 。:::
語句	最::さい: 重要::じゅうよう:名詞 語句::ごく:名詞 は::: 太字::ふとじ:名詞 に::: なっ:なる::動詞 て::: い:いる::動詞 ます::: 。:::
故人	故人::こじん:名詞 を::: しのん:しのぶ::動詞 で::: 、::: 記念::きねん:名詞 碑::ひ:名詞 が::: 建て:建てる:たて:動詞 られ:られる::動詞 た::: 。:::
小銭	小銭::こぜに:名詞 の::: 持ち合わせ::もちあわせ:名詞 は::: あり:ある::動詞 ます::: か::: 。:::
コンテスト	英語::えいご:名詞 の::: スピーチ::すぴーち:名詞 コンテスト::こんてすと:名詞 に::: 参加::さんか:名詞 し:する::動詞 ます::: か::: 。:::
採集	昆虫::こんちゅう:名詞 採集::さいしゅう:名詞 に::: ハマっ:ハマる:はまっ:動詞 て::: ます::: 。:::
作	この::: 絵::え:名詞 は::: モネ::*:名詞 の::: 作::さく:名詞 と::: さ:する::動詞 れ:れる::動詞 て::: いる:::動詞 。:::
策	私::わたし:名詞 は::: 正直::しょうじき:名詞 は::: 最良::さいりょう:名詞 の::: 策::さく:名詞 だ::: と::: 思い:思う:おもい:動詞 ます::: 。:::
設備	諸::しょ: 設備::せつび:名詞 の::: 費用::ひよう:名詞 は::: 払っ:払う:はらっ:動詞 て::: いただき:いただく::動詞 ます::: 。:::
絶滅	その::: 鳥::とり:名詞 は::: 絶滅::ぜつめつ:名詞 の::: 恐れ::おそれ:名詞 が::: ある:::動詞 と::: いわ:いう::動詞 れ:れる::動詞 て::: い:いる::動詞 ます::: 。:::
節約	こう:::副詞 すれ:する::動詞 ば::: 数::すう:名詞 時間::じかん:名詞 の::: 節約::せつやく:名詞 が::: でき:できる::動詞 ます::: 。:::
攻める	なかなか:::副詞 攻め:攻める:せめ:動詞 た::: デザイン::でざいん:名詞 だ::: な::: 。:::
責める	何故::なぜ:副詞 私::わたし:名詞 を::: 責める::せめる:動詞 の:::名詞 です::: か::: 。:::
善	美::び:名詞 は::: 善::ぜん:名詞 に::: まさる:::動詞 、::: と::: 言う::いう:動詞 人::ひと:名詞 が::: い:いる::動詞 ます::: 。:::
全	行動::こうどう:名詞 の::: 全::ぜん: 責任::せきにん:名詞 は::: 私::わたし:名詞 が::: 負い:負う:おい:動詞 ます::: 。:::
全員	彼ら::かれら:名詞 は::: 今週::こんしゅう:名詞 全員::ぜんいん:名詞 休日::きゅうじつ:名詞 で::: 留守::るす:名詞 です::: 。:::
来	来::らい: シーズン::しーずん:名詞 が::: 楽しみ::たのしみ:名詞 です::: 。:::
専攻	経済::けいざい:名詞 学::がく:名詞 を::: 専攻::せんこう:名詞 し:する::動詞 て::: い:いる::動詞 ます::: 。:::
全国	これ:::名詞 は::: 全国::ぜんこく:名詞 学校::がっこう:名詞 図書館::としょかん:名詞 協議::きょうぎ:名詞 会::かい:名詞 選定::せんてい:名詞 図書::としょ:名詞 です::: 。:::
洗剤	ランドリー::らんどりー:名詞 に::: は::: 洗剤::せんざい:名詞 が::: あり:ある::動詞 ます::: か::: 。:::
先日	彼::かれ:名詞 が::: 先日::せんじつ:名詞 あなた:::名詞 と::: 会っ:会う:あっ:動詞 た::: 人::ひと:名詞 です::: 。:::
前者	ジョーン::じょーん:名詞 と::: ジェーン::じぇーん:名詞 は::: 姉妹::しまい:名詞 です::: 。::: 前者::ぜんしゃ:名詞 は::: ピアニスト::ぴあにすと:名詞 です::: 。:::
全身	彼::かれ:名詞 は::: 全身::ぜんしん:名詞 ペンキ::ぺんき:名詞 だらけ:::名詞 に::: なっ:なる::動詞 た::: 。:::
前進	私::わたし:名詞 に::: は::: 前進::ぜんしん:名詞 する:::動詞 勇気::ゆうき:名詞 が::: なかっ:ない::形容詞 た::: 。:::
センター	コール::こーる:名詞 センター::せんたー:名詞 で::: 働い:働く:はたらい:動詞 て::: ます::: 。:::
全体	この::: 塔::とう:名詞 から::: 町::まち:名詞 全体::ぜんたい:名詞 が::: 見渡せ:見渡せる:みわたせ:動詞 ます::: 。:::
選択	あなた:::名詞 は::: 賢い::かしこい:形容詞 選択::せんたく:名詞 を::: し:する::動詞 た::: と::: 思い:思う:おもい:動詞 ます::: 。:::
宣伝	彼ら::かれら:名詞 は::: テレビ::てれび:名詞 で::: 新::しん: 製品::せいひん:名詞 を::: 宣伝::せんでん:名詞 し:する::動詞 た::: 。:::
象	象::ぞう:名詞 は::: とても:::副詞 大きな::おおきな: 動物::どうぶつ:名詞 です::: 。:::
騒音	車::くるま:名詞 の::: 騒音::そうおん:名詞 に::: 悩まさ:悩ます:なやまさ:動詞 れ:れる::動詞 て::: い:いる::動詞 ます::: 。:::
増加	一::いち:名詞 戸::こ:名詞 建::けん:名詞 より::: 共同::きょうどう:名詞 住宅::じゅうたく:名詞 に::: 住む::すむ:動詞 世帯::せたい:名詞 の::: 増加::ぞうか:名詞 率::りつ:名詞 の::: 方::ほう:名詞 が::: 高い::たかい:形容詞 。:::
操作	この::: 機械::きかい:名詞 は::: どう:::副詞 やっ:やる::動詞 て::: 操作::そうさ:名詞 する:::動詞 の:::名詞 です::: か::: 。:::
想像	あの::: 絵::え:名詞 を::: 見:見る:み:動詞 て::: 何::なに:名詞 を::: 想像::そうぞう:名詞 し:する::動詞 ます::: か::: 。:::
相続	トム::とむ:名詞 は::: 父親::ちちおや:名詞 の::: 全::ぜん: 財産::ざいさん:名詞 を::: 相続::そうぞく:名詞 し:する::動詞 た::: 。:::
速度	その::: 車::くるま:名詞 は::: 制限::せいげん:名詞 速度::そくど:名詞 を::: 越し:越す:こし:動詞 て::: いる:::動詞 。:::
底	ダム::だむ:名詞 の::: 底::そこ:名詞 に::: 水車::すいしゃ:名詞 小屋::こや:名詞 が::: あっ:ある::動詞 た::: 。:::
そこで	そこで::: 何::なに:名詞 が::: 起こっ:起こる:おこっ:動詞 た::: の:::名詞 です::: か::: 。:::
組織	トム::とむ:名詞 は::: この::: 組織::そしき:名詞 の::: 一員::いちいん:名詞 です::: 。:::
そして	そして::: 彼女::かのじょ:名詞 は::: いつも:::副詞 やっかい:::名詞 もの:::名詞 です::: 。:::
注ぐ	その::: 川::かわ:名詞 は::: 湖::みずうみ:名詞 に::: 注い:注ぐ:そそい:動詞 で::: い:いる::動詞 ます::: 。:::
そっくり	みんな:::名詞 が::: 私::わたし:名詞 の::: こと:::名詞 、::: お父さん::おとうさん:名詞 に::: そっくり:::副詞 だって::: 言う::いう:動詞 の::: 。:::
そっと	トム::とむ:名詞 は::: そっと:::副詞 ドア::どあ:名詞 を::: 開け:開ける:あけ:動詞 まし:ます:: た::: 。:::
袖	セーター::せーたー:名詞 の::: 袖::そで:名詞 が::: ほぐれ:ほぐれる::動詞 始め:始める:はじめ:動詞 た::: 。:::
備える	彼女::かのじょ:名詞 は::: 美し:美しい:うつくし:形容詞 さ:::名詞 を::: 備え:備える:そなえ:動詞 て::: い:いる::動詞 ます::: 。:::
そのうえ	そのうえ::: 中国人::ちゅうごくじん:名詞 は::: 昼寝::ひるね:名詞 が::: 好き::すき:名詞 な:だ:: ん:::名詞 だ::: 。:::
そのうち	そのうち:::副詞 一緒::いっしょ:名詞 に::: 仕事::しごと:名詞 が::: できる:::動詞 と::: いい:::形容詞 な::: と::: 思っ:思う:おもっ:動詞 て::: い:いる::動詞 ます::: 。:::
そのまま	少し::すこし:副詞 の::: 間::ま:名詞 そのまま:::副詞 で::: お願い::おねがい:名詞 し:する::動詞 ます::: 。:::
蕎麦	日本::にっぽん:名詞 で::: は::: 大晦日::おおみそか:名詞 に::: 蕎麦::そば:名詞 を::: 食べる::たべる:動詞 習慣::しゅうかん:名詞 が::: あり:ある::動詞 ます::: 。:::
ソファー	この::: ソファー::そふぁー:名詞 は::: いくら:::名詞 です::: か::: 。:::
粗末	私::わたし:名詞 の::: 車::くるま:名詞 は::: とても:::副詞 お::: 粗末::そまつ:名詞 な:だ:: 物::もの:名詞 です::: 。:::
それぞれ	人::ひと:名詞 それぞれ:::名詞 に::: 個性::こせい:名詞 が::: あり:ある::動詞 ます::: 。:::
それでも	明日::あした:名詞 雨::あめ:名詞 が::: 降っ:降る:ふっ:動詞 て::: も::: それでも::: ピクニック::ぴくにっく:名詞 に::: 行き:行く:いき:動詞 ます::: か::: 。:::
それと	それと::: これ:::名詞 と::: は::: 別::べつ:名詞 だ::: と::: 思う::おもう:動詞 よ::: 。:::
それとも	あれ:::名詞 は::: 猫::ねこ:名詞 です::: か::: 、::: それとも::: 犬::いぬ:名詞 です::: か::: 。:::
揃う	みんな:::名詞 揃っ:揃う:そろっ:動詞 て::: 海::うみ:名詞 に::: 飛び込ん:飛び込む:とびこん:動詞 だ::: 。:::
揃える	基本::きほん:名詞 的::てき:名詞 な:だ:: 道具::どうぐ:名詞 を::: 揃える::そろえる:動詞 だけ::: で::: 十::じゅう:名詞 万::まん:名詞 超える::こえる:動詞 。:::
損	今::いま:名詞 は::: 、::: 正直::しょうじき:名詞 が::: 、::: 損::そん:名詞 を::: する:::動詞 時代::じだい:名詞 です::: 。:::
損害	損害::そんがい:名詞 は::: 千::せん:名詞 ドル::どる:名詞 と::: 見積もり::みつもり:名詞 し:する::動詞 て::: い:いる::動詞 ます::: 。:::
尊敬	まだ:::副詞 トム::とむ:名詞 さん:::名詞 を::: 尊敬::そんけい:名詞 し:する::動詞 て::: い:いる::動詞 ます::: 。:::
存在	そういう::: もの:::名詞 は::: 存在::そんざい:名詞 し:する::動詞 ない::: と::: 思い:思う:おもい:動詞 ます::: 。:::
尊重	彼::かれ:名詞 は::: まったく:::副詞 他人::たにん:名詞 の::: 気持ち::きもち:名詞 を::: 尊重::そんちょう:名詞 し:する::動詞 ない::: の::: 。:::
他	あなた:::名詞 は::: 他::た:名詞 の::: 言葉::ことば:名詞 が::: 話せ:話せる:はなせ:動詞 ます::: か::: 。:::
対	とにかく:::副詞 、::: 三::さん:名詞 対::たい:名詞 一::いち:名詞 は::: 不公平::ふこうへい:名詞 だ::: 。:::
大	わたし:::名詞 は::: ベス::*:名詞 と::: 大::だい:名詞 の::: 仲良し::なかよし:名詞 です::: 。:::
題	なぜ:::副詞 その::: 題::だい:名詞 を::: 選ん:選ぶ:えらん:動詞 だ::: の:::名詞 か::: 。:::
体育	体育::たいいく:名詞 の::: 授業::じゅぎょう:名詞 は::: 全員::ぜんいん:名詞 が::: 必修::ひっしゅう:名詞 です::: 。:::
体温	それでは::: 、::: 体温::たいおん:名詞 を::: 測り:測る:はかり:動詞 ます::: ね::: 。:::
大会	私::わたし:名詞 は::: 水泳::すいえい:名詞 大会::たいかい:名詞 に::: 参加::さんか:名詞 する:::動詞 つもり:::名詞 です::: 。:::
大気	高く:高い:たかく:形容詞 昇る::のぼる:動詞 につれて::: 大気::たいき:名詞 は::: 薄く:薄い:うすく:形容詞 なる:::動詞 。:::
代金	品物::しなもの:名詞 は::: 代金::だいきん:名詞 引換::ひきかえ:名詞 で::: お送り::おおくり:名詞 いたし:いたす::動詞 ます::: 。:::
退屈	退屈::たいくつ:名詞 で::: 死に:死ぬ:しに:動詞 そう:::名詞 。:::
滞在	いま:::名詞 おじ:::名詞 の::: 家::いえ:名詞 に::: 滞在::たいざい:名詞 し:する::動詞 て::: い:いる::動詞 ます::: 。:::
大使	大使::たいし:名詞 は::: 今夜::こんや:名詞 日本::にっぽん:名詞 を::: たつ:::動詞 予定::よてい:名詞 です::: 。:::
大した	彼::かれ:名詞 の::: 賢:賢い:かしこ:形容詞 さ:::名詞 は::: 大した::たいした: もの:::名詞 です::: 。:::
体重	体重::たいじゅう:名詞 に::: は::: とても:::副詞 気::き:名詞 を::: つけ:つける::動詞 ます::: 。:::
対象	この::: 本::ほん:名詞 は::: 子供::こども:名詞 を::: 対象::たいしょう:名詞 と::: し:する::動詞 た::: 本::ほん:名詞 です::: 。:::
対照	春::はる:名詞 と::: 秋::あき:名詞 と::: を::: 比較::ひかく:名詞 対照::たいしょう:名詞 し:する::動詞 て::: みよ:みる::動詞 う::: 。:::
大臣	ここ:::名詞 が::: 総理::そうり:名詞 大臣::だいじん:名詞 の::: 住ん:住む:すん:動詞 で::: いる:::動詞 家::いえ:名詞 です::: 。:::
対する	これら:::名詞 の::: ティー::てぃー:名詞 カップ::かっぷ:名詞 は::: 対::たい:名詞 に::: なっ:なる::動詞 て::: いる:::動詞 。:::
大戦	再び::ふたたび:副詞 世界::せかい:名詞 大戦::たいせん:名詞 が::: 起こり:起こる:おこり:動詞 ませ:ます:: ん::: よう:::名詞 に::: 。:::
態度	彼女::かのじょ:名詞 は::: 上品::じょうひん:名詞 な:だ:: 態度::たいど:名詞 を::: し:する::動詞 て::: い:いる::動詞 ます::: 。:::
大統領	エルドアン::*:名詞 は::: トルコ::とるこ:名詞 の::: 大統領::だいとうりょう:名詞 です::: 。:::
大半	一::いち:名詞 日::にち:名詞 の::: 大半::たいはん:名詞 を::: 読書::どくしょ:名詞 し:する::動詞 て::: 過ごし:過ごす:すごし:動詞 た::: 。:::
代表	トム::とむ:名詞 さん:::名詞 は::: 代表::だいひょう:名詞 的::てき:名詞 な:だ:: 息子::むすこ:名詞 です::: 。:::
タイプライター	電子::でんし:名詞 タイプライター::たいぷらいたー:名詞 は::: あり:ある::動詞 ます::: か::: 。:::
逮捕	あなた:::名詞 を::: 逮捕::たいほ:名詞 し:する::動詞 ます::: 。:::
題名	その::: 映画::えいが:名詞 の::: 題名::だいめい:名詞 は::: 覚え:覚える:おぼえ:動詞 て:てる::動詞 ない::: ん:::名詞 だ::: 。:::
ダイヤ	列車::れっしゃ:名詞 の::: ダイヤ::だいや:名詞 が::: 遅れ:遅れる:おくれ:動詞 て::: い:いる::動詞 ます::: 。:::
平ら	地球::ちきゅう:名詞 は::: 平ら::たいら:名詞 だ::: と::: 信じ:信じる:しんじ:動詞 られ:られる::動詞 て::: い:いる::動詞 た::: 。:::
代理	私::わたし:名詞 は::: 旅行::りょこう:名詞 代理::だいり:名詞 店::てん:名詞 で::: 働い:働く:はたらい:動詞 て::: い:いる::動詞 ます::: 。:::
倒す	シート::しーと:名詞 横::よこ:名詞 に::: ある:::動詞 ノブ::のぶ:名詞 を::: 前::まえ:名詞 に::: 動かし:動かす:うごかし:動詞 、::: シート::しーと:名詞 を::: 倒し:倒す:たおし:動詞 ます::: 。:::
タオル	その::: タオル::たおる:名詞 は::: きれい:::名詞 な:だ:: はず:::名詞 です::: 。:::
だが	だが::: 宇宙::うちゅう:名詞 は::: 無限::むげん:名詞 だ::: 。:::
互い	トム::とむ:名詞 と::: メアリー::めありー:名詞 が::: 互い::たがい:名詞 を::: 好き::すき:名詞 だ::: という::: 事::こと:名詞 は::: 明らか::あきらか:名詞 です::: 。:::
高める	それ:::名詞 が::: 自分::じぶん:名詞 を::: 高める::たかめる:動詞 コツ::こつ:名詞 です::: 。:::
宝	健康::けんこう:名詞 は::: 大切::たいせつ:名詞 な:だ:: 宝::たから:名詞 です::: 。:::
宅	お::: 宅::たく:名詞 の::: 地下::ちか:名詞 室::しつ:名詞 に::: ネズミ::ねずみ:名詞 が::: い:いる::動詞 ます::: 。:::
炊く	これ:::名詞 が::: お::: 米::べい:名詞 の::: 炊き:炊く:たき:動詞 方::かた:名詞 です::: 。:::
焚く	寒かっ:寒い:さむかっ:形容詞 た::: ので::: 、::: 私::わたし:名詞 たち:::名詞 は::: 火::ひ:名詞 を::: 焚き:焚く:たき:動詞 まし:ます:: た::: 。:::
だけど	だけど::: 、::: それ:::名詞 は::: 非常::ひじょう:名詞 に::: 難しい::むずかしい:形容詞 こと:::名詞 です::: 。:::
たしか	たしか:::副詞 先週::せんしゅう:名詞 の::: 金曜日::きんようび:名詞 だっ:だ:: た::: と::: 思い:思う:おもい:動詞 ます::: 。:::
確かめる	トム::とむ:名詞 は::: 腕時計::うでどけい:名詞 の::: 時間::じかん:名詞 を::: 確かめ:確かめる:たしかめ:動詞 た::: 。:::
多少	多少::たしょう:副詞 、::: そわそわ:::副詞 し:する::動詞 て::: い:いる::動詞 ます::: 。:::
助かる	そう:::副詞 し:する::動詞 て::: もらえる:::動詞 と::: 助かり:助かる:たすかり:動詞 ます::: 。:::
助ける	私::わたし:名詞 は::: どうしても:::副詞 彼女::かのじょ:名詞 を::: 助け:助ける:たすけ:動詞 なけれ:ない:: ば::: なら:なる::動詞 ない::: 気::き:名詞 が::: し:する::動詞 た::: 。:::
ただ	ただ:::名詞 の::: 悪夢::あくむ:名詞 だっ:だ:: た::: 。:::
只	この::: 新聞::しんぶん:名詞 は::: 只::ただ:名詞 です::: 。:::
唯	マイク::まいく:名詞 は::: その::: 委員::いいん:名詞 会::かい:名詞 で::: 唯::ただ:副詞 ひとり:::名詞 の::: 男性::だんせい:名詞 です::: 。:::
戦い	ここ:::名詞 が::: 、::: その::: 戦い::たたかい:名詞 の::: あっ:ある::動詞 た::: 所::ところ:名詞 です::: 。:::
戦う	私::わたし:名詞 たち:::名詞 は::: 最後::さいご:名詞 まで::: 戦い:戦う:たたかい:動詞 ます::: 。:::
叩く	石橋::いしばし:名詞 を::: 叩い:叩く:たたい:動詞 て::: 渡る::わたる:動詞 よう:::名詞 な:だ:: 人間::にんげん:名詞 な:だ:: ん:::名詞 です::: 。:::
直ちに	その::: 件::けん:名詞 について::: 直ちに::ただちに:副詞 調査::ちょうさ:名詞 す:する::動詞 べき:べし:: です::: 。:::
畳む	彼女::かのじょ:名詞 は::: ハンカチ::はんかち:名詞 を::: きちんと:::副詞 畳ん:畳む:たたん:動詞 だ::: 。:::
立ち上がる	会議::かいぎ:名詞 に::: 出る::でる:動詞 ため:::名詞 に::: 立ち上がっ:立ち上がる:たちあがっ:動詞 た::: 。:::
立場	私::わたし:名詞 の::: 立場::たちば:名詞 なら:だ:: 、::: どう:::副詞 し:する::動詞 ます::: か::: 。:::
建つ	あたり:::名詞 一帯::いったい:名詞 に::: 超::ちょう: 高層::こうそう:名詞 ビル::びる:名詞 が::: 建っ:建つ:たっ:動詞 て::: い:いる::動詞 ます::: 。:::
経つ	日本::にっぽん:名詞 に::: 住む::すむ:動詞 よう:::名詞 に::: なっ:なる::動詞 て::: 、::: どの::: くらい::: 経ち:経つ:たち:動詞 ます::: か::: 。:::
達する	売れ行き::うれゆき:名詞 は::: 目標::もくひょう:名詞 に::: 達し:達する:たっし:動詞 なかっ:ない:: た::: 。:::
だって	日本人::にっぽんじん:名詞 だって::: 、::: 日本語::にほんご:名詞 を::: 話す::はなす:動詞 とき:::名詞 に::: 間違える::まちがえる:動詞 こと:::名詞 は::: ある:::動詞 さ::: 。:::
たっぷり	まだ:::副詞 たっぷり:::副詞 時間::じかん:名詞 は::: あり:ある::動詞 ます::: 。:::
たとえ	たとえ:::副詞 雨::あめ:名詞 で::: も::: 、::: 彼::かれ:名詞 は::: ゴルフ::ごるふ:名詞 を::: し:する::動詞 ます::: 。:::
谷	山::やま:名詞 に::: 雪::ゆき:名詞 が::: 降る::ふる:動詞 と::: 谷::たに:名詞 は::: 寒く:寒い:さむく:形容詞 なり:なる::動詞 ます::: 。:::
種	この::: 花::はな:名詞 の::: 種::たね:名詞 を::: まき:まく::動詞 ます::: 。:::
束	彼::かれ:名詞 は::: 古い::ふるい:形容詞 手紙::てがみ:名詞 を::: 束::たば:名詞 に::: し:する::動詞 た::: 。:::
足袋	着物::きもの:名詞 に::: 足袋::たび:名詞 は::: 欠か:欠く:かか:動詞 せ:せる::動詞 ませ:ます:: ん::: 。:::
旅	旅::たび:名詞 に::: 出:出る:で:動詞 たら:た:: 地酒::じざけ:名詞 を::: 飲ま:飲む:のま:動詞 なきゃ:ない:: 。:::
たびたび	彼::かれ:名詞 から::: たびたび:::副詞 便り::たより:名詞 が::: あり:ある::動詞 ます::: か::: 。:::
玉	子供::こども:名詞 たち:::名詞 が::: シャボン::しゃぼん:名詞 玉::だま:名詞 遊び::あそび:名詞 を::: し:する::動詞 て::: い:いる::動詞 ます::: 。:::
弾	弾::たま:名詞 が::: ヘルメット::へるめっと:名詞 を::: 通っ:通る:とおっ:動詞 た::: 。:::
騙す	世::よ:名詞 を::: 騙し:騙す:だまし:動詞 たい::: なら:だ:: 、::: 真実::しんじつ:名詞 を::: 言え:言える:いえ:動詞 。:::
たまらない	君::きみ:名詞 は::: 彼女::かのじょ:名詞 に::: 会い:会う:あい:動詞 たく:たい:: て::: たまらない:::形容詞 の:::名詞 です::: か::: 。:::
溜まる	やっと:::副詞 溜まっ:溜まる:たまっ:動詞 て:てる::動詞 た::: 家事::かじ:名詞 が::: 終わっ:終わる:おわっ:動詞 た::: わ::: 。:::
黙る	彼女::かのじょ:名詞 は::: なぜ:::副詞 あんなに:::副詞 黙っ:黙る:だまっ:動詞 て::: いる:::動詞 の:::名詞 です::: か::: 。:::
試し	彼::かれ:名詞 は::: それ:::名詞 を::: 試し:試す:ためし:動詞 て::: み:みる::動詞 た::: が::: 、::: 上手く:上手い:うまく:形容詞 いか:いく::動詞 なかっ:ない:: た::: 。:::
試す	コーヒー::こーひー:名詞 の::: 味::あじ:名詞 を::: 試し:試す:ためし:動詞 ます::: 。:::
溜める	彼女::かのじょ:名詞 は::: 目::め:名詞 に::: 涙::なみだ:名詞 を::: 溜め:溜める:ため:動詞 ながら::: 話し:話す:はなし:動詞 た::: 。:::
便り	ときたま:::副詞 彼::かれ:名詞 から::: 便り::たより:名詞 が::: あり:ある::動詞 ます::: 。:::
頼る	私::わたし:名詞 は::: よく:::副詞 彼::かれ:名詞 に::: 頼っ:頼る:たよっ:動詞 て::: い:いる::動詞 ます::: 。:::
段	彼::かれ:名詞 は::: 並み::なみ:名詞 の::: 大学生::だいがくせい:名詞 より::: 一::いち:名詞 段::だん:名詞 上::じょう:名詞 だ::: 。:::
単位	土地::とち:名詞 は::: エーカー::えーかー:名詞 単位::たんい:名詞 で::: 売っ:売る:うっ:動詞 て::: い:いる::動詞 ます::: 。:::
単語	この::: 単語::たんご:名詞 を::: もう一度::もういちど:副詞 読ん:読む:よん:動詞 で::: ください:くださる::動詞 。:::
男子	向かっ:向かう:むかっ:動詞 て::: 右::みぎ:名詞 が::: 男子::だんし:名詞 トイレ::といれ:名詞 、::: 左::ひだり:名詞 が::: 女子::じょし:名詞 トイレ::といれ:名詞 です::: 。:::
誕生	明日::あした:名詞 は::: 私::わたし:名詞 の::: 誕生::たんじょう:名詞 日::び:名詞 だ::: 。:::
ダンス	ダンス::だんす:名詞 を::: 学び:学ぶ:まなび:動詞 たい::: 。:::
団体	サッカー::さっかー:名詞 は::: 団体::だんたい:名詞 スポーツ::すぽーつ:名詞 です::: 。:::
担当	彼女::かのじょ:名詞 が::: 担当::たんとう:名詞 する:::動詞 こと:::名詞 に::: なり:なる::動詞 ます::: 。:::
単なる	私::わたし:名詞 は::: 単なる::たんなる: 普通::ふつう:名詞 の::: サラリーマン::さらりーまん:名詞 です::: 。:::
単に	あの::: 人::ひと:名詞 は::: 実際::じっさい:副詞 の::: 友達::ともだち:名詞 で::: は::: なく:ない:: 、::: 単に::たんに:副詞 知り合い::しりあい:名詞 です::: 。:::
地	この::: 船::ふね:名詞 の::: 目的::もくてき:名詞 地::ち:名詞 は::: どこ:::名詞 です::: か::: 。:::
地位	彼::かれ:名詞 は::: 会社::かいしゃ:名詞 で::: 高い::たかい:形容詞 地位::ちい:名詞 に::: あり:ある::動詞 ます::: 。:::
チーズ	この::: チーズ::ちーず:名詞 は::: イタリア::いたりあ:名詞 産::さん:名詞 です::: 。:::
チーム	どの::: チーム::ちーむ:名詞 が::: 勝つ::かつ:動詞 だろ:だ:: う::: か::: 。:::
知恵	年齢::ねんれい:名詞 を::: 重ねる::かさねる:動詞 とともに::: 知恵::ちえ:名詞 が::: つい:つく::動詞 て::: くる:::動詞 の:::名詞 です::: 。:::
違い	これ:::名詞 と::: あれ:::名詞 と::: の::: 違い::ちがい:名詞 は::: 何::なに:名詞 です::: か::: 。:::
近頃	近頃::ちかごろ:副詞 どんな::: 曲::きょく:名詞 が::: 流行っ:流行る:はやっ:動詞 て::: ます::: か::: 。:::
地球	地球::ちきゅう:名詞 は::: 太陽::たいよう:名詞 より::: 小さい::ちいさい:形容詞 です::: 。:::
地区	この::: 地区::ちく:名詞 で::: は::: 三::さん:名詞 局::きょく:名詞 受信::じゅしん:名詞 でき:できる::動詞 ます::: 。:::
遅刻	朝寝坊::あさねぼう:名詞 し:する::動詞 て::: 、::: 危うく:危うい:あやうく:形容詞 遅刻::ちこく:名詞 する:::動詞 ところ:::名詞 だっ:だ:: た::: よ::: 。:::
知事	彼::かれ:名詞 は::: 知事::ちじ:名詞 と::: 長年::ながねん:名詞 の::: 付き合い::つきあい:名詞 です::: 。:::
知識	私::わたし:名詞 の::: ドイツ::どいつ:名詞 語::ご:名詞 の::: 知識::ちしき:名詞 は::: 貧弱::ひんじゃく:名詞 です::: 。:::
父親	ブラウン::ぶらうん:名詞 さん:::名詞 は::: 彼女::かのじょ:名詞 の::: 父親::ちちおや:名詞 です::: 。:::
知能	イルカ::いるか:名詞 は::: 非常::ひじょう:名詞 に::: 知能::ちのう:名詞 の::: 高い::たかい:形容詞 動物::どうぶつ:名詞 です::: 。:::
地平線	やがて:::副詞 月::つき:名詞 が::: 地平線::ちへいせん:名詞 上::じょう:名詞 に::: 現れ:現れる:あらわれ:動詞 た::: 。:::
地方	米::べい:名詞 は::: この::: 地方::ちほう:名詞 の::: 主::おも:名詞 な:だ:: 農作物::のうさくもつ:名詞 です::: 。:::
茶	彼::かれ:名詞 は::: 茶::ちゃ:名詞 の::: 販売::はんばい:名詞 予定::よてい:名詞 は::: 十::じゅう:名詞 トン::とん:名詞 です::: 。:::
チャンス	もう一度::もういちど:副詞 チャンス::ちゃんす:名詞 を::: くれ:くれる::動詞 。:::
ちゃんと	この::: 店::みせ:名詞 で::: は::: ちゃんと:::副詞 し:する::動詞 た::: 身なり::みなり:名詞 を::: し:する::動詞 なさい:なさる::動詞 。:::
注	別紙::べっし:名詞 の::: 注::ちゅう: 文書::ぶんしょ:名詞 の::: 通り::とおり:名詞 注文::ちゅうもん:名詞 いたし:いたす::動詞 ます::: 。:::
中央	市役所::しやくしょ:名詞 は::: 市::し:名詞 の::: 中央::ちゅうおう:名詞 に::: 有り:有る:あり:動詞 ます::: 。:::
中学	私::わたし:名詞 は::: 中学::ちゅうがく:名詞 二::に:名詞 年生::ねんせい:名詞 です::: 。:::
中古	トム::とむ:名詞 の::: 仕事::しごと:名詞 は::: 中古::ちゅうこ:名詞 車::しゃ:名詞 の::: 販売::はんばい:名詞 です::: 。:::
中止	もし:::副詞 雨::あめ:名詞 なら:だ:: 遠足::えんそく:名詞 は::: 中止::ちゅうし:名詞 です::: 。:::
駐車	あそこ:::名詞 に::: 駐車::ちゅうしゃ:名詞 する:::動詞 の:::名詞 は::: 違法::いほう:名詞 です::: 。:::
昼食	なぜ:::副詞 毎日::まいにち:名詞 昼食::ちゅうしょく:名詞 を::: 抜く::ぬく:動詞 の:::名詞 です::: か::: 。:::
中心	ここ:::名詞 が::: この::: 都市::とし:名詞 の::: 中心::ちゅうしん:名詞 部::ぶ:名詞 です::: 。:::
注目	これ:::名詞 は::: 注目::ちゅうもく:名詞 に::: 値する::あたいする:動詞 こと:::名詞 です::: 。:::
注文	私::わたし:名詞 は::: 電話::でんわ:名詞 で::: ピザ::ぴざ:名詞 を::: 注文::ちゅうもん:名詞 し:する::動詞 た::: 。:::
長期	試験::しけん:名詞 を::: 無事::ぶじ:名詞 に::: 終え:終える:おえ:動詞 たら:た:: 長期::ちょうき:名詞 の::: 休み::やすみ:名詞 を::: とり:とる::動詞 ます::: 。:::
調査	警察::けいさつ:名詞 は::: それ:::名詞 を::: 調査::ちょうさ:名詞 し:する::動詞 て::: い:いる::動詞 ます::: 。:::
調子	今朝::けさ:名詞 は::: 体::からだ:名詞 の::: 調子::ちょうし:名詞 が::: よい:::形容詞 。:::
頂上	私::わたし:名詞 は::: その::: 山::やま:名詞 の::: 頂上::ちょうじょう:名詞 を::: 見る::みる:動詞 こと:::名詞 が::: でき:できる::動詞 ます::: 。:::
ちょうだい	お::: にいさん:::名詞 、::: お::: 酒::さけ:名詞 を::: 一杯::いっぱい:副詞 ちょうだい:::名詞 。:::
貯金	トム::とむ:名詞 に::: 貯金::ちょきん:名詞 箱::ばこ:名詞 を::: 買っ:買う:かっ:動詞 て::: あげ:あげる::動詞 たい::: です::: 。:::
直接	彼女::かのじょ:名詞 に::: 直接::ちょくせつ:名詞 言っ:言う:いっ:動詞 たら:た:: どう:::副詞 です::: か::: 。:::
著者	私::わたし:名詞 は::: その::: 著者::ちょしゃ:名詞 の::: 名前::なまえ:名詞 を::: 知っ:知る:しっ:動詞 て::: い:いる::動詞 ます::: 。:::
散らす	両替::りょうがえ:名詞 人::じん:名詞 の::: 金::きん:名詞 を::: 散らし:散らす:ちらし:動詞 、::: その::: 台::だい:名詞 を::: 倒し:倒す:たおし:動詞 た::: 。:::
散る	ほとんど:::副詞 の::: 葉::は:名詞 が::: 散っ:散る:ちっ:動詞 て::: しまっ:しまう::動詞 た::: 。:::
遂に	遂に::ついに:副詞 彼::かれ:名詞 は::: 目的::もくてき:名詞 を::: 達し:達す:たっし:動詞 た::: 。:::
通過	その::: 列車::れっしゃ:名詞 は::: 元町::もとまち:名詞 駅::えき:名詞 を::: 通過::つうか:名詞 し:する::動詞 ます::: 。:::
通貨	もう:::副詞 仮想::かそう:名詞 通貨::つうか:名詞 に::: は::: 手::て:名詞 を::: 出さ:出す:ださ:動詞 ない::: 。:::
通学	彼::かれ:名詞 は::: バス::ばす:名詞 で::: 通学::つうがく:名詞 し:する::動詞 て::: い:いる::動詞 ます::: 。:::
通勤	トム::とむ:名詞 は::: 自転車::じてんしゃ:名詞 通勤::つうきん:名詞 を::: し:する::動詞 て::: い:いる::動詞 ます::: 。:::
通行	イギリス::いぎりす:名詞 に::: は::: 左側::ひだりがわ:名詞 に::: 通行::つうこう:名詞 し:する::動詞 ます::: 。:::
通じる	あなた:::名詞 の::: 英語::えいご:名詞 は::: 人::ひと:名詞 に::: 通じ:通じる:つうじ:動詞 ます::: か::: 。:::
通信	通信::つうしん:名詞 業界::ぎょうかい:名詞 は::: いとも:::副詞 簡単::かんたん:名詞 に::: 手中::しゅちゅう:名詞 に::: おさめる:::動詞 こと:::名詞 が::: でき:できる::動詞 ます::: 。:::
通訳	トム::とむ:名詞 は::: 私::わたし:名詞 たち:::名詞 の::: 通訳::つうやく:名詞 です::: 。:::
捕まる	警察::けいさつ:名詞 に::: 捕まる::つかまる:動詞 よう:::名詞 な:だ:: 恐れ::おそれ:名詞 が::: ある:::動詞 の:::名詞 です::: か::: 。:::
掴む	ジム::じむ:名詞 は::: ジュリー::じゅりー:名詞 の::: 腕::うで:名詞 を::: ぐいと:::副詞 掴ん:掴む:つかん:動詞 だ::: 。:::
疲れ	なぜ:::副詞 あなた:::名詞 は::: 今日::きょう:名詞 そんなに:::副詞 疲れ:疲れる:つかれ:動詞 て::: いる:::動詞 の:::名詞 です::: か::: 。:::
付き合い	私::わたし:名詞 は::: 彼女::かのじょ:名詞 と::: は::: 長い::ながい:形容詞 付き合い::つきあい:名詞 だ::: 。:::
付く	付い:付く:つい:動詞 て::: 行っ:行く:いっ:動詞 て::: も::: いい:::形容詞 です::: か::: 。:::
就く	どんな::: 職業::しょくぎょう:名詞 に::: 就い:就く:つい:動詞 て::: い:いる::動詞 ます::: か::: 。:::
突く	もうすぐ:::副詞 、::: トム::とむ:名詞 の::: 貯金::ちょきん:名詞 が::: 底::そこ:名詞 を::: 突く::つく:動詞 。:::
次ぐ	この::: 次い:次ぐ:つい:動詞 つ::: 集まれ:集まる:あつまれ:動詞 ば::: よい:::形容詞 の:::名詞 か::: 彼::かれ:名詞 に::: 聞い:聞く:きい:動詞 て::: ください:くださる::動詞 。:::
付ける	テレビ::てれび:名詞 を::: 付け:付ける:つけ:動詞 て::: も::: いい:::形容詞 です::: か::: 。:::
着ける	この::: 道::みち:名詞 を::: 行け:行く:いけ:動詞 ば::: 空港::くうこう:名詞 に::: 着け:着ける:つけ:動詞 ます::: 。:::
伝わる	その::: 土地::とち:名詞 は::: 彼::かれ:名詞 の::: 家族::かぞく:名詞 に::: 伝わっ:伝わる:つたわっ:動詞 た::: 。:::
土	彼ら::かれら:名詞 は::: こぢんまり:::副詞 と::: し:する::動詞 た::: 土::ど:名詞 壁::かべ:名詞 の::: 家::いえ:名詞 で::: 暮らし:暮らす:くらし:動詞 て::: い:いる::動詞 まし:ます:: た::: 。:::
続き	どれ:::名詞 くらい::: この::: 寒い::さむい:形容詞 天気::てんき:名詞 は::: 続き:続く:つづき:動詞 ます::: か::: 。:::
包み	包み::つつみ:名詞 を::: 持ち上げる::もちあげる:動詞 の:::名詞 を::: 手伝っ:手伝う:てつだっ:動詞 て::: 。:::
勤め	私::わたし:名詞 は::: 、::: 旅行::りょこう:名詞 会社::かいしゃ:名詞 に::: 勤め:勤める:つとめ:動詞 て::: い:いる::動詞 ます::: 。:::
務め	姉::あね:名詞 が::: ブライズメイド::*:名詞 を::: 務め:務める:つとめ:動詞 ます::: 。:::
繋がる	ネット::ねっと:名詞 に::: 繋がら:繋がる:つながら:動詞 なかっ:ない:: た::: 。:::
繋ぐ	手::て:名詞 を::: 繋ぎ:繋ぐ:つなぎ:動詞 たい::: です::: 。:::
繋げる	この::: パソコン::ぱそこん:名詞 を::: インターネット::いんたーねっと:名詞 に::: 繋げ:繋げる:つなげ:動詞 て::: い:いる::動詞 ます::: 。:::
常に	世界::せかい:名詞 平和::へいわ:名詞 を::: 常に::つねに:副詞 祈っ:祈る:いのっ:動詞 て::: いる:::動詞 。:::
翼	時::とき:名詞 の::: 翼::つばさ:名詞 に::: 乗っ:乗る:のっ:動詞 て::: 悲しみ::かなしみ:名詞 は::: 飛び:飛ぶ:とび:動詞 去る::さる:動詞 。:::
罪	罪::つみ:名詞 を::: 認め:認める:みとめ:動詞 て::: 謝り:謝る:あやまり:動詞 まし:ます:: た::: 。:::
積む	結婚::けっこん:名詞 する:::動詞 前::まえ:名詞 に::: 、::: キャリア::きゃりあ:名詞 を::: 積ん:積む:つん:動詞 で::: おき:おく::動詞 たい::: です::: 。:::
詰める	それら:::名詞 を::: その::: 箱::はこ:名詞 に::: 詰め:詰める:つめ:動詞 なさい:なさる::動詞 。:::
積もる	雪::ゆき:名詞 は::: あたり:::名詞 一::いち:名詞 面::めん:名詞 に::: 積もっ:積もる:つもっ:動詞 て::: い:いる::動詞 た::: 。:::
梅雨	明日::あした:名詞 から::: 梅雨::つゆ:名詞 前線::ぜんせん:名詞 が::: 活発::かっぱつ:名詞 に::: なり:なる::動詞 ます::: 。:::
釣	私::わたし:名詞 は::: 父::ちち:名詞 と::: 釣::つり:名詞 に::: 行く::いく:動詞 の:::名詞 が::: 好き::すき:名詞 です::: 。:::
連れ	病院::びょういん:名詞 へ::: 連れ:連れる:つれ:動詞 て::: 行っ:行く:いっ:動詞 て::: 下さい:下さる:ください:動詞 。:::
出	いつか:::名詞 テレビ::てれび:名詞 に::: 出:出る:で:動詞 たい::: です::: 。:::
出会い	私::わたし:名詞 たち:::名詞 は::: 時折::ときおり:名詞 クラブ::くらぶ:名詞 で::: 彼::かれ:名詞 に::: 出会い:出会う:であい:動詞 ます::: 。:::
出会う	ちょうど:::副詞 今::いま:名詞 、::: 彼::かれ:名詞 と::: 出会っ:出会う:であっ:動詞 た::: の:::名詞 です::: 。:::
提案	あなた:::名詞 は::: その::: 提案::ていあん:名詞 に::: 賛成::さんせい:名詞 です::: か::: 。:::
定期	あなた:::名詞 は::: 車::くるま:名詞 の::: 定期::ていき:名詞 点検::てんけん:名詞 を::: す:する::動詞 べき:べし:: です::: 。:::
抵抗	この::: ビタミン::びたみん:名詞 は::: 病気::びょうき:名詞 に対する::にたいする: 抵抗::ていこう:名詞 力::りょく:名詞 を::: 強め:強める:つよめ:動詞 ます::: 。:::
提出	いつ:::名詞 レポート::れぽーと:名詞 を::: 提出::ていしゅつ:名詞 する:::動詞 の:::名詞 です::: か::: 。:::
停電	停電::ていでん:名詞 が::: 場内::じょうない:名詞 の::: 混乱::こんらん:名詞 の::: 一因::いちいん:名詞 と::: なっ:なる::動詞 た::: 。:::
程度	どの::: 程度::ていど:名詞 まで::: 彼::かれ:名詞 を::: 信用::しんよう:名詞 し:する::動詞 て::: い:いる::動詞 ます::: か::: 。:::
停留所	近く::ちかく:名詞 に::: バス::ばす:名詞 の::: 停留所::ていりゅうじょ:名詞 が::: あり:ある::動詞 ます::: 。:::
デート	トム::とむ:名詞 と::: デート::でーと:名詞 し:する::動詞 たい::: な::: 。:::
敵	物語::ものがたり:名詞 の::: 敵::てき:名詞 は::: とても:::副詞 強い::つよい:形容詞 です::: 。:::
出来事	最新::さいしん:名詞 の::: 出来事::できごと:名詞 は::: 以上::いじょう:名詞 です::: 。:::
適切	これ:::名詞 は::: 適切::てきせつ:名詞 な:だ:: 例::れい:名詞 だ::: と::: 思い:思う:おもい:動詞 ます::: 。:::
適度	私::わたし:名詞 は::: いつも:::副詞 適度::てきど:名詞 な:だ:: スピード::すぴーど:名詞 で::: 運転::うんてん:名詞 し:する::動詞 て::: い:いる::動詞 ます::: 。:::
適用	この::: 規則::きそく:名詞 は::: 外国::がいこく:名詞 人::じん:名詞 に::: のみ::: 適用::てきよう:名詞 さ:する::動詞 れ:れる::動詞 ます::: 。:::
手品	私::わたし:名詞 の::: いとこ:::名詞 は::: 手品::てじな:名詞 が::: 得意::とくい:名詞 です::: 。:::
ですから	ですから::: 、::: 玲子::れいこ:名詞 。::: アンタ::*:名詞 は::: 慌てる::あわてる:動詞 こと:::名詞 は::: あり:ある::動詞 ませ:ます:: ん::: 。:::
鉄	彼女::かのじょ:名詞 鉄::てつ:名詞 の::: 意志::いし:名詞 を::: 持っ:持つ:もっ:動詞 てる:::動詞 から::: ね::: 。:::
哲学	私::わたし:名詞 は::: 哲学::てつがく:名詞 者::しゃ:名詞 に::: なる:::動詞 つもり:::名詞 で::: い:いる::動詞 た::: 。:::
手伝い	夕方::ゆうがた:名詞 は::: 母::はは:名詞 の::: 手伝い::てつだい:名詞 を::: し:する::動詞 て::: い:いる::動詞 ます::: 。:::
徹底	ささい:::名詞 な:だ:: 情報::じょうほう:名詞 で::: も::: 確認::かくにん:名詞 を::: 徹底::てってい:名詞 する:::動詞 こと:::名詞 。:::
鉄道	父::ちち:名詞 は::: 鉄道::てつどう:名詞 関係::かんけい:名詞 の::: 仕事::しごと:名詞 を::: し:する::動詞 て::: い:いる::動詞 ます::: 。:::
徹夜	弟::おとうと:名詞 は::: よく:::副詞 徹夜::てつや:名詞 を::: する:::動詞 。:::
手間	これ:::名詞 は::: 主婦::しゅふ:名詞 の::: 手間::てま:名詞 を::: 省く::はぶく:動詞 便利::べんり:名詞 な:だ:: 器具::きぐ:名詞 です::: 。:::
デモ	人::ひと:名詞 は::: デモ::でも:名詞 と::: 聞く::きく:動詞 と::: 学生::がくせい:名詞 を::: 連想::れんそう:名詞 し:する::動詞 た::: もの:::名詞 です::: 。:::
典型	典型::てんけい:名詞 的::てき:名詞 な:だ:: 英国::えいこく:名詞 の::: 食事::しょくじ:名詞 は::: 何::なに:名詞 です::: か::: 。:::
天候	天候::てんこう:名詞 が::: 許せ:許す:ゆるせ:動詞 ば::: 、::: 私::わたし:名詞 は::: 出発::しゅっぱつ:名詞 し:する::動詞 ます::: 。:::
電子	電子::でんし:名詞 タイプライター::たいぷらいたー:名詞 は::: あり:ある::動詞 ます::: か::: 。:::
テント	ここ:::名詞 、::: テント::てんと:名詞 を::: 張る::はる:動詞 のに::: 良:良い:よ:形容詞 さ:::名詞 そう:::名詞 。:::
伝統	日本::にっぽん:名詞 酒::しゅ:名詞 は::: 日本::にっぽん:名詞 の::: 伝統::でんとう:名詞 的::てき:名詞 な:だ:: お::: 酒::さけ:名詞 です::: 。:::
天然	この::: 石けん::せっけん:名詞 に::: は::: 天然::てんねん:名詞 香料::こうりょう:名詞 が::: 入っ:入る:はいっ:動詞 て::: いる:::動詞 。:::
問い	その::: 問い::とい:名詞 に::: 答える::こたえる:動詞 の:::名詞 は::: 容易::ようい:名詞 だ::: 。:::
党	彼女::かのじょ:名詞 は::: 根っから::ねっから:副詞 の::: コーヒー::こーひー:名詞 党::とう:名詞 です::: 。:::
塔	村::むら:名詞 の::: まん中::まんなか:名詞 に::: 古い::ふるい:形容詞 塔::とう:名詞 が::: あり:ある::動詞 ます::: 。:::
答案	あなた:::名詞 の::: 答案::とうあん:名詞 に::: は::: 間違い::まちがい:名詞 が::: 多:多い:おお:形容詞 すぎ:すぎる::動詞 ます::: 。:::
同一	ほとんど:::副詞 の::: 場合::ばあい:名詞 、::: 近代::きんだい:名詞 化::か:名詞 は::: 西欧::せいおう:名詞 化::か:名詞 と::: 同一::どういつ:名詞 の::: もの:::名詞 と::: みなさ:みなす::動詞 れる:::動詞 。:::
銅貨	ここ:::名詞 の::: 数::すう:名詞 枚::まい:名詞 の::: 銅貨::どうか:名詞 が::: ある:::動詞 。:::
動詞	この::: 動詞::どうし:名詞 の::: 変化::へんか:名詞 を::: 言え:言える:いえ:動詞 ます::: か::: 。:::
同時	妹::いもうと:名詞 と::: 出発::しゅっぱつ:名詞 が::: 同時::どうじ:名詞 でし:です:: た::: か::: 。:::
どうしても	ケン::けん:名詞 は::: どうしても:::副詞 私::わたし:名詞 の::: いう:::動詞 こと:::名詞 を::: 聞こ:聞く:きこ:動詞 う::: と::: し:する::動詞 なかっ:ない:: た::: 。:::
到着	列車::れっしゃ:名詞 は::: 、::: すでに:::副詞 到着::とうちゃく:名詞 し:する::動詞 て::: い:いる::動詞 ます::: 。:::
道徳	私::わたし:名詞 の::: 祖父::そふ:名詞 は::: 道徳::どうとく:名詞 的::てき:名詞 な:だ:: 生活::せいかつ:名詞 を::: し:する::動詞 た::: 。:::
投票	ポーランド::ぽーらんど:名詞 で::: は::: 今日::きょう:名詞 が::: 投票::とうひょう:名詞 日::び:名詞 です::: 。:::
東洋	彼::かれ:名詞 は::: 東洋::とうよう:名詞 芸術::げいじゅつ:名詞 の::: かなり:::名詞 の::: 専門::せんもん:名詞 家::か:名詞 だ::: 。:::
同様	彼::かれ:名詞 は::: 英語::えいご:名詞 と::: 同様::どうよう:名詞 数学::すうがく:名詞 も::: 教え:教える:おしえ:動詞 ます::: 。:::
童謡	彼::かれ:名詞 は::: 、::: オペラ::おぺら:名詞 は::: もちろん:::副詞 の::: こと:::名詞 、::: 童謡::どうよう:名詞 すら::: 歌え:歌える:うたえ:動詞 ない::: 。:::
道路	この::: 道路::どうろ:名詞 は::: とても:::副詞 広い::ひろい:形容詞 です::: 。:::
通す	済み:済む:すみ:動詞 ませ:ます:: ん::: 。::: 通し:通す:とおし:動詞 て::: くれ:くれる::動詞 ます::: か::: 。:::
通り過ぎる	一::いち:名詞 台::だい:名詞 の::: 車::くるま:名詞 が::: 全速力::ぜんそくりょく:名詞 で::: 通り過ぎ:通り過ぎる:とおりすぎ:動詞 た::: 。:::
解く	どう:::副詞 やっ:やる::動詞 て::: この::: 問題::もんだい:名詞 を::: 解く::とく:動詞 の:::名詞 です::: か::: 。:::
退く	ちょっと:::副詞 退い:退く:しりぞい:動詞 て::: ください:くださる::動詞 。:::
毒	この::: 手::て:名詞 の::: キノコ::きのこ:名詞 に::: は::: 、::: 毒::どく:名詞 が::: あり:ある::動詞 ます::: 。:::
得意	テニス::てにす:名詞 は::: あまり:::副詞 得意::とくい:名詞 で:だ:: は::: ない::: です::: 。:::
読書	読書::どくしょ:名詞 が::: 大好き::だいすき:名詞 です::: 。:::
独身	私::わたし:名詞 の::: 一番::いちばん:名詞 上::じょう:名詞 の::: 兄::あに:名詞 は::: 独身::どくしん:名詞 な:だ:: ん:::名詞 です::: 。:::
特徴	緑色::りょくしょく:名詞 で:だ:: ある::: 事::こと:名詞 が::: その::: 種::たね:名詞 の::: りんご:::名詞 の::: 特徴::とくちょう:名詞 な:だ:: の:::名詞 です::: 。:::
特長	割::わり:名詞 と::: 安い::やすい:形容詞 の:::名詞 も::: この::: 店::みせ:名詞 の::: 特長::とくちょう:名詞 。:::
独特	この::: 調理::ちょうり:名詞 法::ほう:名詞 は::: 中国::ちゅうごく:名詞 独特::どくとく:名詞 の::: もの:::名詞 だ::: 。:::
独立	今日::きょう:名詞 は::: 独立::どくりつ:名詞 記念::きねん:名詞 日::び:名詞 です::: 。:::
溶ける	春::はる:名詞 が::: 来る::くる:動詞 と::: 雪::ゆき:名詞 は::: 溶け:溶ける:とけ:動詞 て::: しまっ:しまう::動詞 た::: 。:::
解ける	先生::せんせい:名詞 で::: さえ::: その::: 問題::もんだい:名詞 は::: 解け:解ける:とけ:動詞 なかっ:ない:: た::: 。:::
ところが	ところが::: 実は::じつは: どう:::副詞 する:::動詞 こと:::名詞 も::: でき:できる::動詞 ない::: の:::名詞 です::: 。:::
ところで	ところで::: 、::: 君::きみ:名詞 の::: 住所::じゅうしょ:名詞 は::: どこ:::名詞 です::: か::: 。:::
登山	こういう::: 危険::きけん:名詞 が::: ある:::動詞 の:::名詞 に::: 登山::とざん:名詞 は::: 大::だい: 流行::りゅうこう:名詞 です::: 。:::
都市	あなた:::名詞 は::: 都市::とし:名詞 に::: 住ん:住む:すん:動詞 で::: い:いる::動詞 ます::: か::: 。:::
年月	年月::としつき:名詞 が::: 過ぎる::すぎる:動詞 の:::名詞 は::: 早い::はやい:形容詞 。:::
図書	これ:::名詞 は::: 全国::ぜんこく:名詞 学校::がっこう:名詞 図書館::としょかん:名詞 協議::きょうぎ:名詞 会::かい:名詞 選定::せんてい:名詞 図書::としょ:名詞 です::: 。:::
閉じる	目::め:名詞 を::: 閉じ:閉じる:とじ:動詞 て::: 歩け:歩ける:あるけ:動詞 ます::: か::: 。:::
途端	家::いえ:名詞 に::: 着い:着く:つい:動詞 た::: 途端::とたん:名詞 、::: 電話::でんわ:名詞 が::: 鳴っ:鳴る:なっ:動詞 た::: 。:::
土地	トム::とむ:名詞 が::: この::: 土地::とち:名詞 を::: 所有::しょゆう:名詞 し:する::動詞 て::: い:いる::動詞 ます::: 。:::
トップ	彼女::かのじょ:名詞 は::: クラス::くらす:名詞 で::: トップ::とっぷ:名詞 です::: 。:::
とにかく	とにかく:::副詞 行っ:行く:いっ:動詞 て::: みよ:みる::動詞 う::: 。:::
飛ばす	飛ばし:飛ばす:とばし:動詞 読み::よみ:名詞 を::: し:する::動詞 て::: は::: いけ:いける::動詞 ませ:ます:: ん::: 。:::
飛び出す	ここ:::名詞 の::: 軟骨::なんこつ:名詞 が::: 飛び出し:飛び出す:とびだし:動詞 て::: い:いる::動詞 ます::: 。:::
留める	彼::かれ:名詞 が::: 言っ:言う:いっ:動詞 た::: こと:::名詞 など::: 気::き:名詞 に::: 留める::とめる:動詞 な::: 。:::
泊める	一::いち:名詞 晩::ばん:名詞 泊め:泊める:とめ:動詞 て::: もらい:もらう::動詞 たい::: ん:::名詞 だ::: けど::: 。:::
友	犬::いぬ:名詞 は::: 人間::にんげん:名詞 の::: 最良::さいりょう:名詞 の::: 友::とも:名詞 です::: 。:::
共に	あなた:::名詞 と::: 共に::ともに:副詞 生き:生きる:いき:動詞 て::: いき:いく::動詞 たい::: です::: 。:::
虎	万一::まんいち:副詞 虎::とら:名詞 が::: おり:::名詞 から::: 出:出る:で:動詞 て::: き:くる::動詞 たら:た:: どう:::副詞 し:する::動詞 ます::: か::: 。:::
ドライブ	ドライブ::どらいぶ:名詞 する:::動詞 の:::名詞 は::: どう:::副詞 です::: か::: 。:::
トラック	彼::かれ:名詞 は::: 別::べつ:名詞 の::: トラック::とらっく:名詞 に::: いる:::動詞 ん:::名詞 です::: 。:::
ドラマ	どの::: ドラマ::どらま:名詞 が::: 一番::いちばん:名詞 好き::すき:名詞 です::: か::: 。:::
トランプ	トランプ::とらんぷ:名詞 を::: する:::動詞 の:::名詞 は::: どう:::副詞 です::: か::: 。:::
取り上げる	これ:::名詞 が::: 雑誌::ざっし:名詞 で::: 大きく:大きい:おおきく:形容詞 取り上げ:取り上げる:とりあげ:動詞 られ:られる::動詞 て::: いる:::動詞 歌手::かしゅ:名詞 達::たち:名詞 の::: 写真::しゃしん:名詞 です::: 。:::
努力	彼女::かのじょ:名詞 は::: 目標::もくひょう:名詞 に::: 到達::とうたつ:名詞 する:::動詞 ため:::名詞 に::: 努力::どりょく:名詞 し:する::動詞 た::: 。:::
トレーニング	娘::むすめ:名詞 は::: トイレ::といれ:名詞 トレーニング::とれーにんぐ:名詞 中::ちゅう:名詞 です::: 。:::
ドレス	あの::: ドレス::どれす:名詞 は::: 彼女::かのじょ:名詞 に::: よく:::副詞 似合う::にあう:動詞 。:::
取れる	やっ:やる::動詞 て::: は::: み:みる::動詞 た::: ん:::名詞 だ::: けど::: 、::: 連絡::れんらく:名詞 は::: 取れ:取れる:とれ:動詞 なかっ:ない:: た::: よ::: 。:::
泥	彼::かれ:名詞 は::: ドア::どあ:名詞 の::: 泥::どろ:名詞 を::: こすり:こする::動詞 落とし:落とす:おとし:動詞 た::: 。:::
トン	彼::かれ:名詞 は::: 茶::ちゃ:名詞 の::: 販売::はんばい:名詞 予定::よてい:名詞 は::: 十::じゅう:名詞 トン::とん:名詞 です::: 。:::
どんなに	どんなに:::副詞 高く:高い:たかく:形容詞 て::: も::: 、::: あの::: 古い::ふるい:形容詞 時計::とけい:名詞 を::: 買い:買う:かい:動詞 ます::: 。:::
トンネル	車::くるま:名詞 は::: その::: トンネル::とんねる:名詞 の::: 中::なか:名詞 を::: 通り:通る:とおり:動詞 ます::: 。:::
名	花::はな:名詞 の::: 名::な:名詞 を::: 教え:教える:おしえ:動詞 て::: ください:くださる::動詞 。:::
内容	料理::りょうり:名詞 の::: 内容::ないよう:名詞 を::: 見せ:見せる:みせ:動詞 て::: もらえ:もらえる::動詞 ます::: か::: 。:::
なお	そして::: 私::わたし:名詞 は::: ここ:::名詞 に::: い:いる::動詞 て::: 今::いま:名詞 なお:::副詞 生き:生きる:いき:動詞 て::: い:いる::動詞 ます::: 。:::
仲	彼女::かのじょ:名詞 は::: 友達::ともだち:名詞 と::: いう:::動詞 より::: 知り合い::しりあい:名詞 の::: 仲::なか:名詞 です::: 。:::
流す	トム::とむ:名詞 は::: 人::ひと:名詞 に::: 流さ:流す:ながさ:動詞 れ:れる::動詞 やすい:::形容詞 人::ひと:名詞 です::: 。:::
半ば	始まり::はじまり:名詞 が::: うまけれ:うまい::形容詞 ば::: 半ば::なかば:名詞 うまく:うまい::形容詞 いっ:いく::動詞 た::: も::: おなじ:::名詞 。:::
仲間	サリー::さりー:名詞 は::: 職場::しょくば:名詞 の::: 仲間::なかま:名詞 です::: 。:::
中身	引出し::ひきだし:名詞 の::: 中身::なかみ:名詞 を::: から::: に::: し:する::動詞 なさい:なさる::動詞 。:::
眺め	眺め::ながめ:名詞 の::: よい:::形容詞 部屋::へや:名詞 を::: お願い::おねがい:名詞 し:する::動詞 ます::: 。:::
眺める	彼::かれ:名詞 は::: 鳥::とり:名詞 が::: 頭上::ずじょう:名詞 を::: 飛ん:飛ぶ:とん:動詞 で::: いく:::動詞 の:::名詞 を::: 眺める::ながめる:動詞 の:::名詞 が::: 好き::すき:名詞 です::: 。:::
流れ	流れ::ながれ:名詞 を::: 整理::せいり:名詞 する:::動詞 と::: 下記::かき:名詞 の::: 通り::とおり:名詞 です::: 。:::
流れる	手::て:名詞 を::: かざす:::動詞 と::: 水::みず:名詞 が::: 流れ:流れる:ながれ:動詞 ます::: 。:::
亡くす	夫::おっと:名詞 を::: 亡くし:亡くす:なくし:動詞 た::: 婦人::ふじん:名詞 は::: 、::: 未亡人::みぼうじん:名詞 です::: 。:::
殴る	人::ひと:名詞 を::: 殴っ:殴る:なぐっ:動詞 て::: は::: いけ:いける::動詞 ませ:ます:: ん::: 。:::
無し	これ:::名詞 は::: 種::たね:名詞 無し::なし:名詞 の::: ブドウ::ぶどう:名詞 です::: 。:::
なぜなら	なぜなら::: 彼::かれ:名詞 が::: 招待::しょうたい:名詞 し:する::動詞 た::: から::: です::: 。:::
謎	その::: 謎::なぞ:名詞 を::: 解く::とく:動詞 何::なに:名詞 か::: 手がかり::てがかり:名詞 が::: あり:ある::動詞 ます::: か::: 。:::
納得	彼女::かのじょ:名詞 から::: の::: 返事::へんじ:名詞 は::: 納得::なっとく:名詞 でき:できる::動詞 ない::: もの:::名詞 だっ:だ:: た::: 。:::
鍋	私::わたし:名詞 は::: 大きな::おおきな: 鍋::なべ:名詞 で::: スープ::すーぷ:名詞 を::: 作り:作る:つくり:動詞 ます::: 。:::
怠ける	彼::かれ:名詞 が::: 失敗::しっぱい:名詞 し:する::動詞 た::: の:::名詞 は::: 怠け:怠ける:なまけ:動詞 た::: せい:::名詞 だ::: 。:::
涙	彼女::かのじょ:名詞 の::: 目::め:名詞 は::: 涙::なみだ:名詞 で::: いっぱい:::副詞 だっ:だ:: た::: 。:::
鳴らす	トム::とむ:名詞 は::: 指::ゆび:名詞 を::: パチ::ぱち:副詞 ン::ん:名詞 と::: 鳴らし:鳴らす:ならし:動詞 た::: 。:::
縄	泥棒::どろぼう:名詞 を::: 捕まえ:捕まえる:つかまえ:動詞 て::: 縄::なわ:名詞 を::: なう:::動詞 。:::
何で	それら:::名詞 は::: 何で::なんで:副詞 でき:できる::動詞 て::: い:いる::動詞 ます::: か::: 。:::
何でも	私::わたし:名詞 は::: 彼::かれ:名詞 の::: ため:::名詞 なら:だ:: 何でも::なんでも:副詞 し:する::動詞 ます::: 。:::
何とか	私::わたし:名詞 は::: 薄給::はっきゅう:名詞 で::: 何とか::なんとか:副詞 暮らし:暮らす:くらし:動詞 て::: い:いる::動詞 ます::: 。:::
似合う	あの::: ドレス::どれす:名詞 は::: 彼女::かのじょ:名詞 に::: よく:::副詞 似合う::にあう:動詞 。:::
煮える	この::: 野菜::やさい:名詞 は::: なかなか:::副詞 煮え:煮える:にえ:動詞 ない::: 。:::
苦手	人前::ひとまえ:名詞 で::: 歌う::うたう:動詞 の:::名詞 は::: 苦手::にがて:名詞 です::: 。:::
握る	それ:::名詞 は::: 、::: 手::て:名詞 に::: 汗::あせ:名詞 握る::にぎる:動詞 試合::しあい:名詞 だっ:だ:: た::: 。:::
日常	私::わたし:名詞 たち:::名詞 は::: 新聞::しんぶん:名詞 で::: 日常::にちじょう:名詞 の::: 出来事::できごと:名詞 を::: 知り:知る:しり:動詞 ます::: 。:::
日光	日光::にっこう:名詞 へ::: 行っ:行く:いっ:動詞 た::: こと:::名詞 が::: あり:ある::動詞 ます::: か::: 。:::
にっこり	ドラえもん::どらえもん:名詞 が::: よく:::副詞 にっこり:::副詞 笑い:笑う:わらい:動詞 ます::: 。:::
日本	八月::はちがつ:名詞 に::: 私::わたし:名詞 の::: 彼女::かのじょ:名詞 と::: 一緒::いっしょ:名詞 に::: 日本::にっぽん:名詞 へ::: 行き:行く:いき:動詞 ます::: 。:::
入場	三::さん:名詞 歳::さい:名詞 未満::みまん:名詞 の::: 子供::こども:名詞 は::: 入場::にゅうじょう:名詞 無料::むりょう:名詞 です::: 。:::
煮る	トマト::とまと:名詞 は::: 生::なま:名詞 でも::: 、::: 煮:煮る:に:動詞 て::: も::: 、::: 焼い:焼く:やい:動詞 て::: も::: おいしい:::形容詞 食材::しょくざい:名詞 です::: 。:::
人気	人気::にんき:名詞 者::しゃ:名詞 は::: 、::: 大変::たいへん:名詞 だ::: ね::: 。:::
人間	私::わたし:名詞 たち:::名詞 は::: 、::: 人間::にんげん:名詞 です::: 。:::
抜く	神経::しんけい:名詞 を::: 抜く::ぬく:動詞 必要::ひつよう:名詞 が::: あり:ある::動詞 ます::: 。:::
抜ける	森::もり:名詞 を::: 抜ける::ぬける:動詞 小道::こみち:名詞 が::: あり:ある::動詞 ます::: 。:::
布	この::: 布::ぬの:名詞 は::: 値段::ねだん:名詞 の::: 割::わり:名詞 に::: 品質::ひんしつ:名詞 が::: 良い::よい:形容詞 。:::
濡らす	彼::かれ:名詞 は::: タオル::たおる:名詞 を::: 水::みず:名詞 で::: 濡らし:濡らす:ぬらし:動詞 た::: 。:::
根	彼::かれ:名詞 は::: 、::: 根::ね:名詞 は::: 親切::しんせつ:名詞 な:だ:: 男::おとこ:名詞 です::: 。:::
値	ラズベリー::らずべりー:名詞 って::: 、::: すごく:すごい::形容詞 値::ね:名詞 が::: 張る::はる:動詞 ん:::名詞 だ::: よ::: 。:::
願い	願い::ねがい:名詞 は::: 一つ::ひとつ:名詞 だけ::: 。:::
願う	彼::かれ:名詞 が::: すぐ:::副詞 に::: 良く:良い:よく:形容詞 なる:::動詞 よう:::名詞 に::: 、::: 心から::こころから:副詞 願っ:願う:ねがっ:動詞 て::: い:いる::動詞 ます::: 。:::
鼠	うさぎ:::名詞 は::: 一般::いっぱん:名詞 に::: 鼠::ねずみ:名詞 より::: 大きい::おおきい:形容詞 です::: 。:::
熱帯	あの::: 島::しま:名詞 は::: 熱帯::ねったい:名詞 性::せい:名詞 気候::きこう:名詞 です::: 。:::
熱中	私::わたし:名詞 は::: 、::: 現代::げんだい:名詞 絵画::かいが:名詞 に::: 熱中::ねっちゅう:名詞 し:する::動詞 て::: い:いる::動詞 ます::: 。:::
年間	彼::かれ:名詞 は::: 東京::とうきょう:名詞 に::: 一::いち:名詞 年間::ねんかん:名詞 ずっと:::副詞 い:いる::動詞 ます::: 。:::
年中	その::: 店::みせ:名詞 は::: 年中::ねんじゅう:副詞 無休::むきゅう:名詞 です::: 。:::
年代	私::わたし:名詞 は::: 年代::ねんだい:名詞 物::ぶつ:名詞 の::: 切手::きって:名詞 を::: 持っ:持つ:もっ:動詞 て::: いる:::動詞 。:::
年齢	自分::じぶん:名詞 の::: 年齢::ねんれい:名詞 が::: わから:わかる::動詞 ない::: 。:::
野	ここ:::名詞 に::: 野::の:名詞 の::: 花::はな:名詞 が::: たくさん:::名詞 ある:::動詞 。:::
能	能::のう:名詞 天気::てんき:名詞 な:だ:: や::: つめ:::名詞 。:::
農家	彼::かれ:名詞 は::: 農家::のうか:名詞 から::: 卵::たまご:名詞 と::: 牛乳::ぎゅうにゅう:名詞 を::: 買っ:買う:かっ:動詞 た::: 。:::
農業	海外::かいがい:名詞 向け::むけ:名詞 食品::しょくひん:名詞 の::: 輸出::ゆしゅつ:名詞 は::: 農業::のうぎょう:名詞 関連::かんれん:名詞 産業::さんぎょう:名詞 の::: 柱::はしら:名詞 の::: 一つ::ひとつ:名詞 です::: 。:::
農民	農民::のうみん:名詞 は::: しばしば:::副詞 収入::しゅうにゅう:名詞 を::: 補う::おぎなう:動詞 ため:::名詞 に::: 副業::ふくぎょう:名詞 を::: し:する::動詞 ます::: 。:::
能力	あなた:::名詞 も::: 能力::のうりょく:名詞 試験::しけん:名詞 に::: 失敗::しっぱい:名詞 し:する::動詞 ます::: か::: 。:::
ノー	イエス::いえす:名詞 か::: ノー::のー:名詞 か::: はっきり:::副詞 しろ:する::動詞 。:::
残す	一つ::ひとつ:名詞 だけ::: 残し:残す:のこし:動詞 て::: 全部::ぜんぶ:名詞 の::: クレジットカード::くれじっとかーど:名詞 を::: 止め:止める:とめ:動詞 た::: 。:::
残り	残り::のこり:名詞 の::: 夏休み::なつやすみ:名詞 は::: 働く::はたらく:動詞 つもり:::名詞 です::: 。:::
乗せる	駅::えき:名詞 まで::: あなた:::名詞 の::: 車::くるま:名詞 に::: 乗せ:乗せる:のせ:動詞 て::: っ:く::動詞 て::: 下さい:下さる:ください:動詞 ます::: か::: 。:::
載せる	彼::かれ:名詞 の::: 演説::えんぜつ:名詞 の::: 要約::ようやく:名詞 が::: 新聞::しんぶん:名詞 に::: 載せ:載せる:のせ:動詞 られ:られる::動詞 た::: 。:::
覗く	雲間::くもま:名詞 から::: 太陽::たいよう:名詞 が::: 覗い:覗く:のぞい:動詞 て::: い:いる::動詞 ます::: 。:::
除く	月曜日::げつようび:名詞 を::: 除い:除く:のぞい:動詞 て::: 毎日::まいにち:名詞 開い:開く:ひらい:動詞 て::: い:いる::動詞 ます::: 。:::
望み	お::: 目::め:名詞 に::: かかれる:::動詞 こと:::名詞 を::: 望み:望む:のぞみ:動詞 ます::: 。:::
望む	君::きみ:名詞 が::: 早く:早い:はやく:形容詞 回復::かいふく:名詞 する:::動詞 こと:::名詞 を::: 望み:望む:のぞみ:動詞 ます::: 。:::
ノック	トイレ::といれ:名詞 に::: 入る::はいる:動詞 時::とき:名詞 は::: ノック::のっく:名詞 し:する::動詞 て::: ね::: 。:::
伸ばす	委員::いいん:名詞 会::かい:名詞 の::: 目的::もくてき:名詞 は::: 子供::こども:名詞 の::: 音楽::おんがく:名詞 の::: 才能::さいのう:名詞 を::: 伸ばす::のばす:動詞 こと:::名詞 に::: あり:ある::動詞 ます::: 。:::
延ばす	ひどい:::形容詞 雨::あめ:名詞 の::: ため:::名詞 に::: 私::わたし:名詞 たち:::名詞 は::: 出発::しゅっぱつ:名詞 を::: 延ばさ:延ばす:のばさ:動詞 ね:ぬ:: ば::: なら:なる::動詞 なかっ:ない:: た::: 。:::
伸びる	最近::さいきん:名詞 、::: 売り上げ::うりあげ:名詞 が::: 伸び:伸びる:のび:動詞 て::: い:いる::動詞 ます::: 。:::
延びる	道路::どうろ:名詞 は::: ここ:::名詞 から::: 北::きた:名詞 へ::: 延び:延びる:のび:動詞 て::: いる:::動詞 。:::
述べる	これ:::名詞 について::: まず:::副詞 感じ:感じる:かんじ:動詞 た::: こと:::名詞 を::: 述べ:述べる:のべ:動詞 ます::: 。:::
上る	その::: 階段::かいだん:名詞 を::: 上っ:上る:のぼっ:動詞 て::: は::: いけ:いける::動詞 ませ:ます:: ん::: 。:::
昇る	天::てん:名詞 に::: も::: 昇る::のぼる:動詞 よう:::名詞 な:だ:: 気持ち::きもち:名詞 です::: 。:::
載る	この::: 辞書::じしょ:名詞 に::: 載っ:載る:のっ:動詞 て::: いる:::動詞 単語::たんご:名詞 は::: 、::: 全て::すべて:名詞 重要::じゅうよう:名詞 です::: 。:::
のんびり	日曜日::にちようび:名詞 は::: のんびり:::副詞 し:する::動詞 て::: い:いる::動詞 ます::: 。:::
場	トム::とむ:名詞 は::: 場::ば:名詞 を::: 和ま:和む:なごま:動詞 せよ:せる::動詞 う::: と::: し:する::動詞 た::: 。:::
パーセント	この::: 組織::そしき:名詞 は::: 百::ひゃく:名詞 パーセント::ぱーせんと:名詞 寄付::きふ:名詞 に::: 頼っ:頼る:たよっ:動詞 て::: いる:::動詞 。:::
灰	その::: 古い::ふるい:形容詞 家::いえ:名詞 は::: 焼け:焼ける:やけ:動詞 て::: 灰::はい:名詞 に::: なっ:なる::動詞 た::: 。:::
バイオリン	彼女::かのじょ:名詞 は::: バイオリン::ばいおりん:名詞 が::: 大変::たいへん:名詞 上手::じょうず:名詞 です::: 。:::
ハイキング	天気::てんき:名詞 の::: よい:::形容詞 日::ひ:名詞 に::: は::: よく:::副詞 ハイキング::はいきんぐ:名詞 に::: 行っ:行く:いっ:動詞 た::: もの:::名詞 です::: 。:::
配達	これ:::名詞 を::: 配達::はいたつ:名詞 し:する::動詞 て::: もらえ:もらえる::動詞 ます::: か::: 。:::
パイプ	パイプ::ぱいぷ:名詞 屋::や:名詞 は::: 通り::とおり:名詞 の::: 向こう::むこう:名詞 側::がわ:名詞 です::: 。:::
俳優	彼ら::かれら:名詞 は::: 俳優::はいゆう:名詞 です::: 。:::
パイロット	彼ら::かれら:名詞 は::: パイロット::ぱいろっと:名詞 です::: 。:::
生える	この::: 店::みせ:名詞 の::: 店長::てんちょう:名詞 は::: ひ:ひる::動詞 げ:::名詞 が::: 生え:生える:はえ:動詞 て::: い:いる::動詞 ます::: 。:::
墓	お::: 墓::はか:名詞 に::: は::: 供花::きょうか:名詞 が::: 供え:供える:そなえ:動詞 られ:られる::動詞 て::: い:いる::動詞 た::: 。:::
馬鹿	私::わたし:名詞 を::: 馬鹿::ばか:名詞 だ::: と::: 思っ:思う:おもっ:動詞 て::: いる:::動詞 の:::名詞 です::: か::: 。:::
博士	ホワイト::ほわいと:名詞 博士::はかせ:名詞 に::: つない:つなぐ::動詞 で::: 下さい:下さる:ください:動詞 。:::
計る	事::こと:名詞 を::: 計る::はかる:動詞 は::: 人::ひと:名詞 、::: 事::こと:名詞 を::: 成す::なす:動詞 は::: 神::かみ:名詞 。:::
量る	この::: 重:重い:おも:形容詞 さ:::名詞 を::: 量っ:量る:はかっ:動詞 て::: もらえ:もらえる::動詞 ませ:ます:: ん::: か::: 。:::
測る	それでは::: 、::: 体温::たいおん:名詞 を::: 測り:測る:はかり:動詞 ます::: ね::: 。:::
掃く	お前::おまえ:名詞 は::: 床::ゆか:名詞 を::: 掃き:掃く:はき:動詞 さえ::: すれ:する::動詞 ば::: よい:::形容詞 。:::
吐く	ひどく:ひどい::形容詞 気分::きぶん:名詞 が::: 悪い::わるい:形容詞 。::: 吐き:吐く:はき:動詞 そう:::名詞 だ::: 。:::
拍手	拍手::はくしゅ:名詞 を::: お願い::おねがい:名詞 し:する::動詞 ます::: 。:::
莫大	ジョン::じょん:名詞 は::: 莫大::ばくだい:名詞 な:だ:: 財産::ざいさん:名詞 を::: 相続::そうぞく:名詞 し:する::動詞 た::: 。:::
爆発	その::: 爆発::ばくはつ:名詞 の::: 原因::げんいん:名詞 は::: 何::なに:名詞 です::: か::: 。:::
博物館	この::: 道::みち:名詞 を::: で:でる::動詞 たら:た:: 博物館::はくぶつかん:名詞 に::: で:でる::動詞 ます::: 。:::
はさみ	はさみ:::名詞 を::: 貸し:貸す:かし:動詞 て::: ください:くださる::動詞 ます::: か::: 。:::
破産	会社::かいしゃ:名詞 が::: 破産::はさん:名詞 し:する::動詞 まし:ます:: た::: 。:::
端	その::: 部屋::へや:名詞 は::: ホール::ほーる:名詞 の::: 端::はじ:名詞 に::: あり:ある::動詞 ます::: 。:::
始まり	学校::がっこう:名詞 は::: 四月::しがつ:名詞 十::じゅう:名詞 日::にち:名詞 から::: 始まり:始まる:はじまり:動詞 ます::: 。:::
パス	お前::おまえ:名詞 、::: 検査::けんさ:名詞 に::: パス::ぱす:名詞 し:する::動詞 ない::: かも::: 。:::
外す	田中::たなか:名詞 は::: 今::いま:名詞 、::: 席::せき:名詞 を::: 外し:外す:はずし:動詞 て::: おり:おる::動詞 ます::: 。:::
パスポート	これ:::名詞 が::: 私::わたし:名詞 の::: パスポート::ぱすぽーと:名詞 です::: 。:::
外れる	彼::かれ:名詞 の::: 説明::せつめい:名詞 は::: 要点::ようてん:名詞 を::: 外れ:外れる:はずれ:動詞 て::: い:いる::動詞 ます::: 。:::
旗	旗::はた:名詞 は::: 国民::こくみん:名詞 の::: シンボル::しんぼる:名詞 です::: 。:::
肌	オリオン::おりおん:名詞 の::: 女性::じょせい:名詞 は::: 肌::はだ:名詞 が::: 緑色::りょくしょく:名詞 です::: 。:::
裸	赤ちゃん::あかちゃん:名詞 が::: 裸::はだか:名詞 で::: 寝:寝る:ね:動詞 て::: い:いる::動詞 ます::: 。:::
畑	私::わたし:名詞 は::: 芸術::げいじゅつ:名詞 畑::はたけ:名詞 で::: 働い:働く:はたらい:動詞 て::: い:いる::動詞 ます::: 。:::
働き	働き:働く:はたらき:動詞 続け:続ける:つづけ:動詞 なさい:なさる::動詞 。:::
バッグ	レジ::れじ:名詞 袋::ぶくろ:名詞 は::: たたん:たたむ::動詞 で::: バッグ::ばっぐ:名詞 に::: 入れ:入れる:いれ:動詞 て::: おき:おく::動詞 ます::: 。:::
発見	最近::さいきん:名詞 変わっ:変わる:かわっ:動詞 た::: 海洋::かいよう:名詞 生物::せいぶつ:名詞 が::: 発見::はっけん:名詞 さ:する::動詞 れ:れる::動詞 た::: 。:::
発行	これ:::名詞 は::: 今日::きょう:名詞 発行::はっこう:名詞 の::: 朝日新聞::あさひしんぶん:名詞 です::: か::: 。:::
発車	発車::はっしゃ:名詞 ホーム::ほーむ:名詞 は::: どちら:::名詞 です::: か::: 。:::
発射	ロケット::ろけっと:名詞 を::: 発射::はっしゃ:名詞 し:する::動詞 まし:ます:: た::: 。:::
罰する	危険::きけん:名詞 な:だ:: 運転::うんてん:名詞 は::: 罰せ:罰する:ばっせ:動詞 られる:::動詞 べき:べし:: だ::: 。:::
発達	台風::たいふう:名詞 は::: 発達::はったつ:名詞 し:する::動詞 ながら::: 九州::きゅうしゅう:名詞 方面::ほうめん:名詞 に::: 向かっ:向かう:むかっ:動詞 て::: い:いる::動詞 ます::: 。:::
ばったり	彼::かれ:名詞 は::: 駅::えき:名詞 で::: ばったり:::副詞 彼女::かのじょ:名詞 に::: 会っ:会う:あっ:動詞 た::: 。:::
発展	私::わたし:名詞 達::たち:名詞 の::: 関係::かんけい:名詞 が::: 発展::はってん:名詞 する:::動詞 こと:::名詞 を::: 希望::きぼう:名詞 し:する::動詞 て::: い:いる::動詞 ます::: 。:::
発表	発表::はっぴょう:名詞 の::: 時間::じかん:名詞 は::: 三::さん:名詞 十::じゅう:名詞 分::ふん:名詞 で::: お願い::おねがい:名詞 し:する::動詞 ます::: 。:::
発明	電話::でんわ:名詞 を::: 発明::はつめい:名詞 し:する::動詞 た::: の:::名詞 は::: だれ:だれる::動詞 です::: か::: 。:::
話し合う	会議::かいぎ:名詞 で::: は::: 下記::かき:名詞 を::: 話し合う::はなしあう:動詞 つもり:::名詞 です::: 。:::
離す	トム::とむ:名詞 から::: 目::め:名詞 を::: 離さ:離す:はなさ:動詞 ない::: 方::ほう:名詞 が::: いい:::形容詞 ぞ::: 。:::
放す	その::: 犬::いぬ:名詞 を::: 放し:放す:はなし:動詞 て::: は::: いけ:いける::動詞 ない::: 。:::
離れる	月曜日::げつようび:名詞 に::: ボストン::ぼすとん:名詞 を::: 離れ:離れる:はなれ:動詞 ます::: 。:::
羽	鳥::とり:名詞 の::: 羽::はね:名詞 が::: 落ち:落ちる:おち:動詞 て::: い:いる::動詞 まし:ます:: た::: 。:::
羽根	この::: 扇風機::せんぷうき:名詞 の::: 羽根::はね:名詞 、::: 折れ:折れる:おれ:動詞 てる:::動詞 よ::: 。:::
幅	この::: 川::かわ:名詞 の::: 幅::はば:名詞 は::: どの::: ぐらい::: です::: か::: 。:::
母親	大声::おおごえ:名詞 で::: 泣き:泣く:なき:動詞 ながら::: 、::: 女の子::おんなのこ:名詞 は::: 母親::ははおや:名詞 を::: 探し:探す:さがし:動詞 て::: い:いる::動詞 た::: 。:::
省く	これ:::名詞 は::: 主婦::しゅふ:名詞 の::: 手間::てま:名詞 を::: 省く::はぶく:動詞 便利::べんり:名詞 な:だ:: 器具::きぐ:名詞 です::: 。:::
場面	特に::とくに:副詞 この::: 場面::ばめん:名詞 が::: 好き::すき:名詞 です::: ねえ::: 。:::
流行る	今::こん: インフルエンザ::いんふるえんざ:名詞 が::: 流行っ:流行る:はやっ:動詞 て::: ます::: 。:::
腹	こういう::: わけ:::名詞 で::: 彼::かれ:名詞 は::: 君::きみ:名詞 に::: 腹::はら:名詞 を::: 立て:立てる:たて:動詞 た::: の:::名詞 です::: 。:::
原	最高裁::さいこうさい:名詞 は::: 原::げん: 判決::はんけつ:名詞 を::: くつがえし:くつがえす::動詞 まし:ます:: た::: 。:::
バランス	トム::とむ:名詞 は::: バランス::ばらんす:名詞 を::: 取り戻し:取り戻す:とりもどし:動詞 た::: 。:::
範囲	それ:::名詞 は::: 人知::じんち:名詞 の::: 範囲::はんい:名詞 を::: 超え:超える:こえ:動詞 て::: いる:::動詞 。:::
反抗	なぜ:::副詞 彼女::かのじょ:名詞 は::: あなた:::名詞 に::: 反抗::はんこう:名詞 し:する::動詞 た::: の:::名詞 です::: か::: 。:::
犯罪	警察::けいさつ:名詞 が::: 犯罪::はんざい:名詞 を::: 調べ:調べる:しらべ:動詞 て::: い:いる::動詞 ます::: 。:::
ハンサム	私::わたし:名詞 は::: ハンサム::はんさむ:名詞 だ::: と::: 思い:思う:おもい:動詞 ます::: か::: 。:::
反省	キリスト::きりすと:名詞 教::きょう:名詞 にとって::: 、::: 復活::ふっかつ:名詞 祭::さい:名詞 は::: 反省::はんせい:名詞 の::: ため:::名詞 の::: 時間::じかん:名詞 です::: 。:::
判断	あなた:::名詞 の::: 判断::はんだん:名詞 に::: お::: 任せ:任せる:まかせ:動詞 し:する::動詞 ます::: 。:::
犯人	犯人::はんにん:名詞 は::: 現在::げんざい:名詞 も::: 逃亡::とうぼう:名詞 中::ちゅう:名詞 です::: 。:::
販売	日本::にっぽん:名詞 に::: 販売::はんばい:名詞 代理::だいり:名詞 店::てん:名詞 を::: お::: 持ち:持つ:もち:動詞 です::: か::: 。:::
灯	遠く::とおく:名詞 に::: 灯::あかり:名詞 が::: 見え:見える:みえ:動詞 ます::: 。:::
ビール	ワイン::わいん:名詞 か::: ビール::びーる:名詞 を::: 買い:買う:かい:動詞 ます::: 。:::
被害	彼ら::かれら:名詞 は::: いわゆる::: 戦争::せんそう:名詞 の::: 被害::ひがい:名詞 者::しゃ:名詞 だ::: 。:::
比較	あれ:::名詞 と::: これ:::名詞 と::: を::: 比較::ひかく:名詞 する:::動詞 と::: どちら:::名詞 が::: いい:::形容詞 です::: か::: 。:::
ピクニック	私::わたし:名詞 たち:::名詞 は::: ピクニック::ぴくにっく:名詞 が::: 大好き::だいすき:名詞 です::: 。:::
悲劇	私::わたし:名詞 は::: 悲劇::ひげき:名詞 より::: 喜劇::きげき:名詞 の::: 方::ほう:名詞 が::: 好き::すき:名詞 です::: 。:::
飛行	ボストン::ぼすとん:名詞 まで::: 飛行::ひこう:名詞 時間::じかん:名詞 は::: どれ:::名詞 ぐらい::: かかり:かかる::動詞 ます::: か::: 。:::
膝	膝::ひざ:名詞 痛め:痛める:いため:動詞 た::: から::: 、::: 今日::きょう:名詞 練習::れんしゅう:名詞 に::: 行か:行く:いか:動詞 ない::: よ::: 。:::
非常	あの::: ヘビ::へび:名詞 は::: 非常::ひじょう:名詞 に::: 危険::きけん:名詞 な:だ:: ん:::名詞 です::: 。:::
美人	彼女::かのじょ:名詞 は::: とても:::副詞 美人::びじん:名詞 です::: 。:::
日付	その::: 手紙::てがみ:名詞 の::: 日付::ひづけ:名詞 は::: い:いる::動詞 つ::: です::: か::: 。:::
引越し	小さな::ちいさな: 家::いえ:名詞 に::: 引越し:引越す:ひっこし:動詞 、::: はや:::副詞 九::きゅう:名詞 ヶ月::かげつ:名詞 が::: 過ぎ:過ぎる:すぎ:動詞 さり:さる::動詞 まし:ます:: た::: 。:::
必死	トム::とむ:名詞 は::: 必死::ひっし:名詞 に::: 笑い::わらい:名詞 を::: こらえ:こらえる::動詞 て::: い:いる::動詞 た::: 。:::
ぴったり	この::: ドレス::どれす:名詞 は::: 私::わたし:名詞 に::: ぴったり:::名詞 です::: 。:::
引っ張る	彼女::かのじょ:名詞 は::: 私::わたし:名詞 の::: シャツ::しゃつ:名詞 を::: 引っ張っ:引っ張る:ひっぱっ:動詞 た::: 。:::
否定	君::きみ:名詞 は::: そこ:::名詞 に::: 行っ:行く:いっ:動詞 た::: こと:::名詞 を::: 否定::ひてい:名詞 する:::動詞 の:::名詞 です::: か::: 。:::
ビデオ	ビデオ::びでお:名詞 ゲーム::げーむ:名詞 を::: やっ:やる::動詞 て::: い:いる::動詞 ます::: 。:::
一言	何::なに:名詞 か::: 一言::いちげん:名詞 お願い::おねがい:名詞 し:する::動詞 ます::: 。:::
人込み	私::わたし:名詞 は::: 人込み::ひとごみ:名詞 を::: 押し分け:押し分ける:おしわけ:動詞 て::: 進ん:進む:すすん:動詞 だ::: 。:::
等しい	どれ:::名詞 も::: 等しく:等しい:ひとしく:形容詞 重要::じゅうよう:名詞 です::: 。:::
独り	その::: 老人::ろうじん:名詞 は::: 独り::ひとり:名詞 で::: 暮らし:暮らす:くらし:動詞 て::: い:いる::動詞 た::: 。:::
批判	他人::たにん:名詞 の::: 仕事::しごと:名詞 を::: 批判::ひはん:名詞 する:::動詞 の:::名詞 は::: 簡単::かんたん:名詞 だ::: 。:::
批評	彼::かれ:名詞 は::: 地元::じもと:名詞 紙::し:名詞 の::: 本::ほん:名詞 の::: 批評::ひひょう:名詞 家::か:名詞 です::: 。:::
秘密	それ:::名詞 は::: 秘密::ひみつ:名詞 です::: 。:::
微妙	どちら:::名詞 に::: 転ぶ::ころぶ:動詞 か::: 、::: 微妙::びみょう:名詞 な:だ:: ところ:::名詞 です::: 。:::
紐	彼::かれ:名詞 は::: 衣服::いふく:名詞 を::: 紐::ひも:名詞 で::: 束ね:束ねる:たばね:動詞 た::: 。:::
冷やす	リンゴ::りんご:名詞 は::: 冷やす::ひやす:動詞 と::: 甘み::あまみ:名詞 が::: 増し:増す:まし:動詞 ます::: 。:::
費用	ジョージ::じょーじ:名詞 は::: 旅行::りょこう:名詞 に::: かかる:::動詞 費用::ひよう:名詞 を::: 計算::けいさん:名詞 し:する::動詞 た::: 。:::
秒	一::いち:名詞 秒::びょう:名詞 は::: 一::いち:名詞 分の::ぶんの:名詞 六::ろく:名詞 十::じゅう:名詞 分の::ぶんの:名詞 一::いち:名詞 です::: 。:::
評価	彼女::かのじょ:名詞 は::: 歌手::かしゅ:名詞 として::: 高く:高い:たかく:形容詞 評価::ひょうか:名詞 さ:する::動詞 れ:れる::動詞 て::: い:いる::動詞 ます::: か::: 。:::
表現	その::: 美し:美しい:うつくし:形容詞 さ:::名詞 は::: 言葉::ことば:名詞 で::: は::: 表現::ひょうげん:名詞 でき:できる::動詞 ない::: 。:::
表情	上司::じょうし:名詞 の::: 表情::ひょうじょう:名詞 は::: 険しかっ:険しい:けわしかっ:形容詞 た::: 。:::
評判	あなた:::名詞 は::: 大金持ち::おおがねもち:名詞 と::: 評判::ひょうばん:名詞 です::: 。:::
広がる	その::: におい:::名詞 は::: 学校::がっこう:名詞 中::ちゅう:名詞 に::: 広がっ:広がる:ひろがっ:動詞 た::: 。:::
広げる	テレビ::てれび:名詞 は::: 私::わたし:名詞 たち:::名詞 の::: 知識::ちしき:名詞 を::: 広げ:広げる:ひろげ:動詞 て::: くれ:くれる::動詞 ます::: 。:::
広める	私::わたし:名詞 たち:::名詞 は::: 、::: この::: 言葉::ことば:名詞 を::: 広める::ひろめる:動詞 必要::ひつよう:名詞 が::: あり:ある::動詞 ます::: 。:::
瓶	あなた:::名詞 は::: その::: 瓶::びん:名詞 を::: 持っ:持つ:もっ:動詞 て::: い:いる::動詞 ます::: か::: 。:::
便	次::つぎ:名詞 の::: 便::びん:名詞 に::: 乗る::のる:動詞 こと:::名詞 が::: でき:できる::動詞 ます::: か::: 。:::
ピン	おっしゃる:::動詞 意味::いみ:名詞 が::: ピン::ぴん:副詞 とき:とく::動詞 ませ:ます:: ん::: 。:::
不	不::ふ: 良品::りょうひん:名詞 で::: は::: ない::: か::: と::: 思い:思う:おもい:動詞 ます::: 。:::
不安	社会::しゃかい:名詞 的::てき:名詞 不安::ふあん:名詞 を::: 取り除く::とりのぞく:動詞 こと:::名詞 が::: 大切::たいせつ:名詞 です::: 。:::
風景	日本::にっぽん:名詞 の::: 農村::のうそん:名詞 風景::ふうけい:名詞 は::: 大きく:大きい:おおきく:形容詞 変わっ:変わる:かわっ:動詞 た::: と::: いわ:いう::動詞 れ:れる::動詞 て::: い:いる::動詞 ます::: 。:::
夫婦	トム::とむ:名詞 と::: メアリー::めありー:名詞 は::: まだ:::副詞 夫婦::ふうふ:名詞 です::: 。:::
笛	笛::ふえ:名詞 が::: 鳴る::なる:動詞 と::: レース::れーす:名詞 が::: 始まり:始まる:はじまり:動詞 ます::: 。:::
不可	結果::けっか:名詞 は::: 可::か:名詞 も::: なく:ない::形容詞 不可::ふか:名詞 も::: なし:ない::形容詞 と::: 言っ:言う:いっ:動詞 た::: ところ:::名詞 です::: 。:::
深まる	学ん:学ぶ:まなん:動詞 だ::: こと:::名詞 を::: 人::ひと:名詞 に::: 説明::せつめい:名詞 する:::動詞 と::: 理解::りかい:名詞 が::: 深まる::ふかまる:動詞 。:::
武器	それ:::名詞 は::: 武器::ぶき:名詞 です::: 。:::
拭く	ぬれ:ぬれる::動詞 た::: 髪の毛::かみのけ:名詞 を::: タオル::たおる:名詞 で::: 拭い:拭く:ふい:動詞 た::: 。:::
服装	彼女::かのじょ:名詞 は::: さっぱり:::副詞 し:する::動詞 た::: 服装::ふくそう:名詞 を::: し:する::動詞 て::: いる:::動詞 。:::
含める	チケット::ちけっと:名詞 は::: 買っ:買う:かっ:動詞 た::: 日::ひ:名詞 を::: 含め:含める:ふくめ:動詞 、::: 二::に:名詞 日間::にちかん:名詞 のみ::: 有効::ゆうこう:名詞 です::: 。:::
袋	レジ::れじ:名詞 袋::ぶくろ:名詞 は::: たたん:たたむ::動詞 で::: バッグ::ばっぐ:名詞 に::: 入れ:入れる:いれ:動詞 て::: おき:おく::動詞 ます::: 。:::
不幸	彼女::かのじょ:名詞 は::: 会う::あう:動詞 人::ひと:名詞 すべて:::名詞 に::: 自分::じぶん:名詞 の::: 不幸::ふこう:名詞 な:だ:: 身の上::みのうえ:名詞 話::ばなし:名詞 を::: する:::動詞 。:::
節	竹::たけ:名詞 の::: 節::ふし:名詞 を::: 数え:数える:かぞえ:動詞 ます::: 。:::
無事	ご::: 無事::ぶじ:名詞 で:だ:: 帰ら:帰る:かえら:動詞 れる:::動詞 こと:::名詞 を::: 祈り:祈る:いのり:動詞 ます::: 。:::
不思議	ケン::けん:名詞 が::: われわれ:::名詞 に::: 同意::どうい:名詞 し:する::動詞 ない::: の:::名詞 は::: 不思議::ふしぎ:名詞 です::: 。:::
不自由	なん:::名詞 の::: 不自由::ふじゆう:名詞 も::: なく:ない::形容詞 使え:使える:つかえ:動詞 て::: ます::: 。:::
夫人	スミス::すみす:名詞 夫人::ふじん:名詞 は::: 年配::ねんぱい:名詞 の::: 女性::じょせい:名詞 です::: 。:::
婦人	こちら:::名詞 が::: 昨日::きのう:名詞 お話し::おはなし:名詞 し:する::動詞 た::: ご::: 婦人::ふじん:名詞 です::: 。:::
不正	ときどき:::副詞 不正::ふせい:名詞 出血::しゅっけつ:名詞 が::: あり:ある::動詞 ます::: 。:::
防ぐ	予防::よぼう:名詞 運転::うんてん:名詞 は::: 事故::じこ:名詞 を::: 防ぎ:防ぐ:ふせぎ:動詞 ます::: 。:::
不足	その::: 件::けん:名詞 について::: は::: 勉強::べんきょう:名詞 不足::ふそく:名詞 です::: 。:::
舞台	舞台::ぶたい:名詞 に::: は::: 有名::ゆうめい:名詞 な:だ:: 音楽家::おんがくか:名詞 が::: い:いる::動詞 ます::: か::: 。:::
双子	トム::とむ:名詞 と::: メアリー::めありー:名詞 は::: 双子::ふたご:名詞 です::: 。:::
再び	私::わたし:名詞 の::: ビジネス::びじねす:名詞 は::: 再び::ふたたび:副詞 回復::かいふく:名詞 し:する::動詞 つつ::: あり:ある::動詞 ます::: 。:::
不通	交通::こうつう:名詞 が::: 全く::まったく:副詞 不通::ふつう:名詞 に::: なっ:なる::動詞 て::: いる:::動詞 。:::
物価	めちゃくちゃ:::名詞 物価::ぶっか:名詞 が::: 高い::たかい:形容詞 国::くに:名詞 です::: 。:::
ぶつかる	木::き:名詞 に::: ぶつかっ:ぶつかる::動詞 た::: ん:::名詞 です::: 。:::
ぶつける	ビリ::びり:名詞 さん:::名詞 は::: 顔::かお:名詞 を::: 窓::まど:名詞 に::: よく:::副詞 ぶつける:::動詞 。:::
物質	これら:::名詞 の::: 物質::ぶっしつ:名詞 の::: 混合::こんごう:名詞 は::: 危険::きけん:名詞 です::: 。:::
物理	物理::ぶつり:名詞 は::: 私::わたし:名詞 が::: 一番::いちばん:名詞 好き::すき:名詞 な:だ:: 教科::きょうか:名詞 です::: 。:::
筆	彼女::かのじょ:名詞 に::: 一::いち:名詞 筆::ぴつ:名詞 書い:書く:かい:動詞 て::: み:みる::動詞 たら:た:: どう:::副詞 です::: か::: 。:::
ふと	彼::かれ:名詞 は::: 良い::よい:形容詞 考え::かんがえ:名詞 が::: ふと:::副詞 思い付い:思い付く:おもいつい:動詞 た::: 。:::
部分	日本::にっぽん:名詞 の::: 家屋::かおく:名詞 は::: 大::だい: 部分::ぶぶん:名詞 が::: 木造::もくぞう:名詞 です::: 。:::
不平	彼女::かのじょ:名詞 は::: 不平::ふへい:名詞 ばかり::: 言っ:言う:いっ:動詞 て::: い:いる::動詞 ます::: 。:::
不満	これ:::名詞 について::: は::: とても:::副詞 不満::ふまん:名詞 です::: 。:::
増やす	体力::たいりょく:名詞 を::: 増やす::ふやす:動詞 よう:::名詞 に::: 努め:努める:つとめ:動詞 なさい:なさる::動詞 。:::
プラス	これから:::副詞 は::: プラス::ぷらす:名詞 思考::しこう:名詞 で::: がんばっ:がんばる::動詞 て::: 行こ:行く:いこ:動詞 う::: と::: 思い:思う:おもい:動詞 ます::: 。:::
プラスチック	これら:::名詞 の::: 箱::はこ:名詞 は::: プラスチック::ぷらすちっく:名詞 製::せい:名詞 です::: 。:::
プラン	びっくり:::名詞 し:する::動詞 ちゃう:::動詞 プラン::ぷらん:名詞 が::: ある:::動詞 ん:::名詞 です::: 。:::
不利	この::: 条件::じょうけん:名詞 は::: 私::わたし:名詞 に::: 不利::ふり:名詞 です::: 。:::
振る	彼女::かのじょ:名詞 は::: 箱::はこ:名詞 を::: 振る::ふる:動詞 の:::名詞 が::: 好き::すき:名詞 です::: 。:::
震える	手::て:名詞 が::: 震える::ふるえる:動詞 こと:::名詞 が::: ある:::動詞 ん:::名詞 です::: 。:::
ブレーキ	彼::かれ:名詞 は::: 急::きゅう:名詞 に::: ブレーキ::ぶれーき:名詞 に::: 足::あし:名詞 を::: かけ:かける::動詞 た::: 。:::
触れる	あの::: 電線::でんせん:名詞 に::: 触れる::ふれる:動詞 と::: 感電::かんでん:名詞 する:::動詞 よ::: 。:::
プロ	トム::とむ:名詞 は::: プロ::ぷろ:名詞 野球::やきゅう:名詞 選手::せんしゅ:名詞 です::: 。:::
文	私::わたし:名詞 たち:::名詞 は::: 完全::かんぜん:名詞 な:だ:: 文::ぶん:名詞 を::: 求め:求める:もとめ:動詞 て::: い:いる::動詞 ます::: 。:::
雰囲気	ゆるい:::形容詞 雰囲気::ふんいき:名詞 の::: 作品::さくひん:名詞 が::: 好き::すき:名詞 です::: 。:::
分析	私::わたし:名詞 は::: あなた:::名詞 の::: 分析::ぶんせき:名詞 に::: 全く::まったく:副詞 賛成::さんせい:名詞 です::: 。:::
文明	われわれ:::名詞 は::: 文明::ぶんめい:名詞 社会::しゃかい:名詞 に::: 生き:生きる:いき:動詞 て::: いる:::動詞 。:::
分野	私::わたし:名詞 の::: 専門::せんもん:名詞 の::: 研究::けんきゅう:名詞 分野::ぶんや:名詞 は::: 社会::しゃかい:名詞 学::がく:名詞 です::: 。:::
塀	二::に:名詞 人::にん:名詞 の::: こども:::名詞 が::: 塀::へい:名詞 に::: 座っ:座る:すわっ:動詞 て::: い:いる::動詞 ます::: 。:::
平均	選手::せんしゅ:名詞 達::たち:名詞 の::: 平均::へいきん:名詞 身長::しんちょう:名詞 は::: どの::: くらい::: です::: か::: 。:::
平和	世界::せかい:名詞 平和::へいわ:名詞 を::: 常に::つねに:副詞 祈っ:祈る:いのっ:動詞 て::: いる:::動詞 。:::
別に	別に::べつに:副詞 サービス::さーびす:名詞 料::りょう:名詞 を::: 申し受け:申し受ける:もうしうけ:動詞 ます::: 。:::
減らす	体重::たいじゅう:名詞 を::: 減らさ:減らす:へらさ:動詞 なく:ない:: て::: は::: いけ:いける::動詞 ない::: ので::: ダイエット::だいえっと:名詞 中::ちゅう:名詞 です::: 。:::
ベルト	革::かわ:名詞 の::: ベルト::べると:名詞 を::: 買い:買う:かい:動詞 たい::: ん:::名詞 です::: 。:::
変化	社会::しゃかい:名詞 が::: 変化::へんか:名詞 し:する::動詞 て::: いる:::動詞 。:::
ペンキ	その::: 壁::かべ:名詞 は::: 明日::あした:名詞 トム::とむ:名詞 が::: ペンキ::ぺんき:名詞 を::: 塗っ:塗る:ぬっ:動詞 て::: くれ:くれる::動詞 ます::: 。:::
変更	この::: 切符::きっぷ:名詞 の::: 出発::しゅっぱつ:名詞 日::び:名詞 を::: 変更::へんこう:名詞 でき:できる::動詞 ます::: か::: 。:::
ベンチ	彼::かれ:名詞 は::: まだ:::副詞 ベンチ::べんち:名詞 に::: 座っ:座る:すわっ:動詞 て::: いる:::動詞 。:::
法	これ:::名詞 が::: 彼::かれ:名詞 の::: 英語::えいご:名詞 学習::がくしゅう:名詞 法::ほう:名詞 です::: 。:::
棒	私::わたし:名詞 は::: あなた:::名詞 の::: ため:::名詞 に::: 一生::いっしょう:名詞 を::: 棒::ぼう:名詞 に::: ふる:::動詞 の:::名詞 は::: いや:::名詞 です::: 。:::
冒険	彼::かれ:名詞 は::: 冒険::ぼうけん:名詞 が::: 好き::すき:名詞 です::: 。:::
方向	公園::こうえん:名詞 は::: どちら:::名詞 の::: 方向::ほうこう:名詞 に::: あり:ある::動詞 ます::: か::: 。:::
報告	彼::かれ:名詞 の::: 報告::ほうこく:名詞 は::: ある程度::あるていど:副詞 信じ:信じる:しんじ:動詞 られ:られる::動詞 ます::: 。:::
宝石	これ:::名詞 は::: なんと:::副詞 言う::いう:動詞 宝石::ほうせき:名詞 です::: か::: 。:::
包装	美しい::うつくしい:形容詞 包装::ほうそう:名詞 紙::し:名詞 に::: 包ん:包む:つつん:動詞 で::: もらえ:もらえる::動詞 ます::: か::: 。:::
豊富	ミカン::みかん:名詞 は::: 、::: ビタミン::びたみん:名詞 が::: 豊富::ほうふ:名詞 です::: 。:::
方法	それ:::名詞 が::: 私::わたし:名詞 が::: 英語::えいご:名詞 を::: 学ん:学ぶ:まなん:動詞 だ::: 方法::ほうほう:名詞 です::: 。:::
訪問	なぜ:::副詞 、::: 英国::えいこく:名詞 を::: 訪問::ほうもん:名詞 する:::動詞 の:::名詞 です::: か::: 。:::
吠える	それ:::名詞 は::: 彼女::かのじょ:名詞 に::: 吠え:吠える:ほえ:動詞 ます::: か::: 。:::
ボーイ	ボーイ::ぼーい:名詞 と::: は::: 、::: 男の子::おとこのこ:名詞 の::: こと:::名詞 です::: 。:::
ボート	私::わたし:名詞 は::: ボート::ぼーと:名詞 が::: 欲しい::ほしい:形容詞 。:::
ホーム	トム::とむ:名詞 と::: メアリー::めありー:名詞 は::: 、::: スマート::すまーと:名詞 ホーム::ほーむ:名詞 に::: 住ん:住む:すん:動詞 で::: い:いる::動詞 ます::: 。:::
ボール	ここ:::名詞 に::: ボール::ぼーる:名詞 が::: いくつ:::名詞 か::: あり:ある::動詞 ます::: 。:::
誇り	全員::ぜんいん:名詞 が::: 仕事::しごと:名詞 に::: 誇り::ほこり:名詞 を::: 持っ:持つ:もっ:動詞 て::: い:いる::動詞 ます::: 。:::
埃	この::: あたり:::名詞 、::: やけに:::副詞 埃::ほこり:名詞 っぽい:::形容詞 な::: 。:::
保証	この::: 時計::とけい:名詞 は::: 、::: 一::いち:名詞 年間::ねんかん:名詞 の::: 保証::ほしょう:名詞 付::づけ:名詞 です::: 。:::
保存	この::: 冷凍::れいとう:名詞 食品::しょくひん:名詞 は::: どの::: くらい::: 保存::ほぞん:名詞 でき:できる::動詞 ます::: か::: 。:::
歩道	その::: 横断::おうだん:名詞 歩道::ほどう:名詞 を::: 渡っ:渡る:わたっ:動詞 た::: 先::さき:名詞 が::: 公園::こうえん:名詞 です::: 。:::
仏	倒れ:倒れる:たおれ:動詞 て::: い:いる::動詞 た::: 老人::ろうじん:名詞 は::: 、::: 実は::じつは: 仏::ふつ:名詞 様::さま:名詞 だっ:だ:: た::: の:::名詞 です::: 。:::
骨	骨::ほね:名詞 が::: くっつけ:くっつく::動詞 ば::: 、::: ギプス::ぎぷす:名詞 は::: 取ら:取る:とら:動詞 れ:れる::動詞 ます::: 。:::
炎	炎::ほのお:名詞 が::: 大きく:大きい:おおきく:形容詞 なり:なる::動詞 まし:ます:: た::: 。:::
頬	トム::とむ:名詞 は::: メアリー::めありー:名詞 の::: 頬::ほお:名詞 を::: つつい:つつく::動詞 た::: 。:::
ほぼ	ほぼ:::副詞 毎日::まいにち:名詞 フランス語::ふらんすご:名詞 を::: 使い:使う:つかい:動詞 ます::: 。:::
微笑む	どうか:::副詞 私::わたし:名詞 に::: 微笑み:微笑む:ほほえみ:動詞 かけ:かける::動詞 て::: おくれ:おくる::動詞 。:::
本物	この::: ダイヤ::だいや:名詞 は::: 本物::ほんもの:名詞 です::: か::: 。:::
ぼんやり	彼::かれ:名詞 は::: ぼんやり:::名詞 し:する::動詞 た::: 表情::ひょうじょう:名詞 を::: し:する::動詞 て::: い:いる::動詞 た::: 。:::
まあ	私::わたし:名詞 は::: 体力::たいりょく:名詞 が::: まあ:::副詞 まあ:::副詞 あり:ある::動詞 ます::: 。:::
マーケット	フリー::ふりー:名詞 マーケット::まーけっと:名詞 を::: やっ:やる::動詞 て::: いる:::動詞 場所::ばしょ:名詞 が::: あり:ある::動詞 ます::: か::: 。:::
マイク	マイク::まいく:名詞 さん:::名詞 いらっしゃい:いらっしゃる::動詞 ます::: か::: 。:::
迷子	トム::とむ:名詞 って::: 、::: よく:::副詞 迷子::まいご:名詞 に::: なる:::動詞 よ::: ね::: 。:::
マイナス	経済::けいざい:名詞 は::: マイナス::まいなす:名詞 成長::せいちょう:名詞 を::: 記録::きろく:名詞 し:する::動詞 た::: 。:::
巻く	時計::とけい:名詞 の::: ネジ::ねじ:名詞 を::: 巻く::まく:動詞 の:::名詞 を::: 忘れ:忘れる:わすれ:動詞 た::: ので::: 、::: 止まっ:止まる:とまっ:動詞 て::: しまっ:しまう::動詞 た::: ん:::名詞 です::: 。:::
蒔く	農夫::のうふ:名詞 が::: 畑::はたけ:名詞 に::: 種::たね:名詞 を::: 蒔い:蒔く:まい:動詞 て::: いる:::動詞 。:::
撒く	農業::のうぎょう:名詞 家::か:名詞 が::: 小麦::こむぎ:名詞 の::: 種::たね:名詞 を::: 畑::はたけ:名詞 に::: 撒い:撒く:まい:動詞 た::: 。:::
幕	その::: 物語::ものがたり:名詞 は::: 彼::かれ:名詞 の::: 死::し:名詞 で::: 幕::まく:名詞 を::: 閉じる::とじる:動詞 。:::
負け	私::わたし:名詞 は::: 勝っ:勝つ:かっ:動詞 て::: も::: 負け:負ける:まけ:動詞 て::: も::: 満足::まんぞく:名詞 です::: 。:::
孫	孫::まご:名詞 は::: 医者::いしゃ:名詞 を::: 目指し:目指す:めざし:動詞 て::: い:いる::動詞 ます::: 。:::
まさか	まさか:::副詞 そんな::: こと:::名詞 まで::: 言う::いう:動詞 気::き:名詞 は::: ない::: 。:::
まさに	まさに:::副詞 これ:::名詞 が::: 欲しかっ:欲しい:ほしかっ:形容詞 た::: ん:::名詞 です::: 。:::
混ざる	油::あぶら:名詞 と::: 水::みず:名詞 は::: 混ざら:混ざる:まざら:動詞 ない::: ん:::名詞 だ::: 。:::
混じる	喜び::よろこび:名詞 は::: 悲しみ::かなしみ:名詞 と::: 混じり:混じる:まじり:動詞 合っ:合う:あっ:動詞 た::: 。:::
交じる	父::ちち:名詞 の::: 髪::かみ:名詞 に::: 白髪::はくはつ:名詞 が::: 交じる::まじる:動詞 よう:::名詞 に::: なっ:なる::動詞 た::: 。:::
増す	日::にち:名詞 ごと:::名詞 に::: 寒:寒い:さむ:形容詞 さ:::名詞 が::: 増し:増す:まし:動詞 て::: おり:おる::動詞 ます::: 。:::
マスター	英語::えいご:名詞 を::: 短期間::たんきかん:名詞 に::: マスター::ますたー:名詞 する:::動詞 こと:::名詞 は::: 不可能::ふかのう:名詞 です::: 。:::
混ぜる	油::あぶら:名詞 と::: 水::みず:名詞 を::: 混ぜる::まぜる:動詞 事::こと:名詞 は::: 出来:出来る:でき:動詞 ない::: 。:::
街	この::: 街::まち:名詞 が::: 好き::すき:名詞 な:だ:: ん:::名詞 だ::: 。:::
間違い	よく:::副詞 ある:::動詞 間違い::まちがい:名詞 だ::: から::: 気::き:名詞 に::: し:する::動詞 ない::: で::: 。:::
松	山道::さんどう:名詞 に::: 松::まつ:名詞 が::: 並ん:並ぶ:ならん:動詞 で::: い:いる::動詞 ます::: 。:::
真っ赤	トム::とむ:名詞 が::: ね::: 、::: 真っ赤::まっか:名詞 に::: なっ:なる::動詞 た::: ん:::名詞 だ::: 。:::
全く	彼::かれ:名詞 は::: わたし:::名詞 に::: は::: 全く::まったく:副詞 の::: 他人::たにん:名詞 です::: 。:::
祭	村::むら:名詞 の::: 祭::まつり:名詞 が::: 始まり:始まる:はじまり:動詞 まし:ます:: た::: 。:::
まとまる	よし:よい::形容詞 、::: これ:::名詞 で::: 取引::とりひき:名詞 は::: まとまっ:まとまる::動詞 た::: 。:::
まとめる	まとめ:まとめる::動詞 て::: 洗濯::せんたく:名詞 し:する::動詞 て::: いい:::形容詞 です::: か::: 。:::
学ぶ	漢字::かんじ:名詞 を::: 学ぶ::まなぶ:動詞 の:::名詞 は::: 難しい::むずかしい:形容詞 です::: 。:::
真似	子ども::こども:名詞 は::: 親::おや:名詞 より::: も::: 友達::ともだち:名詞 の::: 真似::まね:名詞 を::: する:::動詞 の:::名詞 です::: 。:::
招く	彼::かれ:名詞 は::: 私::わたし:名詞 を::: 食事::しょくじ:名詞 に::: 招い:招く:まねい:動詞 て::: くれ:くれる::動詞 た::: 。:::
まぶしい	父::ちち:名詞 は::: まぶし:まぶしい::形容詞 そう:::名詞 に::: 母::はは:名詞 を::: 見:見る:み:動詞 た::: 。:::
柵	二::に:名詞 人::にん:名詞 の::: 子供::こども:名詞 たち:::名詞 が::: 柵::しがらみ:名詞 の::: 上::うえ:名詞 に::: 座っ:座る:すわっ:動詞 て::: い:いる::動詞 ます::: 。:::
裂ける	めじ:::名詞 り::: が::: 裂ける::さける:動詞 ほど::: 目::め:名詞 を::: 見張る::みはる:動詞 。:::
裁く	御子::みこ:名詞 を::: 信じる::しんじる:動詞 もの:::名詞 は::: 裁か:裁く:さばか:動詞 れ:れる::動詞 ない::: 。:::
酸化	抗::こう: 酸化::さんか:名詞 物質::ぶっしつ:名詞 を::: 含む::ふくむ:動詞 食べ物::たべもの:名詞 を::: 食べる::たべる:動詞 こと:::名詞 は::: 健康::けんこう:名詞 に::: 良い::よい:形容詞 です::: 。:::
死	生::なま:名詞 と::: 死::し:名詞 は::: 自然::しぜん:名詞 の::: 一部::いちぶ:名詞 です::: 。:::
資格	トム::とむ:名詞 は::: 宅::たく:名詞 建::けん:名詞 の::: 資格::しかく:名詞 を::: 持っ:持つ:もっ:動詞 て::: いる:::動詞 。:::
視覚	その::: 舞台::ぶたい:名詞 は::: 観客::かんきゃく:名詞 の::: 視覚::しかく:名詞 に::: 訴える::うったえる:動詞 もの:::名詞 で:だ:: ある::: 。:::
指揮	トム::とむ:名詞 は::: 世界::せかい:名詞 的::てき:名詞 に::: 有名::ゆうめい:名詞 な:だ:: 指揮::しき:名詞 者::しゃ:名詞 です::: 。:::
磁気	その::: 機械::きかい:名詞 装置::そうち:名詞 は::: 、::: 磁気::じき:名詞 の::: 力::ちから:名詞 で::: 動く::うごく:動詞 。:::
自己	彼女::かのじょ:名詞 に::: 自己::じこ:名詞 紹介::しょうかい:名詞 する:::動詞 機会::きかい:名詞 が::: なかっ:ない::形容詞 た::: 。:::
辞退	お::: 心付け::こころづけ:名詞 は::: ご::: 辞退::じたい:名詞 いたし:いたす::動詞 ます::: 。:::
視点	全体::ぜんたい:名詞 を::: 見渡す::みわたす:動詞 視点::してん:名詞 が::: 大事::だいじ:名詞 。:::
脂肪	トム::とむ:名詞 は::: 、::: 低::てい: 脂肪::しぼう:名詞 ・::: 高::こう: タンパク質::たんぱくしつ:名詞 ダイエット::だいえっと:名詞 を::: し:する::動詞 て::: い:いる::動詞 ます::: 。:::
志望	本学::ほんがく:名詞 を::: 志望::しぼう:名詞 する:::動詞 理由::りゆう:名詞 は::: 何::なに:名詞 です::: か::: 。:::
修飾	名詞::めいし:名詞 を::: 修飾::しゅうしょく:名詞 する:::動詞 もの:::名詞 は::: 、::: 形容詞::けいようし:名詞 または::: 形容詞::けいようし:名詞 相当::そうとう:名詞 語句::ごく:名詞 です::: 。:::
私用	私用::しよう:名詞 の::: 新しい::あたらしい:形容詞 傘::かさ:名詞 を::: 買お:買う:かお:動詞 っと::: 。:::
仕様	この::: 時計::とけい:名詞 は::: 防水::ぼうすい:名詞 仕様::しよう:名詞 です::: 。:::
情	情::じょう:名詞 に::: ほだされ:ほだされる::動詞 て::: 思わず::おもわず:副詞 涙::なみだ:名詞 を::: 流し:流す:ながし:動詞 た::: 。:::
生涯	夫婦::ふうふ:名詞 は::: 生涯::しょうがい:名詞 助け合う::たすけあう:動詞 べき:べし:: です::: 。:::
正体	彼ら::かれら:名詞 は::: 彼::かれ:名詞 の::: 正体::しょうたい:名詞 を::: 警察::けいさつ:名詞 に::: ばらし:ばらす::動詞 た::: 。:::
照明	彼::かれ:名詞 は::: 十::じゅう:名詞 一::いち:名詞 時::じ:名詞 に::: 全て::すべて:名詞 の::: 照明::しょうめい:名詞 を::: 消し:消す:けし:動詞 た::: 。:::
女史	コブ::こぶ:名詞 女史::じょし:名詞 が::: 帰っ:帰る:かえっ:動詞 て::: くる:::動詞 日::ひ:名詞 が::: 待ち遠しい::まちどおしい:形容詞 よ::: 。::: ほんとに:::副詞 。:::
ショック	彼::かれ:名詞 が::: ショック::しょっく:名詞 から::: 立ち直る::たちなおる:動詞 の:::名詞 に::: 数::すう:名詞 週間::しゅうかん:名詞 かかっ:かかる::動詞 た::: 。:::
進行	その::: 作業::さぎょう:名詞 は::: 現在::げんざい:名詞 進行::しんこう:名詞 中::ちゅう:名詞 です::: 。:::
新興	大本::おおもと:名詞 教::きょう:名詞 は::: 日本::にっぽん:名詞 の::: 新興::しんこう:名詞 宗教::しゅうきょう:名詞 の::: 一つ::ひとつ:名詞 に::: 数え:数える:かぞえ:動詞 られる:::動詞 。:::
振興	政府::せいふ:名詞 は::: 工業::こうぎょう:名詞 の::: 振興::しんこう:名詞 計画::けいかく:名詞 を::: 開始::かいし:名詞 し:する::動詞 た::: 。:::
申告	申告::しんこく:名詞 する:::動詞 物::もの:名詞 は::: あり:ある::動詞 ます::: か::: 。:::
真理	真理::しんり:名詞 愛::あい:名詞 さん:::名詞 は::: 世界::せかい:名詞 的::てき:名詞 に::: 有名::ゆうめい:名詞 な:だ:: 芸術::げいじゅつ:名詞 家::か:名詞 です::: 。:::
水洗	今::いま:名詞 は::: ほとんど:::副詞 の::: トイレ::といれ:名詞 が::: 水洗::すいせん:名詞 です::: よ::: 。:::
ストレス	最近::さいきん:名詞 、::: ストレス::すとれす:名詞 を::: 感じ:感じる:かんじ:動詞 ます::: 。:::
擦る	傷口::きずぐち:名詞 を::: 擦ら:擦る:こすら:動詞 ない::: で::: ください:くださる::動詞 。:::
精巧	その::: 機械::きかい:名詞 は::: 精巧::せいこう:名詞 に::: 出来:出来る:でき:動詞 て::: いる:::動詞 ので::: 、::: すぐ:::副詞 壊れる::こわれる:動詞 。:::
精算	彼::かれ:名詞 は::: 精算::せいさん:名詞 を::: し:する::動詞 て::: ホテル::ほてる:名詞 を::: 出:出る:で:動詞 た::: 。:::
成年	彼::かれ:名詞 は::: い:いる::動詞 つ::: 成年::せいねん:名詞 に::: 達し:達す:たっし:動詞 た::: の:::名詞 です::: か::: 。:::
声明	それ:::名詞 は::: とても:::副詞 強い::つよい:形容詞 声明::せいめい:名詞 です::: 。:::
姓名	あなた:::名詞 の::: 姓名::せいめい:名詞 を::: 教え:教える:おしえ:動詞 て::: ください:くださる::動詞 。:::
生理	生理::せいり:名詞 は::: 規則正しく:規則正しい:きそくただしく:形容詞 あり:ある::動詞 ます::: 。:::
膳	でも::: 、::: お::: 箸::はし:名詞 、::: 一::いち:名詞 膳::ぜん:名詞 しか::: ない:::形容詞 の::: 。::: どう:::副詞 しよ:する::動詞 う::: ・::: ・::: ・::: 。:::
禅	禅::ぜん:名詞 は::: 私::わたし:名詞 たち:::名詞 の::: 心::こころ:名詞 を::: 鍛練::たんれん:名詞 する:::動詞 と::: いわ:いう::動詞 れる:::動詞 。:::
選挙	彼::かれ:名詞 が::: 選挙::せんきょ:名詞 に::: 勝つ::かつ:動詞 見込み::みこみ:名詞 は::: あり:ある::動詞 ます::: か::: 。:::
先行	稲光::いなびかり:名詞 は::: 雷::かみなり:名詞 の::: 音::おと:名詞 に::: 先行::せんこう:名詞 する:::動詞 。:::
選考	職員::しょくいん:名詞 の::: 選考::せんこう:名詞 に関する::にかんする: 規則::きそく:名詞 を::: 次::つぎ:名詞 の::: よう:::名詞 に::: 定める::さだめる:動詞 。:::
相	ライオン::らいおん:名詞 は::: 餌::えさ:名詞 を::: 求め:求める:もとめ:動詞 て::: 相::あい: 争っ:争う:あらそっ:動詞 た::: 。:::
沿う	ご::: 希望::きぼう:名詞 に::: 沿う::そう:動詞 よう:::名詞 に::: 努力::どりょく:名詞 し:する::動詞 ます::: 。:::
添う	ご::: 期待::きたい:名詞 に::: 添い:添う:そい:動詞 かね:かねる::動詞 ます::: 。:::
僧	その::: 僧::そう:名詞 は::: 子供::こども:名詞 たち:::名詞 の::: 遊び::あそび:名詞 に::: 参加::さんか:名詞 し:する::動詞 た::: 。:::
像	この::: 像::ぞう:名詞 は::: 大理石::だいりせき:名詞 で::: でき:できる::動詞 て::: い:いる::動詞 ます::: 。:::
捜査	容疑::ようぎ:名詞 者::しゃ:名詞 は::: 捜査::そうさ:名詞 官::かん:名詞 に::: うそ:::名詞 を::: 言っ:言う:いっ:動詞 た::: 。:::
操縦	実際::じっさい:副詞 に::: 飛行機::ひこうき:名詞 を::: 操縦::そうじゅう:名詞 し:する::動詞 た::: の:::名詞 です::: か::: 。:::
創造	神::かみ:名詞 は::: 天::てん:名詞 と::: 地::ち:名詞 を::: 創造::そうぞう:名詞 し:する::動詞 た::: 。:::
隊	兄::あに:名詞 は::: レスキュー::れすきゅー:名詞 隊::たい:名詞 の::: メンバー::めんばー:名詞 だ::: 。:::
退学	トム::とむ:名詞 は::: 校則::こうそく:名詞 を::: 破っ:破る:やぶっ:動詞 て::: 退学::たいがく:名詞 に::: なっ:なる::動詞 た::: 。:::
タイトル	その::: 本::ほん:名詞 の::: タイトル::たいとる:名詞 は::: 何::なに:名詞 です::: か::: 。:::
ダウン	ダウン::だうん:名詞 タウン::たうん:名詞 に::: たくさん:::名詞 の::: ホテル::ほてる:名詞 が::: あり:ある::動詞 ます::: 。:::
高まる	社会::しゃかい:名詞 不安::ふあん:名詞 の::: 兆候::ちょうこう:名詞 が::: 高まり:高まる:たかまり:動詞 つつ::: ある:::動詞 。:::
断つ	あなた:::名詞 の::: 喫煙::きつえん:名詞 習慣::しゅうかん:名詞 を::: 断つ::たつ:動詞 努力::どりょく:名詞 を::: す:する::動詞 べき:べし:: です::: 。:::
盾	盾::たて:名詞 の::: 両面::りょうめん:名詞 を::: 見よ:見る:みよ:動詞 。:::
例え	人生::じんせい:名詞 は::: しばしば:::副詞 旅::たび:名詞 に::: 例え:例える:たとえ:動詞 られる:::動詞 。:::
チャイム	トム::とむ:名詞 さん:::名詞 は::: チャイム::ちゃいむ:名詞 を::: 押し:押す:おし:動詞 まし:ます:: た::: 。:::
挑戦	もう:::副詞 一::いち:名詞 回::かい:名詞 挑戦::ちょうせん:名詞 し:する::動詞 て::: みたい:::名詞 です::: 。:::
治療	どんな::: 治療::ちりょう:名詞 法::ほう:名詞 を::: 受ける::うける:動詞 こと:::名詞 に::: なり:なる::動詞 ます::: か::: 。:::
接ぐ	枝::えだ:名詞 が::: 伸び:伸びる:のび:動詞 、::: 実::み:名詞 が::: 成る::なる:動詞 こと:::名詞 を::: 想定::そうてい:名詞 し:する::動詞 て::: 接ぐ::つぐ:動詞 場所::ばしょ:名詞 を::: 選び:選ぶ:えらび:動詞 ましょ:ます:: う::: 。:::
継ぐ	お父さん::おとうさん:名詞 が::: 引退::いんたい:名詞 なさる:::動詞 とき:::名詞 に::: は::: あの::: 人::ひと:名詞 が::: 後::ご:名詞 を::: 継ぐ::つぐ:動詞 の:::名詞 です::: 。:::
摘む	トム::とむ:名詞 は::: 花::はな:名詞 を::: 摘ん:摘む:つん:動詞 だ::: 。:::
露	朝::あさ:名詞 の::: 草::くさ:名詞 に::: 露::ろ:名詞 が::: 光っ:光る:ひかっ:動詞 て::: い:いる::動詞 ます::: 。:::
強まる	夜::よる:名詞 に::: なる:::動詞 と::: 歯::は:名詞 の::: 痛み::いたみ:名詞 が::: いっそう:::副詞 強まる::つよまる:動詞 。:::
強める	活動::かつどう:名詞 家::か:名詞 たち:::名詞 は::: 反対::はんたい:名詞 運動::うんどう:名詞 を::: 強め:強める:つよめ:動詞 て::: い:いる::動詞 ます::: 。:::
データ	この::: データ::でーた:名詞 を::: アップデート::あっぷでーと:名詞 し:する::動詞 て::: いただけ:いただける::動詞 ます::: か::: 。:::
デザイン	ムダ::むだ:名詞 を::: そい:そぐ::動詞 だ::: デザイン::でざいん:名詞 が::: 美しい::うつくしい:形容詞 。:::
デザート	トム::とむ:名詞 が::: 私::わたし:名詞 の::: デザート::でざーと:名詞 食べ:食べる:たべ:動詞 ちゃっ:ちゃう::動詞 た::: の::: よ::: 。:::
転校	転校::てんこう:名詞 し:する::動詞 た::: そう:::名詞 です::: ね::: 。:::
伝言	ご::: 伝言::でんごん:名詞 、::: うけたまわり:うけたまわる::動詞 ます::: 。:::
と	メアリー::めありー:名詞 と::: いい:いう::動詞 ます::: 。:::
問う	試合::しあい:名詞 は::: 晴雨::せいう:名詞 を::: 問わ:問う:とわ:動詞 ず:ぬ:: 行わ:行う:おこなわ:動詞 れ:れる::動詞 ます::: 。:::
棟	トム::とむ:名詞 は::: 以前::いぜん:名詞 、::: 私::わたし:名詞 と::: 同じ::おなじ: 棟::むね:名詞 の::: 同じ::おなじ: 階::かい:名詞 に::: 住ん:住む:すん:動詞 で::: まし:ます:: た::: 。:::
倒産	今年::ことし:名詞 は::: 倒産::とうさん:名詞 が::: 一::いち:名詞 割::わり:名詞 減少::げんしょう:名詞 し:する::動詞 て::: い:いる::動詞 ます::: 。:::
同士	私::わたし:名詞 たち:::名詞 、::: いとこ:::名詞 同士::どうし:名詞 な:だ:: ん:::名詞 です::: 。:::
同志	彼ら::かれら:名詞 は::: 同志::どうし:名詞 で:だ:: ある::: 。:::
当然	当然::とうぜん:副詞 の::: こと:::名詞 を::: 言っ:言う:いっ:動詞 た::: まで::: よ::: 。:::
動揺	彼女::かのじょ:名詞 は::: 今::いま:名詞 、::: 動揺::どうよう:名詞 し:する::動詞 て::: い:いる::動詞 ます::: 。:::
説く	彼::かれ:名詞 は::: 私::わたし:名詞 達::たち:名詞 に::: 健康::けんこう:名詞 の::: 重要::じゅうよう:名詞 性::せい:名詞 を::: 説い:説く:とい:動詞 た::: 。:::
綴じる	紙::かみ:名詞 を::: 綴じる::とじる:動詞 のに::: ホチキス::ほちきす:名詞 は::: とても:::副詞 便利::べんり:名詞 です::: 。:::
供	殿様::とのさま:名詞 の::: お供::おとも:名詞 を::: し:する::動詞 まし:ます:: た::: 。:::
並	彼::かれ:名詞 は::: 学生::がくせい:名詞 並::なみ:名詞 から::: 言う::いう:動詞 と::: 勤勉::きんべん:名詞 です::: 。:::
慣らす	今::こん: 肩::かた:名詞 慣らし:慣らす:ならし:動詞 し:する::動詞 て::: いる:::動詞 ところ:::名詞 です::: 。:::
馴らす	この::: ライオン::らいおん:名詞 は::: よく:::副詞 飼い:飼う:かい:動詞 馴らさ:馴らす:ならさ:動詞 れ:れる::動詞 て::: いる:::動詞 。:::
難	死ん:死ぬ:しん:動詞 だ::: フリ::ふり:名詞 し:する::動詞 て::: 難::なん:名詞 を::: のがれ:のがれる::動詞 た::: そう:::名詞 です::: 。:::
年鑑	この::: 年鑑::ねんかん:名詞 に::: は::: 美しい::うつくしい:形容詞 写真::しゃしん:名詞 が::: たくさん:::名詞 載っ:載る:のっ:動詞 て::: いる:::動詞 。:::
脳	私::わたし:名詞 の::: 脳::のう:名詞 の::: 一部::いちぶ:名詞 は::: かなり:::副詞 前::まえ:名詞 から::: 死ん:死ぬ:しん:動詞 で::: いる:::動詞 と::: 思い:思う:おもい:動詞 ます::: 。:::
臨む	ファシズム::ふぁしずむ:名詞 勢力::せいりょく:名詞 と::: の::: 総::そう: 力戦::りきせん:名詞 に::: 臨む::のぞむ:動詞 。:::
肺	深呼吸::しんこきゅう:名詞 で::: 肺::はい:名詞 に::: 空気::くうき:名詞 を::: 入れ:入れる:いれ:動詞 ます::: 。:::
映える	夕空::ゆうぞら:名詞 に::: 映え:映える:はえ:動詞 て::: 塔::とう:名詞 が::: 美しく:美しい:うつくしく:形容詞 見える::みえる:動詞 。:::
図る	これから:::副詞 は::: 経営::けいえい:名詞 の::: 合理::ごうり:名詞 化::か:名詞 を::: 図り:図る:はかり:動詞 たい::: と::: 思い:思う:おもい:動詞 ます::: 。:::
生やす	私::わたし:名詞 は::: 長い::ながい:形容詞 あごひげ:::名詞 を::: 生やし:生やす:はやし:動詞 た::: あの::: ドイツ::どいつ:名詞 人::じん:名詞 を::: 知っ:知る:しっ:動詞 て::: い:いる::動詞 ます::: 。:::
班	私::わたし:名詞 の::: 班::はん:名詞 は::: いつも:::副詞 にぎやか:::名詞 だ::: 。:::
判	この::: 駐車::ちゅうしゃ:名詞 券::けん:名詞 に::: 判::はん:名詞 を::: 押し:押す:おし:動詞 て::: いただけ:いただける::動詞 ます::: か::: 。:::
版	この::: 小説::しょうせつ:名詞 の::: フランス語::ふらんすご:名詞 版::ばん:名詞 が::: あり:ある::動詞 ます::: 。:::
碑	これら:::名詞 は::: 記念::きねん:名詞 碑::ひ:名詞 な:だ:: の:::名詞 で:だ:: ある::: 。:::
非行	青少年::せいしょうねん:名詞 の::: 非行::ひこう:名詞 が::: 急速::きゅうそく:名詞 に::: 増加::ぞうか:名詞 し:する::動詞 て::: いる:::動詞 。:::
票	清き:清い:きよき:形容詞 一::いち:名詞 票::ひょう:名詞 を::: お願い::おねがい:名詞 し:する::動詞 ます::: 。:::
広まる	この::: サイト::さいと:名詞 が::: もっと:::副詞 広まっ:広まる:ひろまっ:動詞 て::: ほしい:::形容詞 と::: 思い:思う:おもい:動詞 ます::: 。:::
深める	読書::どくしょ:名詞 は::: 知性::ちせい:名詞 を::: 深める::ふかめる:動詞 こと:::名詞 が::: でき:できる::動詞 ます::: 。:::
福	笑う::わらう:動詞 門::もん:名詞 に::: は::: 福::ふく:名詞 来る::くる:動詞 。:::
振り	市バス::しばす:名詞 の::: 混雑::こんざつ:名詞 振り::ふり:名詞 は::: 大変::たいへん:名詞 な:だ:: もの:::名詞 です::: 。:::
経る	年月::としつき:名詞 を::: 経:経る:へ:動詞 て::: 物事::ものごと:名詞 が::: どう:::副詞 変わっ:変わる:かわっ:動詞 て::: いく:::動詞 か::: 見る::みる:動詞 の:::名詞 は::: 面白:面白い:おもしろ:形容詞 そう:::名詞 だ::: 。:::
保護	この::: システム::しすてむ:名詞 に::: は::: 、::: 保護::ほご:名詞 回路::かいろ:名詞 が::: 組み込ま:組み込む:くみこま:動詞 れ:れる::動詞 て::: い:いる::動詞 ます::: 。:::
保障	彼女::かのじょ:名詞 は::: 自由::じゆう:名詞 を::: 完全::かんぜん:名詞 に::: 保障::ほしょう:名詞 さ:する::動詞 れ:れる::動詞 た::: 。:::
補償	彼::かれ:名詞 は::: お金::おかね:名詞 で::: その::: 事故::じこ:名詞 の::: 補償::ほしょう:名詞 を::: し:する::動詞 た::: 。:::
ほっと	あなた:::名詞 が::: ご::: 無事::ぶじ:名詞 な:だ:: ので::: ほっと:::副詞 し:する::動詞 て::: い:いる::動詞 ます::: 。:::
前もって	訪ねる::たずねる:動詞 とき:::名詞 は::: 前もって::まえもって:副詞 連絡::れんらく:名詞 し:する::動詞 ます::: 。:::
マスコミ	マスコミ::ますこみ:名詞 が::: 何もかも::なにもかも:副詞 大げさ::おおげさ:名詞 に::: 言いたて:言いたてる:いいたて:動詞 た::: の:::名詞 です::: 。:::
股	自転車::じてんしゃ:名詞 の::: 乗り::のり:名詞 過ぎ::すぎ:名詞 で::: 股::また:名詞 が::: 痛い::いたい:形容詞 です::: 。:::
マッサージ	その::: マッサージ::まっさーじ:名詞 は::: 心地::ここち:名詞 良かっ:良い:よかっ:形容詞 た::: 。:::
見掛ける	前::まえ:名詞 に::: 彼女::かのじょ:名詞 を::: 見掛け:見掛ける:みかけ:動詞 た::: こと:::名詞 が::: ある:::動詞 よ::: 。:::
メッセージ	君::きみ:名詞 に::: 届け:届ける:とどけ:動詞 て::: ほしい:::形容詞 メッセージ::めっせーじ:名詞 が::: ある:::動詞 ん:::名詞 だ::: 。:::
野党	与党::よとう:名詞 は::: 野党::やとう:名詞 非難::ひなん:名詞 の::: キャンペーン::きゃんぺーん:名詞 を::: 展開::てんかい:名詞 し:する::動詞 て::: い:いる::動詞 ます::: 。:::
優	新任::しんにん:名詞 の::: 取締役::とりしまりやく:名詞 として::: 江崎::えざき:名詞 優::ゆう:名詞 を::: 紹介::しょうかい:名詞 いたし:いたす::動詞 ます::: 。:::
有機	有機::ゆうき:名詞 キウイ::きうい:名詞 です::: 。::: どうぞ:::副詞 ご::: 自由::じゆう:名詞 に::: お::: 採り:採る:とり:動詞 下さい:下さる:ください:動詞 。:::
世	それ:::名詞 が::: 世::よ:名詞 の::: 習い::ならい:名詞 です::: 。:::
予想	あなた:::名詞 は::: どんな::: 結果::けっか:名詞 を::: 予想::よそう:名詞 し:する::動詞 て::: い:いる::動詞 ます::: か::: 。:::
弱まる	彼::かれ:名詞 の::: 体力::たいりょく:名詞 は::: 弱まり:弱まる:よわまり:動詞 つつ::: ある:::動詞 。:::
弱める	時::とき:名詞 は::: 友情::ゆうじょう:名詞 を::: 深める::ふかめる:動詞 が::: 、::: 恋愛::れんあい:名詞 を::: 弱める::よわめる:動詞 。:::
ラベル	私::わたし:名詞 は::: ラベル::らべる:名詞 を::: 読み:読む:よみ:動詞 ます::: 。:::
ルール	まず:::副詞 、::: 基本::きほん:名詞 的::てき:名詞 な:だ:: ルール::るーる:名詞 を::: 説明::せつめい:名詞 し:する::動詞 ます::: 。:::
枠	トム::とむ:名詞 は::: 窓::まど:名詞 枠::わく:名詞 を::: 黄色::きいろ:名詞 に::: 塗り:塗る:ぬり:動詞 まし:ます:: た::: 。:::
表示	製造::せいぞう:名詞 年月日::ねんがっぴ:名詞 は::: ふた:::名詞 に::: 表示::ひょうじ:名詞 さ:する::動詞 れ:れる::動詞 て::: い:いる::動詞 ます::: 。:::
園	ボストン::ぼすとん:名詞 に::: 動物::どうぶつ:名詞 園::えん:名詞 が::: あり:ある::動詞 ます::: か::: 。:::
化	今週::こんしゅう:名詞 の::: 話題::わだい:名詞 は::: 地球::ちきゅう:名詞 温暖::おんだん:名詞 化::か:名詞 です::: 。:::
科	今::いま:名詞 、::: 耳鼻::じび:名詞 科::か:名詞 に::: かかっ:かかる::動詞 て::: い:いる::動詞 ます::: 。:::
画	これ:::名詞 は::: 彼::かれ:名詞 によって::: かかれ:かかれる::動詞 た::: 画::が:名詞 です::: 。:::
難い	あなた:::名詞 が::: 言う::いう:動詞 事::こと:名詞 は::: 全く::まったく:副詞 信じ:信じる:しんじ:動詞 難い::がたい:形容詞 です::: 。:::
がち	私::わたし:名詞 たち:::名詞 は::: 間違い::まちがい:名詞 を::: し:する::動詞 がち:::名詞 です::: 。:::
巻	この::: 本::ほん:名詞 は::: 二::に:名詞 巻::かん:名詞 物::もの:名詞 です::: 。:::
館	この::: 近く::ちかく:名詞 に::: 映画::えいが:名詞 館::かん:名詞 は::: あり:ある::動詞 ます::: か::: 。:::
感	結果::けっか:名詞 は::: 別::べつ:名詞 に::: し:する::動詞 て::: 満足::まんぞく:名詞 感::かん:名詞 なら:だ:: あり:ある::動詞 ます::: 。:::
期	ここ:::名詞 は::: 、::: 私::わたし:名詞 が::: 幼少::ようしょう:名詞 期::き:名詞 を::: 過ごし:過ごす:すごし:動詞 た::: 場所::ばしょ:名詞 です::: 。:::
器	室内::しつない:名詞 干し:干す:ほし:動詞 の::: 場合::ばあい:名詞 は::: 、::: 乾燥::かんそう:名詞 機::き:名詞 や::: 除::じょ:名詞 湿:湿る:しめ:動詞 器::うつわ:名詞 を::: 利用::りよう:名詞 する:::動詞 と::: 効率::こうりつ:名詞 的::てき:名詞 です::: 。:::
機	掃除::そうじ:名詞 機::き:名詞 を::: 貸し:貸す:かし:動詞 て::: もらえ:もらえる::動詞 ます::: か::: 。:::
教	キリスト::きりすと:名詞 教::きょう:名詞 にとって::: 、::: 復活::ふっかつ:名詞 祭::さい:名詞 は::: 反省::はんせい:名詞 の::: ため:::名詞 の::: 時間::じかん:名詞 です::: 。:::
行	行::くだり:名詞 と::: 行::くだり:名詞 の::: 間::ま:名詞 を::: もっと:::副詞 空け:空ける:あけ:動詞 なさい:なさる::動詞 。:::
業	主人::しゅじん:名詞 の::: 仕事::しごと:名詞 は::: 、::: 建築::けんちく:名詞 業::ぎょう:名詞 で::: 、::: 作業::さぎょう:名詞 服::ふく:名詞 を::: 着:着る:き:動詞 て::: 、::: 出勤::しゅっきん:名詞 し:する::動詞 ます::: 。:::
きる	彼::かれ:名詞 の::: 部屋::へや:名詞 は::: いつも:::副詞 整え:整える:ととのえ:動詞 が::: よく:::副詞 で::: きっ:きる::動詞 て::: いる:::動詞 。:::
系	メアリー::めありー:名詞 は::: カトリック::かとりっく:名詞 系::けい:名詞 の::: 高等::こうとう:名詞 学校::がっこう:名詞 へ::: 行き:行く:いき:動詞 まし:ます:: た::: 。:::
圏	首都::しゅと:名詞 圏::けん:名詞 で::: も::: 燃料::ねんりょう:名詞 が::: 不足::ふそく:名詞 し:する::動詞 て::: いる:::動詞 。:::
校	ボブ::ぼぶ:名詞 の::: お父さん::おとうさん:名詞 は::: 女子::じょし:名詞 校::こう:名詞 で::: 教え:教える:おしえ:動詞 て::: い:いる::動詞 ます::: 。:::
号	その::: 雑誌::ざっし:名詞 の::: 最新::さいしん:名詞 号::ごう:名詞 は::: 来週::らいしゅう:名詞 月曜日::げつようび:名詞 に::: で:でる::動詞 ます::: 。:::
毎	三::さん:名詞 日::にち:名詞 毎::ごと:名詞 に::: 薬::くすり:名詞 を::: 飲み:飲む:のみ:動詞 ます::: 。:::
産	この::: バナナ::ばなな:名詞 は::: エクアドル::えくあどる:名詞 産::さん:名詞 です::: 。:::
史	彼::かれ:名詞 は::: 、::: アメリカ::あめりか:名詞 史::し:名詞 を::: 勉強::べんきょう:名詞 し:する::動詞 ます::: 。:::
室	職員::しょくいん:名詞 室::しつ:名詞 と::: 体育館::たいいくかん:名詞 は::: 、::: 改装::かいそう:名詞 中::ちゅう:名詞 です::: 。:::
社	新聞::しんぶん:名詞 社::しゃ:名詞 に::: 知ら:知る:しら:動詞 れ:れる::動詞 ない::: よう:::名詞 に::: あなた:::名詞 と::: お話::おはなし:名詞 が::: し:する::動詞 たい::: の:::名詞 です::: 。:::
集	この::: 問題::もんだい:名詞 集::しゅう:名詞 、::: 解説::かいせつ:名詞 が::: あまりに:::副詞 不親切::ふしんせつ:名詞 だ::: なぁ::: 。:::
省	フランス::ふらんす:名詞 ン::ん:名詞 の::: 文化::ぶんか:名詞 省::しょう:名詞 の::: 仕事::しごと:名詞 を::: 探し:探す:さがし:動詞 て::: い:いる::動詞 ます::: 。:::
商	食料::しょくりょう:名詞 品::ひん:名詞 商::しょう:名詞 を::: やっ:やる::動詞 て::: いる:::動詞 。:::
勝	今季::こんき:名詞 は::: 三::さん:名詞 勝::しょう:名詞 二::に:名詞 敗::はい:名詞 でし:です:: た::: 。:::
条	雲間::くもま:名詞 から::: 一::いち:名詞 条::じょう:名詞 の::: 光::ひかり:名詞 が::: 漏れ:漏れる:もれ:動詞 て::: き:くる::動詞 た::: 。:::
済	確認::かくにん:名詞 済::すみ:名詞 の::: 書類::しょるい:名詞 です::: 。:::
船	貨物::かもつ:名詞 船::せん:名詞 が::: 港::みなと:名詞 に::: 入り:入る:はいり:動詞 ます::: 。:::
戦	私::わたし:名詞 達::たち:名詞 は::: 決勝::けっしょう:名詞 戦::せん:名詞 に::: 進出::しんしゅつ:名詞 し:する::動詞 た::: 。:::
沿い	川::かわ:名詞 沿い::ぞい:名詞 を::: 歩く::あるく:動詞 の:::名詞 が::: 好き::すき:名詞 な:だ:: ん:::名詞 です::: 。:::
艘	湖::みずうみ:名詞 の::: 上::うえ:名詞 に::: 幾::いく:名詞 艘::そう:名詞 か::: の::: ボート::ぼーと:名詞 が::: あっ:ある::動詞 た::: 。:::
だらけ	アフリカ::あふりか:名詞 は::: 野生::やせい:名詞 動物::どうぶつ:名詞 だらけ:::名詞 です::: 。:::
団	私::わたし:名詞 たち:::名詞 は::: ラニアケア::*:名詞 超::ちょう: 銀河::ぎんが:名詞 団::だん:名詞 の::: 中::なか:名詞 に::: い:いる::動詞 ます::: 。:::
着	東京::とうきょう:名詞 着::ぎ:名詞 は::: 九::きゅう:名詞 時::じ:名詞 です::: 。:::
長	身長::しんちょう:名詞 を::: 測り:測る:はかり:動詞 ます::: 。:::
帳	この::: 会話::かいわ:名詞 帳::ちょう:名詞 は::: とても:::副詞 役に立ち:役に立つ:やくにたち:動詞 ます::: 。:::
通	君::きみ:名詞 に::: 数::すう:名詞 十::じゅう:名詞 通::つう:名詞 の::: 手紙::てがみ:名詞 が::: 来:来る:き:動詞 て::: い:いる::動詞 ます::: 。:::
遣い	言葉::ことば:名詞 遣い::づかい:名詞 に::: は::: いつも:::副詞 気::き:名詞 を::: つける:::動詞 べき:べし:: です::: 。:::
付	彼::かれ:名詞 は::: 大学::だいがく:名詞 の::: 近く::ちかく:名詞 に::: 食事::しょくじ:名詞 付::づけ:名詞 の::: よい:::形容詞 下宿::げしゅく:名詞 を::: 見つけ:見つける:みつけ:動詞 た::: 。:::
滴	濡れ:濡れる:ぬれ:動詞 た::: タオル::たおる:名詞 から::: 滴::しずく:名詞 が::: 垂れ:垂れる:たれ:動詞 て::: いる:::動詞 。:::
等	ご::: 質問::しつもん:名詞 等::とう:名詞 ござい:ござる:: まし:ます:: たら:た:: 、::: お::: 声::こえ:名詞 がけ:::名詞 ください:くださる::動詞 。:::
ところ	どこ:::名詞 に::: 行く::いく:動詞 ところ:::名詞 です::: か::: 。:::
年生	私::わたし:名詞 は::: 高校::こうこう:名詞 一::いち:名詞 年生::ねんせい:名詞 です::: 。:::
泊	今晩::こんばん:名詞 から::: 三::さん:名詞 泊::はく:名詞 、::: 予約::よやく:名詞 を::: し:する::動詞 て::: あり:ある::動詞 ます::: 。:::
発	次::つぎ:名詞 の::: 電車::でんしゃ:名詞 は::: 何時::いつ:名詞 発::はつ:名詞 です::: か::: 。:::
番目	一月::いちがつ:名詞 は::: 年::とし:名詞 の::: 一::いち:名詞 番目::ばんめ:名詞 の::: 月::つき:名詞 です::: 。:::
費	宿泊::しゅくはく:名詞 費::ひ:名詞 込み::こみ:名詞 の::: 値段::ねだん:名詞 です::: か::: 。:::
病	急病::きゅうびょう:名詞 で::: 休み:休む:やすみ:動詞 まし:ます:: た::: 。:::
部	音楽::おんがく:名詞 部::ぶ:名詞 に::: 入っ:入る:はいっ:動詞 てる:::動詞 ん:::名詞 だ::: 。:::
弁	関西::かんさい:名詞 弁::べん:名詞 って::: ほんま:::名詞 分から:分かる:わから:動詞 へん::: わ::: 。:::
歩	私::わたし:名詞 は::: 一::いち:名詞 歩::ほ:名詞 一::いち:名詞 歩::ほ:名詞 目標::もくひょう:名詞 を::: 達成::たっせい:名詞 する:::動詞 つもり:::名詞 です::: 。:::
ぽい	彼::かれ:名詞 は::: ぽ:ぽい::形容詞 っ:く::動詞 ちゃり:::名詞 し:する::動詞 た::: 子::こ:名詞 が::: 好き::すき:名詞 です::: 。:::
みたい	それ:::名詞 は::: リンゴ::りんご:名詞 みたい:::名詞 です::: 。:::
向け	これ:::名詞 は::: 子供::こども:名詞 向け::むけ:名詞 の::: 楽しい::たのしい:形容詞 番組::ばんぐみ:名詞 です::: 。:::
もち	この::: 天気::てんき:名詞 は::: 明日::あした:名詞 まで::: もち:もつ::動詞 ます::: か::: 。:::
問	過去::かこ:名詞 問::とい:名詞 が::: もし:::副詞 ある:::動詞 なら:だ:: ば::: 一応::いちおう:副詞 目::め:名詞 を::: 通す::とおす:動詞 ほう:::名詞 が::: いい:::形容詞 と::: 思い:思う:おもい:動詞 ます::: 。:::
流	それ:::名詞 が::: まさに:::副詞 彼女::かのじょ:名詞 流::りゅう:名詞 だ::: 。:::
料	この::: ホテル::ほてる:名詞 の::: 宿泊::しゅくはく:名詞 料::りょう:名詞 は::: いくら:::名詞 です::: か::: 。:::
領	あの::: 大名::だいみょう:名詞 は::: 十::じゅう:名詞 万::まん:名詞 石::せき:名詞 を::: 領::りょう:名詞 し:する::動詞 て::: いる:::動詞 。:::
論	トム::とむ:名詞 は::: 進化::しんか:名詞 論::ろん:名詞 を::: 信じ:信じる:しんじ:動詞 て::: い:いる::動詞 ない::: 。:::
アイデア	彼::かれ:名詞 の::: アイデア::あいであ:名詞 な:だ:: ん:::名詞 です::: 。:::
あいまい	彼::かれ:名詞 は::: 私::わたし:名詞 に::: あいまい:::名詞 な:だ:: 返事::へんじ:名詞 を::: し:する::動詞 た::: 。:::
青白い	あの::: 青白く:青白い:あおじろく:形容詞 光っ:光る:ひかっ:動詞 て::: いる:::動詞 星::ほし:名詞 が::: シリウス::しりうす:名詞 です::: 。:::
呆れる	お前::おまえ:名詞 の::: 厚かまし:厚かましい:あつかまし:形容詞 さ:::名詞 に::: は::: 呆れる::あきれる:動詞 よ::: 。:::
アクセント	この::: 語::かたり:名詞 の::: アクセント::あくせんと:名詞 は::: どこ:::名詞 に::: ある:::動詞 か::: 。:::
あくび	トム::とむ:名詞 は::: あくび:::名詞 し:する::動詞 た::: 。:::
飽くまで	彼::かれ:名詞 は::: そう:::副詞 なっ:なる::動詞 て::: も::: 飽くまで::あくまで:副詞 落胆::らくたん:名詞 し:する::動詞 なかっ:ない:: た::: 。:::
明け方	明け方::あけがた:名詞 近く::ちかく:名詞 は::: 、::: ぐっと:::副詞 冷え込む::ひえこむ:動詞 。:::
憧れる	彼::かれ:名詞 は::: 都会::とかい:名詞 の::: 生活::せいかつ:名詞 に::: 憧れ:憧れる:あこがれ:動詞 て::: いる:::動詞 。:::
朝寝坊	朝寝坊::あさねぼう:名詞 し:する::動詞 て::: 、::: 危うく:危うい:あやうく:形容詞 遅刻::ちこく:名詞 する:::動詞 ところ:::名詞 だっ:だ:: た::: よ::: 。:::
足跡	行方::ゆくえ:名詞 不明::ふめい:名詞 の::: 子供::こども:名詞 の::: 足跡::あしあと:名詞 は::: あり:ある::動詞 ます::: か::: 。:::
足元	寝不足::ねぶそく:名詞 で::: 足元::あしもと:名詞 が::: ふわふわ:::副詞 し:する::動詞 て::: い:いる::動詞 ます::: 。:::
味わう	こんな::: おいしい:::形容詞 スープ::すーぷ:名詞 を::: 味わっ:味わう:あじわっ:動詞 た::: こと:::名詞 が::: あり:ある::動詞 ます::: か::: 。:::
厚かましい	厚かましく:厚かましい:あつかましく:形容詞 も::: 私::わたし:名詞 に::: 出:出る:で:動詞 て::: 行け:行く:いけ:動詞 と::: 言っ:言う:いっ:動詞 た::: 。:::
圧縮	その::: 気体::きたい:名詞 は::: 圧縮::あっしゅく:名詞 さ:する::動詞 れ:れる::動詞 て::: ボンベ::ぼんべ:名詞 に::: 詰め込ま:詰め込む:つめこま:動詞 れ:れる::動詞 た::: 。:::
宛名	これ:::名詞 が::: 私::わたし:名詞 の::: 会社::かいしゃ:名詞 の::: 宛名::あてな:名詞 です::: 。:::
当てはまる	それ:::名詞 は::: 今::いま:名詞 、::: 特に::とくに:副詞 当てはまり:当てはまる:あてはまり:動詞 ます::: 。:::
当てはめる	この::: 規則::きそく:名詞 を::: 全て::すべて:名詞 の::: ケース::けーす:名詞 に::: 当てはめる::あてはめる:動詞 こと:::名詞 は::: でき:できる::動詞 ませ:ます:: ん::: 。:::
暴れる	部屋::へや:名詞 の::: 中::なか:名詞 で::: 暴れ:暴れる:あばれ:動詞 まわっ:まわる::動詞 て::: は::: いけ:いける::動詞 ない::: 。:::
あぶる	魚::さかな:名詞 を::: 火::ひ:名詞 で::: あぶり:あぶる::動詞 ます::: 。:::
あふれる	彼女::かのじょ:名詞 は::: 善意::ぜんい:名詞 に::: あふれ:あふれる::動詞 て::: い:いる::動詞 ます::: 。:::
雨戸	この::: 雨戸::あまど:名詞 も::: そろそろ:::副詞 取り替え:取り替える:とりかえ:動詞 時::じ:名詞 ね::: 。:::
甘やかす	問題::もんだい:名詞 は::: その::: 子供::こども:名詞 が::: 甘やかさ:甘やかす:あまやかさ:動詞 れ:れる::動詞 すぎ:すぎる::動詞 て::: い:いる::動詞 た::: という::: こと:::名詞 だ::: 。:::
余る	それ:::名詞 は::: 私::わたし:名詞 の::: 力::ちから:名詞 に::: 余る::あまる:動詞 仕事::しごと:名詞 です::: 。:::
編み物	良子::りょうこ:名詞 は::: 編み物::あみもの:名詞 に::: たいへん:::副詞 熱心::ねっしん:名詞 です::: 。:::
編む	彼女::かのじょ:名詞 は::: ボーイフレンド::ぼーいふれんど:名詞 に::: セーター::せーたー:名詞 を::: 編ん:編む:あん:動詞 で::: い:いる::動詞 ます::: 。:::
危うい	朝寝坊::あさねぼう:名詞 し:する::動詞 て::: 、::: 危うく:危うい:あやうく:形容詞 遅刻::ちこく:名詞 する:::動詞 ところ:::名詞 だっ:だ:: た::: よ::: 。:::
怪しい	トム::とむ:名詞 が::: 来る::くる:動詞 か::: は::: 怪しい::あやしい:形容詞 もん:::名詞 だ::: ぞ::: 。:::
荒い	彼女::かのじょ:名詞 は::: 言葉::ことば:名詞 使い::づかい:名詞 が::: 荒い::あらい:形容詞 。:::
粗い	その::: 物体::ぶったい:名詞 の::: 表面::ひょうめん:名詞 は::: かなり:::副詞 粗い::あらい:形容詞 。:::
改めて	日::ひ:名詞 を::: 改めて::あらためて:副詞 ご::: 連絡::れんらく:名詞 し:する::動詞 ます::: 。:::
改める	どうして:::副詞 考え::かんがえ:名詞 を::: 改め:改める:あらため:動詞 た::: の:::名詞 です::: か::: 。:::
あらわす	地図::ちず:名詞 上::じょう:名詞 の::: 赤い::あかい:形容詞 線::せん:名詞 は::: 鉄道::てつどう:名詞 を::: あらわし:あらわす::動詞 て::: い:いる::動詞 ます::: 。:::
有難い	小さな::ちいさな: 情報::じょうほう:名詞 で:だ:: あっ:ある:: て::: も::: お知らせ::おしらせ:名詞 いただける:::動詞 と::: 有難く:有難い:ありがたく:形容詞 存じ:存じる:ぞんじ:動詞 ます::: 。:::
あれこれ	彼ら::かれら:名詞 は::: あれこれ:::名詞 と::: 話::はなし:名詞 を::: し:する::動詞 て::: い:いる::動詞 ます::: 。:::
荒れる	村::むら:名詞 へ::: の::: 道路::どうろ:名詞 は::: とても:::副詞 荒れ:荒れる:あれ:動詞 て::: い:いる::動詞 ます::: 。:::
慌ただしい	彼::かれ:名詞 は::: 慌ただしい::あわただしい:形容詞 毎日::まいにち:名詞 を::: 送っ:送る:おくっ:動詞 て::: い:いる::動詞 ます::: 。:::
安易	そんなに:::副詞 安易::あんい:名詞 に::: 妥協::だきょう:名詞 し:する::動詞 ない::: で::: ください:くださる::動詞 。:::
アンテナ	アンテナ::あんてな:名詞 の::: 調子::ちょうし:名詞 で::: も::: 悪い::わるい:形容詞 の:::名詞 か::: な::: 。:::
言い出す	これ:::名詞 は::: だれ:::名詞 か::: の::: 言い出し:言い出す:いいだし:動詞 た::: こと:::名詞 かい::: 。:::
意義	彼::かれ:名詞 は::: 重大::じゅうだい:名詞 な:だ:: 意義::いぎ:名詞 の::: ある:::動詞 決定::けってい:名詞 を::: 下し:下す:くだし:動詞 た::: 。:::
生き生き	雨::あめ:名詞 で::: 木の葉::このは:名詞 が::: 生き生き::いきいき:副詞 し:する::動詞 て::: 見える::みえる:動詞 。:::
育児	育児::いくじ:名詞 ノイローゼ::のいろーぜ:名詞 に::: なっ:なる::動詞 ちゃ::: い:いる::動詞 そう:::名詞 。:::
幾分	私::わたし:名詞 は::: 幾分::いくぶん:副詞 疲れ::つかれ:名詞 を::: 感じ:感じる:かんじ:動詞 て::: い:いる::動詞 ます::: 。:::
生け花	生け花::いけばな:名詞 は::: 日本::にっぽん:名詞 の::: 文化::ぶんか:名詞 です::: 。:::
以後	それ:::名詞 以後::いご:名詞 彼女::かのじょ:名詞 に::: 会っ:会う:あっ:動詞 て::: い:いる::動詞 ませ:ます:: ん::: 。:::
イコール	彼ら::かれら:名詞 は::: 宗教::しゅうきょう:名詞 イコール::いこーる:名詞 教会::きょうかい:名詞 に::: 行く::いく:動詞 こと:::名詞 だ::: と::: 考え:考える:かんがえ:動詞 て::: いる:::動詞 。:::
勇ましい	彼女::かのじょ:名詞 は::: 勇ましかっ:勇ましい:いさましかっ:形容詞 た::: 。:::
衣食住	衣食住::いしょくじゅう:名詞 は::: 生活::せいかつ:名詞 の::: 基本::きほん:名詞 です::: 。:::
いちいち	いちいち:::副詞 指示::しじ:名詞 する:::動詞 の:::名詞 止め:止める:とめ:動詞 て::: よ::: 。:::
一応	一応::いちおう:副詞 聞き:聞く:きき:動詞 ます::: が::: 、::: なに:::名詞 を::: する:::動詞 つもり:::名詞 です::: か::: 。:::
一段と	あら::: 、::: 一段と::いちだんと:副詞 可愛く:可愛い:かわいく:形容詞 なっ:なる::動詞 た::: わ::: ね::: 。:::
一流	トム::とむ:名詞 は::: 一流::いちりゅう:名詞 大学::だいがく:名詞 に::: 行っ:行く:いっ:動詞 て::: い:いる::動詞 ます::: 。:::
一昨年	私::わたし:名詞 は::: 一昨年::いっさくねん:名詞 この::: 山::やま:名詞 に::: 登り:登る:のぼり:動詞 まし:ます:: た::: 。:::
一斉	お::: 彼岸::ひがん:名詞 が::: 近く::ちかく:名詞 なる:::動詞 と::: 、::: 不思議::ふしぎ:名詞 と::: 彼岸花::ひがんばな:名詞 が::: 一斉::いっせい:名詞 に::: 咲き:咲く:さき:動詞 始め:始める:はじめ:動詞 ます::: 。:::
一旦	列車::れっしゃ:名詞 は::: 一旦::いったん:副詞 停車::ていしゃ:名詞 し:する::動詞 た::: 。:::
一定	金利::きんり:名詞 自由::じゆう:名詞 化::か:名詞 の::: 方向::ほうこう:名詞 性::せい:名詞 を::: 一定::いってい:名詞 する:::動詞 の:::名詞 は::: むずかしい:::形容詞 こと:::名詞 です::: 。:::
移転	新しい::あたらしい:形容詞 ビル::びる:名詞 へ::: の::: 移転::いてん:名詞 に::: わくわく:::副詞 し:する::動詞 て::: ます::: 。:::
井戸	これ:::名詞 は::: 枯れ:枯れる:かれ:動詞 井戸::いど:名詞 です::: 。:::
威張る	彼女::かのじょ:名詞 に::: は::: 威張っ:威張る:いばっ:動詞 た::: 様子::ようす:名詞 が::: ある:::動詞 。:::
嫌がる	トム::とむ:名詞 は::: 野菜::やさい:名詞 を::: 食べる::たべる:動詞 こと:::名詞 を::: 嫌がり:嫌がる:いやがり:動詞 ます::: 。:::
いよいよ	雪::ゆき:名詞 が::: 降り:降る:ふり:動詞 始め:始める:はじめ:動詞 、::: いよいよ:::副詞 本格::ほんかく:名詞 的::てき:名詞 な:だ:: 冬::ふゆ:名詞 の::: 到来::とうらい:名詞 を::: 感じ:感じる:かんじ:動詞 た::: 。:::
煎る	深:深い:ふか:形容詞 煎り:煎る:いり:動詞 の::: 濃い::こい:形容詞 コーヒー::こーひー:名詞 が::: 好き::すき:名詞 な:だ:: ん:::名詞 だ::: 。:::
インキ	ペン::ぺん:名詞 と::: インキ::いんき:名詞 で::: 書き:書く:かき:動詞 なさい:なさる::動詞 。:::
引力	ニュートン::にゅーとん:名詞 は::: 引力::いんりょく:名詞 の::: 法則::ほうそく:名詞 を::: 確立::かくりつ:名詞 し:する::動詞 た::: 。:::
ウール	私::わたし:名詞 は::: ウール::うーる:名詞 の::: セーター::せーたー:名詞 を::: 買っ:買う:かっ:動詞 た::: 。:::
ウエートレス	ウエートレス::うえーとれす:名詞 は::: テーブル::てーぶる:名詞 の::: 上::うえ:名詞 に::: 白い::しろい:形容詞 テーブルクロス::てーぶるくろす:名詞 を::: かけ:かける::動詞 た::: 。:::
植木	母::はは:名詞 は::: 植木::うえき:名詞 の::: 世話::せわ:名詞 を::: よく:よい::形容詞 する:::動詞 人::ひと:名詞 だ::: 。:::
飢える	世界::せかい:名詞 で::: は::: 多く::おおく:名詞 の::: 人::ひと:名詞 が::: 飢え:飢える:うえ:動詞 て::: いる:::動詞 。:::
浮ぶ	間もなく::まもなく:副詞 、::: 彼女::かのじょ:名詞 の::: 首::くび:名詞 だけ::: が::: 、::: 波::なみ:名詞 の::: 上::うえ:名詞 に::: 浮ん:浮ぶ:うかん:動詞 で::: 見え:見える:みえ:動詞 まし:ます:: た::: 。:::
浮かべる	トム::とむ:名詞 は::: 満足::まんぞく:名詞 げ:::名詞 に::: 笑み::えみ:名詞 を::: 浮かべ:浮かべる:うかべ:動詞 た::: 。:::
浮く	目下::もっか:名詞 の::: ところ:::名詞 、::: 計画::けいかく:名詞 は::: 未だ::いまだ:副詞 宙::ちゅう:名詞 に::: 浮い:浮く:うい:動詞 た::: まま:::名詞 です::: 。:::
承る	わかり:わかる::動詞 まし:ます:: た::: 。::: お::: 申し出::もうしで:名詞 を::: 承り:承る:うけたまわり:動詞 ます::: 。:::
受取	手荷物::てにもつ:名詞 受取::うけとり:名詞 所::しょ:名詞 で::: 待っ:待つ:まっ:動詞 て::: い:いる::動詞 ます::: 。:::
受け持つ	費用::ひよう:名詞 を::: 受け持つ::うけもつ:動詞 者::もの:名詞 に::: 決定::けってい:名詞 権::けん:名詞 が::: ある:::動詞 。:::
薄暗い	薄暗い::うすぐらい:形容詞 光::ひかり:名詞 の::: 中::なか:名詞 で::: 彼::かれ:名詞 の::: 顔::かお:名詞 を::: 見:見る:み:動詞 た::: 。:::
薄める	薄め:薄める:うすめ:動詞 の::: 青::あお:名詞 の::: ネクタイ::ねくたい:名詞 を::: さ:する::動詞 れ:れる::動詞 て::: まし:ます:: た::: 。:::
打ち消す	彼::かれ:名詞 は::: うわさ:::名詞 を::: 打ち消し:打ち消す:うちけし:動詞 た::: わ::: よ::: 。:::
うどん	うどん:::名詞 を::: ゆでる:::動詞 と::: よく:::副詞 ふき:::名詞 こぼす:::動詞 。:::
うなずく	祖父::そふ:名詞 は::: 私::わたし:名詞 に::: 向かっ:向かう:むかっ:動詞 て::: うなずい:うなずく::動詞 た::: 。:::
敬う	お::: 年寄り::としより:名詞 は::: 敬わ:敬う:うやまわ:動詞 なけれ:ない:: ば::: なら:なる::動詞 ない::: 。:::
裏返す	弟::おとうと:名詞 は::: シャツ::しゃつ:名詞 を::: 裏返し:裏返す:うらがえし:動詞 に::: 着:着る:き:動詞 て::: い:いる::動詞 た::: 。:::
裏口	トム::とむ:名詞 は::: 裏口::うらぐち:名詞 を::: 通っ:通る:とおっ:動詞 て::: 出:出る:で:動詞 て::: 行っ:行く:いっ:動詞 た::: 。:::
占う	私::わたし:名詞 は::: 運勢::うんせい:名詞 を::: 占っ:占う:うらなっ:動詞 て::: もらっ:もらう::動詞 た::: 。:::
恨み	彼::かれ:名詞 は::: 父::ちち:名詞 の::: 死::し:名詞 の::: 恨み::うらみ:名詞 を::: 晴らし:晴らす:はらし:動詞 た::: 。:::
恨む	彼::かれ:名詞 は::: 君::きみ:名詞 を::: 恨ん:恨む:うらん:動詞 で::: いる:::動詞 よ::: 。:::
羨む	その::: 不器用::ぶきよう:名詞 な:だ:: 男::おとこ:名詞 は::: 彼女::かのじょ:名詞 の::: 非凡::ひぼん:名詞 な:だ:: 才能::さいのう:名詞 を::: 羨ん:羨む:うらやん:動詞 だ::: 。:::
売上	売上::うりあげ:名詞 が::: 右肩::みぎかた:名詞 上がり::あがり:名詞 で::: 好調::こうちょう:名詞 を::: 裏づけ:裏づける:うらづけ:動詞 た::: 。:::
売り上げ	売り上げ::うりあげ:名詞 が::: 減少::げんしょう:名詞 し:する::動詞 て::: い:いる::動詞 ます::: 。:::
売り切れ	切符::きっぷ:名詞 は::: すべて:::名詞 売り切れ::うりきれ:名詞 です::: 。:::
売り切れる	ジーパン::じーぱん:名詞 は::: みんな:::名詞 売り切れ:売り切れる:うりきれ:動詞 まし:ます:: た::: 。:::
売行き	彼女::かのじょ:名詞 の::: 本::ほん:名詞 は::: かなり:::名詞 の::: 売行き::うれゆき:名詞 だ::: 。:::
売れ行き	ビール::びーる:名詞 の::: 売れ行き::うれゆき:名詞 は::: 天候::てんこう:名詞 しだい:::名詞 です::: 。:::
うろうろ	今日::きょう:名詞 一::いち:名詞 日::にち:名詞 当て::あて:名詞 も::: 無く:無い:なく:形容詞 うろうろ:::副詞 し:する::動詞 た::: 。:::
運河	船::ふね:名詞 は::: スエズ::すえず:名詞 運河::うんが:名詞 を::: 通り抜け:通り抜ける:とおりぬけ:動詞 た::: 。:::
うんと	彼::かれ:名詞 は::: 金::きん:名詞 が::: うんと:::副詞 あっ:ある::動詞 て::: 使え:使える:つかえ:動詞 ない::: 。:::
英文	その::: 教師::きょうし:名詞 は::: 黒板::こくばん:名詞 に::: 英文::えいぶん:名詞 を::: 書い:書く:かい:動詞 た::: 。:::
英和	彼::かれ:名詞 は::: 机::つくえ:名詞 の::: 上::うえ:名詞 の::: 英和::えいわ:名詞 辞典::じてん:名詞 を::: 取ろ:取る:とろ:動詞 う::: と::: 手::て:名詞 を::: 伸ばし:伸ばす:のばし:動詞 た::: 。:::
液体	お::: 薬::くすり:名詞 は::: お茶::おちゃ:名詞 色::しょく:名詞 の::: 液体::えきたい:名詞 で:だ:: あり:ある:: まし:ます:: た::: 。:::
エチケット	それ:::名詞 は::: エチケット::えちけっと:名詞 の::: 問題::もんだい:名詞 だ::: 。:::
絵の具	赤い::あかい:形容詞 絵の具::えのぐ:名詞 に::: 青い::あおい:形容詞 絵の具::えのぐ:名詞 を::: 混ぜ:混ぜる:まぜ:動詞 なさい:なさる::動詞 。:::
エプロン	エプロン::えぷろん:名詞 買う::かう:動詞 ほど::: 料理::りょうり:名詞 し:する::動詞 ない::: 。:::
偉い	約束::やくそく:名詞 を::: 守る::まもる:動詞 人::ひと:名詞 が::: 人間::にんげん:名詞 として::: 一番::いちばん:名詞 偉い::えらい:形容詞 人::ひと:名詞 な:だ:: の:::名詞 で:だ:: あり:ある:: ます::: 。:::
宴会	彼::かれ:名詞 は::: 宴会::えんかい:名詞 の::: 事::こと:名詞 について::: 触れ:触れる:ふれ:動詞 た::: 。:::
園芸	園芸::えんげい:名詞 が::: ここ:::名詞 数::すう:名詞 年::ねん:名詞 、::: 流行::りゅうこう:名詞 し:する::動詞 て::: い:いる::動詞 ます::: 。:::
演劇	私::わたし:名詞 は::: 日本::にっぽん:名詞 演劇::えんげき:名詞 を::: 勉強::べんきょう:名詞 し:する::動詞 て::: い:いる::動詞 ます::: 。:::
遠足	家::いえ:名詞 に::: 帰る::かえる:動詞 まで::: が::: 遠足::えんそく:名詞 です::: 。:::
延長	今夜::こんや:名詞 まで::: でし:です:: たら:た:: 延長::えんちょう:名詞 でき:できる::動詞 ます::: 。:::
煙突	この::: 煙突::えんとつ:名詞 は::: レンガ::れんが:名詞 で::: 出来:出来る:でき:動詞 て::: いる:::動詞 。:::
オーケストラ	学校::がっこう:名詞 の::: オーケストラ::おーけすとら:名詞 に::: 入る::はいる:動詞 つもり:::名詞 な:だ:: の:::名詞 だ::: 。:::
オートメーション	オートメーション::おーとめーしょん:名詞 は::: 必ず::かならず:副詞 重要::じゅうよう:名詞 な:だ:: 社会::しゃかい:名詞 的::てき:名詞 結果::けっか:名詞 を::: もたらす:::動詞 だろ:だ:: う::: 。:::
追いかける	追いかけ:追いかける:おいかけ:動詞 て::: 来:来る:こ:動詞 ない::: で::: ください:くださる::動詞 。:::
追い越す	うさぎ:::名詞 は::: かめ:::名詞 に::: 追い越さ:追い越す:おいこさ:動詞 れ:れる::動詞 た::: 。:::
オイル	石油::せきゆ:名詞 を::: 輸送::ゆそう:名詞 する:::動詞 船::ふね:名詞 は::: 、::: オイル::おいる:名詞 タンカー::たんかー:名詞 と::: 呼ば:呼ぶ:よば:動詞 れ:れる::動詞 て::: い:いる::動詞 ます::: 。:::
王女	一等::いっとう:名詞 賞::しょう:名詞 は::: 王女::おうじょ:名詞 から::: の::: キス::きす:名詞 です::: 。:::
応接	数::すう:名詞 人::にん:名詞 の::: 客::きゃく:名詞 が::: 応接::おうせつ:名詞 室::しつ:名詞 で::: 待っ:待つ:まっ:動詞 て::: い:いる::動詞 た::: 。:::
応対	その::: 客::きゃく:名詞 の::: 応対::おうたい:名詞 は::: 私::わたし:名詞 が::: し:する::動詞 ます::: 。:::
往復	その::: バス::ばす:名詞 は::: 学校::がっこう:名詞 と::: 駅::えき:名詞 の::: 間::ま:名詞 を::: 往復::おうふく:名詞 し:する::動詞 ます::: 。:::
欧米	欧米::おうべい:名詞 で::: は::: 犬::いぬ:名詞 を::: 家族::かぞく:名詞 の::: 一員::いちいん:名詞 と::: みなす:::動詞 。:::
応用	クイズ::くいず:名詞 を::: 解い:解く:とい:動詞 て::: 応用::おうよう:名詞 力::りょく:名詞 を::: アップ::あっぷ:名詞 しよ:する::動詞 う::: 。:::
大通り	大通り::おおどおり:名詞 が::: 、::: 着物::きもの:名詞 を::: 着:着る:き:動詞 た::: 女の子::おんなのこ:名詞 で::: いっぱい:::副詞 に::: なり:なる::動詞 ます::: 。:::
おかず	今晩::こんばん:名詞 の::: おかず:::名詞 は::: もう:::副詞 決め:決める:きめ:動詞 て::: あり:ある::動詞 ます::: 。:::
拝む	毎日::まいにち:名詞 、::: 拝ん:拝む:おがん:動詞 で::: ます::: 。:::
屋外	彼ら::かれら:名詞 は::: 屋外::おくがい:名詞 スポーツ::すぽーつ:名詞 に::: 熱心::ねっしん:名詞 で:だ:: ある::: 。:::
怠る	彼女::かのじょ:名詞 は::: 職務::しょくむ:名詞 を::: 怠っ:怠る:おこたっ:動詞 た::: ため:::名詞 解雇::かいこ:名詞 さ:する::動詞 れ:れる::動詞 た::: 。:::
押さえる	私::わたし:名詞 は::: ドア::どあ:名詞 を::: 押さえ:押さえる:おさえ:動詞 て::: あけ:あける::動詞 て::: い:いる::動詞 た::: 。:::
お先に	すみません::: が::: 、::: お先に::おさきに:副詞 失礼::しつれい:名詞 し:する::動詞 ます::: 。:::
叔父	あれらの::: 家::いえ:名詞 は::: 私::わたし:名詞 の::: 叔父::おじ:名詞 の::: 家::いえ:名詞 です::: 。:::
惜しい	これ:::名詞 は::: まだ:::副詞 捨てる::すてる:動詞 に::: は::: 惜しい::おしい:形容詞 。:::
叔父さん	叔父さん::おじさん:名詞 は::: 明日::あした:名詞 青森::あおもり:名詞 に::: 出張::しゅっちょう:名詞 です::: 。:::
脅かす	彼女::かのじょ:名詞 は::: 猫::ねこ:名詞 を::: 脅かし:脅かす:おびやかし:動詞 て::: 追い払っ:追い払う:おいはらっ:動詞 た::: 。:::
驚かす	彼::かれ:名詞 の::: 行動::こうどう:名詞 に::: は::: いつも:::副詞 驚かさ:驚かす:おどろかさ:動詞 れる:::動詞 。:::
伯母	私::わたし:名詞 の::: 伯母::おば:名詞 は::: 書類::しょるい:名詞 を::: 読む::よむ:動詞 とき:::名詞 に::: メガネ::めがね:名詞 を::: かけ:かける::動詞 ます::: 。:::
叔母	叔母::おば:名詞 は::: 中国語::ちゅうごくご:名詞 も::: 英語::えいご:名詞 も::: 話せ:話せる:はなせ:動詞 ます::: 。:::
お参り	初詣::はつもうで:名詞 で::: と::: は::: 新年::しんねん:名詞 に::: 神社::じんじゃ:名詞 に::: お参り::おまいり:名詞 する:::動詞 こと:::名詞 です::: 。:::
おめでたい	あいつ:::名詞 は::: 本当に::ほんとうに:副詞 おめでたい:::形容詞 人間::にんげん:名詞 だ::: 。:::
思い切り	彼女::かのじょ:名詞 は::: 彼::かれ:名詞 を::: 思い切り::おもいきり:副詞 けとばし:けとばす::動詞 た::: 。:::
思い込む	彼::かれ:名詞 は::: 自分::じぶん:名詞 が::: 病人::びょうにん:名詞 だ::: と::: 思い込ん:思い込む:おもいこん:動詞 で::: いる:::動詞 。:::
思いっきり	試験::しけん:名詞 日::び:名詞 、::: 思いっきり::おもいっきり:副詞 間違え:間違える:まちがえ:動詞 た::: な::: 。:::
重たい	その::: 箱::はこ:名詞 は::: 重たく:重たい:おもたく:形容詞 て::: 運べ:運べる:はこべ:動詞 ませ:ます:: ん::: 。:::
親指	針::はり:名詞 で::: 親指::おやゆび:名詞 を::: 突い:突く:つい:動詞 て::: しまっ:しまう::動詞 た::: 。:::
オルガン	教会::きょうかい:名詞 に::: は::: 普通::ふつう:名詞 オルガン::おるがん:名詞 が::: あり:ある::動詞 ます::: 。:::
恩恵	辞書::じしょ:名詞 と::: いえ:いう::動詞 ば::: 、::: 私::わたし:名詞 は::: いろいろ:::名詞 な:だ:: 辞書::じしょ:名詞 の::: 恩恵::おんけい:名詞 を::: 受け:受ける:うけ:動詞 て::: い:いる::動詞 ます::: 。:::
温室	私::わたし:名詞 は::: 温室::おんしつ:名詞 で::: ラン::らん:名詞 を::: 栽培::さいばい:名詞 し:する::動詞 て::: いる:::動詞 。:::
温泉	日本::にっぽん:名詞 に::: は::: 、::: 温泉::おんせん:名詞 が::: たくさん:::名詞 あり:ある::動詞 ます::: 。:::
温帯	それら:::名詞 は::: 、::: 世界中::せかいじゅう:名詞 の::: 温帯::おんたい:名詞 、::: 熱帯::ねったい:名詞 の::: 海洋::かいよう:名詞 で::: 見:見る:み:動詞 られ:られる::動詞 ます::: 。:::
カーブ	バイク::ばいく:名詞 が::: カーブ::かーぶ:名詞 を::: 曲がり:曲がる:まがり:動詞 きれ:きれる::動詞 ず:ぬ:: に::: 転倒::てんとう:名詞 。:::
開会	開会::かいかい:名詞 式::しき:名詞 に::: は::: たくさん:::名詞 の::: 客::きゃく:名詞 を::: 招待::しょうたい:名詞 する:::動詞 つもり:::名詞 です::: 。:::
会館	学生::がくせい:名詞 会館::かいかん:名詞 は::: 学生::がくせい:名詞 の::: ため:::名詞 に::: ある:::動詞 。:::
改札	改札::かいさつ:名詞 口::ぐち:名詞 で::: 切符::きっぷ:名詞 を::: お::: 見せ:見せる:みせ:動詞 ください:くださる::動詞 。:::
解散	あの::: 人気::にんき:名詞 グループ::ぐるーぷ:名詞 が::: 解散::かいさん:名詞 する:::動詞 そう:::名詞 だ::: 。:::
海水浴	この::: バス::ばす:名詞 は::: 海水浴::かいすいよく:名詞 場::じょう:名詞 に::: 行き:行く:いき:動詞 ます::: か::: 。:::
回数	彼::かれ:名詞 の::: 旅行::りょこう:名詞 は::: 幅広く:幅広い:はばひろく:形容詞 回数::かいすう:名詞 も::: 多い::おおい:形容詞 。:::
改正	参議院::さんぎいん:名詞 は::: どんな::: 改正::かいせい:名詞 案::あん:名詞 も::: 通さ:通す:とおさ:動詞 なく:ない:: て::: も::: 構わ:構う:かまわ:動詞 ない::: よう:::名詞 です::: 。:::
快晴	さっき:::名詞 まで::: の::: 快晴::かいせい:名詞 が::: うそ:::名詞 の::: よう:::名詞 だ::: 。:::
解説	この::: 人::ひと:名詞 の::: 解説::かいせつ:名詞 は::: わかり:わかる::動詞 やすく:やすい::形容詞 て::: 好き::すき:名詞 。:::
改造	地下::ちか:名詞 室::しつ:名詞 を::: 仕事場::しごとば:名詞 に::: 改造::かいぞう:名詞 し:する::動詞 た::: 。:::
開通	不通::ふつう:名詞 区間::くかん:名詞 の::: 開通::かいつう:名詞 の::: 見込み::みこみ:名詞 は::: まだ:::副詞 ない:::形容詞 。:::
回転	上::うえ:名詞 の::: 部分::ぶぶん:名詞 は::: 右::みぎ:名詞 回り::まわり:名詞 で::: 回転::かいてん:名詞 し:する::動詞 て::: い:いる::動詞 ます::: 。:::
解答	練習::れんしゅう:名詞 問題::もんだい:名詞 の::: 解答::かいとう:名詞 は::: 巻末::かんまつ:名詞 に::: まとめ:まとめる::動詞 て::: あり:ある::動詞 ます::: 。:::
回答	金曜日::きんようび:名詞 まで::: に::: 回答::かいとう:名詞 が::: 必要::ひつよう:名詞 です::: 。:::
外部	外部::がいぶ:名詞 から::: の::: 助言::じょげん:名詞 が::: 必要::ひつよう:名詞 かも::: しれ:しれる::動詞 ませ:ます:: ん::: 。:::
解放	テロリスト::てろりすと:名詞 は::: 人質::ひとじち:名詞 を::: 解放::かいほう:名詞 し:する::動詞 た::: 。:::
開放	この::: 庭園::ていえん:名詞 は::: 一般::いっぱん:名詞 開放::かいほう:名詞 さ:する::動詞 れ:れる::動詞 て::: い:いる::動詞 ます::: 。:::
海洋	最近::さいきん:名詞 変わっ:変わる:かわっ:動詞 た::: 海洋::かいよう:名詞 生物::せいぶつ:名詞 が::: 発見::はっけん:名詞 さ:する::動詞 れ:れる::動詞 た::: 。:::
家屋	これ:::名詞 は::: 木造::もくぞう:名詞 家屋::かおく:名詞 です::: 。:::
係わる	そんな::: こと:::名詞 に::: 係わり:係わる:かかわり:動詞 合い:合う:あい:動詞 たく:たい:: ない::: 。:::
書留	この::: 手紙::てがみ:名詞 を::: 書留::かきとめ:名詞 に::: し:する::動詞 て::: もらい:もらう::動詞 たい::: の:::名詞 です::: が::: 。:::
垣根	父::ちち:名詞 は::: 庭::にわ:名詞 の::: まわり:::名詞 に::: 垣根::かきね:名詞 を::: 作っ:作る:つくっ:動詞 た::: 。:::
限り	よっぽど:::副詞 の::: こと:::名詞 が::: ない:::形容詞 限り::かぎり:名詞 、::: トム::とむ:名詞 が::: 負ける::まける:動詞 こと:::名詞 は::: ない:::形容詞 と::: 思う::おもう:動詞 。:::
架空	この::: ドラマ::どらま:名詞 の::: 登場::とうじょう:名詞 人物::じんぶつ:名詞 は::: すべて:::名詞 架空::かくう:名詞 の::: もの:::名詞 です::: 。:::
各自	各自::かくじ:名詞 運転::うんてん:名詞 する:::動詞 とき:::名詞 は::: 気::き:名詞 を::: つけ:つける::動詞 なけれ:ない:: ば::: いけ:いける::動詞 ない::: 。:::
拡充	教育::きょういく:名詞 施設::しせつ:名詞 を::: 拡充::かくじゅう:名詞 する:::動詞 金::きん:名詞 を::: もっと:::副詞 多く::おおく:名詞 と::: 望ん:望む:のぞん:動詞 で::: いる:::動詞 。:::
学術	彼::かれ:名詞 は::: 学術::がくじゅつ:名詞 会議::かいぎ:名詞 に::: 出席::しゅっせき:名詞 し:する::動詞 た::: 。:::
各地	雪::ゆき:名詞 による::: 事故::じこ:名詞 が::: 各地::かくち:名詞 で::: 相次い:相次ぐ:あいつい:動詞 で::: い:いる::動詞 ます::: 。:::
拡張	その::: 会社::かいしゃ:名詞 で::: は::: 拡張::かくちょう:名詞 の::: 計画::けいかく:名詞 が::: あり:ある::動詞 ます::: 。:::
角度	あらゆる::: 角度::かくど:名詞 から::: 物事::ものごと:名詞 を::: 見る::みる:動詞 。:::
学年	私::わたし:名詞 たち:::名詞 の::: 新::しん: 学年::がくねん:名詞 が::: スタート::すたーと:名詞 する:::動詞 の:::名詞 は::: 四月::しがつ:名詞 です::: 。:::
格別	夏::なつ:名詞 に::: 飲む::のむ:動詞 冷たい::つめたい:形容詞 ビール::びーる:名詞 は::: 格別::かくべつ:名詞 だ::: 。:::
確率	キャンセル::きゃんせる:名詞 待ち::まち:名詞 で::: 乗れる::のれる:動詞 確率::かくりつ:名詞 は::: どれ:::名詞 くらい::: です::: か::: 。:::
掛け算	子供::こども:名詞 たち:::名詞 は::: 掛け算::かけざん:名詞 を::: 暗記::あんき:名詞 し:する::動詞 て::: いる:::動詞 。:::
可決	法案::ほうあん:名詞 は::: まず:::副詞 可決::かけつ:名詞 さ:する::動詞 れ:れる::動詞 ない::: だろ:だ:: う::: 。:::
下降	彼::かれ:名詞 の::: 人気::にんき:名詞 は::: 下降::かこう:名詞 線::せん:名詞 を::: たどっ:たどる::動詞 て::: いる:::動詞 。:::
火山	アイスランド::あいすらんど:名詞 に::: は::: 多く::おおく:名詞 の::: 火山::かざん:名詞 が::: あり:ある::動詞 ます::: 。:::
貸し出し	金利::きんり:名詞 が::: 低下::ていか:名詞 し:する::動詞 た::: ので::: 銀行::ぎんこう:名詞 貸し出し::かしだし:名詞 が::: 増加::ぞうか:名詞 し:する::動詞 て::: いる:::動詞 。:::
過失	それ:::名詞 は::: すべて:::名詞 私::わたし:名詞 たち:::名詞 の::: 過失::かしつ:名詞 です::: 。:::
果実	果実::かじつ:名詞 は::: 天日::てんじつ:名詞 で::: 乾燥::かんそう:名詞 さ:する::動詞 せ:せる::動詞 ます::: 。:::
貸間	この::: 部屋::へや:名詞 は::: 貸間::かしま:名詞 です::: 。:::
貸家	その::: 家::いえ:名詞 は::: 貸家::かしや:名詞 です::: 。:::
箇所	この::: 箇所::かしょ:名詞 が::: 一番::いちばん:名詞 深い::ふかい:形容詞 です::: 。:::
過剰	あの::: 人::ひと:名詞 って::: 、::: 自意識::じいしき:名詞 過剰::かじょう:名詞 だ::: よ::: ね::: 。:::
かじる	彼::かれ:名詞 は::: いま:::名詞 でも::: 父親::ちちおや:名詞 の::: すね:::名詞 かじり:かじる::動詞 です::: 。:::
課税	課税::かぜい:名詞 品::ひん:名詞 を::: お::: 持ち:持つ:もち:動詞 です::: か::: 。:::
カセット	トム::とむ:名詞 は::: 古い::ふるい:形容詞 カセット::かせっと:名詞 デッキ::でっき:名詞 を::: 持っ:持つ:もっ:動詞 て::: いる:::動詞 。:::
下線	下線::かせん:名詞 を::: 引い:引く:ひい:動詞 た::: 語::かたり:名詞 を::: 正しい::ただしい:形容詞 形::かたち:名詞 に::: し:する::動詞 なさい:なさる::動詞 。:::
加速	ドライバー::どらいばー:名詞 は::: 車::くるま:名詞 を::: 加速::かそく:名詞 さ:する::動詞 せ:せる::動詞 た::: 。:::
かたづく	仕事::しごと:名詞 の::: 半分::はんぶん:名詞 は::: かたづい:かたづく::動詞 た::: 。:::
塊	雲::くも:名詞 は::: 空::そら:名詞 の::: 蒸気::じょうき:名詞 の::: 塊::かたまり:名詞 です::: 。:::
固まる	卵::たまご:名詞 の::: 白身::しろみ:名詞 は::: ゆでれ:ゆでる::動詞 ば::: 固まり:固まる:かたまり:動詞 ます::: 。:::
片道	ボストン::ぼすとん:名詞 まで::: の::: 片道::かたみち:名詞 切符::きっぷ:名詞 を::: ください:くださる::動詞 。:::
傾く	その::: 塔::とう:名詞 は::: わずか:::副詞 に::: 左::ひだり:名詞 へ::: 傾い:傾く:かたむい:動詞 て::: い:いる::動詞 た::: 。:::
学科	あなた:::名詞 は::: どの::: 学科::がっか:名詞 が::: 好き::すき:名詞 です::: か::: 。:::
学会	彼::かれ:名詞 は::: 熱心::ねっしん:名詞 に::: 研究::けんきゅう:名詞 を::: 続け:続ける:つづけ:動詞 、::: その::: 成果::せいか:名詞 を::: 学会::がっかい:名詞 で::: 発表::はっぴょう:名詞 し:する::動詞 た::: 。:::
学級	私::わたし:名詞 たち:::名詞 は::: 同じ::おなじ: 学級::がっきゅう:名詞 で::: 英語::えいご:名詞 を::: 勉強::べんきょう:名詞 し:する::動詞 ます::: 。:::
担ぐ	男::おとこ:名詞 は::: 袋::ふくろ:名詞 を::: 肩::かた:名詞 に::: 担い:担ぐ:かつい:動詞 だ::: 。:::
括弧	括弧::かっこ:名詞 に::: 当てはまる::あてはまる:動詞 単語::たんご:名詞 を::: 答え:答える:こたえ:動詞 なさい:なさる::動詞 。:::
活字	小さい::ちいさい:形容詞 活字::かつじ:名詞 が::: かすん:かすむ::動詞 で::: 見え:見える:みえ:動詞 ます::: 。:::
活力	この::: 薬::くすり:名詞 は::: 活力::かつりょく:名詞 を::: 補給::ほきゅう:名詞 し:する::動詞 て::: くれ:くれる::動詞 ます::: 。:::
仮名	この::: 漢字::かんじ:名詞 、::: 送り:送る:おくり:動詞 仮名::かめい:名詞 が::: 間違っ:間違う:まちがっ:動詞 てる:::動詞 よ::: 。:::
仮名遣い	祖父::そふ:名詞 は::: 古い::ふるい:形容詞 仮名遣い::かなづかい:名詞 で::: 書く::かく:動詞 こと:::名詞 が::: ある:::動詞 の::: 。:::
加熱	電子::でんし:名詞 レンジ::れんじ:名詞 の::: 加熱::かねつ:名詞 の::: 時間::じかん:名詞 、::: 十::じゅう:名詞 秒::びょう:名詞 伸び:伸びる:のび:動詞 て::: 季節::きせつ:名詞 知る::しる:動詞 。:::
兼ねる	ご::: 要望::ようぼう:名詞 に::: お::: 応え:応える:こたえ:動詞 し:き:: 兼ね:兼ねる:かね:動詞 ます::: 。:::
カバー	買っ:買う:かっ:動詞 た::: ばかり::: の::: カバー::かばー:名詞 な:だ:: ん:::名詞 だ::: ぞ::: 。:::
過半数	彼ら::かれら:名詞 は::: 国会::こっかい:名詞 で::: 過半数::かはんすう:名詞 を::: 制し:制す:せいし:動詞 た::: 。:::
被せる	彼::かれ:名詞 は::: 車::くるま:名詞 に::: カバー::かばー:名詞 を::: 被せ:被せる:かぶせ:動詞 た::: 。:::
釜	きのう:::名詞 交差点::こうさてん:名詞 で::: お::: 釜::かま:名詞 を::: 掘ら:掘る:ほら:動詞 れ:れる::動詞 ちゃっ:ちゃう::動詞 た::: よ::: 。:::
神様	愛::あい:名詞 は::: 、::: 神様::かみさま:名詞 から::: の::: 贈り物::おくりもの:名詞 です::: 。:::
ガム	靴::くつ:名詞 の::: 底::そこ:名詞 に::: ガム::がむ:名詞 が::: 付い:付く:つい:動詞 て::: しまっ:しまう::動詞 た::: 。:::
貨物	今::いま:名詞 で::: は::: 多く::おおく:名詞 の::: 貨物::かもつ:名詞 が::: 飛行機::ひこうき:名詞 で::: 輸送::ゆそう:名詞 さ:する::動詞 れ:れる::動詞 て::: いる:::動詞 。:::
カラー	カラー::からー:名詞 フィルム::ふぃるむ:名詞 を::: 一::いち:名詞 本::ほん:名詞 ください:くださる::動詞 。:::
からかう	上司::じょうし:名詞 を::: 人前::ひとまえ:名詞 で::: からかう:::動詞 の:::名詞 は::: 無礼::ぶれい:名詞 な:だ:: こと:::名詞 です::: 。:::
空っぽ	彼ら::かれら:名詞 は::: 部屋::へや:名詞 が::: 空っぽ::からっぽ:名詞 だ::: と::: わかっ:わかる::動詞 た::: 。:::
枯れる	その::: 花::はな:名詞 は::: 水::みず:名詞 が::: ない:::形容詞 ため:::名詞 に::: 枯れ:枯れる:かれ:動詞 た::: 。:::
カロリー	これ:::名詞 は::: 、::: カロリー::かろりー:名詞 ゼロ::ぜろ:名詞 です::: 。:::
可愛がる	トム::とむ:名詞 の::: 両親::りょうしん:名詞 は::: 、::: 私::わたし:名詞 を::: 可愛がっ:可愛がる:かわいがっ:動詞 て::: くれ:くれる::動詞 ます::: 。:::
為替	今日::きょう:名詞 の::: 為替::かわせ:名詞 相場::そうば:名詞 は::: いくら:::名詞 です::: か::: 。:::
換気	ここ:::名詞 は::: 換気::かんき:名詞 が::: とても:::副詞 悪い::わるい:形容詞 です::: ね::: 。:::
感激	トム::とむ:名詞 は::: 感激::かんげき:名詞 する:::動詞 だろ:だ:: う::: 。:::
関西	彼::かれ:名詞 の::: アクセント::あくせんと:名詞 から::: 判断::はんだん:名詞 する:::動詞 と::: 、::: 彼::かれ:名詞 は::: 関西::かんさい:名詞 の::: 出身::しゅっしん:名詞 だ::: 。:::
元日	元日::がんじつ:名詞 に::: 神社::じんじゃ:名詞 へ::: 参拝::さんぱい:名詞 する:::動詞 日本人::にっぽんじん:名詞 は::: 多い::おおい:形容詞 。:::
鑑賞	彼::かれ:名詞 は::: 、::: 芸術::げいじゅつ:名詞 に対する::にたいする: 鑑賞::かんしょう:名詞 力::りょく:名詞 が::: ある:::動詞 。:::
感ずる	人生::じんせい:名詞 から::: 非常::ひじょう:名詞 な:だ:: 喜び::よろこび:名詞 を::: 感ずる::かんずる:動詞 。:::
間接	税::ぜい:名詞 は::: 直接::ちょくせつ:名詞 税::ぜい:名詞 と::: 間接::かんせつ:名詞 税::ぜい:名詞 から::: なっ:なる::動詞 て::: いる:::動詞 。:::
観測	今::こん: シーズン::しーずん:名詞 二::に:名詞 番目::ばんめ:名詞 の::: 寒:寒い:さむ:形容詞 さ:::名詞 を::: 観測::かんそく:名詞 し:する::動詞 た::: 。:::
勘違い	なるほど::: 。::: それ:::名詞 は::: 勘違い::かんちがい:名詞 かも::: ね::: 。:::
官庁	彼::かれ:名詞 は::: 官庁::かんちょう:名詞 で::: 相当::そうとう:名詞 な:だ:: 職::しょく:名詞 に::: つい:つく::動詞 て::: いる:::動詞 。:::
缶詰	なし:ない::形容詞 は::: この::: 工場::こうじょう:名詞 で::: 缶詰::かんづめ:名詞 に::: さ:する::動詞 れ:れる::動詞 ます::: 。:::
乾電池	この::: 乾電池::かんでんち:名詞 、::: わり:::名詞 と::: 持つ::もつ:動詞 じゃん::: 。:::
関東	先週::せんしゅう:名詞 、::: 関東::かんとう:名詞 で::: 大雪::おおゆき:名詞 が::: 降り:降りる:おり:動詞 まし:ます:: た::: 。:::
観念	年::とし:名詞 を::: とる:::動詞 ほど::: 、::: ますます:::副詞 固定::こてい:名詞 観念::かんねん:名詞 に::: とらわれる:::動詞 もの:::名詞 です::: 。:::
乾杯	この::: 機会::きかい:名詞 に::: 乾杯::かんぱい:名詞 す:する::動詞 べき:べし:: だ::: 。:::
看板	レストラン::れすとらん:名詞 に::: は::: 禁煙::きんえん:名詞 の::: 看板::かんばん:名詞 が::: あり:ある::動詞 ます::: 。:::
看病	彼女::かのじょ:名詞 は::: 病気::びょうき:名詞 の::: 母::はは:名詞 を::: 看病::かんびょう:名詞 し:する::動詞 て::: いる:::動詞 。:::
冠	マユコ::*:名詞 は::: 花::はな:名詞 の::: 冠::かんむり:名詞 を::: つけ:つける::動詞 て::: い:いる::動詞 た::: 。:::
漢和	漢和::かんわ:名詞 辞典::じてん:名詞 で::: 漢字::かんじ:名詞 の::: 意味::いみ:名詞 を::: 調べ:調べる:しらべ:動詞 た::: の::: 。:::
気圧	例えば::たとえば: 、::: 温度::おんど:名詞 計::けい:名詞 や::: 気圧::きあつ:名詞 計::けい:名詞 など::: の::: 計器::けいき:名詞 は::: 器具::きぐ:名詞 です::: 。:::
着替え	ちょっと:::副詞 着替え:着替える:きがえ:動詞 て::: くる:::動詞 ね::: 。:::
着替える	ちょっと:::副詞 着替え:着替える:きがえ:動詞 て::: くる:::動詞 ね::: 。:::
飢饉	その::: 長い::ながい:形容詞 干ばつ::かんばつ:名詞 の::: 後::のち:名詞 に::: 飢饉::ききん:名詞 が::: 起こっ:起こる:おこっ:動詞 た::: 。:::
器具	温度::おんど:名詞 計::けい:名詞 は::: 温度::おんど:名詞 を::: 測る::はかる:動詞 器具::きぐ:名詞 です::: 。:::
記号	使用::しよう:名詞 できる:::動詞 の:::名詞 は::: 半角::はんかく:名詞 英数字::えいすうじ:名詞 と::: 記号::きごう:名詞 です::: 。:::
刻む	この::: 時計::とけい:名詞 は::: 正確::せいかく:名詞 に::: 時::とき:名詞 を::: 刻み:刻む:きざみ:動詞 ます::: 。:::
儀式	儀式::ぎしき:名詞 は::: 彼::かれ:名詞 の::: 話::はなし:名詞 から::: 始まっ:始まる:はじまっ:動詞 た::: 。:::
基準	この::: 評論::ひょうろん:名詞 を::: 優勝::ゆうしょう:名詞 作品::さくひん:名詞 に::: 選ん:選ぶ:えらん:動詞 だ::: 基準::きじゅん:名詞 は::: 何::なに:名詞 です::: か::: 。:::
起床	いつも:::副詞 何::なん:名詞 時::じ:名詞 に::: 起床::きしょう:名詞 し:する::動詞 ます::: か::: 。:::
着せる	ケイト::けいと:名詞 は::: 人形::にんぎょう:名詞 に::: 服::ふく:名詞 を::: 着せ:着せる:きせ:動詞 て::: いる:::動詞 。:::
基礎	基礎::きそ:名詞 を::: 固める::かためる:動詞 こと:::名詞 は::: 大切::たいせつ:名詞 です::: 。:::
基地	昨日::きのう:名詞 、::: 彼::かれ:名詞 は::: 基地::きち:名詞 に::: 帰ら:帰る:かえら:動詞 なかっ:ない:: た::: 。:::
きっかけ	彼等::かれら:名詞 は::: 彼::かれ:名詞 に::: 逃げる::にげる:動詞 きっかけ:::名詞 を::: 与え:与える:あたえ:動詞 た::: 。:::
ぎっしり	エレベーター::えれべーたー:名詞 に::: ぎっしり:::副詞 いっぱい:::名詞 に::: 乗っ:乗る:のっ:動詞 た::: 。:::
基盤	愛::あい:名詞 を::: 基盤::きばん:名詞 に::: 生き:生きる:いき:動詞 て::: いる:::動詞 。:::
客間	現在::げんざい:名詞 、::: 客間::きゃくま:名詞 は::: 居間::いま:名詞 と::: 呼ば:呼ぶ:よば:動詞 れ:れる::動詞 て::: い:いる::動詞 ます::: 。:::
ギャング	ギャング::ぎゃんぐ:名詞 の::: 一団::いちだん:名詞 が::: 金::きん:名詞 を::: 盗ん:盗む:ぬすん:動詞 だ::: 。:::
キャンパス	キャンパス::きゃんぱす:名詞 を::: 案内::あんない:名詞 し:する::動詞 て::: もらえ:もらえる::動詞 ます::: か::: 。:::
休業	その::: 店::みせ:名詞 は::: 月曜日::げつようび:名詞 に::: は::: 休業::きゅうぎょう:名詞 です::: 。:::
休講	この::: 授業::じゅぎょう:名詞 は::: 明日::あした:名詞 休講::きゅうこう:名詞 です::: 。:::
給与	賃金::ちんぎん:名詞 や::: 給料::きゅうりょう:名詞 は::: 定期::ていき:名詞 的::てき:名詞 に::: 受け取る::うけとる:動詞 給与::きゅうよ:名詞 の::: こと:::名詞 です::: 。:::
休養	今::いま:名詞 私::わたし:名詞 たち:::名詞 に::: 必要::ひつよう:名詞 な:だ:: の:::名詞 は::: 休養::きゅうよう:名詞 です::: 。:::
清い	心::こころ:名詞 の::: 清い::きよい:形容詞 人::ひと:名詞 たち:::名詞 は::: 幸い::さいわい:名詞 で:だ:: ある::: 。:::
強化	営業::えいぎょう:名詞 活動::かつどう:名詞 を::: 強化::きょうか:名詞 する:::動詞 ため:::名詞 に::: 再::さい: 編成::へんせい:名詞 する:::動詞 必要::ひつよう:名詞 が::: あり:ある::動詞 ます::: 。:::
境界	空::そら:名詞 は::: 地球::ちきゅう:名詞 と::: 境界::きょうかい:名詞 を::: 接し:接す:せっし:動詞 て::: い:いる::動詞 ます::: か::: 。:::
行事	それ:::名詞 は::: わくわく:::副詞 する:::動詞 夜::よる:名詞 の::: 行事::ぎょうじ:名詞 です::: 。:::
恐縮	お::: 時間::じかん:名詞 を::: とら:とる::動詞 せ:せる::動詞 て::: 恐縮::きょうしゅく:名詞 です::: 。:::
教養	彼女::かのじょ:名詞 は::: いわゆる::: 教養::きょうよう:名詞 の::: ある:::動詞 女性::じょせい:名詞 です::: 。:::
行列	この::: 時間::じかん:名詞 帯::たい:名詞 は::: いつも:::副詞 行列::ぎょうれつ:名詞 が::: でき:できる::動詞 て::: ます::: 。:::
漁業	その::: 島::しま:名詞 の::: 経済::けいざい:名詞 は::: 漁業::ぎょぎょう:名詞 に::: 依存::いぞん:名詞 し:する::動詞 て::: いる:::動詞 。:::
曲線	本当::ほんとう:名詞 の::: 女性::じょせい:名詞 に::: は::: 曲線::きょくせん:名詞 が::: ある:::動詞 。:::
規律	学校::がっこう:名詞 の::: 規律::きりつ:名詞 が::: 乱れ:乱れる:みだれ:動詞 て::: いる:::動詞 。:::
金魚	金魚::きんぎょ:名詞 を::: 二::に:名詞 匹::ひき:名詞 飼っ:飼う:かっ:動詞 て::: い:いる::動詞 ます::: 。:::
クーラー	クーラー::くーらー:名詞 を::: 入れ:入れる:いれ:動詞 て::: いただけ:いただける::動詞 ます::: か::: 。:::
区域	この::: 付近::ふきん:名詞 一帯::いったい:名詞 は::: 、::: 喫煙::きつえん:名詞 制限::せいげん:名詞 区域::くいき:名詞 です::: 。:::
偶数	あらゆる::: 偶数::ぐうすう:名詞 は::: 、::: 二つ::ふたつ:名詞 の::: 素数::そすう:名詞 の::: 和::わ:名詞 です::: 。:::
空想	トム::とむ:名詞 は::: 空想::くうそう:名詞 の::: 世界::せかい:名詞 に::: 生き:生きる:いき:動詞 て::: いる:::動詞 。:::
空中	葉::は:名詞 が::: 空中::くうちゅう:名詞 で::: ぐるぐる:::副詞 回っ:回る:まわっ:動詞 て::: い:いる::動詞 た::: 。:::
釘	その::: 板::いた:名詞 に::: 釘::くぎ:名詞 を::: 打っ:打つ:うっ:動詞 て::: ください:くださる::動詞 。:::
区切る	時間::じかん:名詞 を::: 区切っ:区切る:くぎっ:動詞 て::: 集中::しゅうちゅう:名詞 し:する::動詞 て::: 取り組む::とりくむ:動詞 と::: 、::: 効率::こうりつ:名詞 は::: 大きく:大きい:おおきく:形容詞 向上::こうじょう:名詞 する:::動詞 。:::
櫛	外出::がいしゅつ:名詞 する:::動詞 前::まえ:名詞 に::: 髪::かみ:名詞 を::: 櫛::くし:名詞 で::: とき:とく::動詞 なさい:なさる::動詞 。:::
くしゃみ	よく:::副詞 くしゃみ:::名詞 が::: 出:出る:で:動詞 ます::: 。:::
苦情	私::わたし:名詞 は::: あなた:::名詞 の::: 苦情::くじょう:名詞 を::: 言っ:言う:いっ:動詞 た::: よう:::名詞 に::: 書い:書く:かい:動詞 て::: い:いる::動詞 ます::: 。:::
苦心	その::: 歌手::かしゅ:名詞 は::: ファン::ふぁん:名詞 の::: 群がる::むらがる:動詞 中::なか:名詞 を::: 苦心::くしん:名詞 し:する::動詞 て::: 進ん:進む:すすん:動詞 だ::: 。:::
屑	残飯::ざんぱん:名詞 の::: 屑::くず:名詞 は::: 害虫::がいちゅう:名詞 の::: 住処::すみか:名詞 に::: なる:::動詞 。:::
崩す	一::いち:名詞 万::まん:名詞 円::えん:名詞 札::さつ:名詞 、::: 崩し:崩す:くずし:動詞 て::: くれ:くれる::動詞 ます::: か::: 。:::
薬指	彼女::かのじょ:名詞 は::: 左手::ひだりて:名詞 の::: 薬指::くすりゆび:名詞 に::: ダイヤ::だいや:名詞 の::: 指輪::ゆびわ:名詞 を::: はめ:はめる::動詞 て::: い:いる::動詞 た::: 。:::
崩れる	ダム::だむ:名詞 が::: 崩れ:崩れる:くずれ:動詞 、::: 水::みず:名詞 は::: 谷::たに:名詞 を::: 飲み込ん:飲み込む:のみこん:動詞 だ::: 。:::
砕く	普通::ふつう:名詞 の::: 甘:甘い:あま:形容詞 さ:::名詞 の::: チョコレート::ちょこれーと:名詞 を::: 細かく:細かい:こまかく:形容詞 砕き:砕く:くだき:動詞 ます::: 。:::
砕ける	コップ::こっぷ:名詞 が::: 地面::じめん:名詞 に::: 落ち:落ちる:おち:動詞 て::: 砕け:砕ける:くだけ:動詞 た::: 。:::
くたびれる	トム::とむ:名詞 は::: くたびれ:くたびれる::動詞 た::: 服::ふく:名詞 を::: 着:着る:き:動詞 て::: い:いる::動詞 た::: 。:::
くだらない	くだらない:::形容詞 話::はなし:名詞 は::: もう:::副詞 たくさん:::名詞 だ::: 。:::
唇	寒く:寒い:さむく:形容詞 て::: 唇::くちびる:名詞 が::: 乾き:乾く:かわき:動詞 ます::: 。:::
口紅	学校::がっこう:名詞 で::: 口紅::くちべに:名詞 は::: 禁止::きんし:名詞 さ:する::動詞 れ:れる::動詞 て::: い:いる::動詞 ます::: 。:::
くっつく	骨::ほね:名詞 が::: くっつけ:くっつく::動詞 ば::: 、::: ギプス::ぎぷす:名詞 は::: 取ら:取る:とら:動詞 れ:れる::動詞 ます::: 。:::
くっつける	彼::かれ:名詞 は::: その::: 破片::はへん:名詞 を::: くっつけ:くっつける::動詞 合わし:合わす:あわし:動詞 た::: 。:::
くどい	くどい:::形容詞 よ::: 君::きみ:名詞 の::: 質問::しつもん:名詞 は::: 、::: もう:::副詞 うるさい:::形容詞 。:::
句読点	びっくり:::名詞 マーク::まーく:名詞 は::: 句読点::くとうてん:名詞 です::: 。:::
配る	無料::むりょう:名詞 で::: 見本::みほん:名詞 を::: 配っ:配る:くばっ:動詞 て::: い:いる::動詞 ます::: 。:::
工夫	これ:::名詞 は::: 私::わたし:名詞 が::: 工夫::くふう:名詞 し:する::動詞 た::: 計画::けいかく:名詞 です::: 。:::
区分	我が家::わがや:名詞 の::: 大きな::おおきな: 土地::とち:名詞 を::: 子供::こども:名詞 たち:::名詞 の::: ため:::名詞 に::: 公平::こうへい:名詞 に::: 区分::くぶん:名詞 する:::動詞 。:::
組み立てる	メアリー::めありー:名詞 は::: もの:::名詞 を::: 組み立てる::くみたてる:動詞 こと:::名詞 が::: 好き::すき:名詞 です::: 。:::
悔やむ	あいつ:::名詞 は::: 自分::じぶん:名詞 の::: 過ち::あやまち:名詞 を::: 悔やん:悔やむ:くやん:動詞 でる:::動詞 ん:::名詞 だ::: 。:::
クリーニング	クリーニング::くりーにんぐ:名詞 を::: お願い::おねがい:名詞 でき:できる::動詞 ます::: か::: 。:::
くるむ	ブタ::ぶた:名詞 の::: しっぽ:::名詞 は::: くるん:くるむ::動詞 と::: し:する::動詞 てる:::動詞 。:::
くれぐれも	夫::おっと:名詞 から::: も::: くれぐれも:::副詞 よろしく:::副詞 と::: の::: こと:::名詞 です::: 。:::
稽古	稽古::けいこ:名詞 が::: 終わっ:終わる:おわっ:動詞 た::: ばっかり::: で:だ:: 、::: 今::いま:名詞 、::: ゴロゴロ::ごろごろ:副詞 し:する::動詞 て::: ます::: 。:::
敬語	日本語::にほんご:名詞 に::: は::: 敬語::けいご:名詞 が::: あり:ある::動詞 ます::: 。:::
形式	人数::にんずう:名詞 が::: 多い::おおい:形容詞 です::: から::: 、::: 今日::きょう:名詞 は::: 立食::りっしょく:名詞 形式::けいしき:名詞 に::: し:する::動詞 た::: ん:::名詞 です::: 。:::
継続	開発::かいはつ:名詞 の::: 継続::けいぞく:名詞 に::: 寄付::きふ:名詞 は::: 大切::たいせつ:名詞 です::: 。:::
毛糸	毛糸::けいと:名詞 が::: こんがらがっ:こんがらがる::動詞 て::: しまっ:しまう::動詞 た::: 。:::
経度	この::: 線::せん:名詞 は::: 経度::けいど:名詞 を::: 表し:表す:あらわし:動詞 て::: いる:::動詞 。:::
系統	電気::でんき:名詞 系統::けいとう:名詞 に::: 欠点::けってん:名詞 が::: あり:ある::動詞 ます::: 。:::
芸能	彼::かれ:名詞 は::: 芸能::げいのう:名詞 界::かい:名詞 に::: 精通::せいつう:名詞 し:する::動詞 て::: いる:::動詞 。:::
競馬	彼::かれ:名詞 は::: 競馬::けいば:名詞 で::: 時間::じかん:名詞 を::: むだ:::名詞 に::: 過ごし:過ごす:すごし:動詞 た::: 。:::
警備	その::: 警備::けいび:名詞 員::いん:名詞 は::: 一::いち:名詞 晩::ばん:名詞 中::ちゅう:名詞 勤務::きんむ:名詞 だっ:だ:: た::: 。:::
形容詞	これら:::名詞 の::: 形容詞::けいようし:名詞 は::: 全部::ぜんぶ:名詞 が::: 積極::せっきょく:名詞 的::てき:名詞 です::: 。:::
外科	フレッド::ふれっど:名詞 は::: 成長::せいちょう:名詞 し:する::動詞 て::: 外科::げか:名詞 医::い:名詞 に::: なっ:なる::動詞 た::: 。:::
毛皮	毛皮::けがわ:名詞 の::: コート::こーと:名詞 が::: 特売::とくばい:名詞 中::ちゅう:名詞 です::: 。:::
下車	この::: 切符::きっぷ:名詞 は::: 途中::とちゅう:名詞 下車::げしゃ:名詞 でき:できる::動詞 ます::: 。:::
下旬	下旬::げじゅん:名詞 は::: いつも:::副詞 閉店::へいてん:名詞 セール::せーる:名詞 やっ:やる::動詞 てる:::動詞 。:::
下水	下水::げすい:名詞 が::: 完全::かんぜん:名詞 に::: 詰まっ:詰まる:つまっ:動詞 て::: いる:::動詞 。:::
下駄	下駄::げた:名詞 を::: 突っ::つっ: かけ:かける::動詞 て::: 表::ひょう:名詞 に::: 飛び出し:飛び出す:とびだし:動詞 た::: 。:::
血圧	低::てい: 血圧::けつあつ:名詞 な:だ:: ん:::名詞 です::: 。:::
月給	安::やす: 月給::げっきゅう:名詞 で::: どうにか:::副詞 暮らし:暮らす:くらし:動詞 て::: い:いる::動詞 ます::: 。:::
傑作	これ:::名詞 が::: 現在::げんざい:名詞 まで::: の::: 私::わたし:名詞 の::: 最高::さいこう:名詞 傑作::けっさく:名詞 です::: 。:::
月末	月末::げつまつ:名詞 に::: は::: お金::おかね:名詞 が::: ほとんど:::副詞 なくなり:なくなる::動詞 ます::: 。:::
気配	秋::あき:名詞 の::: 気配::けはい:名詞 が::: し:する::動詞 ます::: 。:::
下品	彼::かれ:名詞 は::: 怒る::おこる:動詞 と::: いつも:::副詞 下品::げひん:名詞 な:だ:: 言葉::ことば:名詞 を::: 使う::つかう:動詞 。:::
見学	どういう::: 所::ところ:名詞 を::: 見学::けんがく:名詞 し:する::動詞 たい::: です::: か::: 。:::
謙虚	彼女::かのじょ:名詞 は::: 自分::じぶん:名詞 の::: 業績::ぎょうせき:名詞 に::: 謙虚::けんきょ:名詞 で:だ:: ある::: 。:::
原稿	原稿::げんこう:名詞 を::: 少し::すこし:副詞 変え:変える:かえ:動詞 たい::: と::: 思い:思う:おもい:動詞 ます::: 。:::
原産	サツマイモ::さつまいも:名詞 は::: 、::: 南::みなみ:名詞 アメリカ::あめりか:名詞 が::: 原産::げんさん:名詞 です::: 。:::
原始	こちら:::名詞 は::: あちら:::名詞 に::: 比べれ:比べる:くらべれ:動詞 ば::: 全く::まったく:副詞 原始::げんし:名詞 的::てき:名詞 だっ:だ:: た::: 。:::
研修	社内::しゃない:名詞 研修::けんしゅう:名詞 は::: スキル::すきる:名詞 向上::こうじょう:名詞 の::: 良い::よい:形容詞 機会::きかい:名詞 です::: 。:::
厳重	道路::どうろ:名詞 法規::ほうき:名詞 は::: 厳重::げんじゅう:名詞 に::: 守ら:守る:まもら:動詞 なけれ:ない:: ば::: なら:なる::動詞 ない::: 。:::
謙遜	謙遜::けんそん:名詞 し:する::動詞 て::: いる:::動詞 場合::ばあい:名詞 じゃ::: ない::: よ::: 。:::
県庁	千葉::ちば:名詞 県::けん:名詞 の::: 県庁::けんちょう:名詞 所在地::しょざいち:名詞 は::: 千葉::ちば:名詞 市::し:名詞 です::: 。:::
限度	何事::なにごと:名詞 に::: も::: 限度::げんど:名詞 という::: もの:::名詞 が::: ある:::動詞 。:::
顕微鏡	彼::かれ:名詞 は::: その::: スライド::すらいど:名詞 を::: 顕微鏡::けんびきょう:名詞 で::: 見:見る:み:動詞 た::: 。:::
懸命	あなた:::名詞 は::: 懸命::けんめい:名詞 に::: 勉強::べんきょう:名詞 を::: すれ:する::動詞 ば::: よい:::形容詞 。:::
原理	彼::かれ:名詞 は::: ひとつ:::名詞 の::: 原理::げんり:名詞 を::: 考え:考える:かんがえ:動詞 だし:だす::動詞 た::: 。:::
原料	これ:::名詞 は::: マレーシア::まれーしあ:名詞 から::: 輸入::ゆにゅう:名詞 し:する::動詞 た::: 原料::げんりょう:名詞 です::: 。:::
コース	おすすめ:::名詞 の::: コース::こーす:名詞 は::: どこ:::名詞 です::: か::: 。:::
コーラス	彼ら::かれら:名詞 は::: みな:::名詞 一緒::いっしょ:名詞 に::: コーラス::こーらす:名詞 を::: 歌い:歌う:うたい:動詞 まし:ます:: た::: 。:::
恋しい	日本::にっぽん:名詞 の::: コッペパン::こっぺぱん:名詞 が::: 恋しい::こいしい:形容詞 です::: 。:::
工員	彼::かれ:名詞 は::: 新しい::あたらしい:形容詞 工員::こういん:名詞 を::: 採用::さいよう:名詞 し:する::動詞 た::: 。:::
強引	与党::よとう:名詞 は::: 強引::ごういん:名詞 に::: 税制::ぜいせい:名詞 法案::ほうあん:名詞 を::: 通過::つうか:名詞 さ:する::動詞 せ:せる::動詞 た::: 。:::
公害	講師::こうし:名詞 は::: 公害::こうがい:名詞 問題::もんだい:名詞 について::: 講演::こうえん:名詞 し:する::動詞 た::: 。:::
高級	海外::かいがい:名詞 の::: 子会社::こがいしゃ:名詞 は::: 最::さい: 高級::こうきゅう:名詞 品::ひん:名詞 を::: 生産::せいさん:名詞 し:する::動詞 て::: い:いる::動詞 ます::: 。:::
公共	公共::こうきょう:名詞 の::: 交通::こうつう:名詞 輸送::ゆそう:名詞 機関::きかん:名詞 は::: 正確::せいかく:名詞 に::: 動い:動く:うごい:動詞 て::: い:いる::動詞 ます::: 。:::
工芸	彼::かれ:名詞 は::: 美術::びじゅつ:名詞 工芸::こうげい:名詞 を::: 学校::がっこう:名詞 で::: 教え:教える:おしえ:動詞 て::: いる:::動詞 。:::
孝行	敬老::けいろう:名詞 の::: 日::ひ:名詞 に::: は::: 祖父母::そふぼ:名詞 を::: 訪ね:訪ねる:たずね:動詞 て::: 孝行::こうこう:名詞 し:する::動詞 ます::: 。:::
交差	その::: 棒::ぼう:名詞 は::: 交差::こうさ:名詞 し:する::動詞 て::: おか:おく::動詞 れ:れる::動詞 た::: 。:::
講師	正確::せいかく:名詞 に::: 言う::いう:動詞 と::: 私::わたし:名詞 は::: 大学::だいがく:名詞 講師::こうし:名詞 です::: 。:::
工事	職員::しょくいん:名詞 室::しつ:名詞 と::: 体育館::たいいくかん:名詞 は::: 、::: 改修::かいしゅう:名詞 工事::こうじ:名詞 中::ちゅう:名詞 です::: 。:::
公式	彼::かれ:名詞 の::: 公式::こうしき:名詞 の::: 肩書き::かたがき:名詞 は::: 環境庁::かんきょうちょう:名詞 長官::ちょうかん:名詞 です::: 。:::
口実	彼::かれ:名詞 は::: 遅刻::ちこく:名詞 の::: 口実::こうじつ:名詞 を::: こしらえ:こしらえる::動詞 た::: 。:::
こうして	こうして::: 私::わたし:名詞 は::: 魚::さかな:名詞 を::: 料理::りょうり:名詞 し:する::動詞 ます::: 。:::
公衆	あの::: 角::かく:名詞 に::: 公衆::こうしゅう:名詞 電話::でんわ:名詞 は::: あり:ある::動詞 ます::: 。:::
香水	安い::やすい:形容詞 香水::こうすい:名詞 を::: つける:::動詞 の:::名詞 は::: 、::: や:::名詞 だ::: な::: 。:::
功績	彼::かれ:名詞 の::: 功績::こうせき:名詞 は::: 特筆大書::とくひつたいしょ:名詞 す:する::動詞 べき:べし:: もの:::名詞 が::: ある:::動詞 。:::
光線	この::: ランプ::らんぷ:名詞 は::: 強い::つよい:形容詞 光線::こうせん:名詞 を::: 出す::だす:動詞 。:::
高層	高層::こうそう:名詞 ビル::びる:名詞 が::: たくさん:::名詞 あり:ある::動詞 ます::: 。:::
構造	社会::しゃかい:名詞 構造::こうぞう:名詞 は::: それほど:::副詞 変わら:変わる:かわら:動詞 ない::: 。:::
交替	ジョン::じょん:名詞 と::: 私::わたし:名詞 は::: 交替::こうたい:名詞 で::: 運転::うんてん:名詞 し:する::動詞 た::: 。:::
交代	父::ちち:名詞 が::: 寝:寝る:ね:動詞 た::: きり:::名詞 な:だ:: ので::: 私::わたし:名詞 たち:::名詞 が::: 交代::こうたい:名詞 で::: 面倒::めんどう:名詞 を::: み:みる::動詞 て::: い:いる::動詞 ます::: 。:::
校庭	校庭::こうてい:名詞 は::: たいへん:::副詞 小さかっ:小さい:ちいさかっ:形容詞 た::: です::: 。:::
肯定	その::: 子::こ:名詞 の::: 肯定::こうてい:名詞 的::てき:名詞 な:だ:: 面::めん:名詞 を::: 見よ:見る:みよ:動詞 う::: 。:::
高度	これ:::名詞 より::: 次第に::しだいに:副詞 高度::こうど:名詞 を::: 下げ:下げる:さげ:動詞 て::: まいり:まいる::動詞 ます::: 。:::
高等	彼::かれ:名詞 は::: 高等::こうとう:名詞 学校::がっこう:名詞 の::: 生徒::せいと:名詞 で::: は::: あり:ある::動詞 ませ:ます:: ん::: 。:::
合同	次::つぎ:名詞 の::: 図形::づけい:名詞 と::: 合同::ごうどう:名詞 な:だ:: 図形::づけい:名詞 を::: かき:かく::動詞 ましょ:ます:: う::: 。:::
公表	結果::けっか:名詞 が::: 公表::こうひょう:名詞 さ:する::動詞 れ:れる::動詞 次第::しだい:名詞 お知らせ::おしらせ:名詞 し:する::動詞 ます::: 。:::
鉱物	オーストラリア::おーすとらりあ:名詞 は::: 鉱物::こうぶつ:名詞 が::: 豊富::ほうふ:名詞 だ::: 。:::
公務	公務::こうむ:名詞 の::: ため:::名詞 に::: 多く::おおく:名詞 の::: 時間::じかん:名詞 が::: とら:とる::動詞 れる:::動詞 。:::
項目	この::: 本::ほん:名詞 は::: 何::なに:名詞 の::: 項目::こうもく:名詞 に::: 入り:入る:はいり:動詞 ます::: か::: 。:::
紅葉	秋::あき:名詞 に::: なる:::動詞 と::: 紅葉::こうよう:名詞 し:する::動詞 ます::: 。:::
合理	トム::とむ:名詞 は::: 合理::ごうり:名詞 的::てき:名詞 だ::: と::: 思い:思う:おもい:動詞 ます::: 。:::
交流	異::い: 文化::ぶんか:名詞 交流::こうりゅう:名詞 は::: 大切::たいせつ:名詞 だ::: と::: 思い:思う:おもい:動詞 ます::: 。:::
合流	後で::あとで:副詞 あなた:::名詞 たち:::名詞 に::: 合流::ごうりゅう:名詞 し:する::動詞 ます::: 。:::
効力	その::: 法律::ほうりつ:名詞 に::: は::: もはや:::副詞 効力::こうりょく:名詞 は::: ない::: 。:::
焦がす	トースト::とーすと:名詞 を::: 焦がし:焦がす:こがし:動詞 て::: しまっ:しまう::動詞 た::: 。:::
国王	今::いま:名詞 の::: 国王::こくおう:名詞 が::: 会合::かいごう:名詞 に::: 出席::しゅっせき:名詞 さ:する::動詞 れ:れる::動詞 て::: いる:::動詞 。:::
国立	この::: 国立::こくりつ:名詞 公園::こうえん:名詞 に::: は::: 景色::けしき:名詞 の::: いい:::形容詞 所::ところ:名詞 が::: たくさん:::名詞 ある:::動詞 。:::
焦げる	この::: コーヒー::こーひー:名詞 は::: 焦げ:焦げる:こげ:動詞 た::: 味::あじ:名詞 が::: する:::動詞 。:::
凍える	急い:急ぐ:いそい:動詞 で::: 、::: トム::とむ:名詞 。::: 凍え:凍える:こごえ:動詞 ちゃう:::動詞 。:::
心当たり	心当たり::こころあたり:名詞 は::: ない:::形容詞 よ::: 。:::
心得る	トム::とむ:名詞 は::: 笑い::わらい:名詞 の::: ツボ::つぼ:名詞 を::: 心得:心得る:こころえ:動詞 て::: いる:::動詞 。:::
腰掛け	アニー::*:名詞 、::: あそこ:::名詞 に::: 腰掛け:腰掛ける:こしかけ:動詞 ましょ:ます:: う::: 。:::
腰掛ける	トム::とむ:名詞 は::: ベンチ::べんち:名詞 に::: 腰掛け:腰掛ける:こしかけ:動詞 まし:ます:: た::: 。:::
五十音	氏名::しめい:名詞 は::: 五十音::ごじゅうおん:名詞 順::じゅん:名詞 です::: 。:::
こしらえる	彼::かれ:名詞 は::: 借金::しゃっきん:名詞 を::: こしらえ:こしらえる::動詞 た::: 。:::
個体	個体::こたい:名詞 発生::はっせい:名詞 は::: 系統::けいとう:名詞 発生::はっせい:名詞 を::: 繰り返す::くりかえす:動詞 。:::
小遣い	トム::とむ:名詞 は::: 自分::じぶん:名詞 の::: 子::こ:名詞 に::: お::: 小遣い::こづかい:名詞 を::: あげ:あげる::動詞 て::: ます::: 。:::
コック	私::わたし:名詞 は::: コック::こっく:名詞 です::: 。:::
こっそり	こっそり:::副詞 彼::かれ:名詞 に::: お金::おかね:名詞 を::: 返し:返す:かえし:動詞 た::: ん:::名詞 だ::: 。:::
古典	古典::こてん:名詞 の::: 文学::ぶんがく:名詞 書::しょ:名詞 を::: 読む::よむ:動詞 こと:::名詞 は::: 価値::かち:名詞 の::: ある:::動詞 こと:::名詞 です::: 。:::
こないだ	こないだ:::名詞 貸し:貸す:かし:動詞 た::: 本::ほん:名詞 返し:返す:かえし:動詞 て::: ほしい:::形容詞 ん:::名詞 だ::: けど::: 。:::
御無沙汰	長い::ながい:形容詞 こと:::名詞 御無沙汰::ごぶさた:名詞 いたし:いたす::動詞 まし:ます:: た::: 。:::
ゴム	新しい::あたらしい:形容詞 ヘア::へあ:名詞 ゴム::ごむ:名詞 を::: 買い:買う:かい:動詞 たい::: 。:::
御免	まあ:::副詞 面倒::めんどう:名詞 は::: できれ:できる::動詞 ば::: 御免::ごめん:名詞 願い:願う:ねがい:動詞 たい::: が::: 。:::
小指	足::あし:名詞 の::: 小指::こゆび:名詞 が::: 痛む::いたむ:動詞 ん:::名詞 だ::: 。:::
堪える	この::: 船::ふね:名詞 は::: 遠洋::えんよう:名詞 航海::こうかい:名詞 に::: は::: 堪え:堪える:こたえ:動詞 ない::: 。:::
娯楽	あなた:::名詞 の::: お::: 好き::すき:名詞 な:だ:: 娯楽::ごらく:名詞 は::: 何::なに:名詞 です::: か::: 。:::
御覧	その::: 眠っ:眠る:ねむっ:動詞 て::: いる:::動詞 赤ちゃん::あかちゃん:名詞 を::: 御覧::ごらん:名詞 なさい:なさる::動詞 。:::
コレクション	彼::かれ:名詞 は::: 私::わたし:名詞 に::: 切手::きって:名詞 の::: コレクション::これくしょん:名詞 を::: 見せ:見せる:みせ:動詞 て::: くれ:くれる::動詞 た::: 。:::
転がす	子供::こども:名詞 たち:::名詞 が::: 大きな::おおきな: 雪::ゆき:名詞 の::: 玉::たま:名詞 を::: 転がし:転がす:ころがし:動詞 て::: い:いる::動詞 た::: 。:::
転がる	ボール::ぼーる:名詞 は::: 道::みち:名詞 の::: 向こう::むこう:名詞 側::がわ:名詞 に::: 転がっ:転がる:ころがっ:動詞 た::: 。:::
紺	メアリー::めありー:名詞 は::: 紺::こん:名詞 の::: ワンピース::わんぴーす:名詞 を::: 着:着る:き:動詞 て::: い:いる::動詞 た::: 。:::
コンクール	まもなく:::副詞 音楽::おんがく:名詞 コンクール::こんくーる:名詞 が::: あり:ある::動詞 ます::: 。:::
コンクリート	その::: 工場::こうじょう:名詞 は::: コンクリート::こんくりーと:名詞 で::: 建造::けんぞう:名詞 さ:する::動詞 れ:れる::動詞 た::: 。:::
混合	もう:::副詞 いちど:::名詞 三::さん:名詞 種::しゅ:名詞 混合::こんごう:名詞 の::: 予防::よぼう:名詞 接種::せっしゅ:名詞 を::: し:する::動詞 なけれ:ない:: ば::: なら:なる::動詞 ない::: の:::名詞 です::: 。:::
コンセント	プリンター::ぷりんたー:名詞 の::: コンセント::こんせんと:名詞 が::: 抜け:抜ける:ぬけ:動詞 てる:::動詞 。:::
献立	毎日::まいにち:名詞 の::: 献立::こんだて:名詞 を::: 考える::かんがえる:動詞 の:::名詞 も::: 大変::たいへん:名詞 な:だ:: ん:::名詞 だ::: よ::: 。:::
サークル	大学::だいがく:名詞 の::: サークル::さーくる:名詞 活動::かつどう:名詞 を通して::をとおして: 、::: 多く::おおく:名詞 の::: 仲間::なかま:名詞 と::: 出会っ:出会う:であっ:動詞 た::: 。:::
在学	彼::かれ:名詞 の::: 息子::むすこ:名詞 は::: 今::こん: 大学::だいがく:名詞 に::: 在学::ざいがく:名詞 中::ちゅう:名詞 です::: 。:::
再三	彼::かれ:名詞 は::: 再三::さいさん:副詞 再::さい: 四::よん:名詞 それ:::名詞 を::: やっ:やる::動詞 て::: み:みる::動詞 た::: 。:::
祭日	今度::こんど:名詞 の::: 祭日::さいじつ:名詞 は::: 日曜日::にちようび:名詞 と::: 重なり:重なる:かさなり:動詞 ます::: 。:::
催促	しびれ:::名詞 を::: 切らし:切らす:きらし:動詞 て::: 借金::しゃっきん:名詞 の::: 催促::さいそく:名詞 を::: し:する::動詞 た::: 。:::
採点	その::: 答え::こたえ:名詞 は::: 間違い::まちがい:名詞 と::: 採点::さいてん:名詞 さ:する::動詞 れ:れる::動詞 た::: 。:::
災難	あれ:::名詞 以後::いご:名詞 は::: 災難::さいなん:名詞 続き:続く:つづき:動詞 です::: 。:::
裁縫	彼女::かのじょ:名詞 は::: 裁縫::さいほう:名詞 が::: 上手::じょうず:名詞 です::: 。:::
材木	ひろし:ひろい::形容詞 は::: 材木::ざいもく:名詞 を::: ひい:ひく::動詞 て::: 板::いた:名詞 に::: し:する::動詞 て::: い:いる::動詞 ます::: 。:::
サイレン	サイレン::さいれん:名詞 が::: 急変::きゅうへん:名詞 を::: 知らせ:知らせる:しらせ:動詞 まし:ます:: た::: 。:::
逆さ	彼::かれ:名詞 は::: ボールペン::ぼーるぺん:名詞 を::: 逆さ::さかさ:名詞 に::: 持っ:持つ:もっ:動詞 た::: 。:::
逆様	彼::かれ:名詞 は::: 真っ::まっ: 逆様::さかさま:名詞 に::: プール::ぷーる:名詞 に::: 落ち:落ちる:おち:動詞 た::: 。:::
捜す	電話::でんわ:名詞 を::: かける:::動詞 ため:::名詞 、::: ポケット::ぽけっと:名詞 に::: 手::て:名詞 を::: 入れ:入れる:いれ:動詞 て::: 硬貨::こうか:名詞 を::: 捜し:捜す:さがし:動詞 た::: 。:::
遡る	映画::えいが:名詞 は::: 第::だい: 二::に:名詞 次::じ:名詞 世界::せかい:名詞 大戦::たいせん:名詞 に::: 遡る::さかのぼる:動詞 。:::
酒場	彼::かれ:名詞 は::: その::: 酒場::さかば:名詞 で::: 歯医者::はいしゃ:名詞 に::: 成りすまし:成りすます:なりすまし:動詞 て::: い:いる::動詞 た::: 。:::
先程	彼::かれ:名詞 は::: 先程::さきほど:名詞 家::か:名詞 に::: 帰っ:帰る:かえっ:動詞 て::: き:くる::動詞 た::: 。:::
索引	その::: 本::ほん:名詞 に::: は::: 索引::さくいん:名詞 が::: つい:つく::動詞 て::: い:いる::動詞 ます::: か::: 。:::
作者	この::: 小説::しょうせつ:名詞 の::: 作者::さくしゃ:名詞 は::: だれ:::名詞 だ::: と::: 思い:思う:おもい:動詞 ます::: か::: 。:::
削除	それ:::名詞 を::: 削除::さくじょ:名詞 できる:::動詞 と::: 思い:思う:おもい:動詞 ます::: 。:::
作成	彼::かれ:名詞 は::: 今::こん: 書類::しょるい:名詞 を::: 作成::さくせい:名詞 し:する::動詞 て::: い:いる::動詞 ます::: 。:::
探る	遠まわし::とおまわし:名詞 に::: 彼::かれ:名詞 の::: 意見::いけん:名詞 を::: 探っ:探る:さぐっ:動詞 た::: 。:::
囁く	彼::かれ:名詞 は::: 私::わたし:名詞 の::: 耳元::みみもと:名詞 で::: その::: 答え::こたえ:名詞 を::: 囁い:囁く:ささやい:動詞 た::: 。:::
匙	彼::かれ:名詞 に::: は::: 先生::せんせい:名詞 も::: 匙::さじ:名詞 を::: 投げ:投げる:なげ:動詞 て::: いる:::動詞 。:::
差し支え	差し支え:差し支える:さしつかえ:動詞 なけれ:ない:: ば::: 同行::どうこう:名詞 し:する::動詞 たい::: の:::名詞 です::: が::: 。:::
刺身	この::: 季節::きせつ:名詞 は::: カツオ::かつお:名詞 の::: 刺身::さしみ:名詞 が::: 絶品::ぜっぴん:名詞 です::: 。:::
撮影	ここ:::名詞 で::: ストロボ::すとろぼ:名詞 撮影::さつえい:名詞 を::: し:する::動詞 て::: も::: いい:::形容詞 です::: か::: 。:::
雑音	その::: 雑音::ざつおん:名詞 は::: 、::: 私::わたし:名詞 の::: 神経::しんけい:名詞 に::: さわり:さわる::動詞 ます::: 。:::
さっさと	さっさと:::副詞 出:出る:で:動詞 て::: いけ:いく::動詞 ば::: いい:::形容詞 と::: 思う::おもう:動詞 。:::
早速	早速::さっそく:副詞 に::: は::: 返事::へんじ:名詞 を::: し:する::動詞 かね:かねる::動詞 ます::: 。:::
錆	彼::かれ:名詞 は::: や::: すり:::名詞 で::: 錆::さび:名詞 を::: 落とし:落とす:おとし:動詞 た::: 。:::
錆びる	最近::さいきん:名詞 の::: ステンレス::すてんれす:名詞 って::: 錆びる::さびる:動詞 よ::: ね::: 。:::
座布団	この::: 座布団::ざぶとん:名詞 を::: 干し:干す:ほし:動詞 て::: 下さい:下さる:ください:動詞 。:::
妨げる	事故::じこ:名詞 の::: ため:::名詞 に::: 交通::こうつう:名詞 が::: 妨げ:妨げる:さまたげ:動詞 られ:られる::動詞 た::: 。:::
サラリーマン	私::わたし:名詞 は::: しがない:::形容詞 サラリーマン::さらりーまん:名詞 です::: 。:::
騒がしい	ここ:::名詞 で::: 騒がしく:騒がしい:さわがしく:形容詞 し:する::動詞 て::: は::: いけ:いける::動詞 ない::: 。:::
さわやか	私::わたし:名詞 は::: とても:::副詞 気分::きぶん:名詞 が::: さわやか:::名詞 だ::: 。:::
三角	あの::: 子::こ:名詞 が::: 球面::きゅうめん:名詞 三角::さんかく:名詞 を::: 書き:書く:かき:動詞 まし:ます:: た::: 。:::
算数	今日::きょう:名詞 、::: 算数::さんすう:名詞 の::: テスト::てすと:名詞 が::: あっ:ある::動詞 た::: ん:::名詞 だ::: 。:::
産地	その::: 地方::ちほう:名詞 は::: お茶::おちゃ:名詞 の::: 産地::さんち:名詞 です::: 。:::
サンプル	これ:::名詞 は::: サンプル::さんぷる:名詞 です::: 。:::
シーズン	スイカ::すいか:名詞 は::: 今::いま:名詞 が::: シーズン::しーずん:名詞 です::: 。:::
シーツ	シーツ::しーつ:名詞 は::: 綿::めん:名詞 じゃ::: ない::: と::: ダメ::だめ:名詞 な:だ:: ん:::名詞 だ::: 。:::
仕上がる	洗濯::せんたく:名詞 物::ぶつ:名詞 は::: 仕上がっ:仕上がる:しあがっ:動詞 て::: い:いる::動詞 ます::: か::: 。:::
明明後日	明明後日::しあさって:名詞 に::: また:::副詞 上げる::あげる:動詞 。:::
寺院	ヒンズー::ひんずー:名詞 教徒::きょうと:名詞 は::: 寺院::じいん:名詞 で::: 礼拝::れいはい:名詞 を::: し:する::動詞 ます::: 。:::
塩辛	この::: カツオ::かつお:名詞 の::: 塩辛::しおから:名詞 は::: 塩辛:塩辛い:しおから:形容詞 すぎる:::動詞 。:::
塩辛い	スープ::すーぷ:名詞 、::: め:::名詞 ちゃ::: 塩辛い::しおからい:形容詞 ん:::名詞 だ::: けど::: 。:::
司会	その::: 会議::かいぎ:名詞 は::: 森::もり:名詞 首相::しゅしょう:名詞 が::: 司会::しかい:名詞 を::: し:する::動詞 た::: 。:::
四角い	必要::ひつよう:名詞 な:だ:: の:::名詞 は::: 四角い::しかくい:形容詞 テーブル::てーぶる:名詞 で::: 、::: 円卓::えんたく:名詞 で::: は::: ない::: 。:::
時間割	時間割::じかんわり:名詞 を::: もらえ:もらえる::動詞 ます::: か::: 。:::
敷地	大学::だいがく:名詞 は::: 敷地::しきち:名詞 内::ない:名詞 に::: スカッシュ::すかっしゅ:名詞 コート::こーと:名詞 を::: 完備::かんび:名詞 し:する::動詞 て::: い:いる::動詞 ます::: 。:::
敷く	机::つくえ:名詞 の::: し:する::動詞 た::: に::: カーペット::かーぺっと:名詞 を::: 敷い:敷く:しい:動詞 た::: 。:::
茂る	その::: 木::き:名詞 は::: 大枝::おおえだ:名詞 小枝::さえ:名詞 が::: 茂り:茂る:しげり:動詞 すぎ:すぎる::動詞 て::: いる:::動詞 。:::
持参	この::: 小切手::こぎって:名詞 は::: 持参::じさん:名詞 人払い::ひとばらい:名詞 だ::: 。:::
磁石	地球::ちきゅう:名詞 は::: 大きな::おおきな: 磁石::じしゃく:名詞 の::: よう:::名詞 な:だ:: もの:::名詞 です::: 。:::
四捨五入	一::いち:名詞 円::えん:名詞 以下::いか:名詞 は::: 四捨五入::ししゃごにゅう:名詞 し:する::動詞 て::: よろしい:::形容詞 。:::
始終	私::わたし:名詞 は::: 始終::しじゅう:副詞 あなた:::名詞 の::: こと:::名詞 を::: 考え:考える:かんがえ:動詞 て::: い:いる::動詞 ます::: 。:::
自習	自習::じしゅう:名詞 時間::じかん:名詞 に::: 集中::しゅうちゅう:名詞 し:する::動詞 て::: 勉強::べんきょう:名詞 が::: でき:できる::動詞 た::: 。:::
静まる	音::おと:名詞 は::: 静まり:静まる:しずまり:動詞 次第::しだい:名詞 に::: 消え:消える:きえ:動詞 て::: 行っ:行く:いっ:動詞 た::: 。:::
姿勢	彼::かれ:名詞 は::: まっすぐ:::副詞 な:だ:: 姿勢::しせい:名詞 で::: 立っ:立つ:たっ:動詞 て::: い:いる::動詞 た::: 。:::
時速	その::: 列車::れっしゃ:名詞 は::: 時速::じそく:名詞 五::ご:名詞 十::じゅう:名詞 マイル::まいる:名詞 の::: 速:速い:はや:形容詞 さ:::名詞 で::: 走っ:走る:はしっ:動詞 て::: いる:::動詞 。:::
子孫	子孫::しそん:名詞 に::: きれい:::名詞 な:だ:: 、::: 緑::みどり:名詞 の::: 地球::ちきゅう:名詞 を::: 残し:残す:のこし:動詞 たい::: 。:::
死体	事故::じこ:名詞 の::: 現場::げんば:名詞 に::: 死体::したい:名詞 は::: あり:ある::動詞 ませ:ます:: ん::: でし:です:: た::: 。:::
下書き	私::わたし:名詞 は::: スピーチ::すぴーち:名詞 の::: 下書き::したがき:名詞 を::: 書い:書く:かい:動詞 て::: い:いる::動詞 ます::: 。:::
自宅	彼::かれ:名詞 は::: たった今::たったいま:副詞 自宅::じたく:名詞 に::: 帰り:帰る:かえり:動詞 つい:つく::動詞 た::: 。:::
下町	ここ:::名詞 は::: しがない:::形容詞 下町::したまち:名詞 の::: 店::みせ:名詞 です::: 。:::
自治	ロシア::ろしあ:名詞 や::: 中国::ちゅうごく:名詞 は::: 多く::おおく:名詞 の::: 自治::じち:名詞 区::く:名詞 を::: 持ち:持つ:もち:動詞 ます::: 。:::
実感	プロ::ぷろ:名詞 と::: アマチュア::あまちゅあ:名詞 の::: 違い::ちがい:名詞 を::: 実感::じっかん:名詞 する:::動詞 。:::
しつこい	ここ:::名詞 に::: しつこい:::形容詞 痛み::いたみ:名詞 が::: あり:ある::動詞 ます::: 。:::
実習	私::わたし:名詞 は::: 実習::じっしゅう:名詞 を::: し:する::動詞 ます::: 。:::
実績	彼::かれ:名詞 は::: その::: 実績::じっせき:名詞 で::: 金メダル::きんめだる:名詞 を::: 与え:与える:あたえ:動詞 られ:られる::動詞 た::: 。:::
執筆	この::: 小説::しょうせつ:名詞 は::: 、::: 有名::ゆうめい:名詞 な:だ:: アメリカ::あめりか:名詞 の::: 作家::さっか:名詞 が::: 執筆::しっぴつ:名詞 し:する::動詞 た::: もの:::名詞 です::: 。:::
実物	この::: 像::ぞう:名詞 は::: 実物::じつぶつ:名詞 大::だい:名詞 です::: 。:::
しっぽ	しっぽ:::名詞 が::: 短く:短い:みじかく:形容詞 切ら:切る:きら:動詞 れ:れる::動詞 た::: 犬::いぬ:名詞 を::: 見:見る:み:動詞 た::: 。:::
実用	パソコン::ぱそこん:名詞 を::: 持つ::もつ:動詞 こと:::名詞 は::: 実用::じつよう:名詞 的::てき:名詞 です::: 。:::
実例	彼::かれ:名詞 は::: 私::わたし:名詞 に::: 実例::じつれい:名詞 を::: あたえ:あたえる::動詞 て::: くれ:くれる::動詞 た::: 。:::
失恋	失恋::しつれん:名詞 し:する::動詞 て::: 落ち込ん:落ち込む:おちこん:動詞 で::: い:いる::動詞 ます::: 。:::
指定	この::: 映画::えいが:名詞 の::: 指定::してい:名詞 席::せき:名詞 は::: あり:ある::動詞 ます::: か::: 。:::
縛る	かれ:かれる::動詞 ら:::名詞 は::: 彼::かれ:名詞 の::: 両足::りょうあし:名詞 を::: 縛り:縛る:しばり:動詞 あわせ:あわせる::動詞 た::: 。:::
地盤	地盤::じばん:名詞 が::: 柔らかい::やわらかい:形容詞 ので::: 、::: その::: 道路::どうろ:名詞 は::: 掘り:掘る:ほり:動詞 やすい:::形容詞 です::: 。:::
しびれる	左手::ひだりて:名詞 が::: しびれる:::動詞 ん:::名詞 です::: 。:::
紙幣	入っ:入る:はいっ:動詞 て::: い:いる::動詞 た::: の:::名詞 は::: 紙幣::しへい:名詞 の::: 大き:大きい:おおき:形容詞 さ:::名詞 に::: 切っ:切る:きっ:動詞 た::: 紙切れ::かみきれ:名詞 だっ:だ:: た::: 。:::
しぼむ	花::はな:名詞 は::: 切ら:切る:きら:動詞 れる:::動詞 と::: すぐ:::副詞 に::: しぼむ:::動詞 。:::
絞る	この::: 明る:明るい:あかる:形容詞 さ:::名詞 で::: 絞り:絞る:しぼり:動詞 は::: どの::: くらい::: です::: か::: 。:::
縞	シマウマ::しまうま:名詞 は::: 縞::しま:名詞 模様::もよう:名詞 を::: し:する::動詞 て::: ます::: 。:::
しみじみ	人生::じんせい:名詞 の::: 無常::むじょう:名詞 を::: しみじみ:::副詞 と::: 感じる::かんじる:動詞 。:::
氏名	あなた:::名詞 の::: 氏名::しめい:名詞 は::: 何::なに:名詞 です::: か::: 。:::
締切	レポート::れぽーと:名詞 の::: 締切::しめきり:名詞 が::: 近い::ちかい:形容詞 ので::: 、::: 私::わたし:名詞 は::: とんでも:::名詞 なく:ない:: 忙しい::いそがしい:形容詞 。:::
締め切る	ラスト::らすと:名詞 ・::: オーダー::おーだー:名詞 は::: 締め切ら:締め切る:しめきら:動詞 せ:せる::動詞 て::: いただき:いただく::動詞 まし:ます:: た::: 。:::
しめる	窓::まど:名詞 を::: しめる:::動詞 よう:::名詞 おねがい:::名詞 でき:できる::動詞 ます::: か::: 。:::
地面	トム::とむ:名詞 は::: ラケット::らけっと:名詞 を::: 地面::じめん:名詞 に::: 置い:置く:おい:動詞 た::: 。:::
ジャーナリスト	息子::むすこ:名詞 は::: ジャーナリスト::じゃーなりすと:名詞 な:だ:: ん:::名詞 です::: 。:::
しゃがむ	トム::とむ:名詞 は::: しゃがみ:しゃがむ::動詞 込ん:込む:こん:動詞 だ::: 。:::
蛇口	水::みず:名詞 が::: 蛇口::じゃぐち:名詞 から::: シンク::しんく:名詞 へ::: と::: 流れ:流れる:ながれ:動詞 ゆく:::動詞 。:::
弱点	これ:::名詞 が::: 彼女::かのじょ:名詞 の::: 弱点::じゃくてん:名詞 です::: 。:::
車庫	私::わたし:名詞 たち:::名詞 は::: 車庫::しゃこ:名詞 付き::つき:名詞 の::: 家::いえ:名詞 を::: 捜し:捜す:さがし:動詞 て::: い:いる::動詞 ます::: 。:::
車掌	大人::おとな:名詞 に::: なっ:なる::動詞 たら:た:: 、::: 車掌::しゃしょう:名詞 に::: なり:なる::動詞 たい::: 。:::
写生	彼::かれ:名詞 は::: りんご:::名詞 を::: 写生::しゃせい:名詞 し:する::動詞 た::: 。:::
社説	今朝::けさ:名詞 の::: 新聞::しんぶん:名詞 の::: 社説::しゃせつ:名詞 を::: 読み:読む:よみ:動詞 まし:ます:: た::: か::: 。:::
しゃっくり	しゃっくり:::名詞 が::: よく:::副詞 出:出る:で:動詞 ます::: 。:::
シャッター	シャッター::しゃったー:名詞 を::: 押し:押す:おし:動詞 て::: くれ:くれる::動詞 ます::: か::: 。:::
しゃぶる	私::わたし:名詞 は::: 夏::なつ:名詞 は::: 凍っ:凍る:こおっ:動詞 た::: 棒::ぼう:名詞 アイスクリーム::あいすくりーむ:名詞 を::: しゃぶる:::動詞 の:::名詞 が::: 好き::すき:名詞 です::: 。:::
車輪	車輪::しゃりん:名詞 は::: ゆっくり:::副詞 転がり:転がる:ころがり:動詞 始め:始める:はじめ:動詞 た::: 。:::
洒落	非常::ひじょう:名詞 に::: うまい:::形容詞 洒落::しゃらく:名詞 だっ:だ:: た::: ので::: 、::: 満場::まんじょう:名詞 爆笑::ばくしょう:名詞 し:する::動詞 た::: 。:::
集会	月::つき:名詞 に::: 一::いち:名詞 度::ど:名詞 、::: 集会::しゅうかい:名詞 を::: 行っ:行う:おこなっ:動詞 て::: い:いる::動詞 ます::: 。:::
住居	世帯::せたい:名詞 と::: は::: 住居::じゅうきょ:名詞 や::: 生計::せいけい:名詞 を::: 同じく::おなじく:副詞 し:する::動詞 て::: いる:::動詞 集団::しゅうだん:名詞 です::: 。:::
集合	私::わたし:名詞 は::: 集合::しゅうごう:名詞 住宅::じゅうたく:名詞 に::: 住ん:住む:すん:動詞 で::: い:いる::動詞 ます::: 。:::
習字	手本::てほん:名詞 を::: 見:見る:み:動詞 ながら::: 習字::しゅうじ:名詞 を::: し:する::動詞 まし:ます:: た::: 。:::
修繕	家::いえ:名詞 を::: 修繕::しゅうぜん:名詞 し:する::動詞 なく:ない:: て::: は::: なら:なる::動詞 ない::: 。:::
終点	この::: 線::せん:名詞 の::: 終点::しゅうてん:名詞 は::: どこ:::名詞 です::: か::: 。:::
重点	この::: 辞書::じしょ:名詞 は::: 特に::とくに:副詞 語法::ごほう:名詞 に::: 重点::じゅうてん:名詞 を::: 置い:置く:おい:動詞 て::: いる:::動詞 。:::
就任	彼ら::かれら:名詞 は::: 彼::かれ:名詞 を::: 委員::いいん:名詞 会::かい:名詞 の::: 議長::ぎちょう:名詞 に::: 就任::しゅうにん:名詞 さ:する::動詞 せ:せる::動詞 た::: 。:::
周辺	彼::かれ:名詞 は::: 南極::なんきょく:名詞 周辺::しゅうへん:名詞 の::: 地域::ちいき:名詞 を::: 探検::たんけん:名詞 し:する::動詞 た::: 。:::
重役	重役::じゅうやく:名詞 たち:::名詞 は::: 朝食::ちょうしょく:名詞 会::かい:名詞 に::: 集まっ:集まる:あつまっ:動詞 て::: い:いる::動詞 ます::: 。:::
終了	試合::しあい:名詞 は::: 終了::しゅうりょう:名詞 です::: 。:::
重量	これ:::名詞 は::: 重量::じゅうりょう:名詞 オーバー::おーばー:名詞 です::: 。:::
重力	重力::じゅうりょく:名詞 波::は:名詞 は::: 探知::たんち:名詞 する:::動詞 の:::名詞 が::: 非常::ひじょう:名詞 に::: 難しい::むずかしい:形容詞 。:::
熟語	日本語::にほんご:名詞 は::: 四::よん:名詞 字::じ:名詞 熟語::じゅくご:名詞 って::: 結構::けっこう:副詞 ある:::動詞 ね::: 。:::
祝日	九月::くがつ:名詞 七::なな:名詞 日::にち:名詞 は::: ブラジル::ぶらじる:名詞 の::: 祝日::しゅくじつ:名詞 です::: 。:::
縮小	国内::こくない:名詞 市場::しじょう:名詞 の::: 縮小::しゅくしょう:名詞 は::: インフレ::いんふれ:名詞 に::: 依る::よる:動詞 もの:::名詞 です::: 。:::
受験	私::わたし:名詞 は::: 受験::じゅけん:名詞 勉強::べんきょう:名詞 に::: 専念::せんねん:名詞 する:::動詞 つもり:::名詞 です::: 。:::
主語	文::ぶん:名詞 に::: は::: 普通::ふつう:名詞 、::: 主語::しゅご:名詞 と::: 動詞::どうし:名詞 が::: ある:::動詞 。:::
出勤	彼::かれ:名詞 は::: 雨::あめ:名詞 の::: 日::ひ:名詞 以外::いがい:名詞 は::: 毎日::まいにち:名詞 徒歩::とほ:名詞 で::: 出勤::しゅっきん:名詞 し:する::動詞 ます::: 。:::
出張	父::ちち:名詞 は::: よく:::副詞 出張::しゅっちょう:名詞 で::: パリ::ぱり:名詞 へ::: 行き:行く:いき:動詞 ます::: 。:::
寿命	日本::にっぽん:名詞 で::: の::: 平均::へいきん:名詞 寿命::じゅみょう:名詞 は::: どれ:::名詞 だけ::: です::: か::: 。:::
主役	次::つぎ:名詞 の::: 文化::ぶんか:名詞 祭::さい:名詞 で::: 初めて::はじめて:副詞 主役::しゅやく:名詞 を::: 演じる::えんじる:動詞 こと:::名詞 に::: なっ:なる::動詞 て::: い:いる::動詞 ます::: 。:::
受話器	彼::かれ:名詞 は::: 座る::すわる:動詞 と::: すぐ:::副詞 に::: 受話器::じゅわき:名詞 を::: とっ:とる::動詞 た::: 。:::
循環	カナダ::かなだ:名詞 で::: は::: 季節::きせつ:名詞 の::: 循環::じゅんかん:名詞 が::: はっきり:::副詞 見:見る:み:動詞 られ:られる::動詞 ます::: 。:::
巡査	すぐ:::副詞 に::: 巡査::じゅんさ:名詞 が::: 呼び:呼ぶ:よび:動詞 に::: やら:やる::動詞 れ:れる::動詞 た::: 。:::
順序	トム::とむ:名詞 さん:::名詞 は::: 考え::かんがえ:名詞 を::: 順序::じゅんじょ:名詞 立て:立てる:たて:動詞 られ:られる::動詞 ませ:ます:: ん::: でし:です:: た::: 。:::
純情	君::きみ:名詞 って::: 、::: 意外::いがい:名詞 に::: 純情::じゅんじょう:名詞 だ::: ね::: 。:::
純粋	彼女::かのじょ:名詞 は::: 言わ:言う:いわ:動詞 れ:れる::動詞 た::: こと:::名詞 全て::すべて:名詞 を::: 信じる::しんじる:動詞 とても:::副詞 純粋::じゅんすい:名詞 な:だ:: 子::こ:名詞 です::: 。:::
消化	おかゆ:::名詞 は::: 消化::しょうか:名詞 し:する::動詞 やすい:::形容詞 ん:::名詞 です::: 。:::
小学生	この::: 本::ほん:名詞 は::: 、::: 小学生::しょうがくせい:名詞 の::: 時::とき:名詞 に::: 読ん:読む:よん:動詞 だ::: よ::: 。:::
将棋	私::わたし:名詞 は::: 将棋::しょうぎ:名詞 を::: する:::動詞 こと:::名詞 が::: 好き::すき:名詞 だ::: 。:::
蒸気	この::: 船::ふね:名詞 は::: 蒸気::じょうき:名詞 で::: 動かさ:動かす:うごかさ:動詞 れ:れる::動詞 て::: いる:::動詞 。:::
定規	定規::じょうぎ:名詞 は::: 直線::ちょくせん:名詞 を::: 引く::ひく:動詞 の:::名詞 に::: 役立つ::やくだつ:動詞 。:::
上級	トム::とむ:名詞 は::: 上級::じょうきゅう:名詞 の::: スノーボーダー::すのーぼーだー:名詞 だ::: 。:::
商業	その::: 手紙::てがみ:名詞 は::: 商業::しょうぎょう:名詞 用語::ようご:名詞 で::: 書か:書く:かか:動詞 れ:れる::動詞 た::: 。:::
賞金	協力::きょうりょく:名詞 者::しゃ:名詞 に対して::にたいして: は::: 賞金::しょうきん:名詞 が::: 出:出る:で:動詞 ます::: 。:::
上下	ぶらんこ:::名詞 が::: 上下::じょうげ:名詞 に::: 動い:動く:うごい:動詞 て::: いる:::動詞 。:::
障子	壁::かべ:名詞 に::: 耳::みみ:名詞 あり:ある::動詞 、::: 障子::しょうじ:名詞 に::: 目::め:名詞 あり:::動詞 。:::
商社	私::わたし:名詞 は::: 商社::しょうしゃ:名詞 で::: 働い:働く:はたらい:動詞 て::: い:いる::動詞 ます::: 。:::
乗車	ご::: 乗車::じょうしゃ:名詞 ありがとう::: ござい:ござる:: ます::: 。:::
小数	次::つぎ:名詞 の::: 分数::ぶんすう:名詞 を::: 小数::しょうすう:名詞 に::: 直し:直す:なおし:動詞 なさい:なさる::動詞 。:::
生ずる	再::さい: 開発::かいはつ:名詞 によって::: 地域::ちいき:名詞 に::: 便益::べんえき:名詞 が::: 生ずる::しょうずる:動詞 。:::
商店	中心::ちゅうしん:名詞 部::ぶ:名詞 に::: ある:::動詞 ので::: 商店::しょうてん:名詞 や::: オフィス::おふぃす:名詞 に::: 行く::いく:動詞 の:::名詞 に::: 便利::べんり:名詞 です::: 。:::
焦点	話::はなし:名詞 の::: 焦点::しょうてん:名詞 は::: 内容::ないよう:名詞 に::: 置か:置く:おか:動詞 れ:れる::動詞 て::: いる:::動詞 。:::
消毒	ほ乳::ほにゅう:名詞 瓶::びん:名詞 を::: 煮沸::しゃふつ:名詞 消毒::しょうどく:名詞 し:する::動詞 なさい:なさる::動詞 。:::
勝敗	勝敗::しょうはい:名詞 は::: 問題::もんだい:名詞 で::: は::: ない::: 。:::
蒸発	水::みず:名詞 は::: 熱::ねつ:名詞 を::: 加える::くわえる:動詞 と::: 蒸発::じょうはつ:名詞 し:する::動詞 ます::: 。:::
勝負	パッシング::*:名詞 で::: は::: なく:ない:: ロブ::*:名詞 で::: 勝負::しょうぶ:名詞 だ::: 。:::
小便	小便::しょうべん:名詞 の::: 検査::けんさ:名詞 を::: し:する::動詞 ます::: 。:::
消防署	消防署::しょうぼうしょ:名詞 に::: 連絡::れんらく:名詞 し:する::動詞 て::: ください:くださる::動詞 。:::
正面	正面::しょうめん:名詞 近く::ちかく:名詞 の::: 席::せき:名詞 に::: 座り:座る:すわり:動詞 たい::: の:::名詞 です::: が::: 。:::
消耗	簡単::かんたん:名詞 そう:::名詞 に::: 見える::みえる:動詞 けど::: 、::: 結構::けっこう:副詞 体力::たいりょく:名詞 消耗::しょうもう:名詞 する:::動詞 なぁ::: 。:::
初級	これ:::名詞 は::: 初級::しょきゅう:名詞 の::: 教科書::きょうかしょ:名詞 です::: 。:::
助教授	私::わたし:名詞 は::: 教授::きょうじゅ:名詞 です::: 、::: いや::: もっと:::副詞 正確::せいかく:名詞 に::: 言え:言う:いえ:動詞 ば::: 、::: 助教授::じょきょうじゅ:名詞 です::: 。:::
食塩	めんどう:::名詞 です::: が::: 食塩::しょくえん:名詞 を::: とっ:とる::動詞 て::: い:いる::動詞 た::: だけ::: ませ:ます:: ん::: か::: 。:::
職人	家具::かぐ:名詞 の::: 工場::こうじょう:名詞 で::: 、::: 家具::かぐ:名詞 職人::しょくにん:名詞 を::: し:する::動詞 て::: い:いる::動詞 ます::: 。:::
職場	インス::*:名詞 は::: 学校::がっこう:名詞 に::: 行こ:行く:いこ:動詞 う::: と::: 職場::しょくば:名詞 で::: の::: 仕事::しごと:名詞 を::: 投げ出し:投げ出す:なげだし:動詞 た::: 。:::
書籍	書籍::しょせき:名詞 や::: 教材::きょうざい:名詞 から::: 学ぶ::まなぶ:動詞 こと:::名詞 も::: 有効::ゆうこう:名詞 です::: 。:::
食器	私::わたし:名詞 は::: 食器::しょっき:名詞 を::: 洗っ:洗う:あらっ:動詞 て::: い:いる::動詞 ます::: 。:::
ショップ	コーヒー::こーひー:名詞 ショップ::しょっぷ:名詞 は::: どこ:::名詞 です::: か::: 。:::
書店	私::わたし:名詞 達::たち:名詞 は::: 、::: 書店::しょてん:名詞 に::: 行っ:行く:いっ:動詞 て::: き:くる::動詞 まし:ます:: た::: 。:::
書道	書道::しょどう:名詞 は::: 少し::すこし:副詞 かじっ:かじる::動詞 た::: こと:::名詞 が::: ある:::動詞 。:::
白髪	白髪::はくはつ:名詞 が::: 急::きゅう:名詞 に::: ふえ:ふえる::動詞 て::: い:いる::動詞 ます::: 。:::
知り合い	子供::こども:名詞 の::: ころ:::名詞 から::: の::: 知り合い::しりあい:名詞 です::: 。:::
私立	あなた:::名詞 は::: 、::: 私立::しりつ:名詞 高校::こうこう:名詞 の::: 生徒::せいと:名詞 です::: か::: 。:::
汁	野菜::やさい:名詞 多め::おおめ:名詞 の::: みそ:::名詞 汁::じる:名詞 が::: ありがたい:::形容詞 。:::
芯	トム::とむ:名詞 は::: りんご:::名詞 の::: 芯::しん:名詞 を::: ゴミ箱::ごみばこ:名詞 に::: 捨て:捨てる:すて:動詞 た::: 。:::
新幹線	台湾::たいわん:名詞 の::: 新幹線::しんかんせん:名詞 は::: 速く:速い:はやく:形容詞 、::: とても:::副詞 便利::べんり:名詞 です::: 。:::
真空	その::: 実験::じっけん:名詞 に::: は::: 真空::しんくう:名詞 が::: 必要::ひつよう:名詞 だ::: 。:::
人事	山田::やまだ:名詞 さん:::名詞 は::: 人事::じんじ:名詞 課長::かちょう:名詞 です::: 。:::
心身	祖父::そふ:名詞 は::: まだ:::副詞 心身::しんしん:名詞 とも:::名詞 に::: しっかり:::副詞 し:する::動詞 て::: い:いる::動詞 ます::: 。:::
信ずる	見る::みる:動詞 こと:::名詞 は::: 信ずる::しんずる:動詞 こと:::名詞 なり::: 。:::
申請	日本語::にほんご:名詞 の::: 申請::しんせい:名詞 書::しょ:名詞 は::: あり:ある::動詞 ます::: か::: 。:::
人造	人造::じんぞう:名詞 皮革::ひかく:名詞 は::: 本物::ほんもの:名詞 の::: 皮::かわ:名詞 に::: かなわ:かなう::動詞 ない::: 。:::
寝台	寝台::しんだい:名詞 車::しゃ:名詞 を::: 予約::よやく:名詞 し:する::動詞 たい::: の:::名詞 です::: が::: 。:::
診断	健康::けんこう:名詞 診断::しんだん:名詞 を::: 受け:受ける:うけ:動詞 に::: 行き:行く:いき:動詞 ます::: 。:::
侵入	どんな::: 目的::もくてき:名詞 で::: 君::きみ:名詞 は::: その::: 家::いえ:名詞 に::: 侵入::しんにゅう:名詞 し:する::動詞 た::: の:::名詞 です::: か::: 。:::
人命	どんな::: 大金::たいきん:名詞 も::: 人命::じんめい:名詞 に::: は::: 換え:換える:かえ:動詞 られ:られる::動詞 ない::: 。:::
深夜	日本::にっぽん:名詞 の::: 深夜::しんや:名詞 は::: アメリカ::あめりか:名詞 の::: 朝::あさ:名詞 です::: 。:::
森林	その::: 国::くに:名詞 は::: 森林::しんりん:名詞 で::: おおわ:おおう::動詞 れ:れる::動詞 て::: いる:::動詞 。:::
親類	彼::かれ:名詞 は::: 私::わたし:名詞 の::: 遠い::とおい:形容詞 親類::しんるい:名詞 です::: 。:::
神話	なにか:::副詞 ギリシャ::ぎりしゃ:名詞 神話::しんわ:名詞 を::: 、::: 知っ:知る:しっ:動詞 て::: い:いる::動詞 ます::: か::: 。:::
炊事	私::わたし:名詞 は::: 炊事::すいじ:名詞 が::: 全然::ぜんぜん:副詞 でき:できる::動詞 ない::: 。:::
水蒸気	雲::くも:名詞 は::: 水蒸気::すいじょうき:名詞 の::: かたまり:かたまる::動詞 で:だ:: ある::: 。:::
水素	水素::すいそ:名詞 は::: それ:::名詞 自体::じたい:名詞 として::: は::: 自然::しぜん:名詞 界::かい:名詞 に::: 存在::そんざい:名詞 し:する::動詞 ない::: 。:::
垂直	その::: 柱::はしら:名詞 は::: 垂直::すいちょく:名詞 に::: なっ:なる::動詞 て::: い:いる::動詞 ない::: 。:::
推定	天文学::てんもんがく:名詞 者::しゃ:名詞 が::: 局部::きょくぶ:名詞 超::ちょう: 銀河::ぎんが:名詞 団::だん:名詞 の::: 存在::そんざい:名詞 を::: 推定::すいてい:名詞 し:する::動詞 まし:ます:: た::: 。:::
水滴	植物::しょくぶつ:名詞 の::: 葉::は:名詞 に::: 水滴::すいてき:名詞 が::: つい:つく::動詞 て::: い:いる::動詞 て::: きれい:::名詞 だっ:だ:: た:::
水筒	水筒::すいとう:名詞 に::: は::: ほとんど:::副詞 水::みず:名詞 が::: 残っ:残る:のこっ:動詞 て::: い:いる::動詞 ない::: 。:::
随筆	この::: 随筆::ずいひつ:名詞 は::: 一::いち:名詞 個::こ:名詞 の::: 旅行::りょこう:名詞 かばん:::名詞 について::: の::: もの:::名詞 です::: 。:::
水分	暑い::あつい:形容詞 と::: 、::: 水分::すいぶん:名詞 は::: すぐ:::副詞 に::: 蒸発::じょうはつ:名詞 し:する::動詞 て::: しまい:しまう::動詞 ます::: 。:::
水平	水平::すいへい:名詞 線::せん:名詞 に::: 漁船::ぎょせん:名詞 が::: いくつ:::名詞 か::: 見え:見える:みえ:動詞 ます::: 。:::
水面	死ん:死ぬ:しん:動詞 だ::: 魚::さかな:名詞 が::: 水面::すいめん:名詞 に::: 浮かん:浮かぶ:うかん:動詞 で::: き:くる::動詞 た::: 。:::
水曜	水曜::すいよう:名詞 の::: 午後::ごご:名詞 は::: 授業::じゅぎょう:名詞 は::: あり:ある::動詞 ませ:ます:: ん::: 。:::
末っ子	マイク::まいく:名詞 は::: 末っ子::すえっこ:名詞 です::: 。:::
スカーフ	この::: スカーフ::すかーふ:名詞 は::: すべすべ:::名詞 する:::動詞 。:::
図鑑	植物::しょくぶつ:名詞 図鑑::ずかん:名詞 を::: 見:見る:み:動詞 ながら::: 庭::にわ:名詞 の::: 花::はな:名詞 の::: 名前::なまえ:名詞 を::: 調べ:調べる:しらべ:動詞 て::: いる:::動詞 。:::
隙	どうにか:::副詞 隙::ひま:名詞 を::: 見つけ:見つける:みつけ:動詞 て::: 逃げ:逃げる:にげ:動詞 なけれ:ない:: ば::: まずい:::形容詞 。:::
好き嫌い	好き嫌い::すききらい:名詞 言わ:言う:いわ:動詞 ない::: で::: 全部::ぜんぶ:名詞 食べ:食べる:たべ:動詞 なさい:なさる::動詞 。:::
好き好き	あなた:::名詞 の::: アイデア::あいであ:名詞 、::: 好き好き::すきずき:名詞 。:::
透き通る	青く:青い:あおく:形容詞 透き通る::すきとおる:動詞 海::うみ:名詞 に::: 、::: 魚::さかな:名詞 の::: 影::かげ:名詞 が::: 揺れ:揺れる:ゆれ:動詞 て::: い:いる::動詞 た::: 。:::
隙間	カーテン::かーてん:名詞 の::: 隙間::すきま:名詞 から::: 光::ひかり:名詞 が::: 差し込む::さしこむ:動詞 。:::
スクール	ビジネス::びじねす:名詞 スクール::すくーる:名詞 に::: 行き:行く:いき:動詞 たい::: の:::名詞 です::: 。:::
少なくとも	トム::とむ:名詞 は::: 毎朝::まいあさ:名詞 コーヒー::こーひー:名詞 を::: 少なくとも::すくなくとも:副詞 三::さん:名詞 杯::はい:名詞 飲み:飲む:のみ:動詞 ます::: 。:::
図形	次::つぎ:名詞 の::: 図形::づけい:名詞 と::: 合同::ごうどう:名詞 な:だ:: 図形::づけい:名詞 を::: かき:かく::動詞 ましょ:ます:: う::: 。:::
鈴	だれ:::名詞 が::: その::: 猫::ねこ:名詞 に::: 鈴::すず:名詞 を::: つけ:つける::動詞 られる:::動詞 か::: 。:::
涼む	ここ:::名詞 は::: 風通し::かぜとおし:名詞 が::: 良く:良い:よく:形容詞 て::: 、::: 涼む::すずむ:動詞 に::: は::: もってこい:::名詞 の::: 場所::ばしょ:名詞 な:だ:: ん:::名詞 だ::: 。:::
スタート	今日::きょう:名詞 から::: もう:::副詞 販売::はんばい:名詞 スタート::すたーと:名詞 し:する::動詞 て::: ます::: 。:::
スチュワーデス	彼::かれ:名詞 は::: スチュワーデス::すちゅわーです:名詞 と::: 結婚::けっこん:名詞 し:する::動詞 た::: 。:::
すっきり	今::いま:名詞 は::: すっきり:::副詞 し:する::動詞 た::: 気分::きぶん:名詞 です::: 。:::
ステージ	彼女::かのじょ:名詞 は::: ステージ::すてーじ:名詞 で::: 歌っ:歌う:うたっ:動詞 て::: い:いる::動詞 ます::: 。:::
ストッキング	この::: ストッキング::すとっきんぐ:名詞 は::: とても:::副詞 高い::たかい:形容詞 。:::
ストップ	これ:::名詞 は::: 日本::にっぽん:名詞 製::せい:名詞 の::: ストップ::すとっぷ:名詞 ウオッチ::うおっち:名詞 。:::
素直	トム::とむ:名詞 は::: 奥さん::おくさん:名詞 に::: 素直::すなお:名詞 です::: 。:::
頭脳	二::に:名詞 人::にん:名詞 の::: 頭脳::ずのう:名詞 は::: 一::いち:名詞 人::にん:名詞 の::: 頭脳::ずのう:名詞 に::: 勝る::まさる:動詞 。:::
スピーカー	イギリス::いぎりす:名詞 英語::えいご:名詞 の::: ネイティブ::ねいてぃぶ:名詞 スピーカー::すぴーかー:名詞 です::: 。:::
スマート	トム::とむ:名詞 と::: メアリー::めありー:名詞 は::: 、::: スマート::すまーと:名詞 ハウス::はうす:名詞 に::: 住ん:住む:すん:動詞 で::: い:いる::動詞 ます::: 。:::
住まい	姉::あね:名詞 は::: オーストラリア::おーすとらりあ:名詞 住まい::ずまい:名詞 です::: 。:::
相撲	相撲::すもう:名詞 を::: 見:見る:み:動詞 た::: こと:::名詞 が::: あり:ある::動詞 ます::: か::: 。:::
スライド	次::つぎ:名詞 の::: スライド::すらいど:名詞 を::: お願い::おねがい:名詞 し:する::動詞 ます::: 。:::
ずらす	混雑::こんざつ:名詞 を::: 避ける::さける:動詞 ため:::名詞 に::: 、::: 予定::よてい:名詞 を::: オフピーク::*:名詞 の::: 時間::じかん:名詞 に::: ずらし:ずらす::動詞 た::: 。:::
スリッパ	スリッパ::すりっぱ:名詞 を::: はい:はく::動詞 て::: ください:くださる::動詞 。:::
寸法	スーツ::すーつ:名詞 を::: つくる:::動詞 時::とき:名詞 は::: 正確::せいかく:名詞 に::: 寸法::すんぽう:名詞 を::: 測る::はかる:動詞 必要::ひつよう:名詞 が::: あり:ある::動詞 ます::: 。:::
税関	税関::ぜいかん:名詞 は::: どこ:::名詞 です::: か::: 。:::
製作	小説::しょうせつ:名詞 を::: もと:::名詞 に::: 製作::せいさく:名詞 さ:する::動詞 れ:れる::動詞 た::: 映画::えいが:名詞 です::: 。:::
制作	美術::びじゅつ:名詞 の::: 時間::じかん:名詞 は::: 、::: 絵画::かいが:名詞 制作::せいさく:名詞 に::: 取り組ん:取り組む:とりくん:動詞 だ::: 。:::
清書	作文::さくぶん:名詞 を::: 清書::せいしょ:名詞 する:::動詞 必要::ひつよう:名詞 は::: あり:ある::動詞 ませ:ます:: ん::: 。:::
青少年	私::わたし:名詞 に::: は::: 青少年::せいしょうねん:名詞 の::: 心理::しんり:名詞 が::: わから:わかる::動詞 ない::: 。:::
清掃	洗面::せんめん:名詞 所::しょ:名詞 を::: つかっ:つかう::動詞 た::: 後::のち:名詞 に::: は::: 、::: 清掃::せいそう:名詞 する:::動詞 こと:::名詞 。:::
生存	平和::へいわ:名詞 は::: 人類::じんるい:名詞 にとって::: 大事::だいじ:名詞 な:だ:: 生存::せいぞん:名詞 条件::じょうけん:名詞 の::: 一つ::ひとつ:名詞 です::: 。:::
政党	彼::かれ:名詞 は::: その::: 政党::せいとう:名詞 の::: 主導::しゅどう:名詞 権::けん:名詞 を::: にぎっ:にぎる::動詞 た::: 。:::
性能	この::: 車::くるま:名詞 は::: あの::: 車::くるま:名詞 より::: 性能::せいのう:名詞 が::: よい:::形容詞 。:::
整備	車::くるま:名詞 は::: いつも:::副詞 整備::せいび:名詞 し:する::動詞 て::: おき:おく::動詞 なさい:なさる::動詞 。:::
成分	コールタール::こーるたーる:名詞 を::: 蒸留::じょうりゅう:名詞 し:する::動詞 て::: 得:得る:え:動詞 られる:::動詞 成分::せいぶん:名詞 名::めい:名詞 は::: 下表::かひょう:名詞 の::: 通り::とおり:名詞 で:だ:: ある::: 。:::
性別	性別::せいべつ:名詞 による::: 差別::さべつ:名詞 は::: 禁じ:禁じる:きんじ:動詞 られ:られる::動詞 て::: い:いる::動詞 ます::: 。:::
正方形	私::わたし:名詞 たち:::名詞 は::: 正方形::せいほうけい:名詞 の::: テーブル::てーぶる:名詞 を::: 持っ:持つ:もっ:動詞 て::: い:いる::動詞 ます::: 。:::
正門	それ:::名詞 は::: 正門::せいもん:名詞 です::: 。:::
成立	商談::しょうだん:名詞 を::: 成立::せいりつ:名詞 さ:する::動詞 せる:::動詞 なら:だ:: 今::いま:名詞 だ::: ぞ::: 。:::
背負う	そんな::: リスク::りすく:名詞 を::: 背負い:背負う:せおい:動詞 たく:たい:: ない::: 。:::
赤道	その::: 国::くに:名詞 の::: 首都::しゅと:名詞 は::: 赤道::せきどう:名詞 下::か:名詞 に::: ある:::動詞 。:::
折角	折角::せっかく:名詞 で::: は::: ござい:ござる::動詞 ます::: が::: 、::: 今回::こんかい:名詞 は::: ご::: 辞退::じたい:名詞 さ:する::動詞 せ:せる::動詞 て::: いただき:いただく::動詞 ます::: 。:::
接近	台風::たいふう:名詞 が::: 日本::にっぽん:名詞 に::: 接近::せっきん:名詞 中::ちゅう:名詞 です::: 。:::
接する	フランス::ふらんす:名詞 は::: イタリア::いたりあ:名詞 と::: 国境::こっきょう:名詞 を::: 接する::せっする:動詞 。:::
せっせと	彼女::かのじょ:名詞 は::: 今::いま:名詞 せっせと:::副詞 やっ:やる::動詞 て::: い:いる::動詞 ます::: 。:::
接続	インターネット::いんたーねっと:名詞 に::: は::: どう:::副詞 やっ:やる::動詞 て::: 接続::せつぞく:名詞 し:する::動詞 ます::: か::: 。:::
瀬戸物	この::: 店::みせ:名詞 は::: 瀬戸物::せともの:名詞 を::: 売っ:売る:うっ:動詞 て::: いる:::動詞 。:::
ぜひとも	この::: 質問::しつもん:名詞 に::: は::: 、::: ぜひとも:::副詞 お答え::おこたえ:名詞 し:する::動詞 たい::: です::: 。:::
迫る	彼ら::かれら:名詞 は::: 私::わたし:名詞 に::: 支払い::しはらい:名詞 を::: 迫っ:迫る:せまっ:動詞 て::: いる:::動詞 。:::
ゼミ	明日::あした:名詞 は::: ゼミ::ぜみ:名詞 の::: 発表::はっぴょう:名詞 。::: ぼろく:ぼろい::形容詞 そ:::名詞 言わ:言う:いわ:動詞 れ:れる::動詞 そう:::名詞 で:だ:: 怖い::こわい:形容詞 な::: 。:::
セメント	砂利::じゃり:名詞 を::: セメント::せめんと:名詞 で::: 固める::かためる:動詞 必要::ひつよう:名詞 が::: ある:::動詞 。:::
台詞	それ:::名詞 は::: こっち:::名詞 の::: 台詞::だいし:名詞 だ::: よ::: 。:::
栓	この::: 栓::せん:名詞 は::: 取り替え:取り替える:とりかえ:動詞 ない::: と::: ダメ::だめ:名詞 です::: ね::: 。:::
全集	この::: 全集::ぜんしゅう:名詞 は::: 最終::さいしゅう:名詞 巻::まき:名詞 が::: 欠け:欠ける:かけ:動詞 て::: いる:::動詞 。:::
扇子	犬::いぬ:名詞 が::: 腕時計::うでどけい:名詞 と::: 扇子::せんす:名詞 を::: 食っ:食う:くっ:動詞 た::: 。:::
専制	彼::かれ:名詞 は::: 専制::せんせい:名詞 君主::くんしゅ:名詞 で:だ:: ある::: 。:::
先祖	この::: 先祖::せんぞ:名詞 伝来::でんらい:名詞 の::: 家宝::かほう:名詞 は::: 君::きみ:名詞 の::: 物::もの:名詞 だ::: 。:::
先端	彼女::かのじょ:名詞 は::: 先端::せんたん:名詞 を::: 行っ:行う:おこなっ:動詞 て::: い:いる::動詞 ます::: 。:::
センチ	今年::ことし:名詞 の::: スカート::すかーと:名詞 は::: 膝::ひざ:名詞 上::じょう:名詞 数::すう:名詞 センチ::せんち:名詞 だ::: 。:::
先頭	彼女::かのじょ:名詞 が::: 列::れつ:名詞 の::: 先頭::せんとう:名詞 です::: 。:::
全般	その::: こと:::名詞 は::: 人間::にんげん:名詞 全般::ぜんぱん:名詞 に::: 言える::いえる:動詞 。:::
扇風機	机::つくえ:名詞 の::: 上::うえ:名詞 に::: 扇風機::せんぷうき:名詞 が::: あり:ある::動詞 ます::: 。:::
洗面	洗面::せんめん:名詞 台::だい:名詞 の::: 上::うえ:名詞 に::: 赤い::あかい:形容詞 ろうそく:::名詞 が::: あり:ある::動詞 ます::: 。:::
全力	ここ:::名詞 から::: あそこ:::名詞 まで::: 全力::ぜんりょく:名詞 で::: 走っ:走る:はしっ:動詞 て::: もらい:もらう::動詞 ます::: 。:::
線路	鉄道::てつどう:名詞 線路::せんろ:名詞 と::: 道路::どうろ:名詞 は::: 平行::へいこう:名詞 し:する::動詞 て::: いる:::動詞 。:::
相違	私::わたし:名詞 たち:::名詞 の::: 間::ま:名詞 に::: は::: 見解::けんかい:名詞 の::: 相違::そうい:名詞 が::: ある:::動詞 よう:::名詞 です::: 。:::
雑巾	朝::あさ:名詞 の::: 清掃::せいそう:名詞 で::: 、::: 雑巾::ぞうきん:名詞 がけ:::名詞 を::: がんばっ:がんばる::動詞 た::: 。:::
増減	この::: 数::すう:名詞 年::ねん:名詞 、::: 体重::たいじゅう:名詞 は::: 増減::ぞうげん:名詞 し:する::動詞 て::: い:いる::動詞 ませ:ます:: ん::: 。:::
相互	愛::あい:名詞 は::: 相互::そうご:名詞 的::てき:名詞 な:だ:: もの:::名詞 です::: 。:::
創作	あなた:::名詞 は::: 創作::そうさく:名詞 と::: ノンフィクション::のんふぃくしょん:名詞 の::: どちら:::名詞 が::: 好き::すき:名詞 です::: か::: 。:::
葬式	葬式::そうしき:名詞 に::: は::: 黒い::くろい:形容詞 服::ふく:名詞 を::: 着:着る:き:動詞 て::: いく:::動詞 の:::名詞 が::: 習慣::しゅうかん:名詞 です::: 。:::
増大	言うまでもなく:言うまでもない:いうまでもなく:形容詞 、::: サーバ::さーば:名詞 の::: 負荷::ふか:名詞 が::: 増大::ぞうだい:名詞 し:する::動詞 て::: しまう:::動詞 の:::名詞 です::: 。:::
そうっと	赤ちゃん::あかちゃん:名詞 の::: 目::め:名詞 を::: 覚まさ:覚ます:さまさ:動詞 ない::: よう:::名詞 に::: 、::: そうっと:::副詞 歩い:歩く:あるい:動詞 た::: 。:::
送別	私::わたし:名詞 たち:::名詞 は::: 彼::かれ:名詞 の::: ため:::名詞 に::: 送別::そうべつ:名詞 会::かい:名詞 を::: 開く::ひらく:動詞 予定::よてい:名詞 です::: 。:::
送料	送料::そうりょう:名詞 が::: 高く:高い:たかく:形容詞 なっ:なる::動詞 て::: 買い控える::かいひかえる:動詞 よう:::名詞 に::: なっ:なる::動詞 た::: 。:::
速達	速達::そくたつ:名詞 便::びん:名詞 で::: お願い::おねがい:名詞 し:する::動詞 ます::: 。:::
測定	速度::そくど:名詞 を::: 測定::そくてい:名詞 する:::動詞 方法::ほうほう:名詞 は::: いくつ:::名詞 か::: ある:::動詞 。:::
素質	彼::かれ:名詞 に::: は::: かなり:::副詞 芸術::げいじゅつ:名詞 的::てき:名詞 な:だ:: 素質::そしつ:名詞 が::: ある:::動詞 。:::
祖先	あなた:::名詞 の::: 祖先::そせん:名詞 を::: ご存知::ごぞんじ:名詞 です::: か::: 。:::
そそっかしい	私::わたし:名詞 、::: すごく:すごい::形容詞 そそっかしく:そそっかしい::形容詞 て::: 。:::
率直	あなた:::名詞 の::: 率直::そっちょく:名詞 な:だ:: 意見::いけん:名詞 が::: 聞き:聞く:きき:動詞 たい::: の:::名詞 です::: 。:::
その他	その他::そのた:名詞 の::: こと:::名詞 なら:だ:: なん:::名詞 でも::: し:する::動詞 ます::: 。:::
剃る	まだ:::副詞 、::: ひ:ひる::動詞 げ:::名詞 を::: 剃っ:剃る:すっ:動詞 て:てる::動詞 ない::: ん:::名詞 だ::: 。:::
それなのに	彼::かれ:名詞 は::: 若い::わかい:形容詞 、::: それなのに::: 分別::ふんべつ:名詞 が::: ある:::動詞 。:::
それなら	それなら::: より:::副詞 お::: 得::とく:名詞 に::: なり:なる::動詞 ます::: 。:::
算盤	算盤::そろばん:名詞 と::: は::: 日本::にっぽん:名詞 の::: アバカス::*:名詞 の::: こと:::名詞 だ::: 。:::
存じる	お::: 名前::なまえ:名詞 は::: よく:::副詞 存じ:存じる:ぞんじ:動詞 あげ:あげる::動詞 て::: い:いる::動詞 ます::: 。:::
損得	損得::そんとく:名詞 なし:ない::形容詞 に::: しよ:する::動詞 う::: 。:::
大学院	大学院::だいがくいん:名詞 に::: 進学::しんがく:名詞 する:::動詞 つもり:::名詞 です::: 。:::
大工	私::わたし:名詞 の::: おじいちゃん:::名詞 は::: 大工::だいく:名詞 です::: 。:::
体系	情報::じょうほう:名詞 を::: 体系::たいけい:名詞 的::てき:名詞 に::: 管理::かんり:名詞 し:する::動詞 て::: おく:::動詞 。:::
太鼓	彼ら::かれら:名詞 は::: 太鼓::たいこ:名詞 を::: ずっと:::副詞 たたき:たたく::動詞 続け:続ける:つづけ:動詞 た::: 。:::
対策	これ:::名詞 は::: 有効::ゆうこう:名詞 な:だ:: 犯罪::はんざい:名詞 防止::ぼうし:名詞 対策::たいさく:名詞 だ::: 。:::
大して	彼::かれ:名詞 は::: 大して::たいして:副詞 妻::つま:名詞 の::: 話し相手::はなしあいて:名詞 に::: は::: なら:なる::動詞 ない::: 。:::
大小	道路::どうろ:名詞 上::じょう:名詞 の::: 大小::だいしょう:名詞 の::: 石::いし:名詞 に::: 気::き:名詞 を::: つけ:つける::動詞 なさい:なさる::動詞 。:::
体制	爆破::ばくは:名詞 予告::よこく:名詞 以来::いらい:名詞 、::: 空港::くうこう:名詞 の::: 警備::けいび:名詞 体制::たいせい:名詞 は::: 強化::きょうか:名詞 さ:する::動詞 れ:れる::動詞 た::: 。:::
体積	体積::たいせき:名詞 が::: 大きい::おおきい:形容詞 から::: と::: いっ:いう::動詞 て::: 常に::つねに:副詞 重量::じゅうりょう:名詞 も::: 重い::おもい:形容詞 と::: は::: 限ら:限る:かぎら:動詞 ない::: 。:::
大層	ロシア::ろしあ:名詞 語::ご:名詞 は::: 大層::たいそう:副詞 学び:学ぶ:まなび:動詞 にくい:::形容詞 。:::
体操	クロスワード::くろすわーど:名詞 パズル::ぱずる:名詞 は::: 頭::あたま:名詞 の::: 体操::たいそう:名詞 に::: ちょうど:::副詞 いい:::形容詞 。:::
大木	イチョウ::いちょう:名詞 は::: 大木::たいぼく:名詞 です::: 。:::
代名詞	中学生::ちゅうがくせい:名詞 が::: 英語::えいご:名詞 を::: 学ぶ::まなぶ:動詞 際::さい:名詞 の::: 最::さい: 難関::なんかん:名詞 の::: 一つ::ひとつ:名詞 が::: 関係::かんけい:名詞 代名詞::だいめいし:名詞 です::: 。:::
ダイヤモンド	これ:::名詞 は::: 恐らく::おそらく:副詞 本物::ほんもの:名詞 の::: ダイヤモンド::だいやもんど:名詞 です::: 。:::
ダイヤル	市外::しがい:名詞 局番::きょくばん:名詞 も::: ダイヤル::だいやる:名詞 する:::動詞 の:::名詞 です::: か::: 。:::
対立	彼::かれ:名詞 は::: いつも:::副詞 上司::じょうし:名詞 と::: 対立::たいりつ:名詞 し:する::動詞 て::: いる:::動詞 。:::
田植え	私::わたし:名詞 たち:::名詞 は::: 田植え::たうえ:名詞 を::: し:する::動詞 まし:ます:: た::: 。:::
絶えず	彼::かれ:名詞 は::: 父親::ちちおや:名詞 を::: 絶えず::たえず:副詞 恐れ:恐れる:おそれ:動詞 て::: いる:::動詞 。:::
楕円	卵::たまご:名詞 は::: 、::: 真ん丸::まんまる:名詞 で:だ:: は::: なく:ない:: 楕円::だえん:名詞 です::: 。:::
耕す	私::わたし:名詞 が::: この::: 土地::とち:名詞 を::: 耕す::たがやす:動詞 の:::名詞 は::: 初めて::はじめて:副詞 だ::: 。:::
滝	その::: 滝::たき:名詞 は::: 橋::はし:名詞 の::: 少し::すこし:副詞 下流::かりゅう:名詞 に::: あり:ある::動詞 ます::: 。:::
蓄える	まさかの::: 時::とき:名詞 の::: ため:::名詞 に::: 蓄え:蓄える:たくわえ:動詞 なさい:なさる::動詞 。:::
竹	パンダ::ぱんだ:名詞 は::: 竹::たけ:名詞 が::: 大好き::だいすき:名詞 です::: 。:::
立ち止まる	彼ら::かれら:名詞 に::: 話す::はなす:動詞 ため:::名詞 に::: 立ち止まっ:立ち止まる:たちどまっ:動詞 た::: 。:::
たちまち	その::: 知らせ::しらせ:名詞 は::: たちまち:::副詞 広まっ:広まる:ひろまっ:動詞 た::: 。:::
脱線	脱線::だっせん:名詞 し:する::動詞 ない::: よう:::名詞 に::: し:する::動詞 なきゃ:ない:: な::: 。:::
妥当	手数料::てすうりょう:名詞 が::: 妥当::だとう:名詞 か::: どう:::副詞 か::: は::: 疑問::ぎもん:名詞 。:::
例える	人生::じんせい:名詞 を::: 一つ::ひとつ:名詞 の::: 物語::ものがたり:名詞 に::: 例える::たとえる:動詞 人::ひと:名詞 も::: い:いる::動詞 ます::: 。:::
頼もしい	ヤニー::*:名詞 って::: 、::: 頼もしい::たのもしい:形容詞 。:::
ダブル	ダブル::だぶる:名詞 ルーム::るーむ:名詞 を::: おねがい:::名詞 し:する::動詞 ます::: 。:::
ダム	ダム::だむ:名詞 の::: 底::そこ:名詞 に::: 水車::すいしゃ:名詞 小屋::こや:名詞 が::: あっ:ある::動詞 た::: 。:::
溜息	と::: 、::: お母さん::おかあさん:名詞 は::: 溜息::ためいき:名詞 を::: つい:つく::動詞 て::: 言う::いう:動詞 の:::名詞 でし:です:: た::: 。:::
ためらう	彼::かれ:名詞 と::: 映画::えいが:名詞 に::: 行く::いく:動詞 の:::名詞 を::: ためらっ:ためらう::動詞 た::: 。:::
足る	取る::とる:動詞 に::: 足ら:足る:たら:動詞 ない::: 問題::もんだい:名詞 です::: 。:::
段階	病気::びょうき:名詞 は::: まだ:::副詞 初期::しょき:名詞 の::: 段階::だんかい:名詞 です::: 。:::
短期	どんな::: 語学::ごがく:名詞 も::: 短期::たんき:名詞 で::: は::: 無理::むり:名詞 だ::: 。:::
炭鉱	炭鉱::たんこう:名詞 の::: 内部::ないぶ:名詞 に::: 多く::おおく:名詞 の::: 労働::ろうどう:名詞 者::しゃ:名詞 が::: 閉じ込め:閉じ込める:とじこめ:動詞 られ:られる::動詞 た::: 。:::
短所	短所::たんしょ:名詞 も::: 含め:含める:ふくめ:動詞 、::: 彼::かれ:名詞 の::: こと:::名詞 が::: 好き::すき:名詞 な:だ:: の::: 。:::
たんす	昨日::きのう:名詞 、::: たんす:::名詞 を::: 買い:買う:かい:動詞 まし:ます:: た::: 。:::
淡水	その::: 魚::さかな:名詞 は::: 淡水::たんすい:名詞 に::: 生息::せいそく:名詞 し:する::動詞 て::: い:いる::動詞 ます::: 。:::
断水	水道::すいどう:名詞 が::: 断水::だんすい:名詞 し:する::動詞 まし:ます:: た::: 。:::
単数	今日::きょう:名詞 は::: 、::: 一般::いっぱん:名詞 動詞::どうし:名詞 の::: 三人称::さんにんしょう:名詞 単数::たんすう:名詞 現在::げんざい:名詞 について::: 説明::せつめい:名詞 し:する::動詞 ます::: 。:::
団地	団地::だんち:名詞 も::: 昔::むかし:名詞 と::: 変わっ:変わる:かわっ:動詞 て::: い:いる::動詞 なかっ:ない:: た::: 。:::
断定	昨晩::さくばん:名詞 の::: 火事::かじ:名詞 は::: 放火::ほうか:名詞 と::: 断定::だんてい:名詞 さ:する::動詞 れ:れる::動詞 た::: 。:::
短編	トム::とむ:名詞 は::: 短編::たんぺん:名詞 小説::しょうせつ:名詞 を::: 書き:書く:かき:動詞 ます::: 。:::
誓う	たばこ:::名詞 は::: やめる:::動詞 と::: 誓い:誓う:ちかい:動詞 ます::: 。:::
近付ける	子供::こども:名詞 たち:::名詞 を::: 薬::くすり:名詞 に::: 近付ける::ちかづける:動詞 な::: 。:::
近寄る	みんな:::名詞 から::: 近寄り:近寄る:ちかより:動詞 がたい:::形容詞 って::: よく:::副詞 言わ:言う:いわ:動詞 れ:れる::動詞 ます::: 。:::
力強い	なるほど::: この::: 車::くるま:名詞 は::: 小さい::ちいさい:形容詞 が::: 力強い::ちからづよい:形容詞 。:::
ちぎる	その::: 犬::いぬ:名詞 は::: 私::わたし:名詞 の::: ブーツ::ぶーつ:名詞 を::: 食い:食う:くい:動詞 ちぎっ:ちぎる::動詞 た::: 。:::
地質	地質::ちしつ:名詞 学者::がくしゃ:名詞 が::: 私::わたし:名詞 たち:::名詞 の::: 農場::のうじょう:名詞 で::: 石油::せきゆ:名詞 の::: 実地::じっち:名詞 調査::ちょうさ:名詞 を::: 行っ:行う:おこなっ:動詞 た::: 。:::
知人	彼::かれ:名詞 の::: 知人::ちじん:名詞 です::: か::: 。:::
地帯	天気::てんき:名詞 が::: 良けれ:良い:よけれ:形容詞 ば::: 、::: 私::わたし:名詞 たち:::名詞 は::: 明日::あした:名詞 田園::でんえん:名詞 地帯::ちたい:名詞 へ::: 旅行::りょこう:名詞 に::: 行き:行く:いき:動詞 ます::: 。:::
縮む	セーター::せーたー:名詞 は::: 洗っ:洗う:あらっ:動詞 たら:た:: 縮ん:縮む:ちぢん:動詞 だ::: ん:::名詞 だ::: 。:::
縮める	すさん:すさぶ::動詞 だ::: 生活::せいかつ:名詞 を::: 送る::おくる:動詞 の:::名詞 は::: 、::: 命::いのち:名詞 を::: 縮める::ちぢめる:動詞 よう:::名詞 な:だ:: もの:::名詞 だ::: 。:::
縮れる	パーマ::ぱーま:名詞 を::: かけ:かける::動詞 た::: ので::: 、::: 髪の毛::かみのけ:名詞 が::: 縮れ:縮れる:ちぢれ:動詞 て::: い:いる::動詞 ます::: 。:::
チップ	チップ::ちっぷ:名詞 は::: お断り::おことわり:名詞 し:する::動詞 ます::: 。:::
地点	その::: 湖::みずうみ:名詞 は::: この::: 地点::ちてん:名詞 が::: 一番::いちばん:名詞 深い::ふかい:形容詞 ん:::名詞 です::: 。:::
地名	一度::いちど:副詞 聞い:聞く:きい:動詞 たら:た:: 忘れ:忘れる:わすれ:動詞 られ:られる::動詞 ない::: 地名::ちめい:名詞 です::: 。:::
茶色い	私::わたし:名詞 は::: 茶色い::ちゃいろい:形容詞 髪::かみ:名詞 を::: し:する::動詞 て::: い:いる::動詞 ます::: 。:::
中間	駅::えき:名詞 は::: その::: 二つ::ふたつ:名詞 の::: 町::まち:名詞 の::: 中間::ちゅうかん:名詞 に::: ある:::動詞 。:::
抽象	あなた:::名詞 の::: 説明::せつめい:名詞 は::: 私::わたし:名詞 に::: は::: 抽象::ちゅうしょう:名詞 的::てき:名詞 すぎ:すぎる::動詞 ます::: 。:::
中世	私::わたし:名詞 の::: 専門::せんもん:名詞 は::: 中世::ちゅうせい:名詞 ヨーロッパ::よーろっぱ:名詞 史::し:名詞 です::: 。:::
中性	アレックス::あれっくす:名詞 は::: 、::: 中性::ちゅうせい:名詞 的::てき:名詞 な:だ:: 名前::なまえ:名詞 です::: 。:::
中途	私::わたし:名詞 たち:::名詞 は::: 山::やま:名詞 の::: 中途::ちゅうと:名詞 まで::: 登っ:登る:のぼっ:動詞 た::: 。:::
中年	彼女::かのじょ:名詞 は::: 中年::ちゅうねん:名詞 デブ::でぶ:名詞 だ::: 。:::
チョーク	一::いち:名詞 本::ほん:名詞 の::: チョーク::ちょーく:名詞 を::: 取り出し:取り出す:とりだし:動詞 た::: 。:::
超過	その::: 車::くるま:名詞 は::: 制限::せいげん:名詞 速度::そくど:名詞 を::: 超過::ちょうか:名詞 し:する::動詞 て::: いる:::動詞 。:::
彫刻	イヌイット::いぬいっと:名詞 の::: 彫刻::ちょうこく:名詞 は::: 美しい::うつくしい:形容詞 です::: 。:::
長所	あなた:::名詞 の::: 長所::ちょうしょ:名詞 は::: 何::なに:名詞 です::: か::: 。:::
長女	彼::かれ:名詞 が::: 一番::いちばん:名詞 愛し:愛す:あいし:動詞 て::: いる:::動詞 の:::名詞 は::: 彼女::かのじょ:名詞 の::: 長女::ちょうじょ:名詞 です::: 。:::
調整	今後::こんご:名詞 の::: 計画::けいかく:名詞 について::: 、::: 関係::かんけい:名詞 者::しゃ:名詞 と::: 調整::ちょうせい:名詞 を::: 行っ:行う:おこなっ:動詞 て::: おり:おる::動詞 ます::: 。:::
調節	この::: つまみ:つまむ::動詞 を::: 回す::まわす:動詞 こと:::名詞 で::: テレビ::てれび:名詞 の::: 色::いろ:名詞 を::: 調節::ちょうせつ:名詞 でき:できる::動詞 ます::: 。:::
頂点	自動車::じどうしゃ:名詞 生産::せいさん:名詞 は::: 頂点::ちょうてん:名詞 を::: 超え:超える:こえ:動詞 た::: 。:::
長男	長男::ちょうなん:名詞 の::: 名前::なまえ:名詞 は::: トム::とむ:名詞 です::: 。:::
長方形	長方形::ちょうほうけい:名詞 の::: 向かい合う::むかいあう:動詞 辺::あたり:名詞 は::: 平行::へいこう:名詞 です::: 。:::
直後	夏休み::なつやすみ:名詞 の::: 直後::ちょくご:名詞 に::: 試験::しけん:名詞 です::: 。:::
直線	その::: 直線::ちょくせん:名詞 は::: 直角::ちょっかく:名詞 に::: 交わっ:交わる:まじわっ:動詞 て::: いる:::動詞 。:::
直前	試合::しあい:名詞 の::: 直前::ちょくぜん:名詞 に::: は::: いつも:::副詞 あがっ:あがる::動詞 て::: い:いる::動詞 ます::: 。:::
直通	ダイヤル::だいやる:名詞 直通::ちょくつう:名詞 です::: か::: 。:::
直角	これら:::名詞 の::: 線::せん:名詞 は::: 直角::ちょっかく:名詞 に::: 交わる::まじわる:動詞 。:::
直径	池::いけ:名詞 の::: 直径::ちょっけい:名詞 は::: どの::: くらい::: です::: か::: 。:::
散らかす	お前::おまえ:名詞 の::: 物::もの:名詞 を::: その::: 辺り::あたり:名詞 に::: 散らかす::ちらかす:動詞 な::: 。:::
散らかる	お前::おまえ:名詞 の::: 部屋::へや:名詞 、::: 散らかっ:散らかる:ちらかっ:動詞 てん:てる::動詞 なぁ::: 。:::
追加	ウィッシュリスト::*:名詞 に::: 追加::ついか:名詞 し:する::動詞 ます::: 。:::
ついで	ついで::: に::: 私::わたし:名詞 の:::名詞 も::: 買っ:買う:かっ:動詞 て::: き:くる::動詞 て::: くれ:くれる::動詞 ます::: か::: 。:::
通ずる	全て::すべて:名詞 の::: 道::みち:名詞 は::: ヘルシンゲル::*:名詞 に::: 通ず:通ずる:つうず:動詞 。:::
通知	採用::さいよう:名詞 と::: 決定::けってい:名詞 し:する::動詞 たら:た:: ご::: 通知::つうち:名詞 いたし:いたす::動詞 ます::: 。:::
通帳	貯金::ちょきん:名詞 通帳::かよいちょう:名詞 に::: 残っ:残る:のこっ:動詞 て::: い:いる::動詞 た::: 金::きん:名詞 で::: 利子::りし:名詞 が::: つい:つく::動詞 た::: 。:::
通用	大学生::だいがくせい:名詞 として::: 通用::つうよう:名詞 し:する::動詞 ます::: 。:::
突き当たり	突き当たり:突き当たる:つきあたり:動詞 に::: 郵便::ゆうびん:名詞 局::きょく:名詞 が::: あり:ある::動詞 ます::: 。:::
突き当たる	突き当たり:突き当たる:つきあたり:動詞 に::: 郵便::ゆうびん:名詞 局::きょく:名詞 が::: あり:ある::動詞 ます::: 。:::
月日	月日::つきひ:名詞 の::: 経つ::たつ:動詞 の:::名詞 は::: 矢::や:名詞 の::: よう:::名詞 に::: 早く:早い:はやく:形容詞 、::: 果物::くだもの:名詞 は::: バナナ::ばなな:名詞 の::: よう:::名詞 に::: 飛ぶ::とぶ:動詞 。:::
突っ込む	信号::しんごう:名詞 は::: 赤::あか:名詞 だっ:だ:: た::: のに::: 、::: あの::: 車::くるま:名詞 が::: 突っ込ん:突っ込む:つっこん:動詞 で::: き:くる::動詞 た::: ん:::名詞 です::: 。:::
務める	姉::あね:名詞 が::: ブライズメイド::*:名詞 を::: 務め:務める:つとめ:動詞 ます::: 。:::
努める	現在::げんざい:名詞 、::: 通常::つうじょう:名詞 の::: サービス::さーびす:名詞 の::: 早急::そうきゅう:名詞 な:だ:: 復旧::ふっきゅう:名詞 に::: 努め:努める:つとめ:動詞 て::: い:いる::動詞 ます::: 。:::
綱	その::: 綱::つな:名詞 を::: 引っ張っ:引っ張る:ひっぱっ:動詞 て::: ください:くださる::動詞 。:::
繋がり	インターネット::いんたーねっと:名詞 を::: 繋ご:繋ぐ:つなご:動詞 う::: として::: も::: 、::: 繋がり:繋がる:つながり:動詞 ませ:ます:: ん::: 。:::
粒	粒::つぶ:名詞 の::: 小さな::ちいさな: イチゴ::いちご:名詞 が::: 安く:安い:やすく:形容詞 売ら:売る:うら:動詞 れ:れる::動詞 て::: いる:::動詞 。:::
潰す	水::みず:名詞 ぶ:ぶる::動詞 くれ:くれる::動詞 を::: 潰さ:潰す:つぶさ:動詞 ない::: で::: くれ:くれる::動詞 。:::
潰れる	わぁ::: 、::: カバン::かばん:名詞 の::: 中::なか:名詞 で::: バナナ::ばなな:名詞 が::: 潰れ:潰れる:つぶれ:動詞 てる:::動詞 よ::: 。:::
つまずく	木::き:名詞 の::: 根っこ::ねっこ:名詞 に::: 足::あし:名詞 つまずか:つまずく::動詞 せ:せる::動詞 て::: 、::: こけ:こける::動詞 ちゃっ:ちゃう::動詞 た::: よ::: 。:::
躓く	家::いえ:名詞 に::: 上がる::あがる:動詞 時::とき:名詞 、::: マット::まっと:名詞 に::: 躓い:躓く:つまずい:動詞 た::: 。:::
詰まる	のど:::名詞 が::: 詰まっ:詰まる:つまっ:動詞 た::: 感じ::かんじ:名詞 です::: 。:::
爪	ちょうど:::副詞 爪::つめ:名詞 を::: 切っ:切る:きっ:動詞 た::: ところ:::名詞 だ::: よ::: 。:::
艶	メアリー::めありー:名詞 は::: 艶::つや:名詞 や::: かな:::名詞 黒髪::くろかみ:名詞 を::: し:する::動詞 て::: いる:::動詞 。:::
強気	今日::きょう:名詞 は::: 強気::つよき:名詞 で:だ:: いき:いく::動詞 ます::: 。:::
釣り合う	仕事::しごと:名詞 の::: 量::りょう:名詞 と::: 賃金::ちんぎん:名詞 が::: 釣り合っ:釣り合う:つりあっ:動詞 て::: い:いる::動詞 ない::: 。:::
吊る	ランプ::らんぷ:名詞 が::: 木::き:名詞 の::: 枝::えだ:名詞 から::: 吊り:吊る:つり:動詞 下げ:下げる:さげ:動詞 られ:られる::動詞 た::: 。:::
吊す	彼::かれ:名詞 は::: 天井::てんじょう:名詞 に::: ランプ::らんぷ:名詞 を::: 吊し:吊す:つるし:動詞 た::: 。:::
テーマ	今::いま:名詞 は::: 卒論::そつろん:名詞 の::: テーマ::てーま:名詞 を::: 探し:探す:さがし:動詞 て::: いる:::動詞 ところ:::名詞 です::: 。:::
手洗い	ちょっと:::副詞 お::: 手洗い::てあらい:名詞 行っ:行く:いっ:動詞 て::: き:くる::動詞 ます::: 。:::
定員	ボート::ぼーと:名詞 は::: 定員::ていいん:名詞 オーバー::おーばー:名詞 で::: バランス::ばらんす:名詞 を::: 失っ:失う:うしなっ:動詞 た::: 。:::
定価	定価::ていか:名詞 で::: 売っ:売る:うっ:動詞 てる:::動詞 店::みせ:名詞 なんて::: 、::: ここら:::名詞 じゃ::: 見:見る:み:動詞 た::: こと:::名詞 ない:::形容詞 。:::
低下	最近::さいきん:名詞 、::: 出生::しゅっしょう:名詞 率::りつ:名詞 は::: 低下::ていか:名詞 し:する::動詞 続け:続ける:つづけ:動詞 て::: いる:::動詞 。:::
停止	ボタン::ぼたん:名詞 を::: 押す::おす:動詞 と::: エンジン::えんじん:名詞 が::: 停止::ていし:名詞 し:する::動詞 ます::: 。:::
停車	次に::つぎに: 停車::ていしゃ:名詞 する:::動詞 町::まち:名詞 は::: どこ:::名詞 です::: か::: 。:::
出入り	その::: ドア::どあ:名詞 から::: 台所::だいどころ:名詞 へ::: 出入り::でいり:名詞 できる:::動詞 。:::
出入り口	乗務::じょうむ:名詞 員::いん:名詞 が::: ただいま:::副詞 出入り口::でいりぐち:名詞 を::: 開け:開ける:あけ:動詞 て::: おり:おる::動詞 ます::: 。:::
手入れ	お::: 宅::たく:名詞 の::: 庭::にわ:名詞 は::: 少し::すこし:副詞 手入れ::ていれ:名詞 が::: 必要::ひつよう:名詞 です::: 。:::
出来上がり	どの::: くらい::: で:だ:: この::: 洗濯::せんたく:名詞 物::ぶつ:名詞 は::: 出来上がり:出来上がる:できあがり:動詞 ます::: か::: 。:::
出来上がる	どの::: くらい::: で:だ:: この::: 洗濯::せんたく:名詞 物::ぶつ:名詞 は::: 出来上がり:出来上がる:できあがり:動詞 ます::: か::: 。:::
的確	彼::かれ:名詞 の::: 答え::こたえ:名詞 は::: 的確::てきかく:名詞 だ::: 。:::
手首	転ん:転ぶ:ころん:動詞 だ::: 時::とき:名詞 、::: 手首::てくび:名詞 を::: 折っ:折る:おっ:動詞 た::: 。:::
凸凹	この::: 道路::どうろ:名詞 は::: 未::み: 舗装::ほそう:名詞 で::: 凸凹::でこぼこ:名詞 し:する::動詞 て::: いる:::動詞 。:::
手頃	休日::きゅうじつ:名詞 に::: 着る::きる:動詞 手頃::てごろ:名詞 な:だ:: 着物::きもの:名詞 を::: 今::いま:名詞 選ん:選ぶ:えらん:動詞 で::: いる:::動詞 ところ:::名詞 です::: 。:::
手ごろ	その::: 値段::ねだん:名詞 は::: 手ごろ::てごろ:名詞 です::: 。:::
弟子	弟子::でし:名詞 達::たち:名詞 は::: イエス::いえす:名詞 を::: 信じ:信じる:しんじ:動詞 た::: 。:::
でたらめ	あの::: 人::ひと:名詞 の::: 言う::いう:動詞 こと:::名詞 は::: でたらめ:::名詞 です::: 。:::
手帳	腰::こし:名詞 を::: 下ろし:下ろす:おろし:動詞 、::: 手帳::てちょう:名詞 を::: 開き:開く:ひらき:動詞 まし:ます:: た::: 。:::
鉄橋	その::: 川::かわ:名詞 に::: は::: 鉄橋::てっきょう:名詞 が::: すでに:::副詞 建設::けんせつ:名詞 中::ちゅう:名詞 だ::: 。:::
手続き	手続き::てつづき:名詞 を::: 説明::せつめい:名詞 し:する::動詞 て::: いただけ:いただける::動詞 ます::: か::: 。:::
鉄砲	矢::や:名詞 で::: も::: 鉄砲::てっぽう:名詞 でも::: 持っ:持つ:もっ:動詞 て::: こい:くる::動詞 。:::
手前	手前::てまえ:名詞 に::: ひい:ひく::動詞 て::: 開け:開ける:あけ:動詞 て::: ください:くださる::動詞 。:::
出迎え	明日::あした:名詞 、::: 駅::えき:名詞 で::: お::: 出迎え::でむかえ:名詞 し:する::動詞 ましょ:ます:: う::: 。:::
出迎える	ジェーン::じぇーん:名詞 を::: 出迎える::でむかえる:動詞 事::こと:名詞 は::: わくわく:::副詞 し:する::動詞 ます::: 。:::
照らす	月::つき:名詞 が::: 部屋::へや:名詞 を::: 照らし:照らす:てらし:動詞 て::: い:いる::動詞 ます::: 。:::
照る	降っ:降る:ふっ:動詞 て::: も::: 照っ:照る:てっ:動詞 て::: も::: 明日::あした:名詞 は::: 出発::しゅっぱつ:名詞 し:する::動詞 ます::: 。:::
展開	与党::よとう:名詞 は::: 野党::やとう:名詞 非難::ひなん:名詞 の::: キャンペーン::きゃんぺーん:名詞 を::: 展開::てんかい:名詞 し:する::動詞 て::: い:いる::動詞 ます::: 。:::
伝記	偉大::いだい:名詞 な:だ:: 天才::てんさい:名詞 は::: 最短::さいたん:名詞 の::: 伝記::でんき:名詞 を::: 有する::ゆうする:動詞 。:::
電球	電球::でんきゅう:名詞 が::: きれ:きれる::動詞 て::: い:いる::動詞 ます::: 。:::
点数	反応::はんのう:名詞 が::: 早けれ:早い:はやけれ:形容詞 ば::: 点数::てんすう:名詞 が::: 上がり:上がる:あがり:動詞 ます::: 。:::
伝染	深刻::しんこく:名詞 な:だ:: 伝染::でんせん:名詞 病::びょう:名詞 が::: 北京::ぺきん:名詞 で::: 発生::はっせい:名詞 し:する::動詞 た::: 。:::
電池	この::: 電池::でんち:名詞 は::: どれ:::名詞 くらい::: もち:もつ::動詞 ます::: か::: 。:::
電柱	その::: バイク::ばいく:名詞 は::: 電柱::でんちゅう:名詞 に::: ぶつかっ:ぶつかる::動詞 た::: 。:::
天皇	かつて:::副詞 天皇::てんのう:名詞 は::: 京都::きょうと:名詞 に::: おわし:おわす::動詞 た::: 。:::
電波	なんか::: ここ:::名詞 、::: 電波::でんぱ:名詞 悪い::わるい:形容詞 ん:::名詞 だ::: よ::: ねえ::: 。:::
テンポ	テンポ::てんぽ:名詞 の::: いい:::形容詞 映画::えいが:名詞 が::: 好き::すき:名詞 です::: 。:::
電流	ソレノイド::*:名詞 へ::: の::: 突入::とつにゅう:名詞 電流::でんりゅう:名詞 で::: ノイズ::のいず:名詞 が::: 発生::はっせい:名詞 し:する::動詞 ます::: 。:::
電力	父::ちち:名詞 は::: 電力::でんりょく:名詞 会社::かいしゃ:名詞 に::: 勤め:勤める:つとめ:動詞 て::: い:いる::動詞 ます::: 。:::
問い合わせ	お::: 問い合わせ::といあわせ:名詞 いただき:いただく::動詞 ありがとう::: ござい:ござる:: ます::: 。:::
銅	この::: スプーン::すぷーん:名詞 は::: 銅::どう:名詞 製::せい:名詞 です::: 。:::
統一	彼::かれ:名詞 は::: レース::れーす:名詞 に::: のぞん:のぞむ::動詞 で::: 精神::せいしん:名詞 統一::とういつ:名詞 し:する::動詞 た::: 。:::
峠	病人::びょうにん:名詞 は::: もう:::副詞 峠::とうげ:名詞 を::: 越し:越す:こし:動詞 た::: 。:::
統計	統計::とうけい:名詞 的::てき:名詞 に::: 予測::よそく:名詞 し:する::動詞 た::: 歳入::さいにゅう:名詞 見込み::みこみ:名詞 額::がく:名詞 なら:だ:: お知らせ::おしらせ:名詞 でき:できる::動詞 ます::: 。:::
動作	彼::かれ:名詞 は::: 動作::どうさ:名詞 が::: はやい:::形容詞 。:::
東西	これ:::名詞 は::: 古今::ここん:名詞 東西::とうざい:名詞 に::: 通ずる::つうずる:動詞 真理::しんり:名詞 で:だ:: ある::: 。:::
投書	新聞::しんぶん:名詞 や::: 雑誌::ざっし:名詞 の::: 投書::とうしょ:名詞 欄::らん:名詞 を::: 読み:読む:よみ:動詞 ます::: 。:::
登場	いよいよ:::副詞 トム::とむ:名詞 の::: 登場::とうじょう:名詞 です::: 。:::
どうせ	どうせ:::副詞 言っ:言う:いっ:動詞 て::: も::: 分から:分かる:わから:動詞 ない::: じゃん::: 。:::
灯台	灯台::とうだい:名詞 は::: きらきら:::副詞 と::: 光::ひかり:名詞 を::: 放っ:放つ:はなっ:動詞 て::: い:いる::動詞 た::: 。:::
盗難	盗難::とうなん:名詞 届::とどけ:名詞 は::: どの::: よう:::名詞 に::: すれ:する::動詞 ば::: いい:::形容詞 の:::名詞 です::: か::: 。:::
当番	今日::きょう:名詞 は::: ジョン::じょん:名詞 が::: 当番::とうばん:名詞 です::: 。:::
透明	透明::とうめい:名詞 度::ど:名詞 は::: どれ:::名詞 くらい::: です::: か::: 。:::
灯油	この::: ストーブ::すとーぶ:名詞 は::: 灯油::とうゆ:名詞 を::: 使用::しよう:名詞 し:する::動詞 ます::: 。:::
童話	あなた:::名詞 は::: この::: 童話::どうわ:名詞 を::: 一::いち:名詞 人::にん:名詞 で::: 書い:書く:かい:動詞 た::: の:::名詞 です::: か::: 。:::
通り掛かる	私::わたし:名詞 は::: 通り掛かり:通り掛かる:とおりかかり:動詞 の::: 人::ひと:名詞 に::: どの::: 道::みち:名詞 を::: いっ:いう::動詞 たら:た:: いい:::形容詞 の:::名詞 か::: 尋ね:尋ねる:たずね:動詞 た::: 。:::
溶かす	バター::ばたー:名詞 を::: 熱し:熱す:ねっし:動詞 、::: 溶かし:溶かす:とかし:動詞 ます::: 。:::
尖る	彼女::かのじょ:名詞 の::: 言い方::いいかた:名詞 は::: 私::わたし:名詞 の::: 神経::しんけい:名詞 を::: 尖ら:尖る:とがら:動詞 せる:::動詞 。:::
どきどき	少し::すこし:副詞 走っ:走る:はしっ:動詞 たら:た:: 胸::むね:名詞 が::: どきどき:::名詞 し:する::動詞 た::: 。:::
特殊	間違い::まちがい:名詞 なく:ない:: 特殊::とくしゅ:名詞 な:だ:: ケース::けーす:名詞 です::: 。:::
特色	湿気::しっけ:名詞 の::: 多い::おおい:形容詞 気候::きこう:名詞 は::: その::: 半島::はんとう:名詞 の::: 特色::とくしょく:名詞 です::: 。:::
特定	警察::けいさつ:名詞 は::: いまだ:::副詞 犯人::はんにん:名詞 を::: 特定::とくてい:名詞 でき:できる::動詞 ない::: で::: いる:::動詞 。:::
特売	あの::: 店::みせ:名詞 で::: は::: 今::こん: 夏物::なつもの:名詞 の::: 特売::とくばい:名詞 中::ちゅう:名詞 です::: 。:::
溶け込む	海::うみ:名詞 は::: 水平::すいへい:名詞 線::せん:名詞 で::: 空::そら:名詞 に::: 溶け込ん:溶け込む:とけこん:動詞 で::: い:いる::動詞 た::: 。:::
退ける	彼::かれ:名詞 の::: 計画::けいかく:名詞 は::: 退け:退ける:しりぞけ:動詞 られ:られる::動詞 た::: 。:::
都心	彼::かれ:名詞 は::: その::: 商売::しょうばい:名詞 を::: 都心::としん:名詞 に::: 集中::しゅうちゅう:名詞 し:する::動詞 た::: 。:::
戸棚	皿::さら:名詞 を::: 戸棚::とだな:名詞 へ::: しまっ:しまう::動詞 て::: くれ:くれる::動詞 ます::: か::: 。:::
とっくに	とっくに:::副詞 彼::かれ:名詞 は::: それ:::名詞 に::: 気づい:気づく:きづい:動詞 て::: い:いる::動詞 た::: 。:::
どっと	乗客::じょうきゃく:名詞 たち:::名詞 は::: 道路::どうろ:名詞 に::: どっと:::副詞 降り:降りる:おり:動詞 た::: 。:::
整う	あなた:::名詞 の::: 出発::しゅっぱつ:名詞 の::: 準備::じゅんび:名詞 が::: すべて:::名詞 整う::ととのう:動詞 よう:::名詞 取り計らい:取り計らう:とりはからい:動詞 ます::: 。:::
留まる	行く::いく:動詞 も::: 留まる::とまる:動詞 も::: あなた:::名詞 の::: 自由::じゆう:名詞 です::: 。:::
怒鳴る	彼::かれ:名詞 は::: 腹::はら:名詞 を::: 立て:立てる:たて:動詞 て::: 私::わたし:名詞 に::: 怒鳴っ:怒鳴る:どなっ:動詞 た::: 。:::
飛び込む	トム::とむ:名詞 は::: ざぶんと::*:名詞 水::すい:名詞 に::: 飛び込ん:飛び込む:とびこん:動詞 だ::: 。:::
ともかく	効果::こうか:名詞 は::: ともかく:::副詞 なかなか:::副詞 楽しい::たのしい:形容詞 よ::: 。:::
捕える	早起き::はやおき:名詞 の::: 鳥::とり:名詞 は::: 虫::むし:名詞 を::: 捕える::とらえる:動詞 。:::
取り入れる	洗濯::せんたく:名詞 物::ぶつ:名詞 を::: 中::なか:名詞 へ::: 取り入れ:取り入れる:とりいれ:動詞 て::: 下さい:下さる:ください:動詞 。:::
取り出す	彼::かれ:名詞 は::: ペン::ぺん:名詞 を::: 取り出し:取り出す:とりだし:動詞 て::: 小切手::こぎって:名詞 に::: サイン::さいん:名詞 し:する::動詞 た::: 。:::
採る	トマト::とまと:名詞 を::: 採っ:採る:とっ:動詞 てる:::動詞 ん:::名詞 だ::: よ::: 。:::
捕る	ネズミ::ねずみ:名詞 が::: ネズミ::ねずみ:名詞 捕り:捕る:とり:動詞 に::: 捕まっ:捕まる:つかまっ:動詞 た::: 。:::
丼	彼::かれ:名詞 は::: ご飯::ごはん:名詞 を::: 丼::どんぶり:名詞 で::: 食べ:食べる:たべ:動詞 た::: よ::: 。:::
内科	内科::ないか:名詞 は::: どこ:::名詞 です::: か::: 。:::
内線	交換::こうかん:名詞 手::しゅ:名詞 です::: 。::: 内線::ないせん:名詞 番号::ばんごう:名詞 を::: どうぞ:::副詞 。:::
ナイロン	この::: ナイロン::ないろん:名詞 ソックス::そっくす:名詞 は::: 、::: 洗濯::せんたく:名詞 が::: きく:::動詞 。:::
仲直り	私::わたし:名詞 と::: 仲直り::なかなおり:名詞 し:する::動詞 て::: くれ:くれる::動詞 ませ:ます:: ん::: か::: 。:::
長引く	会議::かいぎ:名詞 は::: 長引い:長引く:ながびい:動詞 て::: 深夜::しんや:名詞 まで::: 続い:続く:つづい:動詞 た::: 。:::
中指	中指::なかゆび:名詞 が::: 一番::いちばん:名詞 長い::ながい:形容詞 です::: 。:::
仲良し	トム::とむ:名詞 と::: メアリー::めありー:名詞 は::: 大::だい:名詞 の::: 仲良し::なかよし:名詞 です::: 。:::
慰める	悲しみ::かなしみ:名詞 に::: 暮れる::くれる:動詞 その::: 女性::じょせい:名詞 は::: 友人::ゆうじん:名詞 たち:::名詞 に::: 慰め:慰める:なぐさめ:動詞 られ:られる::動詞 た::: 。:::
為す	事::こと:名詞 ここ:::名詞 に::: いたっ:いたる::動詞 て::: は::: 為す::なす:動詞 すべ:::名詞 が::: ない:::形容詞 。:::
撫でる	この::: あたり:::名詞 を::: 撫でる::なでる:動詞 と::: 、::: しこり:::名詞 の::: よう:::名詞 な:だ:: もの:::名詞 が::: ある:::動詞 ん:::名詞 です::: 。:::
斜め	布::ぬの:名詞 を::: 斜め::ななめ:名詞 に::: カット::かっと:名詞 し:する::動詞 ます::: 。:::
なにしろ	なにしろ:::副詞 、::: 独り者::ひとりもの:名詞 で::: 。:::
何分	バス::ばす:名詞 は::: 何分::なにぶん:名詞 おき:::名詞 に::: 出:出る:で:動詞 て::: い:いる::動詞 ます::: か::: 。:::
生意気	これ:::名詞 以上::いじょう:名詞 生意気::なまいき:名詞 言う::いう:動詞 と::: たたく:::動詞 ぞ::: 。:::
並木	歩道::ほどう:名詞 の::: 並木::なみき:名詞 が::: 四季::しき:名詞 の::: 移ろい::うつろい:名詞 を::: 感じ:感じる:かんじ:動詞 させ:させる::動詞 て::: くれる:::動詞 。:::
南極	それから::: 彼ら::かれら:名詞 は::: インド洋::いんどよう:名詞 へ::: と::: まわり:::名詞 南極::なんきょく:名詞 まで::: 飛ん:飛ぶ:とん:動詞 で::: いき:いく::動詞 ます::: 。:::
なんとなく	中国::ちゅうごく:名詞 語::ご:名詞 は::: なんとなく:::副詞 わかり:わかる::動詞 ます::: 。:::
なんとも	その::: 知らせ::しらせ:名詞 なんか::: なんとも:::副詞 ない:::形容詞 。:::
何とも	これ:::名詞 は::: 何とも::なんとも:副詞 悲しい::かなしい:形容詞 物語::ものがたり:名詞 です::: 。:::
ナンバー	お::: 名前::なまえ:名詞 と::: フライト::ふらいと:名詞 ナンバー::なんばー:名詞 を::: お願い::おねがい:名詞 し:する::動詞 ます::: 。:::
南米	私::わたし:名詞 は::: 清水::しみず:名詞 の::: 舞台::ぶたい:名詞 から::: 飛び降りる::とびおりる:動詞 気持ち::きもち:名詞 で::: 南米::なんべい:名詞 に::: 渡り:渡る:わたり:動詞 ます::: 。:::
南北	日本::にっぽん:名詞 は::: 南北::なんぼく:名詞 に::: 長い::ながい:形容詞 国::くに:名詞 です::: 。:::
逃がす	今度::こんど:名詞 こそ::: は::: 彼女::かのじょ:名詞 を::: 逃がさ:逃がす:にがさ:動詞 ない::: ぞ::: 。:::
憎い	かわい:かわいい::形容詞 さ:::名詞 余っ:余る:あまっ:動詞 て::: 憎:憎い:にく:形容詞 さ:::名詞 百::ひゃく:名詞 倍::ばい:名詞 。:::
憎む	未だに::いまだに:副詞 あなた:::名詞 の::: こと:::名詞 を::: 憎ん:憎む:にくん:動詞 で::: い:いる::動詞 ます::: 。:::
憎らしい	本当に::ほんとうに:副詞 憎らし:憎らしい:にくらし:形容詞 いっ:いう::動詞 たら:た:: ありゃ:ある::動詞 し:する::動詞 ない::: 。:::
にこにこ	いつも:::副詞 にこにこ:::名詞 し:する::動詞 てる:::動詞 から::: 、::: 彼女::かのじょ:名詞 は::: 幸せ::しあわせ:名詞 みたい:::名詞 です::: 。:::
濁る	コップ::こっぷ:名詞 の::: 水::みず:名詞 は::: 濁っ:濁る:にごっ:動詞 てる:::動詞 。:::
虹	東::ひがし:名詞 に::: は::: 虹::にじ:名詞 が::: あり:ある::動詞 ます::: 。:::
日時	会合::かいごう:名詞 の::: 日時::にちじ:名詞 は::: おっ:おる::動詞 て::: お知らせ::おしらせ:名詞 し:する::動詞 ます::: 。:::
日課	朝食::ちょうしょく:名詞 前::まえ:名詞 に::: 新聞::しんぶん:名詞 を::: 読む::よむ:動詞 の:::名詞 が::: 私::わたし:名詞 の::: 日課::にっか:名詞 です::: 。:::
日程	日程::にってい:名詞 は::: 後日::ごじつ:名詞 決定::けってい:名詞 いたし:いたす::動詞 ます::: 。:::
入社	彼::かれ:名詞 は::: 高校::こうこう:名詞 卒業::そつぎょう:名詞 直後::ちょくご:名詞 に::: 入社::にゅうしゃ:名詞 し:する::動詞 た::: 。:::
女房	去年::きょねん:名詞 、::: 女房::にょうぼう:名詞 に::: 死な:死ぬ:しな:動詞 れ:れる::動詞 た::: ん:::名詞 だ::: よ::: 。:::
睨む	私::わたし:名詞 を::: 睨み:睨む:にらみ:動詞 返し:返す:かえし:動詞 た::: 少女::しょうじょ:名詞 は::: 怒っ:怒る:おこっ:動詞 て::: い:いる::動詞 た::: 。:::
縫う	彼女::かのじょ:名詞 は::: 糸::いと:名詞 を::: 通し:通す:とおし:動詞 た::: 針::はり:名詞 で::: 縫い:縫う:ぬい:動詞 ます::: 。:::
ねじ	その::: ねじ:::名詞 まわし:まわす::動詞 を::: 私::わたし:名詞 は::: 、::: 友人::ゆうじん:名詞 から::: 借り:借りる:かり:動詞 た::: 。:::
ネックレス	これ:::名詞 は::: 私::わたし:名詞 が::: 昨日::きのう:名詞 なくし:なくす::動詞 た::: の:::名詞 と::: 同じ::おなじ: ネックレス::ねっくれす:名詞 です::: 。:::
熱する	熱::ねつ:名詞 気球::ききゅう:名詞 に::: 乗っ:乗る:のっ:動詞 た::: こと:::名詞 あり:ある::動詞 ます::: か::: 。:::
寝間着	トム::とむ:名詞 っ:く::動詞 たら:た:: 、::: 寝間着::ねまき:名詞 の::: まま:::名詞 授業::じゅぎょう:名詞 に::: き:くる::動詞 た::: の::: よ::: 。:::
寝巻	寝巻::ねまき:名詞 の::: まま:::名詞 学校::がっこう:名詞 に::: 行っ:行く:いっ:動詞 て::: しまっ:しまう::動詞 た::: 。:::
狙い	狙い::ねらい:名詞 通り::どおり:名詞 に::: 決まっ:決まる:きまっ:動詞 て::: 気持ちいい::きもちいい:形容詞 。:::
狙う	コツコツ::こつこつ:副詞 やっ:やる::動詞 て::: 、::: ジワジワ::じわじわ:名詞 上昇::じょうしょう:名詞 を::: 狙っ:狙う:ねらっ:動詞 て::: ます::: 。:::
農産物	わが国::わがくに:名詞 の::: 主::おも:名詞 な:だ:: 農産物::のうさんぶつ:名詞 は::: 米::こめ:名詞 で:だ:: ある::: 。:::
農村	日本::にっぽん:名詞 の::: 農村::のうそん:名詞 風景::ふうけい:名詞 は::: 大きく:大きい:おおきく:形容詞 変わっ:変わる:かわっ:動詞 た::: と::: いわ:いう::動詞 れ:れる::動詞 て::: い:いる::動詞 ます::: 。:::
農薬	たくさん:::名詞 農薬::のうやく:名詞 使っ:使う:つかっ:動詞 て::: そう:::副詞 で:だ:: こわい:::形容詞 。:::
能率	そう:::副詞 すれ:する::動詞 ば::: 能率::のうりつ:名詞 が::: 上がり:上がる:あがり:動詞 ます::: よ::: 。:::
のこぎり	父::ちち:名詞 は::: のこぎり:::名詞 で::: 木::き:名詞 を::: 切っ:切る:きっ:動詞 た::: 。:::
残らず	あなた:::名詞 は::: 私::わたし:名詞 の::: 夢::ゆめ:名詞 を::: 、::: 残ら:残る:のこら:動詞 ず:ぬ:: 実現::じつげん:名詞 さ:する::動詞 せ:せる::動詞 て::: くれ:くれる::動詞 た::: 。:::
上り	生計::せいけい:名詞 費::ひ:名詞 は::: 昨年::さくねん:名詞 うなぎ:::名詞 上り::のぼり:名詞 でし:です:: た::: 。:::
糊	彼::かれ:名詞 は::: メモ::めも:名詞 を::: ドア::どあ:名詞 に::: 糊::のり:名詞 で::: 貼っ:貼る:はっ:動詞 た::: 。:::
乗り換え	乗り換え::のりかえ:名詞 切符::きっぷ:名詞 を::: もらえ:もらえる::動詞 ます::: か::: 。:::
乗り越し	考え事::かんがえごと:名詞 を::: し:する::動詞 て:てる::動詞 たら:た:: 、::: 乗り越し:乗り越す:のりこし:動詞 て::: しまっ:しまう::動詞 た::: 。:::
のろのろ	前::まえ:名詞 の::: 車::くるま:名詞 が::: のろのろ:::副詞 で::: いらいら:::名詞 する:::動詞 。:::
呑気	トム::とむ:名詞 は::: 呑気::のんき:名詞 で:だ:: マイペース::まいぺーす:名詞 な:だ:: 性格::せいかく:名詞 だ::: 。:::
灰色	あの::: 灰色::はいいろ:名詞 の::: ビル::びる:名詞 です::: か::: 。:::
俳句	この::: 文::ぶん:名詞 は::: 俳句::はいく:名詞 の::: 調べ::しらべ:名詞 持つ::もつ:動詞 文::ぶん:名詞 よ::: 。:::
売店	病院::びょういん:名詞 売店::ばいてん:名詞 は::: どこ:::名詞 に::: あり:ある::動詞 ます::: か::: 。:::
売買	ディール::*:名詞 市内::しない:名詞 と::: 近辺::きんぺん:名詞 の::: 家屋::かおく:名詞 の::: 売買::ばいばい:名詞 を::: 仲介::ちゅうかい:名詞 し:する::動詞 て::: い:いる::動詞 ます::: 。:::
這う	彼ら::かれら:名詞 の::: 赤ちゃん::あかちゃん:名詞 は::: ちょうど:::副詞 這い:這う:はい:動詞 始め:始める:はじめ:動詞 た::: ところ:::名詞 です::: 。:::
剥がす	まず:::副詞 、::: バリ::ばり:名詞 を::: 剥がし:剥がす:はがし:動詞 て::: ください:くださる::動詞 。:::
秤	浴室::よくしつ:名詞 の::: 秤::はかり:名詞 で::: 体重::たいじゅう:名詞 を::: 計っ:計る:はかっ:動詞 た::: 。:::
吐き気	なんだか:::副詞 めまい:::名詞 と::: 吐き気::はきけ:名詞 が::: し:する::動詞 ます::: 。:::
はきはき	はきはき:::副詞 と::: 意見::いけん:名詞 を::: 言っ:言う:いっ:動詞 て::: ください:くださる::動詞 。:::
歯車	ここ:::名詞 の::: 小さな::ちいさな: 歯車::はぐるま:名詞 が::: ない:::形容詞 ん:::名詞 だ::: 。:::
バケツ	バケツ::ばけつ:名詞 に::: 少し::すこし:副詞 水::みず:名詞 が::: あり:ある::動詞 ます::: 。:::
挟まる	ルネ::*:名詞 の::: 指::ゆび:名詞 が::: ドア::どあ:名詞 に::: 挟まっ:挟まる:はさまっ:動詞 て::: いる:::動詞 。:::
挟む	私::わたし:名詞 が::: 口::くち:名詞 を::: 挟む::はさむ:動詞 こと:::名詞 で:だ:: は::: ない:::形容詞 の:::名詞 は::: 分かっ:分かる:わかっ:動詞 て::: ます::: 。:::
梯子	彼::かれ:名詞 は::: 梯子::はしご:名詞 を::: 登り:登る:のぼり:動詞 ます::: 。:::
パターン	手段::しゅだん:名詞 が::: 目的::もくてき:名詞 に::: なっ:なる::動詞 てる:::動詞 パターン::ぱたーん:名詞 。:::
肌着	彼::かれ:名詞 は::: 肌着::はだぎ:名詞 を::: 裏返し:裏返す:うらがえし:動詞 に::: 着:着る:き:動詞 た::: 。:::
果たして	その::: うわさ:::名詞 は::: 果たして::はたして:副詞 本当::ほんとう:名詞 だろ:だ:: う::: か::: 。:::
鉢	彼女::かのじょ:名詞 は::: だんだん:::副詞 、::: 捨て:捨てる:すて:動詞 鉢::はち:名詞 に::: なっ:なる::動詞 た::: 。:::
発揮	早く:早い:はやく:形容詞 も::: 、::: 意志::いし:名詞 薄弱::はくじゃく:名詞 ぶり:::名詞 を::: 発揮::はっき:名詞 し:する::動詞 た::: 。:::
バック	この::: バック::ばっく:名詞 パック::ぱっく:名詞 は::: 彼::かれ:名詞 の::: もの:::名詞 です::: か::: 。:::
発想	新しい::あたらしい:形容詞 発想::はっそう:名詞 力::りょく:名詞 は::: 、::: 商品::しょうひん:名詞 や::: サービス::さーびす:名詞 の::: 競争::きょうそう:名詞 力::りょく:名詞 向上::こうじょう:名詞 に::: 寄与::きよ:名詞 し:する::動詞 ます::: 。:::
発電	ここ:::名詞 に::: 原子力::げんしりょく:名詞 発電::はつでん:名詞 所::しょ:名詞 が::: あり:ある::動詞 ます::: 。:::
発売	あなた:::名詞 の::: 本::ほん:名詞 は::: い:いる::動詞 つ::: 発売::はつばい:名詞 さ:する::動詞 れる:::動詞 の:::名詞 です::: か::: 。:::
話し合い	私::わたし:名詞 は::: 上司::じょうし:名詞 と::: その::: 問題::もんだい:名詞 について::: 話し合い:話し合う:はなしあい:動詞 ます::: 。:::
話し掛ける	彼女::かのじょ:名詞 に::: は::: 話し掛ける::はなしかける:動詞 人::ひと:名詞 が::: い:いる::動詞 ない::: 。:::
甚だしい	あんな::: こと:::名詞 を::: 彼女::かのじょ:名詞 に::: 言う::いう:動詞 なんて::: 非常識::ひじょうしき:名詞 も::: 甚だしい::はなはだしい:形容詞 。:::
花火	夜::よる:名詞 まで::: い:いる::動詞 て::: 花火::はなび:名詞 を::: 見:見る:み:動詞 て::: いこ:いく::動詞 う::: よ::: 。:::
花嫁	彼::かれ:名詞 が::: 花嫁::はなよめ:名詞 の::: 父親::ちちおや:名詞 です::: 。:::
跳ねる	彼::かれ:名詞 は::: トラック::とらっく:名詞 に::: 跳ね:跳ねる:はね:動詞 飛ばさ:飛ばす:とばさ:動詞 れ:れる::動詞 た::: 。:::
破片	床::ゆか:名詞 に::: ガラス::がらす:名詞 の::: 破片::はへん:名詞 が::: 落ち:落ちる:おち:動詞 て:てる::動詞 た::: よ::: 。:::
歯磨き	彼::かれ:名詞 は::: 歯磨き::はみがき:名詞 の::: 仕方::しかた:名詞 を::: 知っ:知る:しっ:動詞 て::: いる:::動詞 。:::
はめる	彼女::かのじょ:名詞 は::: 腕::うで:名詞 に::: ギブス::ぎぶす:名詞 を::: はめ:はめる::動詞 て::: いる:::動詞 。:::
早口	彼女::かのじょ:名詞 は::: 早口::はやくち:名詞 で::: まくしたて:まくしたてる::動詞 て::: 、::: 人::ひと:名詞 を::: まるめこみ:まるめこむ::動詞 ます::: 。:::
払い込む	彼::かれ:名詞 は::: その::: お金::おかね:名詞 を::: 口座::こうざ:名詞 に::: 払い込ん:払い込む:はらいこん:動詞 だ::: 。:::
払い戻す	この::: 切符::きっぷ:名詞 は::: 払い戻し:払い戻す:はらいもどし:動詞 でき:できる::動詞 ませ:ます:: ん::: 。:::
針金	この::: かご:::名詞 は::: 、::: 針金::はりがね:名詞 で::: でき:できる::動詞 て::: いる:::動詞 。:::
張り切る	今日::きょう:名詞 は::: 遠足::えんそく:名詞 な:だ:: ので::: 、::: うち:::名詞 の::: 子::こ:名詞 は::: 張り切っ:張り切る:はりきっ:動詞 て::: 出かけ:出かける:でかけ:動詞 た::: 。:::
反映	私::わたし:名詞 の::: 目::め:名詞 は::: 夢::ゆめ:名詞 を::: 反映::はんえい:名詞 する:::動詞 海::うみ:名詞 で:だ:: ある::: 。:::
判子	例えば::たとえば: 、::: 宅配::たくはい:名詞 便::びん:名詞 の::: 受け取り::うけとり:名詞 に::: は::: 、::: 判子::はんこ:名詞 は::: 必要::ひつよう:名詞 有り:有る:あり:動詞 ませ:ます:: ん::: 。:::
万歳	女王::じょおう:名詞 様::さま:名詞 に::: 万歳::ばんざい:名詞 三唱::さんしょう:名詞 。:::
判事	君::きみ:名詞 は::: あの::: 判事::はんじ:名詞 を::: 買収::ばいしゅう:名詞 でき:できる::動詞 ない::: 。:::
パンツ	その::: パンツ::ぱんつ:名詞 いい:::形容詞 ね::: 。:::
バンド	私::わたし:名詞 の::: 学校::がっこう:名詞 に::: は::: バンド::ばんど:名詞 が::: あり:ある::動詞 ます::: 。:::
半島	湿気::しっけ:名詞 の::: 多い::おおい:形容詞 気候::きこう:名詞 は::: その::: 半島::はんとう:名詞 の::: 特色::とくしょく:名詞 です::: 。:::
ハンドル	日本::にっぽん:名詞 車::しゃ:名詞 は::: 、::: 右::みぎ:名詞 ハンドル::はんどる:名詞 です::: 。:::
日当たり	私::わたし:名詞 の::: アパート::あぱーと:名詞 は::: 日当たり::ひあたり:名詞 が::: いい:::形容詞 ん:::名詞 です::: 。:::
日帰り	彼::かれ:名詞 は::: 日帰り::ひがえり:名詞 旅行::りょこう:名詞 に::: 行っ:行く:いっ:動詞 た::: 。:::
比較的	平日::へいじつ:名詞 は::: 比較的::ひかくてき:副詞 混ん:混む:こん:動詞 で::: い:いる::動詞 ない::: よう:::名詞 です::: 。:::
日陰	日陰::ひかげ:名詞 と::: 日向::ひなた:名詞 で::: は::: かなり:::副詞 温度::おんど:名詞 差::さ:名詞 が::: ある:::動詞 。:::
ぴかぴか	彼女::かのじょ:名詞 の::: 車::くるま:名詞 は::: ぴかぴか:::副詞 に::: 磨い:磨く:みがい:動詞 て::: ある:::動詞 。:::
引き返す	今::いま:名詞 は::: 引き返す::ひきかえす:動詞 に::: は::: 遅:遅い:おそ:形容詞 すぎる:::動詞 。:::
引き出す	読書::どくしょ:名詞 から::: 楽しみ::たのしみ:名詞 を::: 引き出す::ひきだす:動詞 の:::名詞 は::: 読者::どくしゃ:名詞 次第::しだい:名詞 です::: 。:::
引き止める	彼女::かのじょ:名詞 は::: 男の子::おとこのこ:名詞 を::: 引き止める::ひきとめる:動詞 。:::
卑怯	卑怯::ひきょう:名詞 者::しゃ:名詞 は::: 悪党::あくとう:名詞 です::: 。:::
引き分け	その::: 試合::しあい:名詞 は::: 引き分け::ひきわけ:名詞 に::: 終わっ:終わる:おわっ:動詞 た::: 。:::
日差し	赤ちゃん::あかちゃん:名詞 を::: 強い::つよい:形容詞 日差し::ひざし:名詞 に::: さらす:::動詞 の:::名詞 は::: 危険::きけん:名詞 です::: 。:::
肘	こう:::副詞 する:::動詞 と::: 、::: 肘::ひじ:名詞 が::: 痛い::いたい:形容詞 ん:::名詞 です::: 。:::
ピストル	トム::とむ:名詞 は::: ピストル::ぴすとる:名詞 を::: 持っ:持つ:もっ:動詞 て::: たん:::名詞 だ::: 。:::
ビタミン	リンゴ::りんご:名詞 は::: ビタミン::びたみん:名詞 が::: 豊富::ほうふ:名詞 です::: 。:::
ぴたり	彼ら::かれら:名詞 は::: 息::いき:名詞 が::: ぴたり:::副詞 と::: 合っ:合う:あっ:動詞 て::: いる:::動詞 。:::
引っ掛かる	私::わたし:名詞 は::: 釘::くぎ:名詞 に::: 引っ掛かっ:引っ掛かる:ひっかかっ:動詞 て::: 上着::うわぎ:名詞 を::: 破っ:破る:やぶっ:動詞 て::: しまっ:しまう::動詞 た::: 。:::
筆記	トム::とむ:名詞 は::: 秘書::ひしょ:名詞 に::: 口述::こうじゅつ:名詞 筆記::ひっき:名詞 で::: 手紙::てがみ:名詞 を::: 書か:書く:かか:動詞 せ:せる::動詞 た::: 。:::
引っ越し	彼::かれ:名詞 は::: 私::わたし:名詞 の::: 引っ越し::ひっこし:名詞 を::: 手伝っ:手伝う:てつだっ:動詞 て::: くれ:くれる::動詞 た::: 。:::
引っ込む	無理::むり:名詞 が::: 通れ:通る:とおれ:動詞 ば::: 、::: 道理::どうり:名詞 が::: 引っ込む::ひっこむ:動詞 。:::
筆者	この::: 記事::きじ:名詞 の::: 筆者::ひっしゃ:名詞 は::: 有名::ゆうめい:名詞 な:だ:: 評論::ひょうろん:名詞 家::か:名詞 です::: 。:::
人通り	その::: 道路::どうろ:名詞 は::: 人通り::ひとどおり:名詞 は::: なかっ:ない::形容詞 た::: 。:::
ひとまず	ひとまず:::副詞 、::: 連絡::れんらく:名詞 し:する::動詞 ます::: 。:::
瞳	彼女::かのじょ:名詞 の::: 瞳::ひとみ:名詞 は::: 青い::あおい:形容詞 。:::
一休み	ここ:::名詞 で::: 一休み::ひとやすみ:名詞 し:する::動詞 たい::: もの:::名詞 です::: 。:::
独り言	独り言::ひとりごと:名詞 を::: いい:いう::動詞 ます::: 。:::
ひとりでに	彼女::かのじょ:名詞 は::: ひとりでに:::副詞 目::め:名詞 を::: 覚まし:覚ます:さまし:動詞 た::: 。:::
ビニール	ビニール::びにーる:名詞 は::: 熱::ねつ:名詞 に::: 弱い::よわい:形容詞 の:::名詞 が::: 難点::なんてん:名詞 だ::: 。:::
皮肉	彼女::かのじょ:名詞 は::: 彼::かれ:名詞 の::: 皮肉::ひにく:名詞 が::: わかる:::動詞 だろ:だ:: う::: 。:::
日にち	日にち::ひにち:名詞 は::: どの::: くらい::: かかり:かかる::動詞 ます::: か::: 。:::
捻る	体::からだ:名詞 を::: 捻っ:捻る:ひねっ:動詞 て::: から::: 下::した:名詞 まで::: しゃがみ:しゃがむ::動詞 ます::: 。:::
日の入り	こんな::: 美しい::うつくしい:形容詞 日の入り::ひのいり:名詞 を::: 見:見る:み:動詞 た::: こと:::名詞 が::: あり:ある::動詞 ます::: か::: 。:::
日の出	トム::とむ:名詞 は::: 日の出::ひので:名詞 と共に::とともに: 起き:起きる:おき:動詞 ます::: 。:::
響き	出席::しゅっせき:名詞 状況::じょうきょう:名詞 が::: 最終::さいしゅう:名詞 の::: 成績::せいせき:名詞 に::: 響き:響く:ひびき:動詞 ます::: 。:::
響く	前::まえ:名詞 の::: メール::めーる:名詞 が::: きつく:きつい::形容詞 響か:響く:ひびか:動詞 なかっ:ない:: た::: こと:::名詞 を::: 願っ:願う:ねがっ:動詞 て::: い:いる::動詞 ます::: 。:::
皮膚	カメレオン::かめれおん:名詞 は::: 皮膚::ひふ:名詞 の::: 色::いろ:名詞 を::: 変える::かえる:動詞 こと:::名詞 が::: でき:できる::動詞 ます::: 。:::
美容	ホテル::ほてる:名詞 の::: 中::なか:名詞 に::: 美容::びよう:名詞 院::いん:名詞 は::: あり:ある::動詞 ます::: か::: 。:::
表紙	父::ちち:名詞 は::: 表紙::ひょうし:名詞 の::: 取れ:取れる:とれ:動詞 た::: 古い::ふるい:形容詞 辞書::じしょ:名詞 を::: 使っ:使う:つかっ:動詞 て::: い:いる::動詞 ます::: 。:::
標識	あれ:::名詞 は::: 何::なに:名詞 の::: 標識::ひょうしき:名詞 です::: か::: 。:::
標準	その::: 赤ちゃん::あかちゃん:名詞 の::: 発育::はついく:名詞 は::: その::: 年齢::ねんれい:名詞 で::: は::: 標準::ひょうじゅん:名詞 です::: 。:::
標本	たとえば::: 、::: 標本::ひょうほん:名詞 は::: いくつ:::名詞 です::: か::: 。:::
評論	彼::かれ:名詞 は::: 小説::しょうせつ:名詞 家::か:名詞 と::: いう:::動詞 より::: も::: むしろ:::副詞 評論::ひょうろん:名詞 家::か:名詞 です::: 。:::
昼寝	私::わたし:名詞 は::: 昼寝::ひるね:名詞 し:する::動詞 ます::: 。:::
広場	タクシム::*:名詞 広場::ひろば:名詞 は::: どちら:::名詞 側::がわ:名詞 です::: か::: 。:::
ピンク	あの::: ピンク::ぴんく:名詞 の::: 服::ふく:名詞 を::: 着:着る:き:動詞 た::: 女性::じょせい:名詞 は::: だれ:だれる::動詞 です::: か::: 。:::
便箋	便箋::びんせん:名詞 を::: ください:くださる::動詞 。:::
ファスナー	彼::かれ:名詞 は::: 上着::うわぎ:名詞 の::: ファスナー::ふぁすなー:名詞 を::: 閉め:閉める:しめ:動詞 た::: 。:::
風船	風船::ふうせん:名詞 が::: 空::そら:名詞 に::: 向かっ:向かう:むかっ:動詞 て::: 上昇::じょうしょう:名詞 し:する::動詞 て::: い:いる::動詞 ます::: 。:::
不運	彼::かれ:名詞 は::: 、::: 不運::ふうん:名詞 な:だ:: 人::ひと:名詞 です::: 。:::
不規則	生理::せいり:名詞 が::: 不規則::ふきそく:名詞 です::: 。:::
普及	電子::でんし:名詞 商::しょう:名詞 取引::とりひき:名詞 が::: 急速::きゅうそく:名詞 に::: 普及::ふきゅう:名詞 し:する::動詞 始め:始める:はじめ:動詞 た::: 。:::
付近	この::: 付近::ふきん:名詞 は::: 駐車::ちゅうしゃ:名詞 禁止::きんし:名詞 です::: 。:::
副詞	次::つぎ:名詞 の::: 文::ぶん:名詞 に::: は::: 形容詞::けいようし:名詞 と::: 副詞::ふくし:名詞 が::: 含ま:含む:ふくま:動詞 れ:れる::動詞 て::: い:いる::動詞 ます::: 。:::
複写	エジソン::*:名詞 は::: 複写::ふくしゃ:名詞 の::: 装置::そうち:名詞 を::: 発明::はつめい:名詞 し:する::動詞 た::: 。:::
複数	その::: 単語::たんご:名詞 に::: は::: 複数::ふくすう:名詞 の::: 意味::いみ:名詞 が::: あり:ある::動詞 ます::: 。:::
膨らます	イースト菌::いーすときん:名詞 が::: パン生地::ぱんきじ:名詞 を::: 膨らます::ふくらます:動詞 。:::
膨らむ	タイヤ::たいや:名詞 に::: 空気::くうき:名詞 を::: 入れれ:入れる:いれれ:動詞 ば::: 膨らむ::ふくらむ:動詞 。:::
不潔	不潔::ふけつ:名詞 は::: 病気::びょうき:名詞 を::: 生み出す::うみだす:動詞 。:::
更ける	夜::よる:名詞 が::: 更ける::ふける:動詞 につれて::: 寒く:寒い:さむく:形容詞 なっ:なる::動詞 た::: 。:::
夫妻	ウエスト::うえすと:名詞 夫妻::ふさい:名詞 は::: 新婚::しんこん:名詞 旅行::りょこう:名詞 中::ちゅう:名詞 です::: 。:::
塞がる	今::こん: 手::て:名詞 が::: 塞がっ:塞がる:ふさがっ:動詞 て::: いる:::動詞 ん:::名詞 です::: 。:::
塞ぐ	工事::こうじ:名詞 が::: 通り::とおり:名詞 へ::: の::: 進路::しんろ:名詞 を::: 塞い:塞ぐ:ふさい:動詞 だ::: 。:::
ふざける	彼::かれ:名詞 は::: ふざけ:ふざける::動詞 た::: 調子::ちょうし:名詞 で::: そう:::副詞 言っ:言う:いっ:動詞 た::: 。:::
武士	武士::ぶし:名詞 は::: 食わ:食う:くわ:動詞 ね:ぬ:: ど::: 高楊枝::たかようじ:名詞 。:::
付属	この::: 大学::だいがく:名詞 に::: は::: 付属::ふぞく:名詞 病院::びょういん:名詞 が::: あり:ある::動詞 ます::: 。:::
物騒	物騒::ぶっそう:名詞 で:だ:: 不安::ふあん:名詞 だ::: から::: 様子::ようす:名詞 み:みる::動詞 て::: くる:::動詞 。:::
ぶつぶつ	赤い::あかい:形容詞 ぶつぶつ:::名詞 が::: 体::からだ:名詞 中::ちゅう:名詞 に::: でき:できる::動詞 て::: い:いる::動詞 ます::: 。:::
船便	船便::ふなびん:名詞 だ::: と::: いくら:::名詞 に::: なり:なる::動詞 ます::: か::: 。:::
吹雪	外::そと:名詞 の::: 吹雪::ふぶき:名詞 を::: 見る::みる:動詞 と::: 、::: 寒気::さむけ:名詞 が::: する:::動詞 。:::
父母	私::わたし:名詞 の::: 父母::ちちはは:名詞 は::: 、::: そこ:::名詞 に::: 大きな::おおきな: 農場::のうじょう:名詞 を::: 持っ:持つ:もっ:動詞 て::: いる:::動詞 。:::
踏切	その::: 時::とき:名詞 、::: 突然::とつぜん:副詞 踏切::ふみきり:名詞 の::: 警報::けいほう:名詞 音::おん:名詞 が::: 鳴り:鳴る:なり:動詞 始め:始める:はじめ:動詞 た::: 。:::
麓	山::やま:名詞 の::: 麓::ふもと:名詞 に::: 日::ひ:名詞 が::: 昇る::のぼる:動詞 が::: 早い::はやい:形容詞 かた:::名詞 だ::: 一::いち:名詞 人山::ひとやま:名詞 を::: 登り:登る:のぼり:動詞 始め:始める:はじめ:動詞 た::: 。:::
フライパン	フライパン::ふらいぱん:名詞 に::: 油::あぶら:名詞 が::: 回っ:回る:まわっ:動詞 たら:た:: 肉::にく:名詞 を::: 入れ:入れる:いれ:動詞 ます::: 。:::
ブラウス	この::: ブラウス::ぶらうす:名詞 は::: 好き::すき:名詞 です::: か::: 。:::
ブラシ	家::いえ:名詞 に::: 帰る::かえる:動詞 と::: 必ず::かならず:副詞 コート::こーと:名詞 に::: ブラシ::ぶらし:名詞 を::: かける:::動詞 ん:::名詞 です::: 。:::
プラットホーム	ロンドン::ろんどん:名詞 行き::いき:名詞 の::: 列車::れっしゃ:名詞 の::: プラットホーム::ぷらっとほーむ:名詞 は::: どちら:::名詞 です::: か::: 。:::
フリー	その::: 食品::しょくひん:名詞 は::: グルテン::ぐるてん:名詞 フリー::ふりー:名詞 です::: 。:::
振り向く	私::わたし:名詞 が::: 呼ん:呼ぶ:よん:動詞 だ::: とき:::名詞 彼::かれ:名詞 は::: 振り向い:振り向く:ふりむい:動詞 た::: 。:::
プリント	必要::ひつよう:名詞 な:だ:: ミョウバン::*:名詞 の::: 量::りょう:名詞 は::: プリント::ぷりんと:名詞 に::: 書い:書く:かい:動詞 て::: あり:ある::動詞 ます::: 。:::
振舞う	君::きみ:名詞 の::: 好き::すき:名詞 な:だ:: よう:::名詞 に::: 振舞っ:振舞う:ふるまっ:動詞 て::: 良い::よい:形容詞 。:::
ブローチ	彼女::かのじょ:名詞 は::: ブローチ::ぶろーち:名詞 を::: つけ:つける::動詞 て::: いる:::動詞 。:::
プログラム	プログラム::ぷろぐらむ:名詞 を::: いただけ:いただける::動詞 ます::: か::: 。:::
風呂敷	彼::かれ:名詞 の::: 大::だい: 風呂敷::ふろしき:名詞 は::: いつも:::副詞 の::: こと:::名詞 。:::
ふわふわ	寝不足::ねぶそく:名詞 で::: 足元::あしもと:名詞 が::: ふわふわ:::副詞 し:する::動詞 て::: い:いる::動詞 ます::: 。:::
噴火	その::: 活火山::かっかざん:名詞 は::: 周期::しゅうき:名詞 的::てき:名詞 に::: 噴火::ふんか:名詞 する:::動詞 。:::
分解	その::: 男の子::おとこのこ:名詞 は::: ラジオ::らじお:名詞 を::: 分解::ぶんかい:名詞 し:する::動詞 た::: 。:::
文芸	文芸::ぶんげい:名詞 誌::し:名詞 に::: 初めて::はじめて:副詞 エッセイ::えっせい:名詞 が::: 掲載::けいさい:名詞 さ:する::動詞 れ:れる::動詞 て::: 感動::かんどう:名詞 し:する::動詞 た::: 。:::
文献	星::ほし:名詞 印::しるし:名詞 は::: 重要::じゅうよう:名詞 な:だ:: 参照::さんしょう:名詞 文献::ぶんけん:名詞 を::: 示す::しめす:動詞 。:::
噴水	駅::えき:名詞 の::: 前::まえ:名詞 に::: 噴水::ふんすい:名詞 が::: あり:ある::動詞 ます::: 。:::
分数	次::つぎ:名詞 の::: 分数::ぶんすう:名詞 を::: 小数::しょうすう:名詞 に::: 直し:直す:なおし:動詞 なさい:なさる::動詞 。:::
文体	あの::: 作家::さっか:名詞 の::: 文体::ぶんたい:名詞 は::: 優れ:優れる:すぐれ:動詞 て::: いる:::動詞 。:::
分布	その::: 植物::しょくぶつ:名詞 は::: ヨーロッパ::よーろっぱ:名詞 の::: 北::きた:名詞 から::: 南::みなみ:名詞 まで::: 分布::ぶんぷ:名詞 し:する::動詞 て::: いる:::動詞 。:::
文房具	私::わたし:名詞 たち:::名詞 は::: 文房具::ぶんぼうぐ:名詞 類::るい:名詞 を::: 大量::たいりょう:名詞 に::: 買う::かう:動詞 。:::
文脈	言葉::ことば:名詞 の::: 意味::いみ:名詞 は::: 文脈::ぶんみゃく:名詞 によって::: 変わり:変わる:かわり:動詞 うる:::動詞 。:::
分類	郵便::ゆうびん:名詞 配達員::はいたついん:名詞 は::: 毎朝::まいあさ:名詞 郵便::ゆうびん:名詞 物::ぶつ:名詞 を::: 分類::ぶんるい:名詞 し:する::動詞 ます::: 。:::
閉会	オリンピック::おりんぴっく:名詞 の::: 閉会::へいかい:名詞 式::しき:名詞 は::: 見事::みごと:名詞 で:だ:: あっ:ある:: た::: 。:::
平気	彼::かれ:名詞 は::: 病気::びょうき:名詞 など::: 平気::へいき:名詞 だ::: と::: 思っ:思う:おもっ:動詞 て::: いる:::動詞 。:::
並行	その::: 道路::どうろ:名詞 は::: 川::かわ:名詞 と::: 並行::へいこう:名詞 し:する::動詞 て::: いる:::動詞 。:::
兵隊	兵隊::へいたい:名詞 が::: 橋::はし:名詞 を::: 見張っ:見張る:みはっ:動詞 て::: い:いる::動詞 た::: 。:::
平凡	彼::かれ:名詞 は::: 平凡::へいぼん:名詞 な:だ:: 男性::だんせい:名詞 です::: 。:::
平野	川::かわ:名詞 は::: うねる:::動詞 よう:::名詞 に::: 平野::へいや:名詞 を::: 流れ:流れる:ながれ:動詞 て::: いる:::動詞 。:::
凹む	車::くるま:名詞 、::: 凹ん:凹む:へこん:動詞 でる:::動詞 よ::: 。:::
隔てる	彼::かれ:名詞 は::: 私::わたし:名詞 たち:::名詞 と::: 道::みち:名詞 を::: 隔て:隔てる:へだて:動詞 た::: 反対::はんたい:名詞 側::がわ:名詞 に::: 住ん:住む:すん:動詞 で::: い:いる::動詞 ます::: 。:::
別荘	その::: 別荘::べっそう:名詞 は::: 風景::ふうけい:名詞 と::: 調和::ちょうわ:名詞 し:する::動詞 て::: い:いる::動詞 た::: 。:::
ベテラン	彼::かれ:名詞 は::: ベテラン::べてらん:名詞 の::: ドライバー::どらいばー:名詞 だ::: 。:::
ヘリコプター	ヘリコプター::へりこぷたー:名詞 が::: 超::ちょう: 低空::ていくう:名詞 飛行::ひこう:名詞 を::: し:する::動詞 て::: い:いる::動詞 ます::: 。:::
編集	ビル::びる:名詞 は::: 編集::へんしゅう:名詞 部員::ぶいん:名詞 です::: 。:::
便所	生徒::せいと:名詞 は::: この::: 便所::べんじょ:名詞 を::: 使っ:使う:つかっ:動詞 て::: は::: なら:なる::動詞 ない::: 。:::
ペンチ	ペンチ::ぺんち:名詞 は::: 道具::どうぐ:名詞 箱::ばこ:名詞 に::: 入れ:入れる:いれ:動詞 とい:とく::動詞 て::: 。:::
ボーナス	三::さん:名詞 ヶ月::かげつ:名詞 ごと:::名詞 に::: ボーナス::ぼーなす:名詞 が::: ある:::動詞 ん:::名詞 だ::: 。:::
望遠鏡	この::: 望遠鏡::ぼうえんきょう:名詞 は::: 星::ほし:名詞 と::: 夢::ゆめ:名詞 が::: 見え:見える:みえ:動詞 ます::: 。:::
方角	その::: 物体::ぶったい:名詞 は::: 光::ひかり:名詞 を::: 放ち:放つ:はなち:動詞 ながら::: 南::みなみ:名詞 の::: 方角::ほうがく:名詞 へ::: 飛ん:飛ぶ:とん:動詞 で::: 行っ:行く:いっ:動詞 た::: 。:::
箒	掃除::そうじ:名詞 の::: 時間::じかん:名詞 は::: いつも:::副詞 新品::しんぴん:名詞 の::: 箒::ほうき:名詞 の::: 取り合い::とりあい:名詞 に::: なる:::動詞 。:::
方言	彼ら::かれら:名詞 は::: 南部::なんぶ:名詞 の::: 方言::ほうげん:名詞 で::: 話し:話す:はなし:動詞 て::: い:いる::動詞 た::: 。:::
坊さん	あの::: 偉い::えらい:形容詞 坊さん::ぼうさん:名詞 を::: 見ろ:見る:みろ:動詞 よ::: 。:::
防止	トラブル::とらぶる:名詞 防止::ぼうし:名詞 の::: ため:::名詞 名札::なふだ:名詞 は::: 本名::ほんみょう:名詞 で::: は::: あり:ある::動詞 ませ:ます:: ん::: 。:::
方針	個人::こじん:名詞 情報::じょうほう:名詞 を::: 公開::こうかい:名詞 し:する::動詞 ない::: の:::名詞 が::: 私::わたし:名詞 たち:::名詞 の::: 方針::ほうしん:名詞 です::: 。:::
法則	今日::きょう:名詞 は::: オーム::おーむ:名詞 の::: 法則::ほうそく:名詞 に関する::にかんする: 実験::じっけん:名詞 を::: 行い:行う:おこない:動詞 ます::: 。:::
包帯	バンドエード::*:名詞 か::: 包帯::ほうたい:名詞 、::: あり:ある::動詞 ます::: か::: 。:::
膨大	辞書::じしょ:名詞 を::: 編さん::へんさん:名詞 する:::動詞 に::: は::: 膨大::ぼうだい:名詞 な:だ:: 時間::じかん:名詞 を::: 要する::ようする:動詞 。:::
包丁	彼女::かのじょ:名詞 は::: 長年::ながねん:名詞 の::: 間::ま:名詞 に::: 包丁::ほうちょう:名詞 を::: すり減らし:すり減らす:すりへらし:動詞 た::: 。:::
方程式	その::: 少年::しょうねん:名詞 は::: 連立::れんりつ:名詞 方程式::ほうていしき:名詞 を::: 楽::らく:名詞 に::: 解い:解く:とい:動詞 た::: 。:::
防犯	防犯::ぼうはん:名詞 カメラ::かめら:名詞 の::: 映像::えいぞう:名詞 を::: よく:::副詞 見:見る:み:動詞 たら:た:: 人::ひと:名詞 が::: い:いる::動詞 た::: 。:::
方面	兄::あに:名詞 は::: あなた:::名詞 と::: 同じ::おなじ: 方面::ほうめん:名詞 の::: 仕事::しごと:名詞 を::: し:する::動詞 て::: い:いる::動詞 ます::: 。:::
坊や	楽しい::たのしい:形容詞 夢::ゆめ:名詞 を::: 見:見る:み:動詞 て::: ね::: 、::: ティミー::*:名詞 坊や::ぼうや:名詞 。:::
放る	トム::とむ:名詞 が::: ナイフ::ないふ:名詞 を::: 川::かわ:名詞 に::: 放り:放る:ほうり:動詞 投げ:投げる:なげ:動詞 た::: の:::名詞 さ::: 。:::
朗らか	朗らか::ほがらか:名詞 な:だ:: 人::ひと:名詞 は::: 、::: 周り::まわり:名詞 に::: 安心::あんしん:名詞 を::: 与える::あたえる:動詞 。:::
牧場	牧場::ぼくじょう:名詞 で::: 暮らす::くらす:動詞 動物::どうぶつ:名詞 は::: 家畜::かちく:名詞 です::: 。:::
保健	君::きみ:名詞 は::: 保健::ほけん:名詞 室::しつ:名詞 に::: 行っ:行く:いっ:動詞 た::: 方::ほう:名詞 が::: いい:::形容詞 ぞ::: 。:::
募集	その::: 会::かい:名詞 の::: 会員::かいいん:名詞 募集::ぼしゅう:名詞 に::: 応募::おうぼ:名詞 し:する::動詞 た::: 。:::
干す	室内::しつない:名詞 干し:干す:ほし:動詞 の::: 場合::ばあい:名詞 は::: 、::: 乾燥::かんそう:名詞 機::き:名詞 や::: 除::じょ:名詞 湿:湿る:しめ:動詞 器::うつわ:名詞 を::: 利用::りよう:名詞 する:::動詞 と::: 効率::こうりつ:名詞 的::てき:名詞 です::: 。:::
ポスター	新しい::あたらしい:形容詞 ポスター::ぽすたー:名詞 を::: 製作::せいさく:名詞 し:する::動詞 た::: 。:::
北極	彼ら::かれら:名詞 は::: 北極::ほっきょく:名詞 地方::ちほう:名詞 から::: 南::みなみ:名詞 へ::: とび:とぶ::動詞 ます::: 。:::
掘る	ジャガイモ::じゃがいも:名詞 を::: 掘っ:掘る:ほっ:動詞 た::: こと:::名詞 が::: あり:ある::動詞 ます::: か::: 。:::
彫る	彼ら::かれら:名詞 は::: 大理石::だいりせき:名詞 で::: 像::ぞう:名詞 を::: 彫っ:彫る:ほっ:動詞 て::: いる:::動詞 。:::
ぼろ	今日::きょう:名詞 の::: 試合::しあい:名詞 は::: ぼろ:::名詞 負け::まけ:名詞 だっ:だ:: た::: 。:::
盆	覆水::ふくすい:名詞 、::: 盆::ぼん:名詞 に::: 返ら:返る:かえら:動詞 ず:ぬ:: 。:::
盆地	この::: 地方::ちほう:名詞 は::: 盆地::ぼんち:名詞 に::: なっ:なる::動詞 て::: いる:::動詞 。:::
本部	大学::だいがく:名詞 本部::ほんぶ:名詞 は::: ニューヨーク::にゅーよーく:名詞 に::: 分校::ぶんこう:名詞 を::: 設立::せつりつ:名詞 する:::動詞 こと:::名詞 を::: 決定::けってい:名詞 し:する::動詞 た::: 。:::
本来	これ:::名詞 は::: 本来::ほんらい:名詞 無害::むがい:名詞 です::: 。:::
枚数	コピー::こぴー:名詞 の::: 枚数::まいすう:名詞 を::: 数え:数える:かぞえ:動詞 て::: ください:くださる::動詞 。:::
毎度	毎度::まいど:名詞 お引き立て::おひきたて:名詞 ありがとう::: ござい:ござる:: ます::: 。:::
まく	春::はる:名詞 に::: なる:::動詞 と::: 畑::はたけ:名詞 を::: ほりかえし:ほりかえす::動詞 て::: 種::たね:名詞 を::: まき:まく::動詞 ます::: 。:::
枕	枕::まくら:名詞 は::: 高い::たかい:形容詞 方::ほう:名詞 が::: 気持ちよく:気持ちよい:きもちよく:形容詞 眠れ:眠れる:ねむれ:動詞 ます::: 。:::
曲げる	トム::とむ:名詞 は::: 、::: 自分::じぶん:名詞 の::: 意見::いけん:名詞 を::: 曲げ:曲げる:まげ:動詞 ませ:ます:: ん::: 。:::
摩擦	現在::げんざい:名詞 の::: 日::にち:名詞 米::べい:名詞 貿易::ぼうえき:名詞 摩擦::まさつ:名詞 の::: 原因::げんいん:名詞 は::: 何::なに:名詞 で:だ:: ある::: と::: 思い:思う:おもい:動詞 ます::: か::: 。:::
まざる	水::みず:名詞 と::: 油::あぶら:名詞 は::: まざら:まざる::動詞 ない::: 。:::
まじる	彼女::かのじょ:名詞 の::: 髪::かみ:名詞 は::: 白髪::はくはつ:名詞 まじり:まじる::動詞 だ::: 。:::
マスク	トム::とむ:名詞 は::: 医療::いりょう:名詞 用::よう:名詞 マスク::ますく:名詞 を::: し:する::動詞 て::: いる:::動詞 。:::
まぜる	私::わたし:名詞 は::: 、::: 安心::あんしん:名詞 と::: あせり:あせる::動詞 が::: ご::: ちゃ:::名詞 まぜ:まぜる::動詞 の::: 、::: 複雑::ふくざつ:名詞 な:だ:: 心境::しんきょう:名詞 だ::: 。:::
またぐ	彼女::かのじょ:名詞 は::: 小川::おがわ:名詞 を::: ひょいと:::副詞 またい:またぐ::動詞 だ::: 。:::
待合室	彼::かれ:名詞 は::: 待合室::まちあいしつ:名詞 に::: 座っ:座る:すわっ:動詞 て::: い:いる::動詞 ます::: 。:::
待ち合わせる	駅::えき:名詞 で::: 待ち合わせよ:待ち合わせる:まちあわせよ:動詞 う::: 。:::
街角	あの::: 老人::ろうじん:名詞 たち:::名詞 は::: 街角::まちかど:名詞 に::: 無駄::むだ:名詞 話::ばなし:名詞 を::: し:する::動詞 に::: 行く::いく:動詞 の:::名詞 が::: 好き::すき:名詞 だ::: 。:::
真っ暗	深海::しんかい:名詞 は::: 、::: 真っ暗::まっくら:名詞 です::: 。:::
真っ黒	真っ黒::まっくろ:名詞 な:だ:: 卵::たまご:名詞 って::: すごい:::形容詞 ね::: 。:::
真っ青	あなた:::名詞 は::: 顔::かお:名詞 が::: 真っ青::まっさお:名詞 です::: 。:::
真っ先	地震::じしん:名詞 が::: 来:来る:き:動詞 たら:た:: 、::: 真っ先::まっさき:名詞 に::: 何::なに:名詞 を::: し:する::動詞 ます::: か::: 。:::
真っ白	その::: 小道::こみち:名詞 は::: もう:::副詞 雪::ゆき:名詞 で::: 真っ白::まっしろ:名詞 です::: 。:::
祭る	九頭竜::くずりゅう:名詞 明神::みょうじん:名詞 を::: 祭る::まつる:動詞 ため:::名詞 に::: 灯篭::とうろう:名詞 を::: ながす:::動詞 。:::
窓口	予約::よやく:名詞 は::: どの::: 窓口::まどぐち:名詞 で::: でき:できる::動詞 ます::: か::: 。:::
真似る	みんな:::名詞 が::: 真似:真似る:まね:動詞 て::: 個性::こせい:名詞 が::: なくなっ:なくなる::動詞 た::: 。:::
まぶた	まぶた:::名詞 が::: 熱::ねつ:名詞 を::: 持っ:持つ:もっ:動詞 て::: い:いる::動詞 ます::: 。:::
マフラー	マフラー::まふらー:名詞 を::: し:する::動詞 なさい:なさる::動詞 。::: 外::そと:名詞 は::: 寒い::さむい:形容詞 わ::: 。:::
間もなく	間もなく::まもなく:副詞 彼ら::かれら:名詞 は::: 結婚::けっこん:名詞 し:する::動詞 ます::: 。:::
マラソン	マラソン::まらそん:名詞 は::: 晴雨::せいう:名詞 に::: かかわら:かかわる::動詞 ず:ぬ:: 開か:開く:ひらか:動詞 れ:れる::動詞 ます::: 。:::
稀	ピカソ::ぴかそ:名詞 の::: よう:::名詞 な:だ:: 画家::がか:名詞 は::: 稀::まれ:名詞 だ::: 。:::
回り道	彼ら::かれら:名詞 は::: ぐるっと:::副詞 回り道::まわりみち:名詞 を::: し:する::動詞 て::: やってき:やってくる::動詞 た::: 。:::
満員	この::: クラス::くらす:名詞 は::: もう:::副詞 満員::まんいん:名詞 です::: 。:::
マンション	トム::とむ:名詞 は::: マンション::まんしょん:名詞 に::: 住ん:住む:すん:動詞 で::: い:いる::動詞 ます::: 。:::
満点	彼::かれ:名詞 が::: 試験::しけん:名詞 で::: 満点::まんてん:名詞 を::: 取っ:取る:とっ:動詞 た::: の:::名詞 は::: 本当::ほんとう:名詞 です::: 。:::
見上げる	彼::かれ:名詞 の::: 正直::しょうじき:名詞 さ:::名詞 は::: 見上げ:見上げる:みあげ:動詞 た::: もの:::名詞 だ::: 。:::
見送る	彼女::かのじょ:名詞 を::: 見送っ:見送る:みおくっ:動詞 て:てる::動詞 た::: ところ:::名詞 です::: 。:::
見下ろす	彼::かれ:名詞 は::: 下::した:名詞 の::: 方::ほう:名詞 の::: 谷::たに:名詞 を::: 見下ろし:見下ろす:みおろし:動詞 た::: 。:::
見掛け	人::ひと:名詞 を::: 見掛け::みかけ:名詞 で::: 評価::ひょうか:名詞 し:する::動詞 て::: は::: なら:なる::動詞 ない::: 。:::
三日月	足::あし:名詞 で::: 三日月::みかづき:名詞 を::: 踏ん:踏む:ふん:動詞 で::: いる:::動詞 。:::
岬	そこ:::名詞 で::: は::: 岬::みさき:名詞 が::: 海::うみ:名詞 に::: 突き出し:突き出す:つきだし:動詞 て::: いる:::動詞 。:::
みじめ	わたし:::名詞 は::: その::: こと:::名詞 で::: 全く::まったく:副詞 みじめ:::名詞 です::: 。:::
ミシン	新しい::あたらしい:形容詞 ミシン::みしん:名詞 を::: 買っ:買う:かっ:動詞 た::: 。:::
自ら	トム::とむ:名詞 は::: 自ら::みずから:名詞 ファー::ふぁー:名詞 スーツ::すーつ:名詞 を::: 作っ:作る:つくっ:動詞 た::: 。:::
水着	彼女::かのじょ:名詞 は::: かわいい:::形容詞 水着::みずぎ:名詞 を::: 着:着る:き:動詞 て::: いる:::動詞 。:::
見出し	辞書::じしょ:名詞 の::: 見出し::みだし:名詞 は::: 、::: アルファベット::あるふぁべっと:名詞 順::じゅん:名詞 です::: 。:::
道順	道順::みちじゅん:名詞 は::: ご存知::ごぞんじ:名詞 です::: か::: 。:::
みっともない	犬::いぬ:名詞 食い::ぐい:名詞 は::: みっともない:::形容詞 よ::: ね::: 。:::
見慣れる	目覚める::めざめる:動詞 と::: 、::: 見慣れ:見慣れる:みなれ:動詞 ない::: 部屋::へや:名詞 に::: い:いる::動詞 た::: 。:::
醜い	私::わたし:名詞 を::: 醜い::みにくい:形容詞 と::: 思い:思う:おもい:動詞 ます::: か::: 。:::
実る	君::きみ:名詞 の::: 努力::どりょく:名詞 は::: もう:::副詞 じき:::名詞 実る::みのる:動詞 だろ:だ:: う::: 。:::
身分	もと:::名詞 は::: 相当::そうとう:副詞 の::: 身分::みぶん:名詞 の::: 人::ひと:名詞 だっ:だ:: た::: そう:::名詞 です::: 。:::
見舞う	全国::ぜんこく:名詞 的::てき:名詞 に::: 好景気::こうけいき:名詞 に::: 見舞わ:見舞う:みまわ:動詞 れ:れる::動詞 て::: いる:::動詞 。:::
未満	トム::とむ:名詞 と::: は::: 友達::ともだち:名詞 以上::いじょう:名詞 恋人::こいびと:名詞 未満::みまん:名詞 の::: 関係::かんけい:名詞 です::: 。:::
名字	私::わたし:名詞 たち:::名詞 、::: 名字::みょうじ:名詞 が::: 一緒::いっしょ:名詞 な:だ:: ん:::名詞 です::: 。:::
民間	島::しま:名詞 の::: 民間::みんかん:名詞 伝承::でんしょう:名詞 は::: いまだに:::副詞 その::: いかだ:::名詞 の::: 話::はなし:名詞 を::: 伝え:伝える:つたえ:動詞 て::: いる:::動詞 。:::
民謡	兄::あに:名詞 が::: 民謡::みんよう:名詞 に::: 興味::きょうみ:名詞 を::: 抱き:抱く:いだき:動詞 始め:始める:はじめ:動詞 た::: の:::名詞 は::: 十::じゅう:名詞 二::に:名詞 歳::さい:名詞 ごろ:::名詞 だっ:だ:: た::: 。:::
無限	だが::: 宇宙::うちゅう:名詞 は::: 無限::むげん:名詞 だ::: 。:::
矛盾	結果::けっか:名詞 は::: 理論::りろん:名詞 に::: 矛盾::むじゅん:名詞 し:する::動詞 ない::: だろ:だ:: う::: 。:::
無数	目::め:名詞 に::: 見える::みえる:動詞 星::ほし:名詞 の::: 数::かず:名詞 は::: 無数::むすう:名詞 です::: 。:::
紫	この::: ノート::のーと:名詞 は::: 紫::むらさき:名詞 じゃ::: ない::: です::: 。:::
群れ	鳥::とり:名詞 は::: 群れ::むれ:名詞 を::: なし:なす::動詞 て::: 飛ん:飛ぶ:とん:動詞 で::: い:いる::動詞 た::: 。:::
姪	実::み:名詞 を::: 言う::いう:動詞 と::: 彼女::かのじょ:名詞 は::: 私::わたし:名詞 の::: 姪::めい:名詞 です::: 。:::
名作	名作::めいさく:名詞 は::: いつ:::名詞 観:観る:み:動詞 て::: も::: 味わい::あじわい:名詞 が::: ある:::動詞 。:::
名所	ここ:::名詞 の::: 観光::かんこう:名詞 名所::めいしょ:名詞 に::: は::: どんな::: ところ:::名詞 が::: あり:ある::動詞 ます::: か::: 。:::
迷信	多く::おおく:名詞 の::: 迷信::めいしん:名詞 が::: まだ:::副詞 信じ:信じる:しんじ:動詞 られ:られる::動詞 て::: いる:::動詞 。:::
名物	この::: 店::みせ:名詞 の::: 名物::めいぶつ:名詞 料理::りょうり:名詞 は::: あり:ある::動詞 ます::: か::: 。:::
恵まれる	ここ:::名詞 しばらく:::副詞 、::: いい:::形容詞 天気::てんき:名詞 に::: 恵まれ:恵まれる:めぐまれ:動詞 て::: ます::: 。:::
巡る	春::はる:名詞 が::: 再び::ふたたび:副詞 巡っ:巡る:めぐっ:動詞 て::: くる:::動詞 こと:::名詞 を::: 楽しみ::たのしみ:名詞 に::: し:する::動詞 て::: い:いる::動詞 ます::: 。:::
目指す	彼::かれ:名詞 は::: 何::なに:名詞 を::: 目指し:目指す:めざし:動詞 て::: いる:::動詞 の:::名詞 です::: か::: 。:::
目覚し	彼::かれ:名詞 は::: 寝る::ねる:動詞 前::まえ:名詞 に::: 目覚し::めざまし:名詞 時計::とけい:名詞 を::: あわせ:あわせる::動詞 た::: 。:::
目下	目下::もっか:名詞 の::: ところ:::名詞 、::: 計画::けいかく:名詞 は::: 未だ::いまだ:副詞 宙::ちゅう:名詞 に::: 浮い:浮く:うい:動詞 た::: まま:::名詞 です::: 。:::
目印	何::なに:名詞 か::: 目印::めじるし:名詞 が::: あり:ある::動詞 ます::: か::: 。:::
目立つ	トム::とむ:名詞 は::: 超::ちょう: 目立ち:目立つ:めだち:動詞 た:たい:: がり:がる::動詞 屋::や:名詞 です::: 。:::
めちゃくちゃ	仕事::しごと:名詞 が::: めちゃくちゃ:::名詞 忙しかっ:忙しい:いそがしかっ:形容詞 た::: ん:::名詞 です::: 。:::
めっきり	めっきり:::副詞 春めい:春めく:はるめい:動詞 て::: き:くる::動詞 まし:ます:: た::: ね::: 。:::
めでたい	その::: 一::いち:名詞 件::けん:名詞 は::: めでたく:めでたい::形容詞 落着::らくちゃく:名詞 する:::動詞 だろ:だ:: う::: 。:::
メニュー	もう一度::もういちど:副詞 メニュー::めにゅー:名詞 を::: お願い::おねがい:名詞 し:する::動詞 ます::: 。:::
めまい	めまい:::名詞 が::: し:する::動詞 ます::: 。:::
免税	この::: 品物::しなもの:名詞 は::: 全部::ぜんぶ:名詞 免税::めんぜい:名詞 です::: 。:::
面積	この::: 都市::とし:名詞 の::: 面積::めんせき:名詞 は::: どれ:::名詞 くらい::: か::: 。:::
モーター	モーター::もーたー:名詞 から::: 異::い: 音::おと:名詞 が::: し:する::動詞 て::: いる:::動詞 。:::
儲かる	先生::せんせい:名詞 って::: 、::: あまり:::副詞 儲から:儲かる:もうから:動詞 ない::: よ::: 。:::
儲ける	アルバイト::あるばいと:名詞 で::: 金::きん:名詞 を::: 儲け:儲ける:もうけ:動詞 た::: ん:::名詞 だ::: 。:::
木材	この::: 古い::ふるい:形容詞 家::いえ:名詞 は::: 木材::もくざい:名詞 で::: でき:できる::動詞 て::: いる:::動詞 。:::
目次	皆さん::みなさん:名詞 は::: 目次::もくじ:名詞 を::: 見:見る:み:動詞 て::: ください:くださる::動詞 。:::
潜る	海::うみ:名詞 に::: 潜っ:潜る:もぐっ:動詞 たら:た:: 耳::みみ:名詞 抜き::ぬき:名詞 し:する::動詞 て::: ください:くださる::動詞 。:::
もたれる	胃::い:名詞 が::: もたれ:もたれる::動詞 ます::: 。:::
モダン	この::: 付近::ふきん:名詞 は::: モダン::もだん:名詞 な:だ:: 建物::たてもの:名詞 が::: 多い::おおい:形容詞 。:::
餅	日本::にっぽん:名詞 で::: は::: お正月::おしょうがつ:名詞 に::: お::: 餅::もち:名詞 を::: 食べる::たべる:動詞 習慣::しゅうかん:名詞 が::: あり:ある::動詞 ます::: 。:::
モデル	この::: 新しい::あたらしい:形容詞 モデル::もでる:名詞 は::: 市場::しじょう:名詞 で::: 入手::にゅうしゅ:名詞 可能::かのう:名詞 です::: か::: 。:::
物置	君::きみ:名詞 が::: 捜し:捜す:さがし:動詞 てる:::動詞 箱::はこ:名詞 は::: 物置::ものおき:名詞 に::: ある:::動詞 よ::: 。:::
物語る	その::: 物語り:物語る:ものがたり:動詞 は::: 突然::とつぜん:副詞 終わり:終わる:おわり:動詞 に::: なっ:なる::動詞 た::: 。:::
物差し	物差し::ものさし:名詞 を::: 使っ:使う:つかっ:動詞 て::: 線::せん:名詞 を::: 引き:引く:ひき:動詞 なさい:なさる::動詞 。:::
揉む	ま::: 、::: 適当::てきとう:名詞 に::: 揉ん:揉む:もん:動詞 で::: やる:::動詞 と::: しよ:する::動詞 う::: 。:::
もやす	彼ら::かれら:名詞 は::: 石炭::せきたん:名詞 を::: もやし:もやす::動詞 た::: 。:::
催し	今日::きょう:名詞 の::: 催し::もよおし:名詞 の::: チケット::ちけっと:名詞 は::: あり:ある::動詞 ます::: か::: 。:::
盛る	あいつ:::名詞 、::: すぐ:::副詞 話::はなし:名詞 を::: 盛る::もる:動詞 から::: な::: 。:::
やかましい	彼::かれ:名詞 は::: 食べ物::たべもの:名詞 に::: とても:::副詞 やかましい:::形容詞 。:::
夜間	ドア::どあ:名詞 は::: 夜間::やかん:名詞 に::: ロック::ろっく:名詞 さ:する::動詞 れ:れる::動詞 て::: い:いる::動詞 ます::: 。:::
やかん	彼女::かのじょ:名詞 は::: ガス::がす:名詞 に::: やかん:::名詞 を::: かけ:かける::動詞 た::: 。:::
役者	その::: 役者::やくしゃ:名詞 の::: 事::こと:名詞 は::: 聞い:聞く:きい:動詞 た::: こと:::名詞 が::: 無い::ない:形容詞 。:::
役所	この::: 手続き::てつづき:名詞 に::: は::: お::: 役所::やくしょ:名詞 仕事::しごと:名詞 が::: だいぶ:::副詞 からん:からむ::動詞 で::: い:いる::動詞 ます::: 。:::
役人	税関::ぜいかん:名詞 の::: 役人::やくにん:名詞 は::: 箱::はこ:名詞 を::: 検査::けんさ:名詞 し:する::動詞 た::: 。:::
薬品	この::: 薬品::やくひん:名詞 は::: 場合::ばあい:名詞 によって::: 毒::どく:名詞 に::: も::: 薬::くすり:名詞 に::: も::: なる:::動詞 。:::
役目	歴史::れきし:名詞 家::か:名詞 の::: 役目::やくめ:名詞 は::: 何::なに:名詞 です::: か::: 。:::
火傷	オーブン::おーぶん:名詞 熱い::あつい:形容詞 から::: 火傷::かしょう:名詞 し:する::動詞 ない::: よう:::名詞 に::: ね::: 。:::
夜行	猫::ねこ:名詞 は::: 夜行::やこう:名詞 性::せい:名詞 の::: 動物::どうぶつ:名詞 だ::: 。:::
矢印	矢印::やじるし:名詞 は::: 進行::しんこう:名詞 方向::ほうこう:名詞 を::: 示し:示す:しめし:動詞 て::: い:いる::動詞 ます::: 。:::
薬局	薬局::やっきょく:名詞 は::: 何時::いつ:名詞 まで::: 開い:開く:ひらい:動詞 て::: い:いる::動詞 ます::: か::: 。:::
やっつける	ジャイアンツ::じゃいあんつ:名詞 を::: やっつけろ:やっつける::動詞 。:::
やっぱり	やっぱり:::副詞 朝::あさ:名詞 は::: この::: くらい::: ゆっくり:::副詞 出発::しゅっぱつ:名詞 し:する::動詞 たい::: もの:::名詞 です::: 。:::
家主	家主::やぬし:名詞 は::: 彼::かれ:名詞 が::: ドア::どあ:名詞 を::: 赤く:赤い:あかく:形容詞 塗る::ぬる:動詞 こと:::名詞 を::: 許し:許す:ゆるし:動詞 て::: くれ:くれる::動詞 ない::: 。:::
破く	彼女::かのじょ:名詞 は::: 手紙::てがみ:名詞 を::: びりびり:::副詞 に::: 破い:破く:やぶい:動詞 た::: 。:::
やむをえない	彼女::かのじょ:名詞 は::: 少し::すこし:副詞 あいまい:::名詞 な:だ:: 態度::たいど:名詞 だっ:だ:: た::: の:::名詞 は::: やむをえなかっ:やむをえない::形容詞 た::: 。:::
軟らかい	ダンサー::だんさー:名詞 は::: 体::からだ:名詞 が::: 軟らかく:軟らかい:やわらかく:形容詞 て::: よく:よい::形容詞 しなる:::動詞 。:::
夕刊	彼::かれ:名詞 は::: 夕刊::ゆうかん:名詞 に::: さっと:::副詞 目::め:名詞 を::: 通し:通す:とおし:動詞 た::: 。:::
郵送	それ:::名詞 を::: 郵送::ゆうそう:名詞 し:する::動詞 て::: くれ:くれる::動詞 ます::: か::: 。:::
夕立	今日::きょう:名詞 は::: 夕立::ゆうだち:名詞 が::: ある:::動詞 かも::: しれ:しれる::動詞 ない::: 。:::
夕日	ある::: 日::ひ:名詞 、::: 公園::こうえん:名詞 で::: 美しい::うつくしい:形容詞 夕日::ゆうひ:名詞 を::: 見:見る:み:動詞 た::: 。:::
有料	この::: 道路::どうろ:名詞 は::: 有料::ゆうりょう:名詞 です::: 。:::
浴衣	この::: 浴衣::ゆかた:名詞 欲しい::ほしい:形容詞 な::: 。:::
行方	行方::ゆくえ:名詞 が::: 分から:分かる:わから:動詞 なく:ない:: なっ:なる::動詞 た::: 子::こ:名詞 を::: 捜し:捜す:さがし:動詞 てる:::動詞 ん:::名詞 です::: 。:::
湯気	コーヒー::こーひー:名詞 の::: 湯気::ゆげ:名詞 が::: ゆっくり:::副詞 と::: 立ち上る::たちのぼる:動詞 。:::
輸血	輸血::ゆけつ:名詞 が::: 必要::ひつよう:名詞 です::: 。:::
輸送	公共::こうきょう:名詞 の::: 交通::こうつう:名詞 輸送::ゆそう:名詞 機関::きかん:名詞 は::: 正確::せいかく:名詞 に::: 動い:動く:うごい:動詞 て::: い:いる::動詞 ます::: 。:::
油断	私::わたし:名詞 は::: 油断::ゆだん:名詞 し:する::動詞 て::: い:いる::動詞 た::: こと:::名詞 に::: 気づい:気づく:きづい:動詞 た::: 。:::
湯飲み	湯飲み::ゆのみ:名詞 に::: は::: お茶::おちゃ:名詞 を::: 入れ:入れる:いれ:動詞 て::: お::: 茶碗::ちゃわん:名詞 に::: は::: ご飯::ごはん:名詞 を::: よそい:よそう::動詞 ます::: 。:::
溶岩	その::: 火山::かざん:名詞 は::: 溶岩::ようがん:名詞 を::: 流し:流す:ながし:動詞 出し:出す:だし:動詞 た::: 。:::
用語	独特::どくとく:名詞 の::: 専門::せんもん:名詞 用語::ようご:名詞 を::: 持っ:持つ:もっ:動詞 て::: いる:::動詞 。:::
要旨	以下::いか:名詞 は::: 大統領::だいとうりょう:名詞 の::: 演説::えんぜつ:名詞 の::: 要旨::ようし:名詞 だ::: 。:::
幼児	トム::とむ:名詞 は::: 幼児::ようじ:名詞 です::: 。:::
容積	容積::ようせき:名詞 を::: 計算::けいさん:名詞 する:::動詞 ため:::名詞 に::: は::: 縦::たて:名詞 と::: 横::よこ:名詞 と::: 深:深い:ふか:形容詞 さ:::名詞 を::: かけれ:かける::動詞 ば::: よい:::形容詞 。:::
幼稚	この::: ゲーム::げーむ:名詞 の::: 幼稚::ようち:名詞 っぽ:っぽい::形容詞 さ:::名詞 が::: いい:::形容詞 ん:::名詞 だ::: よ::: 。:::
幼稚園	息子::むすこ:名詞 は::: 幼稚園::ようちえん:名詞 に::: 通っ:通う:かよっ:動詞 て::: い:いる::動詞 ます::: 。:::
用途	この::: 地図::ちず:名詞 は::: 、::: 用途::ようと:名詞 地域::ちいき:名詞 ごと:::名詞 に::: 色分け::いろわけ:名詞 が::: さ:する::動詞 れ:れる::動詞 て::: い:いる::動詞 ます::: 。:::
羊毛	父::ちち:名詞 の::: し:する::動詞 ごと:::名詞 は::: 羊毛::ようもう:名詞 の::: 買い付け::かいつけ:名詞 です::: 。:::
漸く	漸く::ようやく:副詞 、::: 私::わたし:名詞 は::: 何::なに:名詞 が::: 起き:起きる:おき:動詞 た::: の:::名詞 か::: 分かっ:分かる:わかっ:動詞 た::: 。:::
要領	この::: 報告::ほうこく:名詞 書::しょ:名詞 は::: 要領::ようりょう:名詞 を::: え:える::動詞 て::: い:いる::動詞 ない::: 。:::
欲張り	持て:持つ:もて:動詞 ば::: 持つ::もつ:動詞 ほど::: 、::: 欲張り::よくばり:名詞 に::: なる:::動詞 。:::
余計	すみません::: 、::: 余計::よけい:名詞 な:だ:: こと:::名詞 聞い:聞く:きい:動詞 て::: 。:::
よこす	ベル::べる:名詞 ボーイ::ぼーい:名詞 を::: よこし:よこす::動詞 て::: いただけ:いただける::動詞 ます::: か::: 。:::
よごす	あいつ:::名詞 は::: 一家::いっか:名詞 の::: つら:つらい::形容詞 よごし:よごす::動詞 。:::
四つ角	四つ角::よつかど:名詞 は::: 二つ::ふたつ:名詞 の::: 道::みち:名詞 が::: 十字::じゅうじ:名詞 に::: 交わっ:交わる:まじわっ:動詞 た::: 所::ところ:名詞 で:だ:: ある::: 。:::
酔っ払い	トム::とむ:名詞 と::: 私::わたし:名詞 は::: 二::に:名詞 人::にん:名詞 とも::: 酔っ払い:酔っ払う:よっぱらい:動詞 です::: 。:::
予備	予備::よび:名詞 の::: シューズ::しゅーず:名詞 でも::: 買っ:買う:かっ:動詞 て::: おこ:おく::動詞 う::: か::: 。:::
呼び出す	夫::おっと:名詞 は::: 仕事::しごと:名詞 で::: 呼び出さ:呼び出す:よびださ:動詞 れ:れる::動詞 た::: ん:::名詞 です::: 。:::
蘇る	不思議::ふしぎ:名詞 な:だ:: 感じ::かんじ:名詞 が::: 蘇っ:蘇る:よみがえっ:動詞 て::: き:くる::動詞 た::: 。:::
来日	ヤニー::*:名詞 は::: 初::はつ: 来日::らいにち:名詞 し:する::動詞 て::: ます::: 。:::
落第	ほとんど:::副詞 の::: 生徒::せいと:名詞 が::: 落第::らくだい:名詞 し:する::動詞 まし:ます:: た::: 。:::
ラッシュアワー	ラッシュアワー::らっしゅあわー:名詞 に::: でくわす:::動詞 の:::名詞 は::: 最低::さいてい:名詞 だ::: 。:::
欄	新聞::しんぶん:名詞 や::: 雑誌::ざっし:名詞 の::: 投書::とうしょ:名詞 欄::らん:名詞 を::: 読み:読む:よみ:動詞 ます::: 。:::
ランチ	ランチ::らんち:名詞 は::: 普段::ふだん:名詞 一::いち:名詞 人::にん:名詞 で::: 食べ:食べる:たべ:動詞 ます::: 。:::
ランニング	彼女::かのじょ:名詞 は::: 毎朝::まいあさ:名詞 、::: ランニング::らんにんぐ:名詞 を::: し:する::動詞 に::: 行き:行く:いき:動詞 ます::: 。:::
乱暴	乱暴::らんぼう:名詞 な:だ:: 言葉::ことば:名詞 を::: 使っ:使う:つかっ:動詞 て::: は::: いけ:いける::動詞 ない::: 。:::
理科	理科::りか:名詞 も::: 数学::すうがく:名詞 も::: どっち:::名詞 も::: 好き::すき:名詞 です::: 。:::
利害	この::: 件::けん:名詞 は::: 君::きみ:名詞 の::: 利害::りがい:名詞 に::: も::: 関わる::かかわる:動詞 こと:::名詞 だ::: 。:::
リズム	あの::: 歌::うた:名詞 の::: ゆっくり:::副詞 し:する::動詞 た::: リズム::りずむ:名詞 が::: 好き::すき:名詞 です::: 。:::
リットル	この::: ジョッキ::じょっき:名詞 に::: は::: 約::やく: 半::はん:名詞 リットル::りっとる:名詞 入り:入る:はいり:動詞 ます::: 。:::
リポート	彼::かれ:名詞 の::: リポート::りぽーと:名詞 は::: たった今::たったいま:副詞 提出::ていしゅつ:名詞 さ:する::動詞 れ:れる::動詞 た::: 。:::
リボン	リボン::りぼん:名詞 を::: かけ:かける::動詞 て::: もらえ:もらえる::動詞 ます::: か::: 。:::
略す	私::わたし:名詞 の::: 名前::なまえ:名詞 は::: ロバート::ろばーと:名詞 な:だ:: ので::: 、::: 皆::みな:名詞 は::: 略し:略す:りゃくし:動詞 て::: ボブ::ぼぶ:名詞 と::: 呼び:呼ぶ:よび:動詞 ます::: 。:::
流域	ダム::だむ:名詞 が::: 切れ:切れる:きれ:動詞 て::: 流域::りゅういき:名詞 に::: 大水::おおみず:名詞 が::: 押し寄せ:押し寄せる:おしよせ:動詞 た::: 。:::
両側	通り::とおり:名詞 の::: 両側::りょうがわ:名詞 に::: は::: 大勢::たいせい:名詞 の::: 人::ひと:名詞 が::: い:いる::動詞 た::: 。:::
漁師	彼ら::かれら:名詞 は::: 漁師::りょうし:名詞 に::: 変装::へんそう:名詞 し:する::動詞 船::せん:名詞 に::: 乗っ:乗る:のっ:動詞 て::: 逃げ:逃げる:にげ:動詞 た::: 。:::
領収	この::: 領収::りょうしゅう:名詞 書::しょ:名詞 に::: サイン::さいん:名詞 を::: お願い::おねがい:名詞 し:する::動詞 ます::: 。:::
臨時	番組::ばんぐみ:名詞 の::: 途中::とちゅう:名詞 です::: が::: 、::: ここ:::名詞 で::: 臨時::りんじ:名詞 ニュース::にゅーす:名詞 を::: お伝え::おつたえ:名詞 し:する::動詞 ます::: 。:::
留守番	私::わたし:名詞 たち:::名詞 が::: 帰る::かえる:動詞 まで::: 留守番::るすばん:名詞 を::: お願い::おねがい:名詞 し:する::動詞 ます::: 。:::
レインコート	雨::あめ:名詞 の::: 日::ひ:名詞 は::: レインコート::れいんこーと:名詞 を::: 着:着る:き:動詞 ます::: 。:::
レジャー	週末::しゅうまつ:名詞 は::: レジャー::れじゃー:名詞 を::: 楽しみ:楽しむ:たのしみ:動詞 ます::: 。:::
列島	日本::にっぽん:名詞 列島::れっとう:名詞 は::: 南北::なんぼく:名詞 に::: 長い::ながい:形容詞 です::: 。:::
煉瓦	この::: 家::いえ:名詞 は::: 煉瓦::れんが:名詞 で::: でき:できる::動詞 て::: い:いる::動詞 ます::: 。:::
連合	三つ::みっつ:名詞 の::: 国::くに:名詞 が::: 連合::れんごう:名詞 し:する::動詞 まし:ます:: た::: 。:::
レンズ	眼鏡::めがね:名詞 の::: レンズ::れんず:名詞 を::: 替え:替える:かえ:動詞 まし:ます:: た::: 。:::
ローマ字	名前::なまえ:名詞 を::: ローマ字::ろーまじ:名詞 で::: 書い:書く:かい:動詞 て::: ください:くださる::動詞 。:::
ろうそく	停電::ていでん:名詞 で::: ろうそく:::名詞 を::: つけ:つける::動詞 まし:ます:: た::: 。:::
録音	会議::かいぎ:名詞 を::: 録音::ろくおん:名詞 し:する::動詞 て::: も::: いい:::形容詞 です::: か::: 。:::
ロッカー	荷物::にもつ:名詞 は::: ロッカー::ろっかー:名詞 に::: 入れ:入れる:いれ:動詞 て::: ください:くださる::動詞 。:::
ロビー	ホテル::ほてる:名詞 の::: ロビー::ろびー:名詞 で::: 待ち:待つ:まち:動詞 ます::: 。:::
和英	和英::かずひで:名詞 辞典::じてん:名詞 を::: 買い:買う:かい:動詞 まし:ます:: た::: 。:::
詫びる	遅れ:遅れる:おくれ:動詞 た::: こと:::名詞 を::: 詫び:詫びる:わび:動詞 まし:ます:: た::: 。:::
和服	正月::しょうがつ:名詞 に::: 和服::わふく:名詞 を::: 着:着る:き:動詞 ます::: 。:::
割引	学生::がくせい:名詞 は::: 割引::わりびき:名詞 が::: あり:ある::動詞 ます::: 。:::
ワンピース	青い::あおい:形容詞 ワンピース::わんぴーす:名詞 を::: 買い:買う:かい:動詞 まし:ます:: た::: 。:::
朝御飯	朝::あさ:名詞 御飯::ごはん:名詞 は::: パン::ぱん:名詞 を::: 食べ:食べる:たべ:動詞 ます::: 。:::
一日	一日中::いちにちじゅう:名詞 家::か:名詞 に::: い:いる::動詞 まし:ます:: た::: 。:::
五日	五::ご:名詞 日::にち:名詞 かかり:かかる::動詞 まし:ます:: た::: 。:::
色々	色々::いろいろ:名詞 な:だ:: 花::はな:名詞 が::: あり:ある::動詞 ます::: 。:::
映画館	駅前::えきまえ:名詞 の::: 映画::えいが:名詞 館::かん:名詞 へ::: 行き:行く:いき:動詞 ます::: 。:::
お皿	お::: 皿::さら:名詞 を::: 三::さん:名詞 枚::まい:名詞 出し:出す:だし:動詞 て::: ください:くださる::動詞 。:::
お手洗い	お::: 手洗い::てあらい:名詞 は::: どこ:::名詞 です::: か::: 。:::
お兄さん	お::: 兄さん::にいさん:名詞 は::: 大学生::だいがくせい:名詞 です::: か::: 。:::
お姉さん	お::: 姉さん::ねえさん:名詞 は::: 先生::せんせい:名詞 です::: 。:::
伯母さん	伯母::おば:名詞 さん:::名詞 が::: 遊び::あそび:名詞 に::: 来:来る:き:動詞 まし:ます:: た::: 。:::
お風呂	毎晩::まいばん:名詞 お::: 風呂::ふろ:名詞 に::: 入り:入る:はいり:動詞 ます::: 。:::
お弁当	お::: 弁当::べんとう:名詞 を::: 持っ:持つ:もっ:動詞 て::: 行き:行く:いき:動詞 ます::: 。:::
外国人	この::: 学校::がっこう:名詞 に::: は::: 外国::がいこく:名詞 人::じん:名詞 が::: 多い::おおい:形容詞 です::: 。:::
九日	九::きゅう:名詞 日::にち:名詞 に::: 会い:会う:あい:動詞 ましょ:ます:: う::: 。:::
さ来年	さ:::副詞 来年::らいねん:名詞 、::: 日本::にっぽん:名詞 へ::: 行き:行く:いき:動詞 ます::: 。:::
すぐに	すぐ:::副詞 に::: 返事::へんじ:名詞 を::: ください:くださる::動詞 。:::
誕生日	誕生::たんじょう:名詞 日::び:名詞 は::: い:いる::動詞 つ::: です::: か::: 。:::
段々	段々::だんだん:副詞 寒く:寒い:さむく:形容詞 なり:なる::動詞 まし:ます:: た::: 。:::
十日	十::じゅう:名詞 日::にち:名詞 ほど::: 休み:休む:やすみ:動詞 ます::: 。:::
七つ	りんご:::名詞 を::: 七つ::ななつ:名詞 買い:買う:かい:動詞 まし:ます:: た::: 。:::
七日	七::なな:名詞 日::にち:名詞 に::: 出発::しゅっぱつ:名詞 し:する::動詞 ます::: 。:::
温い	この::: お茶::おちゃ:名詞 は::: 温い::ぬくい:形容詞 です::: 。:::
二十歳	弟::おとうと:名詞 は::: 二::に:名詞 十::じゅう:名詞 歳::さい:名詞 に::: なり:なる::動詞 まし:ます:: た::: 。:::
二十日	二::に:名詞 十::じゅう:名詞 日::にち:名詞 に::: 試験::しけん:名詞 が::: あり:ある::動詞 ます::: 。:::
晩御飯	晩::ばん:名詞 御飯::ごはん:名詞 は::: 七::なな:名詞 時::じ:名詞 に::: 食べ:食べる:たべ:動詞 ます::: 。:::
一人	一::いち:名詞 人::にん:名詞 で::: 行き:行く:いき:動詞 ます::: 。:::
昼御飯	昼::ひる:名詞 御飯::ごはん:名詞 を::: 食べ:食べる:たべ:動詞 ましょ:ます:: う::: 。:::
二人	二::に:名詞 人::にん:名詞 で::: 映画::えいが:名詞 を::: 見:見る:み:動詞 まし:ます:: た::: 。:::
二日	二::に:名詞 日::にち:名詞 休み:休む:やすみ:動詞 まし:ます:: た::: 。:::
三日	三::さん:名詞 日::にち:名詞 待っ:待つ:まっ:動詞 て::: ください:くださる::動詞 。:::
六日	六::ろく:名詞 日::にち:名詞 に::: 会議::かいぎ:名詞 が::: あり:ある::動詞 ます::: 。:::
ゆっくりと	ゆっくり:::副詞 と::: 歩き:歩く:あるき:動詞 まし:ます:: た::: 。:::
八日	八::はち:名詞 日::にち:名詞 に::: 帰り:帰る:かえり:動詞 ます::: 。:::
四日	四::よん:名詞 日::にち:名詞 かかり:かかる::動詞 ます::: 。:::
ラジオカセ	古い::ふるい:形容詞 ラジオカセ::*:名詞 を::: 持っ:持つ:もっ:動詞 て::: い:いる::動詞 ます::: 。:::
運転手	タクシー::たくしー:名詞 の::: 運転::うんてん:名詞 手::しゅ:名詞 に::: 道::みち:名詞 を::: 聞き:聞く:きき:動詞 まし:ます:: た::: 。:::
非常に	非常::ひじょう:名詞 に::: 難しい::むずかしい:形容詞 問題::もんだい:名詞 です::: 。:::
ございます	受付::うけつけ:名詞 は::: 二::に:名詞 階::かい:名詞 に::: ござい:ござる::動詞 ます::: 。:::
落る	葉::は:名詞 が::: 落ち:落ちる:おち:動詞 まし:ます:: た::: 。:::
動物園	日曜日::にちようび:名詞 に::: 動物::どうぶつ:名詞 園::えん:名詞 へ::: 行き:行く:いき:動詞 ます::: 。:::
再来月	再来月::さらいげつ:名詞 引っ越し:引っ越す:ひっこし:動詞 ます::: 。:::
食料品	食料::しょくりょう:名詞 品::ひん:名詞 を::: 買い:買う:かい:動詞 に::: 行き:行く:いき:動詞 ます::: 。:::
ご主人	ご::: 主人::しゅじん:名詞 は::: お::: 元気::げんき:名詞 です::: か::: 。:::
お土産	お::: 土産::みやげ:名詞 を::: 買っ:買う:かっ:動詞 て::: 帰り:帰る:かえり:動詞 ます::: 。:::
楽む	旅行::りょこう:名詞 を::: 楽::らく:名詞 み:みる::動詞 ます::: 。:::
おつり	お::: つり:::名詞 を::: ください:くださる::動詞 。:::
おいでになる	先生::せんせい:名詞 が::: おいで:::名詞 に::: なり:なる::動詞 まし:ます:: た::: 。:::
お金持ち	彼::かれ:名詞 は::: お::: 金持ち::かねもち:名詞 です::: 。:::
駐車場	駐車::ちゅうしゃ:名詞 場::じょう:名詞 は::: 建物::たてもの:名詞 の::: 裏::うら:名詞 です::: 。:::
天気予報	天気::てんき:名詞 予報::よほう:名詞 を::: 見:見る:み:動詞 まし:ます:: た::: 。:::
お見舞い	友達::ともだち:名詞 の::: お::: 見舞い::みまい:名詞 に::: 行き:行く:いき:動詞 ます::: 。:::
展覧会	展覧::てんらん:名詞 会::かい:名詞 は::: 明日::あした:名詞 まで::: です::: 。:::
新聞社	兄::あに:名詞 は::: 新聞::しんぶん:名詞 社::しゃ:名詞 に::: 勤め:勤める:つとめ:動詞 て::: い:いる::動詞 ます::: 。:::
ひげ	毎朝::まいあさ:名詞 ひ:ひる::動詞 げ:::名詞 を::: そり:そる::動詞 ます::: 。:::
研究室	先生::せんせい:名詞 は::: 研究::けんきゅう:名詞 室::しつ:名詞 に::: い:いる::動詞 ます::: 。:::
この頃	この::: 頃::ころ:名詞 よく:::副詞 雨::あめ:名詞 が::: 降り:降りる:おり:動詞 ます::: 。:::
看護婦	看護::かんご:名詞 婦::ふ:名詞 が::: 薬::くすり:名詞 を::: 持っ:持つ:もっ:動詞 て::: き:くる::動詞 まし:ます:: た::: 。:::
様々	様々::さまざま:名詞 な:だ:: 意見::いけん:名詞 が::: あり:ある::動詞 ます::: 。:::
四角	四角::しかく:名詞 の::: テーブル::てーぶる:名詞 を::: 買い:買う:かい:動詞 まし:ます:: た::: 。:::
奨学金	奨学::しょうがく:名詞 金::きん:名詞 を::: もらい:もらう::動詞 まし:ます:: た::: 。:::
少々	少々::しょうしょう:副詞 時間::じかん:名詞 が::: かかり:かかる::動詞 ます::: 。:::
徐々に	徐々に::じょじょに:副詞 良く:良い:よく:形容詞 なっ:なる::動詞 て::: い:いる::動詞 ます::: 。:::
知合い	彼::かれ:名詞 と::: は::: 古い::ふるい:形容詞 知合い::しりあい:名詞 です::: 。:::
少しも	少し::すこし:副詞 も::: 変わっ:変わる:かわっ:動詞 て::: い:いる::動詞 ませ:ます:: ん::: 。:::
清む	空気::くうき:名詞 が::: 清:清い:きよ:形容詞 み:みる::動詞 まし:ます:: た::: 。:::
刷る	チラシ::ちらし:名詞 を::: 千::せん:名詞 枚::まい:名詞 刷り:刷る:すり:動詞 まし:ます:: た::: 。:::
生長	植物::しょくぶつ:名詞 の::: 生長::せいちょう:名詞 が::: 早い::はやい:形容詞 です::: 。:::
いけない	ここ:::名詞 に::: 入っ:入る:はいっ:動詞 て::: は::: いけ:いける::動詞 ない::: です::: 。:::
一度に	一::いち:名詞 度::ど:名詞 に::: 全部::ぜんぶ:名詞 食べ:食べる:たべ:動詞 まし:ます:: た::: 。:::
いつでも	いつ:::名詞 でも::: 来:来る:き:動詞 て::: ください:くださる::動詞 。:::
いつまでも	いつ:::名詞 まで::: も::: 忘れ:忘れる:わすれ:動詞 ませ:ます:: ん::: 。:::
うがい	帰っ:帰る:かえっ:動詞 たら:た:: う::: がい:::名詞 を::: し:する::動詞 ます::: 。:::
押える	傷口::きずぐち:名詞 を::: 押え:押える:おさえ:動詞 て::: ください:くださる::動詞 。:::
男の人	男::おとこ:名詞 の::: 人::ひと:名詞 が::: 待っ:待つ:まっ:動詞 て::: い:いる::動詞 ます::: 。:::
お目に掛かる	明日::あした:名詞 お::: 目::め:名詞 に::: 掛かり:掛かる:かかり:動詞 ます::: 。:::
主に	主::おも:名詞 に::: 日本語::にほんご:名詞 を::: 教え:教える:おしえ:動詞 て::: い:いる::動詞 ます::: 。:::
反る	板::いた:名詞 が::: 反っ:反る:そっ:動詞 て::: しまい:しまう::動詞 まし:ます:: た::: 。:::
方々	大勢::たいせい:名詞 の::: 方々::かたがた:名詞 が::: 来:来る:き:動詞 まし:ます:: た::: 。:::
かもしれない	明日::あした:名詞 は::: 雨::あめ:名詞 かも::: しれ:しれる::動詞 ない::: です::: 。:::
可愛そう	捨て:捨てる:すて:動詞 猫::ねこ:名詞 が::: 可愛:可愛い:かわい:形容詞 そう:::名詞 です::: 。:::
酌む	お::: 酒::さけ:名詞 を::: 酌み:酌む:くみ:動詞 ます::: 。:::
訓	この::: 漢字::かんじ:名詞 の::: 訓::くん:名詞 を::: 教え:教える:おしえ:動詞 て::: ください:くださる::動詞 。:::
極	極::ごく:副詞 まれ:::名詞 な:だ:: 例::れい:名詞 です::: 。:::
寧ろ	寧ろ::むしろ:副詞 こちら:::名詞 の::: 方::ほう:名詞 が::: いい:::形容詞 です::: 。:::
もしかすると	もしか:::副詞 する:::動詞 と::: 来:来る:こ:動詞 ない::: かも::: しれ:しれる::動詞 ませ:ます:: ん::: 。:::
尤も	それ:::名詞 は::: 尤も::もっとも:名詞 な:だ:: 意見::いけん:名詞 です::: 。:::
因る	事故::じこ:名詞 は::: 不注意::ふちゅうい:名詞 に::: 因り:因る:より:動詞 ます::: 。:::
我々	我々::われわれ:名詞 は::: 同じ::おなじ: 考え::かんがえ:名詞 です::: 。:::
碗	碗::わん:名詞 に::: ご飯::ごはん:名詞 を::: よそい:よそう::動詞 ます::: 。:::
当り	くじ:::名詞 が::: 当り:当る:あたり:動詞 でし:です:: た::: 。:::
宛てる	先生::せんせい:名詞 に::: 宛て:宛てる:あて:動詞 て::: 手紙::てがみ:名詞 を::: 書き:書く:かき:動詞 まし:ます:: た::: 。:::
異動	四月::しがつ:名詞 に::: 異動::いどう:名詞 が::: あり:ある::動詞 ます::: 。:::
渦	川::かわ:名詞 に::: 渦::うず:名詞 が::: でき:できる::動詞 て::: い:いる::動詞 ます::: 。:::
格	彼::かれ:名詞 と::: は::: 格::かく:名詞 が::: 違い:違う:ちがい:動詞 ます::: 。:::
加味	新しい::あたらしい:形容詞 要素::ようそ:名詞 を::: 加味::かみ:名詞 し:する::動詞 まし:ます:: た::: 。:::
季刊	この::: 雑誌::ざっし:名詞 は::: 季刊::きかん:名詞 です::: 。:::
個々	個々::ここ:名詞 の::: 意見::いけん:名詞 を::: 聞き:聞く:きき:動詞 ます::: 。:::
ことによると	ことに:::副詞 よる:::動詞 と::: 中止::ちゅうし:名詞 に::: なり:なる::動詞 ます::: 。:::
具える	必要::ひつよう:名詞 な:だ:: 道具::どうぐ:名詞 を::: 具え:具える:そなえ:動詞 まし:ます:: た::: 。:::
田	春::はる:名詞 に::: 田::た:名詞 を::: 耕し:耕す:たがやし:動詞 ます::: 。:::
大部分	大::だい: 部分::ぶぶん:名詞 の::: 人::ひと:名詞 が::: 賛成::さんせい:名詞 し:する::動詞 まし:ます:: た::: 。:::
偶	偶::*:名詞 に::: 映画::えいが:名詞 を::: 見:見る:み:動詞 ます::: 。:::
違いない	彼::かれ:名詞 が::: 犯人::はんにん:名詞 に::: 違い::ちがい:名詞 ない::: です::: 。:::
付合う	彼女::かのじょ:名詞 と::: 三::さん:名詞 年::ねん:名詞 付合っ:付合う:つきあっ:動詞 て::: い:いる::動詞 ます::: 。:::
次々	次々::つぎつぎ:副詞 に::: 人::ひと:名詞 が::: 来:来る:き:動詞 まし:ます:: た::: 。:::
出合い	いい:::形容詞 出合い::であい:名詞 が::: あり:ある::動詞 まし:ます:: た::: 。:::
適する	この::: 土地::とち:名詞 は::: 農業::のうぎょう:名詞 に::: 適し:適す:てきし:動詞 て::: い:いる::動詞 ます::: 。:::
できれば	できれ:できる::動詞 ば::: 明日::あした:名詞 来:来る:き:動詞 て::: ください:くださる::動詞 。:::
どうぞよろしく	初め::はじめ:名詞 まして:::副詞 、::: どうぞ:::副詞 よろしく:::副詞 。:::
溶く	卵::たまご:名詞 を::: 溶い:溶く:とい:動詞 て::: ください:くださる::動詞 。:::
どこか	どこ:::名詞 か::: で::: 会い:会う:あい:動詞 まし:ます:: た::: か::: 。:::
年寄	年寄::としより:名詞 に::: 席::せき:名詞 を::: 譲り:譲る:ゆずり:動詞 ます::: 。:::
とんでもない	とんでも:::名詞 ない::: 話::はなし:名詞 です::: 。:::
中味	箱::はこ:名詞 の::: 中味::なかみ:名詞 を::: 見:見る:み:動詞 まし:ます:: た::: 。:::
何か	何::なに:名詞 か::: 食べ:食べる:たべ:動詞 たい::: です::: 。:::
中々	中::なか:名詞 々::: 来:来る:き:動詞 ませ:ます:: ん::: ね::: 。:::
精々	精::きよし:名詞 々::: 三::さん:名詞 日::にち:名詞 でしょ:です:: う::: 。:::
咥える	犬::いぬ:名詞 が::: 新聞::しんぶん:名詞 を::: 咥::*:名詞 え:える::動詞 て::: い:いる::動詞 ます::: 。:::
偶々	偶::*:名詞 々::: 駅::えき:名詞 で::: 会い:会う:あい:動詞 まし:ます:: た::: 。:::
なにも	なに:::名詞 も::: 心配::しんぱい:名詞 いり:いる::動詞 ませ:ます:: ん::: 。:::
生る	木::き:名詞 に::: 実::み:名詞 が::: 生り:生る:なり:動詞 まし:ます:: た::: 。:::
馴れる	この::: 犬::いぬ:名詞 は::: 人::ひと:名詞 に::: 馴れ:馴れる:なれ:動詞 て::: い:いる::動詞 ます::: 。:::
日中	日::にち:名詞 中::ちゅう:名詞 は::: 暖かい::あたたかい:形容詞 です::: 。:::
放れる	犬::いぬ:名詞 が::: 綱::つな:名詞 から::: 放れ:放れる:はなれ:動詞 まし:ます:: た::: 。:::
一人一人	一::いち:名詞 人::にん:名詞 一::いち:名詞 人::にん:名詞 名前::なまえ:名詞 を::: 呼び:呼ぶ:よび:動詞 ます::: 。:::
殖やす	資産::しさん:名詞 を::: 殖やし:殖やす:ふやし:動詞 たい::: です::: 。:::
堀	城::しろ:名詞 の::: 堀::ほり:名詞 を::: 歩き:歩く:あるき:動詞 まし:ます:: た::: 。:::
濠	濠::ほり:名詞 に::: 水::みず:名詞 が::: 満ち:満ちる:みち:動詞 て::: い:いる::動詞 ます::: 。:::
交ざる	白::しろ:名詞 と::: 黒::くろ:名詞 が::: 交ざっ:交ざる:まざっ:動詞 て::: い:いる::動詞 ます::: 。:::
交ぜる	材料::ざいりょう:名詞 を::: よく:::副詞 交ぜ:交ぜる:まぜ:動詞 て::: ください:くださる::動詞 。:::
磁器	白い::しろい:形容詞 磁器::じき:名詞 の::: 皿::さら:名詞 を::: 買い:買う:かい:動詞 まし:ます:: た::: 。:::
字体	この::: 字体::じたい:名詞 は::: 読み:読む:よみ:動詞 やすい:::形容詞 です::: 。:::
衆	大衆::たいしゅう:名詞 の::: 意見::いけん:名詞 を::: 聞き:聞く:きき:動詞 ます::: 。:::
住	衣食住::いしょくじゅう:名詞 が::: 基本::きほん:名詞 です::: 。:::
助詞	助詞::じょし:名詞 の::: 使い方::つかいかた:名詞 が::: 難しい::むずかしい:形容詞 です::: 。:::
正規	正規::せいき:名詞 の::: 手続き::てつづき:名詞 が::: 必要::ひつよう:名詞 です::: 。:::
敗	三::さん:名詞 勝::しょう:名詞 二::に:名詞 敗::はい:名詞 でし:です:: た::: 。:::
諮る	委員::いいん:名詞 会::かい:名詞 に::: 諮り:諮る:はかり:動詞 ます::: 。:::
膜	表面::ひょうめん:名詞 に::: 薄い::うすい:形容詞 膜::まく:名詞 が::: でき:できる::動詞 て::: い:いる::動詞 ます::: 。:::
捲る	本::ほん:名詞 の::: ページ::ぺーじ:名詞 を::: 捲り:捲る:めくり:動詞 ます::: 。:::
刊	この::: 本::ほん:名詞 は::: 月刊::げっかん:名詞 です::: 。:::
時間目	三::さん:名詞 時間::じかん:名詞 目::め:名詞 は::: 数学::すうがく:名詞 です::: 。:::
庁	気象庁::きしょうちょう:名詞 が::: 発表::はっぴょう:名詞 し:する::動詞 まし:ます:: た::: 。:::
兆	予算::よさん:名詞 は::: 一::いち:名詞 兆::ちょう:名詞 円::えん:名詞 です::: 。:::
丁目	三::さん:名詞 丁目::ちょうめ:名詞 で::: 降り:降りる:おり:動詞 ます::: 。:::
遍	一::いち:名詞 遍::へん:名詞 だけ::: 会い:会う:あい:動詞 まし:ます:: た::: 。:::
扇ぐ	暑い::あつい:形容詞 ので::: 扇ぎ:扇ぐ:あおぎ:動詞 ます::: 。:::
あちらこちら	あちら:::名詞 こちら:::名詞 探し:探す:さがし:動詞 まし:ます:: た::: 。:::
あみもの	冬::ふゆ:名詞 は::: あみ:::名詞 もの:::名詞 を::: し:する::動詞 ます::: 。:::
粗筋	映画::えいが:名詞 の::: 粗筋::あらすじ:名詞 を::: 教え:教える:おしえ:動詞 て::: ください:くださる::動詞 。:::
言い付ける	先生::せんせい:名詞 に::: 言い付け:言い付ける:いいつけ:動詞 ます::: 。:::
行っていらっしゃい	気::き:名詞 を::: つけ:つける::動詞 て::: 行っ:行く:いっ:動詞 て::: いらっしゃい:いらっしゃる::動詞 。:::
いってきます	それでは::: 、::: いっ:いう::動詞 て::: き:くる::動詞 ます::: 。:::
いってまいります	ただ今::ただいま:名詞 から::: いっ:いう::動詞 て::: まいり:まいる::動詞 ます::: 。:::
行ってらっしゃい	行っ:行く:いっ:動詞 て::: らっしゃい:らっしゃる::動詞 、::: 気::き:名詞 を::: つけ:つける::動詞 て::: 。:::
緯度	この::: 町::まち:名詞 の::: 緯度::いど:名詞 を::: 調べ:調べる:しらべ:動詞 まし:ます:: た::: 。:::
炒る	豆::まめ:名詞 を::: 炒り:炒る:いり:動詞 ます::: 。:::
入れ物	大きい::おおきい:形容詞 入れ物::いれもの:名詞 を::: ください:くださる::動詞 。:::
ウーマン	彼女::かのじょ:名詞 は::: キャリアウーマン::きゃりあうーまん:名詞 です::: 。:::
打合せ	明日::あした:名詞 、::: 打合せ::うちあわせ:名詞 が::: あり:ある::動詞 ます::: 。:::
ええと	え::: えと::: 、::: 少し::すこし:副詞 待っ:待つ:まっ:動詞 て::: ください:くださる::動詞 。:::
円周	円周::えんしゅう:名詞 の::: 長:長い:なが:形容詞 さ:::名詞 を::: 計算::けいさん:名詞 し:する::動詞 ます::: 。:::
おおざっぱ	おお::: ざっぱな::*:名詞 計画::けいかく:名詞 を::: 立て:立てる:たて:動詞 まし:ます:: た::: 。:::
大凡	大凡::おおよそ:名詞 三::さん:名詞 十::じゅう:名詞 人::にん:名詞 来:来る:き:動詞 まし:ます:: た::: 。:::
お帰り	お::: 帰り::かえり:名詞 、::: 疲れ:疲れる:つかれ:動詞 た::: でしょ:です:: う::: 。:::
おかけください	どうぞ:::副詞 おかけ:::名詞 ください:くださる::動詞 。:::
おかげさまで	おかげ:::名詞 さま:::名詞 で::: 元気::げんき:名詞 です::: 。:::
おかまいなく	どうぞ:::副詞 おか:おく::動詞 まい::: なく:ない::形容詞 。:::
お代わり	ご飯::ごはん:名詞 の::: お::: 代わり::かわり:名詞 は::: いかが:::名詞 です::: か::: 。:::
お気の毒に	それ:::名詞 は::: お::: 気の毒::きのどく:名詞 に::: 。:::
送り仮名	送り:送る:おくり:動詞 仮名::かめい:名詞 に::: 気::き:名詞 を::: つけ:つける::動詞 て::: ください:くださる::動詞 。:::
お元気で	それでは::: お::: 元気::げんき:名詞 で:だ:: 。:::
伯父さん	伯父::おじ:名詞 さん:::名詞 に::: 手紙::てがみ:名詞 を::: 書き:書く:かき:動詞 まし:ます:: た::: 。:::
小父さん	隣::となり:名詞 の::: 小::しょう: 父さん::とうさん:名詞 は::: 親切::しんせつ:名詞 です::: 。:::
お世話になりました	長い::ながい:形容詞 間::ま:名詞 お世話::おせわ:名詞 に::: なり:なる::動詞 まし:ます:: た::: 。:::
お大事に	どうぞ:::副詞 お::: 大事::だいじ:名詞 に::: 。:::
落着く	深呼吸::しんこきゅう:名詞 し:する::動詞 て::: 落着き::おちつき:名詞 まし:ます:: た::: 。:::
お出掛け	お::: 出掛け:出掛ける:でかけ:動詞 の::: 予定::よてい:名詞 は::: あり:ある::動詞 ます::: か::: 。:::
お手伝いさん	お::: 手伝い::てつだい:名詞 さん:::名詞 が::: 来:来る:き:動詞 て::: い:いる::動詞 ます::: 。:::
落し物	落し物::おとしもの:名詞 を::: 届け:届ける:とどけ:動詞 まし:ます:: た::: 。:::
各々	各々::おのおの:名詞 の::: 意見::いけん:名詞 を::: 書い:書く:かい:動詞 て::: ください:くださる::動詞 。:::
小母さん	小母::おば:名詞 さん:::名詞 が::: 手伝っ:手伝う:てつだっ:動詞 て::: くれ:くれる::動詞 まし:ます:: た::: 。:::
お待たせしました	お::: 待た:待つ:また:動詞 せ:せる::動詞 し:する::動詞 まし:ます:: た::: 、::: どうぞ:::副詞 。:::
お待ちください	こちら:::名詞 で::: お待ち::おまち:名詞 ください:くださる::動詞 。:::
おまちどおさま	お::: まち:::名詞 ど::: お::: さま:::名詞 、::: お::: 料理::りょうり:名詞 です::: 。:::
思い掛けない	思い:思う:おもい:動詞 掛け:掛ける:かけ:動詞 ない::: 知らせ::しらせ:名詞 でし:です:: た::: 。:::
思いっ切り	思いっ切り::おもいっきり:副詞 遊び:遊ぶ:あそび:動詞 まし:ます:: た::: 。:::
お休み	それでは::: お::: 休み:休む:やすみ:動詞 なさい:なさる::動詞 。:::
おやつ	三::さん:名詞 時::じ:名詞 に::: お::: やつ:::名詞 を::: 食べ:食べる:たべ:動詞 ます::: 。:::
御中	封筒::ふうとう:名詞 に::: 御中::おんちゅう:名詞 と::: 書き:書く:かき:動詞 ます::: 。:::
女の人	女::おんな:名詞 の::: 人::ひと:名詞 が::: 待っ:待つ:まっ:動詞 て::: い:いる::動詞 ます::: 。:::
回数券	回数::かいすう:名詞 券::けん:名詞 を::: 買い:買う:かい:動詞 まし:ます:: た::: 。:::
概論	経済::けいざい:名詞 学::がく:名詞 概論::がいろん:名詞 を::: 学び:学ぶ:まなび:動詞 ます::: 。:::
却って	却って::かえって:副詞 高く:高い:たかく:形容詞 つき:つく::動詞 まし:ます:: た::: 。:::
書取	書取::かきとり:名詞 の::: テスト::てすと:名詞 が::: あり:ある::動詞 ます::: 。:::
学力	学力::がくりょく:名詞 が::: 伸び:伸びる:のび:動詞 て::: い:いる::動詞 ます::: 。:::
かけざん	かけ:かける::動詞 ざんを::*:名詞 習い:習う:ならい:動詞 まし:ます:: た::: 。:::
火口	火口::かこう:名詞 から::: 煙::けむり:名詞 が::: 出:出る:で:動詞 て::: い:いる::動詞 ます::: 。:::
かしょ	三::さん:名詞 か::: しょ:::名詞 間違え:間違える:まちがえ:動詞 まし:ます:: た::: 。:::
加速度	加速度::かそくど:名詞 を::: 計算::けいさん:名詞 し:する::動詞 ます::: 。:::
かたかな	かた:かたい::形容詞 かな:::名詞 で::: 書い:書く:かい:動詞 て::: ください:くださる::動詞 。:::
片寄る	意見::いけん:名詞 が::: 片寄っ:片寄る:かたよっ:動詞 て::: い:いる::動詞 ます::: 。:::
勝手に	勝手::かって:名詞 に::: 使わ:使う:つかわ:動詞 ない::: で::: ください:くださる::動詞 。:::
構いません	遅れ:遅れる:おくれ:動詞 て::: も::: 構い:構う:かまい:動詞 ませ:ます:: ん::: 。:::
紙屑	紙屑::かみくず:名詞 を::: ごみ箱::ごみばこ:名詞 に::: 捨て:捨てる:すて:動詞 ます::: 。:::
剃刀	剃刀::かみそり:名詞 で::: ひ:ひる::動詞 げ:::名詞 を::: そり:そる::動詞 ます::: 。:::
かるた	正月::しょうがつ:名詞 に::: かるた:::名詞 を::: し:する::動詞 ます::: 。:::
瓦	屋根::やね:名詞 の::: 瓦::かわら:名詞 が::: 落ち:落ちる:おち:動詞 まし:ます:: た::: 。:::
寒帯	寒帯::かんたい:名詞 の::: 動物::どうぶつ:名詞 を::: 調べ:調べる:しらべ:動詞 ます::: 。:::
機関車	古い::ふるい:形容詞 機関::きかん:名詞 車::しゃ:名詞 が::: 走っ:走る:はしっ:動詞 て::: い:いる::動詞 ます::: 。:::
規準	規準::きじゅん:名詞 に::: 合っ:合う:あっ:動詞 て::: いる:::動詞 か::: 調べ:調べる:しらべ:動詞 ます::: 。:::
切っ掛け	それ:::名詞 が::: 始め:始める:はじめ:動詞 た::: 切っ掛け::きっかけ:名詞 です::: 。:::
客席	客席::きゃくせき:名詞 は::: ほぼ:::副詞 満員::まんいん:名詞 です::: 。:::
斬る	時代::じだい:名詞 劇::げき:名詞 で::: 竹::たけ:名詞 を::: 斬り:斬る:きり:動詞 ます::: 。:::
気を付ける	車::くるま:名詞 に::: 気::き:名詞 を::: 付け:付ける:つけ:動詞 て::: ください:くださる::動詞 。:::
組合せ	色::いろ:名詞 の::: 組合せ::くみあわせ:名詞 が::: いい:::形容詞 です::: 。:::
蛍光灯	蛍光::けいこう:名詞 灯::とう:名詞 を::: 取り替え:取り替える:とりかえ:動詞 まし:ます:: た::: 。:::
形容動詞	形容動詞::けいようどうし:名詞 の::: 使い方::つかいかた:名詞 を::: 習い:習う:ならい:動詞 ます::: 。:::
激増	利用::りよう:名詞 者::しゃ:名詞 が::: 激増::げきぞう:名詞 し:する::動詞 て::: い:いる::動詞 ます::: 。:::
桁	桁::けた:名詞 を::: 間違え:間違える:まちがえ:動詞 まし:ます:: た::: 。:::
煙い	部屋::へや:名詞 が::: 煙い::けむい:形容詞 です::: 。:::
現に	現に::げんに:副詞 それ:::名詞 を::: 見:見る:み:動詞 まし:ます:: た::: 。:::
耕地	この::: 村::むら:名詞 は::: 耕地::こうち:名詞 が::: 広い::ひろい:形容詞 です::: 。:::
交通機関	交通::こうつう:名詞 機関::きかん:名詞 が::: 止まり:止まる:とまり:動詞 まし:ます:: た::: 。:::
高等学校	兄::あに:名詞 は::: 高等::こうとう:名詞 学校::がっこう:名詞 の::: 先生::せんせい:名詞 です::: 。:::
こくせき	こく:こい::形容詞 せき:::名詞 を::: 書い:書く:かい:動詞 て::: ください:くださる::動詞 。:::
ご苦労様	ご苦労::ごくろう:名詞 様::さま:名詞 でし:です:: た::: 。:::
腰掛	庭::にわ:名詞 に::: 腰掛::こしかけ:名詞 を::: 置き:置く:おき:動詞 まし:ます:: た::: 。:::
こちらこそ	いいえ::: 、::: こちら:::名詞 こそ::: 。:::
言付ける	留守::るす:名詞 の::: 人::ひと:名詞 に::: 言付け:言付ける:いいつけ:動詞 まし:ます:: た::: 。:::
言葉遣い	言葉::ことば:名詞 遣い::づかい:名詞 に::: 気::き:名詞 を::: つけ:つける::動詞 ます::: 。:::
ごめんください	ごめんください::: 、::: どなた:::名詞 かい:かう::動詞 ます::: か::: 。:::
一昨昨日	一昨昨日::さきおととい:名詞 から::: 雨::あめ:名詞 です::: 。:::
作製	地図::ちず:名詞 を::: 作製::さくせい:名詞 し:する::動詞 まし:ます:: た::: 。:::
座敷	座敷::ざしき:名詞 で::: お茶::おちゃ:名詞 を::: 飲み:飲む:のみ:動詞 ます::: 。:::
差し引き	差し引き::さしひき:名詞 五::ご:名詞 千::せん:名詞 円::えん:名詞 残り:残る:のこり:動詞 まし:ます:: た::: 。:::
流石	流石::さすが:名詞 に::: 上手::じょうず:名詞 です::: ね::: 。:::
山林	この::: 地方::ちほう:名詞 は::: 山林::さんりん:名詞 が::: 多い::おおい:形容詞 です::: 。:::
自衛	自衛::じえい:名詞 の::: ため:::名詞 に::: 習い:習う:ならい:動詞 まし:ます:: た::: 。:::
仕方がない	雨::あめ:名詞 だ::: から::: 仕方::しかた:名詞 が::: ない:::形容詞 です::: 。:::
自然科学	自然::しぜん:名詞 科学::かがく:名詞 を::: 専攻::せんこう:名詞 し:する::動詞 て::: い:いる::動詞 ます::: 。:::
私鉄	私鉄::してつ:名詞 で::: 通勤::つうきん:名詞 し:する::動詞 て::: い:いる::動詞 ます::: 。:::
萎む	花::はな:名詞 が::: 萎ん:萎む:しぼん:動詞 で::: しまい:しまう::動詞 まし:ます:: た::: 。:::
社会科学	社会::しゃかい:名詞 科学::かがく:名詞 の::: 本::ほん:名詞 を::: 読み:読む:よみ:動詞 ます::: 。:::
じゃんけん	じゃ::: ん::: け::: んで::: 決め:決める:きめ:動詞 ましょ:ます:: う::: 。:::
集金	新聞::しんぶん:名詞 の::: 集金::しゅうきん:名詞 に::: 来:来る:き:動詞 まし:ます:: た::: 。:::
述語	主語::しゅご:名詞 と::: 述語::じゅつご:名詞 を::: 探し:探す:さがし:動詞 ます::: 。:::
順々	順々::じゅんじゅん:名詞 に::: 並ん:並ぶ:ならん:動詞 で::: ください:くださる::動詞 。:::
しょうがない	今さら::いまさら:副詞 言っ:言う:いっ:動詞 て::: も::: しょうが:::名詞 ない::: です::: 。:::
消極的	彼::かれ:名詞 は::: 消極::しょうきょく:名詞 的::てき:名詞 な:だ:: 人::ひと:名詞 です::: 。:::
上旬	来月::らいげつ:名詞 の::: 上旬::じょうじゅん:名詞 に::: 伺い:伺う:うかがい:動詞 ます::: 。:::
正味	正味::しょうみ:名詞 の::: 重:重い:おも:形容詞 さ:::名詞 は::: 一::いち:名詞 キロ::きろ:名詞 です::: 。:::
初旬	四月::しがつ:名詞 の::: 初旬::しょじゅん:名詞 に::: 咲き:咲く:さき:動詞 ます::: 。:::
初歩	初歩::しょほ:名詞 から::: 習い:習う:ならい:動詞 たい::: です::: 。:::
シリーズ	この::: シリーズ::しりーず:名詞 は::: 全::ぜん: 五::ご:名詞 巻::かん:名詞 です::: 。:::
人文科学	人文::じんぶん:名詞 科学::かがく:名詞 を::: 学ん:学ぶ:まなん:動詞 で::: い:いる::動詞 ます::: 。:::
針路	船::ふね:名詞 の::: 針路::しんろ:名詞 を::: 北::きた:名詞 に::: 変え:変える:かえ:動詞 ます::: 。:::
水産	この::: 町::まち:名詞 は::: 水産::すいさん:名詞 業::ぎょう:名詞 が::: 盛ん::さかん:名詞 です::: 。:::
水平線	水平::すいへい:名詞 線::せん:名詞 に::: 船::ふね:名詞 が::: 見え:見える:みえ:動詞 ます::: 。:::
図々しい	図々しい::ずうずうしい:形容詞 お願い::おねがい:名詞 で::: すみません::: 。:::
ずうっと	ず:ぬ:: うっ:うつ::動詞 と::: 前::まえ:名詞 の::: 話::はなし:名詞 です::: 。:::
杉	杉::すぎ:名詞 の::: 花粉::かふん:名詞 が::: 飛ん:飛ぶ:とん:動詞 で::: い:いる::動詞 ます::: 。:::
図表	図表::ずひょう:名詞 で::: 説明::せつめい:名詞 し:する::動詞 ます::: 。:::
すまない	遅れ:遅れる:おくれ:動詞 て::: すま:すむ::動詞 ない::: です::: 。:::
ずらり	本::ほん:名詞 が::: ずらり:::副詞 並ん:並ぶ:ならん:動詞 で::: い:いる::動詞 ます::: 。:::
狡い	その::: やり方::やりかた:名詞 は::: 狡い::ずるい:形容詞 です::: 。:::
整数	整数::せいすう:名詞 で::: 答え:答える:こたえ:動詞 て::: ください:くださる::動詞 。:::
西暦	西暦::せいれき:名詞 二::に:名詞 千::せん:名詞 年::ねん:名詞 に::: 生まれ:生まれる:うまれ:動詞 まし:ます:: た::: 。:::
応ずる	要望::ようぼう:名詞 に::: 応ずる::おうずる:動詞 こと:::名詞 に::: し:する::動詞 まし:ます:: た::: 。:::
先々月	先々::さきざき:名詞 月::つき:名詞 に::: 引っ越し:引っ越す:ひっこし:動詞 まし:ます:: た::: 。:::
先々週	先々::さきざき:名詞 週::しゅう:名詞 から::: 休ん:休む:やすん:動詞 で::: い:いる::動詞 ます::: 。:::
そういえば	そう:::副詞 いえ:いう::動詞 ば::: 、::: まだ:::副詞 聞い:聞く:きい:動詞 て::: い:いる::動詞 ませ:ます:: ん::: 。:::
造船	この::: 町::まち:名詞 は::: 造船::ぞうせん:名詞 で::: 有名::ゆうめい:名詞 です::: 。:::
騒々しい	外::そと:名詞 が::: 騒々しい::そうぞうしい:形容詞 です::: 。:::
草履	着物::きもの:名詞 に::: 草履::ぞうり:名詞 を::: 履き:履く:はき:動詞 ます::: 。:::
総理大臣	総理::そうり:名詞 大臣::だいじん:名詞 が::: 会見::かいけん:名詞 し:する::動詞 まし:ます:: た::: 。:::
続々	注文::ちゅうもん:名詞 が::: 続々::ぞくぞく:副詞 入っ:入る:はいっ:動詞 て::: い:いる::動詞 ます::: 。:::
測量	土地::とち:名詞 を::: 測量::そくりょう:名詞 し:する::動詞 まし:ます:: た::: 。:::
速力	船::ふね:名詞 の::: 速力::そくりょく:名詞 を::: 上げ:上げる:あげ:動詞 ます::: 。:::
卒直	卒::そつ:名詞 直::じか:名詞 な:だ:: 意見::いけん:名詞 を::: 聞か:聞く:きか:動詞 せ:せる::動詞 て::: ください:くださる::動詞 。:::
そのころ	その::: ころ:::名詞 は::: まだ:::副詞 学生::がくせい:名詞 でし:です:: た::: 。:::
そのため	その::: ため:::名詞 遅れ:遅れる:おくれ:動詞 まし:ます:: た::: 。:::
逸れる	話::はなし:名詞 が::: 逸れ:逸れる:それ:動詞 て::: しまい:しまう::動詞 まし:ます:: た::: 。:::
タイア	タイア::*:名詞 を::: 取り替え:取り替える:とりかえ:動詞 まし:ます:: た::: 。:::
ダイヤグラム	ダイヤグラム::だいやぐらむ:名詞 で::: 説明::せつめい:名詞 し:する::動詞 ます::: 。:::
但し	参加::さんか:名詞 は::: 自由::じゆう:名詞 です::: 。::: 但し::ただし: 、::: 予約::よやく:名詞 が::: 必要::ひつよう:名詞 です::: 。:::
だらしない	服装::ふくそう:名詞 が::: だらし:::名詞 ない::: です::: 。:::
田んぼ	田んぼ::たんぼ:名詞 に::: 水::みず:名詞 を::: 入れ:入れる:いれ:動詞 ます::: 。:::
地下水	この::: 村::むら:名詞 は::: 地下::ちか:名詞 水::すい:名詞 を::: 使っ:使う:つかっ:動詞 て::: い:いる::動詞 ます::: 。:::
近々	近々::ちかぢか:副詞 お::: 伺い::うかがい:名詞 し:する::動詞 ます::: 。:::
着々	工事::こうじ:名詞 は::: 着々::ちゃくちゃく:副詞 進ん:進む:すすん:動詞 で::: い:いる::動詞 ます::: 。:::
中旬	五月::ごがつ:名詞 の::: 中旬::ちゅうじゅん:名詞 に::: 会い:会う:あい:動詞 ましょ:ます:: う::: 。:::
長短	どちら:::名詞 に::: も::: 長短::ちょうたん:名詞 が::: あり:ある::動詞 ます::: 。:::
直流	この::: 装置::そうち:名詞 は::: 直流::ちょくりゅう:名詞 で::: 動き:動く:うごき:動詞 ます::: 。:::
貯蔵	野菜::やさい:名詞 を::: 地下::ちか:名詞 に::: 貯蔵::ちょぞう:名詞 し:する::動詞 ます::: 。:::
塵紙	塵紙::ちりがみ:名詞 を::: 一つ::ひとつ:名詞 ください:くださる::動詞 。:::
つうか	外国::がいこく:名詞 の::: つう:::名詞 か::: に::: 両替::りょうがえ:名詞 し:する::動詞 ます::: 。:::
定期券	定期::ていき:名詞 券::けん:名詞 を::: なくし:なくす::動詞 まし:ます:: た::: 。:::
定休日	この::: 店::みせ:名詞 の::: 定休::ていきゅう:名詞 日::び:名詞 は::: 月曜::げつよう:名詞 です::: 。:::
テニスコート	公園::こうえん:名詞 に::: テニス::てにす:名詞 コート::こーと:名詞 が::: あり:ある::動詞 ます::: 。:::
手拭い	手拭い::てぬぐい:名詞 で::: 汗::あせ:名詞 を::: 拭き:拭く:ふき:動詞 ます::: 。:::
点々	畑::はたけ:名詞 に::: 花::はな:名詞 が::: 点々::てんてん:名詞 と::: 咲い:咲く:さい:動詞 て::: い:いる::動詞 ます::: 。:::
転々	仕事::しごと:名詞 を::: 転々::てんてん:名詞 と::: し:する::動詞 まし:ます:: た::: 。:::
同格	二::に:名詞 人::にん:名詞 は::: 同格::どうかく:名詞 の::: 立場::たちば:名詞 です::: 。:::
等分	ケーキ::けーき:名詞 を::: 四::よん:名詞 等分::とうぶん:名詞 し:する::動詞 ます::: 。:::
床の間	床の間::とこのま:名詞 に::: 花::はな:名詞 を::: 飾り:飾る:かざり:動詞 ます::: 。:::
所々	所々::ところどころ:名詞 間違い::まちがい:名詞 が::: あり:ある::動詞 ます::: 。:::
殿	山田::やまだ:名詞 殿::どの:名詞 と::: 書い:書く:かい:動詞 て::: ください:くださる::動詞 。:::
謎謎	子供::こども:名詞 に::: 謎謎::なぞなぞ:名詞 を::: 出し:出す:だし:動詞 まし:ます:: た::: 。:::
傾らか	傾::*:名詞 ら:::名詞 か::: な::: 坂::さか:名詞 を::: 上り:上る:のぼり:動詞 ます::: 。:::
何しろ	何しろ::なにしろ:副詞 時間::じかん:名詞 が::: あり:ある::動詞 ませ:ます:: ん::: 。:::
何々	何::なに:名詞 々::: が::: 必要::ひつよう:名詞 か::: 教え:教える:おしえ:動詞 て::: ください:くださる::動詞 。:::
生意気な	生意気::なまいき:名詞 な:だ:: 口::くち:名詞 を::: きか:きく::動詞 ない::: で::: ください:くださる::動詞 。:::
倣う	先生::せんせい:名詞 に::: 倣っ:倣う:ならっ:動詞 て::: 書き:書く:かき:動詞 ます::: 。:::
匂う	バラ::ばら:名詞 が::: 甘く:甘い:あまく:形容詞 匂い:匂う:におい:動詞 ます::: 。:::
日用品	日::にち:名詞 用品::ようひん:名詞 を::: 買い:買う:かい:動詞 に::: 行き:行く:いき:動詞 ます::: 。:::
俄	俄::にわか:名詞 に::: 雨::あめ:名詞 が::: 降り出し:降り出す:ふりだし:動詞 まし:ます:: た::: 。:::
捩る	針金::はりがね:名詞 を::: 捩っ:捩る:すじっ:動詞 て::: 留め:留める:とめ:動詞 ます::: 。:::
濃度	塩::しお:名詞 の::: 濃度::のうど:名詞 を::: 測り:測る:はかり:動詞 ます::: 。:::
乗換	次::つぎ:名詞 の::: 駅::えき:名詞 で::: 乗換::のりかえ:名詞 です::: 。:::
バイバイ	それでは::: バイバイ::ばいばい:名詞 。:::
剥す	シール::しーる:名詞 を::: 剥し:剥す:はがし:動詞 まし:ます:: た::: 。:::
ばからしい	ばからしい:::形容詞 話::はなし:名詞 です::: 。:::
始めに	始め::はじめ:名詞 に::: 自己::じこ:名詞 紹介::しょうかい:名詞 を::: し:する::動詞 ます::: 。:::
初めに	初め::はじめ:名詞 に::: 名前::なまえ:名詞 を::: 書い:書く:かい:動詞 て::: ください:くださる::動詞 。:::
斜	斜::はす:名詞 に::: 線::せん:名詞 を::: 引き:引く:ひき:動詞 ます::: 。:::
果して	果して::はたして:副詞 間に合う::まにあう:動詞 でしょ:です:: う::: か::: 。:::
話合い	話合い::はなしあい:名詞 で::: 決め:決める:きめ:動詞 ましょ:ます:: う::: 。:::
話中	電話::でんわ:名詞 は::: ずっと:::副詞 話::はなし:名詞 中::ちゅう:名詞 です::: 。:::
ばね	ばね:::名詞 が::: 伸び:伸びる:のび:動詞 て::: しまい:しまう::動詞 まし:ます:: た::: 。:::
半径	半径::はんけい:名詞 五::ご:名詞 センチ::せんち:名詞 の::: 円::えん:名詞 を::: 描き:描く:えがき:動詞 ます::: 。:::
番地	番地::ばんち:名詞 を::: 教え:教える:おしえ:動詞 て::: ください:くださる::動詞 。:::
引受る	その::: 仕事::しごと:名詞 を::: 引受::ひきうけ:名詞 まし:ます:: た::: 。:::
引算	引算::ひきざん:名詞 を::: 習っ:習う:ならっ:動詞 て::: い:いる::動詞 ます::: 。:::
引分け	試合::しあい:名詞 は::: 引分::ひきわけ:名詞 け::: でし:です:: た::: 。:::
陽射	窓::まど:名詞 から::: 陽::ひ:名詞 射::しゃ:名詞 が::: 入り:入る:はいり:動詞 ます::: 。:::
引っ繰り返す	箱::はこ:名詞 を::: 引っ繰り返し:引っ繰り返す:ひっくりかえし:動詞 まし:ます:: た::: 。:::
引っ繰り返る	コップ::こっぷ:名詞 が::: 引っ繰り返り:引っ繰り返る:ひっくりかえり:動詞 まし:ます:: た::: 。:::
必需品	旅行::りょこう:名詞 の::: 必需::ひつじゅ:名詞 品::ひん:名詞 を::: 用意::ようい:名詞 し:する::動詞 ます::: 。:::
人差指	人差指::ひとさしゆび:名詞 で::: 押し:押す:おし:動詞 て::: ください:くださる::動詞 。:::
一通り	一::いち:名詞 通り::とおり:名詞 目::め:名詞 を::: 通し:通す:とおし:動詞 まし:ます:: た::: 。:::
日日	日日::ひにち:名詞 を::: 決め:決める:きめ:動詞 ましょ:ます:: う::: 。:::
ひゃっかじてん	ひ:ひる::動詞 ゃっかじてんで::*:名詞 調べ:調べる:しらべ:動詞 ます::: 。:::
百科事典	百科::ひゃっか:名詞 事典::じてん:名詞 を::: 買い:買う:かい:動詞 まし:ます:: た::: 。:::
ビルディング	高い::たかい:形容詞 ビルディング::びるでぃんぐ:名詞 が::: 並ん:並ぶ:ならん:動詞 で::: い:いる::動詞 ます::: 。:::
広さ	部屋::へや:名詞 の::: 広:広い:ひろ:形容詞 さ:::名詞 を::: 測り:測る:はかり:動詞 ます::: 。:::
広々	広々::ひろびろ:副詞 し:する::動詞 た::: 庭::にわ:名詞 が::: あり:ある::動詞 ます::: 。:::
瓶詰	瓶詰::びんづめ:名詞 の::: ジャム::じゃむ:名詞 を::: 買い:買う:かい:動詞 まし:ます:: た::: 。:::
ふくめる	税::ぜい:名詞 を::: ふくめ:ふくめる::動詞 た::: 値段::ねだん:名詞 です::: 。:::
符号	正しい::ただしい:形容詞 符号::ふごう:名詞 を::: 選ん:選ぶ:えらん:動詞 で::: ください:くださる::動詞 。:::
無沙汰	長らく::ながらく:副詞 無::む: 沙汰::さた:名詞 し:する::動詞 まし:ます:: た::: 。:::
部首	この::: 漢字::かんじ:名詞 の::: 部首::ぶしゅ:名詞 は::: 何::なに:名詞 です::: か::: 。:::
襖	襖::ふすま:名詞 を::: 静か::しずか:名詞 に::: 開け:開ける:あけ:動詞 ます::: 。:::
附属	附属::ふぞく:名詞 の::: 説明::せつめい:名詞 書::しょ:名詞 を::: 読み:読む:よみ:動詞 ます::: 。:::
ぶらさげる	かばん:::名詞 を::: 肩::かた:名詞 に::: ぶらさげ:ぶらさげる::動詞 ます::: 。:::
振り仮名	漢字::かんじ:名詞 に::: 振り:振る:ふり:動詞 仮名::かめい:名詞 を::: 付け:付ける:つけ:動詞 ます::: 。:::
古里	久しぶり::ひさしぶり:名詞 に::: 古里::ふるさと:名詞 へ::: 帰り:帰る:かえり:動詞 ます::: 。:::
分量	材料::ざいりょう:名詞 の::: 分量::ぶんりょう:名詞 を::: 量り:量る:はかり:動詞 ます::: 。:::
へそ	へそ:::名詞 の::: あたり:::名詞 が::: 痛い::いたい:形容詞 です::: 。:::
別々	会計::かいけい:名詞 は::: 別々::べつべつ:名詞 に::: し:する::動詞 て::: ください:くださる::動詞 。:::
牧畜	この::: 地方::ちほう:名詞 は::: 牧畜::ぼくちく:名詞 が::: 盛ん::さかん:名詞 です::: 。:::
坊っちゃん	坊っちゃん::ぼっちゃん:名詞 は::: お::: 元気::げんき:名詞 です::: か::: 。:::
まあまあ	成績::せいせき:名詞 は::: まあ:::副詞 まあ:::副詞 でし:です:: た::: 。:::
まごまご	駅::えき:名詞 で::: まごまご:::名詞 し:する::動詞 まし:ます:: た::: 。:::
跨ぐ	水たまり::みずたまり:名詞 を::: 跨ぎ:跨ぐ:またぎ:動詞 まし:ます:: た::: 。:::
間も無く	間::ま:名詞 も::: 無く:無い:なく:形容詞 電車::でんしゃ:名詞 が::: 来:来る:き:動詞 ます::: 。:::
惨めな	惨め::みじめ:名詞 な:だ:: 気持ち::きもち:名詞 に::: なり:なる::動詞 まし:ます:: た::: 。:::
店屋	店屋::みせや:名詞 で::: 買い物::かいもの:名詞 を::: し:する::動詞 ます::: 。:::
見詰める	じっと:::副詞 画面::がめん:名詞 を::: 見詰め:見詰める:みつめ:動詞 まし:ます:: た::: 。:::
無地	無地::むじ:名詞 の::: シャツ::しゃつ:名詞 を::: 買い:買う:かい:動詞 まし:ます:: た::: 。:::
銘々	銘々::めいめい:名詞 好き::すき:名詞 な:だ:: 物::もの:名詞 を::: 選び:選ぶ:えらび:動詞 ます::: 。:::
目安	三::さん:名詞 十::じゅう:名詞 分::ふん:名詞 を::: 目安::めやす:名詞 に::: し:する::動詞 て::: ください:くださる::動詞 。:::
面倒臭い	手続き::てつづき:名詞 が::: 面倒臭い::めんどうくさい:形容詞 です::: 。:::
申し訳ない	遅れ:遅れる:おくれ:動詞 て::: 申し訳::もうしわけ:名詞 ない::: です::: 。:::
もしかしたら	もしか:::副詞 し:する::動詞 たら:た:: 雨::あめ:名詞 かも::: しれ:しれる::動詞 ませ:ます:: ん::: 。:::
凭れる	壁::かべ:名詞 に::: 凭れ:凭れる:もたれ:動詞 て::: 休み:休む:やすみ:動詞 ます::: 。:::
元々	元々::もともと:副詞 そういう::: 性格::せいかく:名詞 です::: 。:::
物凄い	物凄い::ものすごい:形容詞 人::ひと:名詞 でし:です:: た::: 。:::
モノレール	空港::くうこう:名詞 まで::: モノレール::ものれーる:名詞 で::: 行き:行く:いき:動詞 ます::: 。:::
問答	問答::もんどう:名詞 を::: 繰り返し:繰り返す:くりかえし:動詞 まし:ます:: た::: 。:::
喧しい	工事::こうじ:名詞 の::: 音::おと:名詞 が::: 喧しい::やかましい:形容詞 です::: 。:::
やたらに	やたら:::副詞 に::: 触ら:触る:さわら:動詞 ない::: で::: ください:くださる::動詞 。:::
遊園地	子供::こども:名詞 と::: 遊園::ゆうえん:名詞 地::ち:名詞 へ::: 行き:行く:いき:動詞 ます::: 。:::
悠々	悠々::ゆうゆう:副詞 と::: 歩い:歩く:あるい:動詞 て::: いき:いく::動詞 まし:ます:: た::: 。:::
湯飲	湯::ゆ:名詞 飲::いん:名詞 に::: お茶::おちゃ:名詞 を::: 注ぎ:注ぐ:そそぎ:動詞 ます::: 。:::
洋品店	駅前::えきまえ:名詞 の::: 洋品::ようひん:名詞 店::てん:名詞 で::: 買い:買う:かい:動詞 まし:ます:: た::: 。:::
養分	土::ど:名詞 から::: 養分::ようぶん:名詞 を::: 取り:取る:とり:動詞 ます::: 。:::
余所	余所::よそ:名詞 で::: 買っ:買う:かっ:動詞 た::: 方::ほう:名詞 が::: 安い::やすい:形容詞 です::: 。:::
呼び掛ける	参加::さんか:名詞 を::: 呼び掛け:呼び掛ける:よびかけ:動詞 まし:ます:: た::: 。:::
慶ぶ	合格::ごうかく:名詞 を::: 慶び:慶ぶ:よろこび:動詞 ます::: 。:::
領事	領事館::りょうじかん:名詞 で::: 手続き::てつづき:名詞 を::: し:する::動詞 ます::: 。:::
零点	零::れい:名詞 点::てん:名詞 を::: 取っ:取る:とっ:動詞 て::: しまい:しまう::動詞 まし:ます:: た::: 。:::
レクリェーション	会社::かいしゃ:名詞 で::: レクリェーション::れくりぇーしょん:名詞 が::: あり:ある::動詞 ます::: 。:::
若々しい	父::ちち:名詞 は::: まだ:::副詞 若々しい::わかわかしい:形容詞 です::: 。:::
割合に	割合::わりあい:名詞 に::: 安く:安い:やすく:形容詞 買え:買える:かえ:動詞 まし:ます:: た::: 。:::
割算	割算::わりざん:名詞 の::: 問題::もんだい:名詞 を::: 解き:解く:とき:動詞 ます::: 。:::
割と	割::わり:名詞 と::: 早く:早い:はやく:形容詞 着き:着く:つき:動詞 まし:ます:: た::: 。:::
存ずる	その::: 件::けん:名詞 は::: 存ずる::ぞんずる:動詞 ところ:::名詞 で::: は::: あり:ある::動詞 ませ:ます:: ん::: 。:::
適確	適::てき:名詞 確::*:名詞 な:だ:: 判断::はんだん:名詞 でし:です:: た::: 。:::
命ずる	部長::ぶちょう:名詞 が::: 調査::ちょうさ:名詞 を::: 命ずる::めいずる:動詞 でしょ:です:: う::: 。:::
論ずる	その::: 問題::もんだい:名詞 を::: 論ずる::ろんずる:動詞 つもり:::名詞 です::: 。:::
コンポーネント	画面::がめん:名詞 を::: コンポーネント::こんぽーねんと:名詞 に::: 分け:分ける:わけ:動詞 て::: 作っ:作る:つくっ:動詞 て::: い:いる::動詞 ます::: 。:::
バックエンド	バック::ばっく:名詞 エンド::えんど:名詞 と::: の::: 連携::れんけい:名詞 も::: 少し::すこし:副詞 見:見る:み:動詞 て::: い:いる::動詞 ます::: 。:::
ビルド	ビルド::*:名詞 に::: 三::さん:名詞 分::ふん:名詞 ほど::: かかっ:かかる::動詞 て::: い:いる::動詞 ます::: 。:::
フレームワーク	使う::つかう:動詞 フレーム::ふれーむ:名詞 ワーク::わーく:名詞 は::: 何::なに:名詞 に::: なり:なる::動詞 ます::: か::: 。:::
フロントエンド	フロント::ふろんと:名詞 エンド::えんど:名詞 を::: 主::おも:名詞 に::: 担当::たんとう:名詞 し:する::動詞 て::: き:くる::動詞 まし:ます:: た::: 。:::
ライブラリ	新しい::あたらしい:形容詞 ライブラリ::らいぶらり:名詞 を::: 入れる::いれる:動詞 前::まえ:名詞 に::: 相談::そうだん:名詞 し:する::動詞 ます::: 。:::
上書き	前::まえ:名詞 の::: 値::ね:名詞 を::: 上書き::うわがき:名詞 し:する::動詞 ない::: よう:::名詞 に::: 直し:直す:なおし:動詞 まし:ます:: た::: 。:::
不具合	不具合::ふぐあい:名詞 の::: 報告::ほうこく:名詞 を::: 受け:受ける:うけ:動詞 て::: すぐ:::副詞 調べ:調べる:しらべ:動詞 まし:ます:: た::: 。:::
互換性	古い::ふるい:形容詞 端末::たんまつ:名詞 と::: の::: 互換::ごかん:名詞 性::せい:名詞 も::: 見:見る:み:動詞 て::: い:いる::動詞 ます::: 。:::
依存関係	依存::いぞん:名詞 関係::かんけい:名詞 を::: 整理::せいり:名詞 し:する::動詞 て::: から::: 直し:直す:なおし:動詞 ます::: 。:::
保守性	保守::ほしゅ:名詞 性::せい:名詞 を::: 考え:考える:かんがえ:動詞 て::: 短く:短い:みじかく:形容詞 書き:書く:かき:動詞 まし:ます:: た::: 。:::
共通化	同じ::おなじ: 処理::しょり:名詞 は::: 共通::きょうつう:名詞 化::か:名詞 し:する::動詞 て::: おき:おく::動詞 まし:ます:: た::: 。:::
再利用	この::: 部品::ぶひん:名詞 は::: 他::た:名詞 の::: 画面::がめん:名詞 で::: も::: 再::さい: 利用::りよう:名詞 でき:できる::動詞 ます::: 。:::
再描画	押す::おす:動詞 たび:::名詞 に::: 再::さい: 描画::びょうが:名詞 が::: 走っ:走る:はしっ:動詞 て::: い:いる::動詞 まし:ます:: た::: 。:::
切り出す	長く:長い:ながく:形容詞 なっ:なる::動詞 た::: 所::ところ:名詞 を::: 部品::ぶひん:名詞 に::: 切り出す::きりだす:動詞 か::: 迷い:迷う:まよい:動詞 まし:ます:: た::: 。:::
初期値	初期::しょき:名詞 値::ち:名詞 は::: 空::そら:名詞 の::: 配列::はいれつ:名詞 に::: し:する::動詞 て::: い:いる::動詞 ます::: 。:::
単一ファイル	単一::たんいつ:名詞 ファイル::ふぁいる:名詞 に::: まとめ:まとめる::動詞 て::: 書く::かく:動詞 書き方::かきかた:名詞 です::: 。:::
参照	同じ::おなじ: 値::ね:名詞 を::: 参照::さんしょう:名詞 し:する::動詞 て::: いる:::動詞 だけ::: です::: 。:::
双方向	入力::にゅうりょく:名詞 欄::らん:名詞 は::: 双方向::そうほうこう:名詞 で::: 結ん:結ぶ:むすん:動詞 で::: い:いる::動詞 ます::: 。:::
受け渡し	親::おや:名詞 から::: 子::こ:名詞 へ::: の::: 受け渡し::うけわたし:名詞 が::: 多:多い:おお:形容詞 すぎ:すぎる::動詞 まし:ます:: た::: 。:::
可読性	可読性::かとくせい:名詞 が::: 落ちる::おちる:動詞 ので::: 分け:分ける:わけ:動詞 て::: 書き:書く:かき:動詞 ます::: 。:::
同期	画面::がめん:名詞 と::: 値::ね:名詞 を::: 同期::どうき:名詞 さ:する::動詞 せ:せる::動詞 て::: い:いる::動詞 ます::: 。:::
呼び出し	無駄::むだ:名詞 な:だ:: 呼び出し::よびだし:名詞 を::: 一つ::ひとつ:名詞 に::: 減らし:減らす:へらし:動詞 まし:ます:: た::: 。:::
命名	命名::めいめい:名詞 で::: 迷っ:迷う:まよっ:動詞 た::: 所::ところ:名詞 は::: 相談::そうだん:名詞 し:する::動詞 て::: い:いる::動詞 ます::: 。:::
命名規則	命名::めいめい:名詞 規則::きそく:名詞 は::: チーム::ちーむ:名詞 で::: 決め:決める:きめ:動詞 て::: い:いる::動詞 ます::: か::: 。:::
型定義	型::かた:名詞 定義::ていぎ:名詞 を::: 先::さき:名詞 に::: 書い:書く:かい:動詞 て::: から::: 作り:作る:つくり:動詞 始め:始める:はじめ:動詞 ます::: 。:::
型推論	型::かた:名詞 推論::すいろん:名詞 に::: 任せ:任せる:まかせ:動詞 られる:::動詞 所::ところ:名詞 は::: 書き:書く:かき:動詞 ませ:ます:: ん::: 。:::
宣言	使う::つかう:動詞 前::まえ:名詞 に::: 宣言::せんげん:名詞 し:する::動詞 て::: おき:おく::動詞 ます::: 。:::
対応ブラウザ	対応::たいおう:名詞 ブラウザ::*:名詞 は::: どこ:::名詞 まで::: 見:見る:み:動詞 て::: い:いる::動詞 ます::: か::: 。:::
属性	属性::ぞくせい:名詞 は::: 上::うえ:名詞 から::: 渡す::わたす:動詞 よう:::名詞 に::: し:する::動詞 まし:ます:: た::: 。:::
差し替える	古い::ふるい:形容詞 部品::ぶひん:名詞 を::: 新しい::あたらしい:形容詞 もの:::名詞 に::: 差し替える::さしかえる:動詞 予定::よてい:名詞 です::: 。:::
差分	差分::さぶん:名詞 だけ::: を::: 描き:描く:えがき:動詞 直す::なおす:動詞 作り::つくり:名詞 に::: し:する::動詞 まし:ます:: た::: 。:::
引数	引数::ひきすう:名詞 が::: 多い::おおい:形容詞 ので::: 一つ::ひとつ:名詞 に::: まとめ:まとめる::動詞 まし:ます:: た::: 。:::
戻り値	戻り:戻る:もどり:動詞 値::ち:名詞 を::: 見:見る:み:動詞 て::: 次::つぎ:名詞 を::: 決め:決める:きめ:動詞 て::: い:いる::動詞 ます::: 。:::
拡張性	拡張::かくちょう:名詞 性::せい:名詞 を::: 残し:残す:のこし:動詞 て::: 作っ:作る:つくっ:動詞 て::: おき:おく::動詞 まし:ます:: た::: 。:::
挙動	端末::たんまつ:名詞 によって::: 挙動::きょどう:名詞 が::: 違っ:違う:ちがっ:動詞 て::: い:いる::動詞 まし:ます:: た::: 。:::
描画	一覧::いちらん:名詞 の::: 描画::びょうが:名詞 が::: 遅く:遅い:おそく:形容詞 なっ:なる::動詞 て::: い:いる::動詞 まし:ます:: た::: 。:::
数値	数値::すうち:名詞 は::: 右::みぎ:名詞 に::: 寄せ:寄せる:よせ:動詞 て::: 出し:出す:だし:動詞 て::: い:いる::動詞 ます::: 。:::
文字列	空::そら:名詞 の::: 文字::もじ:名詞 列::れつ:名詞 も::: 来る::くる:動詞 こと:::名詞 が::: あり:ある::動詞 ます::: 。:::
書き出し	一覧::いちらん:名詞 の::: 書き出し::かきだし:名詞 も::: 作り:作る:つくり:動詞 まし:ます:: た::: 。:::
検知	変わっ:変わる:かわっ:動詞 た::: 所::ところ:名詞 だけ::: を::: 検知::けんち:名詞 し:する::動詞 て::: 直し:直す:なおし:動詞 ます::: 。:::
状態管理	状態::じょうたい:名詞 管理::かんり:名詞 は::: ライブラリ::らいぶらり:名詞 に::: 任せ:任せる:まかせ:動詞 て::: い:いる::動詞 ます::: 。:::
監視	値::ね:名詞 の::: 変わり:変わる:かわり:動詞 を::: 監視::かんし:名詞 し:する::動詞 て::: 描き:描く:えがき:動詞 直し:直す:なおし:動詞 ます::: 。:::
破棄	使い:使う:つかい:動詞 終わっ:終わる:おわっ:動詞 た::: 所::ところ:名詞 で::: 破棄::はき:名詞 し:する::動詞 て::: い:いる::動詞 ます::: 。:::
端末	手元::てもと:名詞 の::: 端末::たんまつ:名詞 で::: は::: 出:出る:で:動詞 ませ:ます:: ん::: でし:です:: た::: 。:::
算出プロパティ	合計::ごうけい:名詞 は::: 算出::さんしゅつ:名詞 プロパティ::*:名詞 で::: 出し:出す:だし:動詞 て::: い:いる::動詞 ます::: 。:::
継承	継承::けいしょう:名詞 より::: も::: 組み合わせ::くみあわせ:名詞 で::: 作り:作る:つくり:動詞 ます::: 。:::
読み込み	読み込み::よみこみ:名詞 が::: 終わる::おわる:動詞 まで::: 印::しるし:名詞 を::: 出し:出す:だし:動詞 ます::: 。:::
軽量	なるべく:::副詞 軽量::けいりょう:名詞 な:だ:: 作り::つくり:名詞 に::: し:する::動詞 て::: い:いる::動詞 ます::: 。:::
遅延	押し:押す:おし:動詞 た::: 後::のち:名詞 に::: 少し::すこし:副詞 遅延::ちえん:名詞 が::: 出:出る:で:動詞 て::: い:いる::動詞 まし:ます:: た::: 。:::
部品化	繰り返す::くりかえす:動詞 所::ところ:名詞 は::: 部品::ぶひん:名詞 化::か:名詞 し:する::動詞 まし:ます:: た::: 。:::
配列	配列::はいれつ:名詞 の::: 中身::なかみ:名詞 を::: 並べ:並べる:ならべ:動詞 替え:替える:かえ:動詞 て::: 出し:出す:だし:動詞 ます::: 。:::
階層	階層::かいそう:名詞 が::: 深く:深い:ふかく:形容詞 なり:なる::動詞 すぎ:すぎる::動詞 て::: い:いる::動詞 まし:ます:: た::: 。:::
雛形	新しい::あたらしい:形容詞 画面::がめん:名詞 は::: 雛形::ひながた:名詞 から::: 作り:作る:つくり:動詞 ます::: 。:::
非同期	通信::つうしん:名詞 は::: 非同期::ひどうき:名詞 で::: 待た:待つ:また:動詞 せ:せる::動詞 て::: い:いる::動詞 ます::: 。:::
