私	わたし	나, 저	사람	N5	私は韓国人です。	わたしはかんこくじんです。	저는 한국인입니다.
あなた	あなた	당신	사람	N5	あなたの名前は何ですか。	あなたのなまえはなんですか。	당신의 이름은 무엇입니까?
友達	ともだち	친구	사람	N5	友達と映画を見ます。	ともだちとえいがをみます。	친구와 영화를 봅니다.
家族	かぞく	가족	사람	N5	家族は四人です。	かぞくはよにんです。	가족은 네 명입니다.
父	ちち	(내) 아버지	사람	N5	父は会社員です。	ちちはかいしゃいんです。	아버지는 회사원입니다.
母	はは	(내) 어머니	사람	N5	母に手紙を書きました。	ははにてがみをかきました。	어머니에게 편지를 썼습니다.
兄	あに	(내) 형·오빠	사람	N5	兄は大学生です。	あにはだいがくせいです。	형은 대학생입니다.
姉	あね	(내) 누나·언니	사람	N5	姉は東京に住んでいます。	あねはとうきょうにすんでいます。	누나는 도쿄에 살고 있습니다.
弟	おとうと	남동생	사람	N5	弟は今年十歳です。	おとうとはことしじゅっさいです。	남동생은 올해 열 살입니다.
妹	いもうと	여동생	사람	N5	妹と一緒に学校へ行きます。	いもうとといっしょにがっこうへいきます。	여동생과 함께 학교에 갑니다.
子供	こども	아이	사람	N5	公園に子供が多いです。	こうえんにこどもがおおいです。	공원에 아이가 많습니다.
先生	せんせい	선생님	사람	N5	先生に質問しました。	せんせいにしつもんしました。	선생님께 질문했습니다.
学生	がくせい	학생	사람	N5	私は学生です。	わたしはがくせいです。	저는 학생입니다.
会社員	かいしゃいん	회사원	사람	N5	兄は会社員になりました。	あにはかいしゃいんになりました。	형은 회사원이 되었습니다.
医者	いしゃ	의사	사람	N5	医者に診てもらいます。	いしゃにみてもらいます。	의사에게 진찰받습니다.
人	ひと	사람	사람	N5	あの人は誰ですか。	あのひとはだれですか。	저 사람은 누구입니까?
男	おとこ	남자	사람	N5	男の子が三人います。	おとこのこがさんにんいます。	남자아이가 세 명 있습니다.
女	おんな	여자	사람	N5	女の人が待っています。	おんなのひとがまっています。	여자가 기다리고 있습니다.
家	いえ	집	장소	N5	毎日七時に家を出ます。	まいにちしちじにいえをでます。	매일 7시에 집을 나섭니다.
学校	がっこう	학교	장소	N5	学校まで歩いて行きます。	がっこうまであるいていきます。	학교까지 걸어서 갑니다.
会社	かいしゃ	회사	장소	N5	会社は駅の近くです。	かいしゃはえきのちかくです。	회사는 역 근처입니다.
駅	えき	역	장소	N5	駅で友達を待ちます。	えきでともだちをまちます。	역에서 친구를 기다립니다.
病院	びょういん	병원	장소	N5	昨日病院へ行きました。	きのうびょういんへいきました。	어제 병원에 갔습니다.
銀行	ぎんこう	은행	장소	N5	銀行でお金を借ります。	ぎんこうでおかねをかります。	은행에서 돈을 빌립니다.
店	みせ	가게	장소	N5	この店は安いです。	このみせはやすいです。	이 가게는 쌉니다.
部屋	へや	방	장소	N5	部屋を綺麗にしました。	へやをきれいにしました。	방을 깨끗이 했습니다.
トイレ	トイレ	화장실	장소	N5	トイレはどこですか。	トイレはどこですか。	화장실은 어디입니까?
図書館	としょかん	도서관	장소	N5	図書館で本を借りました。	としょかんでほんをかりました。	도서관에서 책을 빌렸습니다.
公園	こうえん	공원	장소	N5	公園で犬と遊びます。	こうえんでいぬとあそびます。	공원에서 개와 놉니다.
空港	くうこう	공항	장소	N5	空港まで車で行きます。	くうこうまでくるまでいきます。	공항까지 차로 갑니다.
大学	だいがく	대학	장소	N5	大学で日本語を勉強します。	だいがくでにほんごをべんきょうします。	대학에서 일본어를 공부합니다.
郵便局	ゆうびんきょく	우체국	장소	N5	郵便局で手紙を出します。	ゆうびんきょくでてがみをだします。	우체국에서 편지를 부칩니다.
国	くに	나라	장소	N5	どの国から来ましたか。	どのくにからきましたか。	어느 나라에서 왔습니까?
町	まち	마을·동네	장소	N5	この町は静かです。	このまちはしずかです。	이 동네는 조용합니다.
道	みち	길	장소	N5	道が分かりません。	みちがわかりません。	길을 모르겠습니다.
今日	きょう	오늘	시간	N5	今日は天気がいいです。	きょうはてんきがいいです。	오늘은 날씨가 좋습니다.
明日	あした	내일	시간	N5	明日も来てください。	あしたもきてください。	내일도 와 주세요.
昨日	きのう	어제	시간	N5	昨日は忙しかったです。	きのうはいそがしかったです。	어제는 바빴습니다.
朝	あさ	아침	시간	N5	朝六時に起きます。	あさろくじにおきます。	아침 6시에 일어납니다.
昼	ひる	낮	시간	N5	昼にパンを食べました。	ひるにパンをたべました。	낮에 빵을 먹었습니다.
夜	よる	밤	시간	N5	夜は静かになります。	よるはしずかになります。	밤에는 조용해집니다.
今	いま	지금	시간	N5	今何時ですか。	いまなんじですか。	지금 몇 시입니까?
毎日	まいにち	매일	시간	N5	毎日日本語を勉強します。	まいにちにほんごをべんきょうします。	매일 일본어를 공부합니다.
時間	じかん	시간	시간	N5	時間がありません。	じかんがありません。	시간이 없습니다.
今年	ことし	올해	시간	N5	今年の夏は暑いです。	ことしのなつはあついです。	올해 여름은 덥습니다.
来年	らいねん	내년	시간	N5	来年日本へ行きます。	らいねんにほんへいきます。	내년에 일본에 갑니다.
去年	きょねん	작년	시간	N5	去年ここに来ました。	きょねんここにきました。	작년에 여기에 왔습니다.
週末	しゅうまつ	주말	시간	N5	週末は家で休みます。	しゅうまつはいえでやすみます。	주말에는 집에서 쉽니다.
午前	ごぜん	오전	시간	N5	午前中に電話します。	ごぜんちゅうにでんわします。	오전 중에 전화하겠습니다.
午後	ごご	오후	시간	N5	午後から雨が降ります。	ごごからあめがふります。	오후부터 비가 내립니다.
今朝	けさ	오늘 아침	시간	N5	今朝は早く起きました。	けさははやくおきました。	오늘 아침에는 일찍 일어났습니다.
今晩	こんばん	오늘 밤	시간	N5	今晩何を食べますか。	こんばんなにをたべますか。	오늘 밤 무엇을 먹습니까?
本	ほん	책	사물	N5	この本は面白いです。	このほんはおもしろいです。	이 책은 재미있습니다.
ペン	ペン	펜	사물	N5	ペンで名前を書きます。	ペンでなまえをかきます。	펜으로 이름을 씁니다.
鞄	かばん	가방	사물	N5	鞄の中に辞書があります。	かばんのなかにじしょがあります。	가방 안에 사전이 있습니다.
傘	かさ	우산	사물	N5	雨だから傘を持ちます。	あめだからかさをもちます。	비가 오니까 우산을 듭니다.
靴	くつ	신발	사물	N5	新しい靴を買いました。	あたらしいくつをかいました。	새 신발을 샀습니다.
服	ふく	옷	사물	N5	この服は少し高いです。	このふくはすこしたかいです。	이 옷은 조금 비쌉니다.
財布	さいふ	지갑	사물	N5	財布を家に忘れました。	さいふをいえにわすれました。	지갑을 집에 두고 왔습니다.
時計	とけい	시계	사물	N5	時計が止まっています。	とけいがとまっています。	시계가 멈춰 있습니다.
携帯	けいたい	휴대폰	사물	N5	携帯で写真を撮ります。	けいたいでしゃしんをとります。	휴대폰으로 사진을 찍습니다.
写真	しゃしん	사진	사물	N5	家族の写真を見せます。	かぞくのしゃしんをみせます。	가족사진을 보여 줍니다.
手紙	てがみ	편지	사물	N5	友達に手紙を書きます。	ともだちにてがみをかきます。	친구에게 편지를 씁니다.
新聞	しんぶん	신문	사물	N5	朝は新聞を読みます。	あさはしんぶんをよみます。	아침에는 신문을 읽습니다.
辞書	じしょ	사전	사물	N5	辞書で言葉を調べます。	じしょでことばをしらべます。	사전으로 단어를 찾습니다.
机	つくえ	책상	사물	N5	机の上に本があります。	つくえのうえにほんがあります。	책상 위에 책이 있습니다.
椅子	いす	의자	사물	N5	椅子に座ってください。	いすにすわってください。	의자에 앉아 주세요.
電車	でんしゃ	전철	사물	N5	電車で会社へ行きます。	でんしゃでかいしゃへいきます。	전철로 회사에 갑니다.
車	くるま	자동차	사물	N5	父は車を運転します。	ちちはくるまをうんてんします。	아버지는 차를 운전합니다.
自転車	じてんしゃ	자전거	사물	N5	自転車で駅まで行きます。	じてんしゃでえきまでいきます。	자전거로 역까지 갑니다.
お金	おかね	돈	사물	N5	お金が少ししかありません。	おかねがすこししかありません。	돈이 조금밖에 없습니다.
名前	なまえ	이름	사물	N5	ここに名前を書いてください。	ここになまえをかいてください。	여기에 이름을 써 주세요.
言葉	ことば	말·단어	사물	N5	この言葉の意味は何ですか。	このことばのいみはなんですか。	이 단어의 뜻은 무엇입니까?
水	みず	물	음식	N5	水を一杯ください。	みずをいっぱいください。	물 한 잔 주세요.
お茶	おちゃ	차	음식	N5	お茶を飲みませんか。	おちゃをのみませんか。	차를 마시지 않겠습니까?
コーヒー	コーヒー	커피	음식	N5	毎朝コーヒーを飲みます。	まいあさコーヒーをのみます。	매일 아침 커피를 마십니다.
ご飯	ごはん	밥	음식	N5	ご飯はもう食べました。	ごはんはもうたべました。	밥은 이미 먹었습니다.
パン	パン	빵	음식	N5	朝はパンを食べます。	あさはパンをたべます。	아침에는 빵을 먹습니다.
肉	にく	고기	음식	N5	肉より魚が好きです。	にくよりさかながすきです。	고기보다 생선을 좋아합니다.
魚	さかな	생선	음식	N5	この魚は新しいです。	このさかなはあたらしいです。	이 생선은 신선합니다.
野菜	やさい	채소	음식	N5	野菜をたくさん食べます。	やさいをたくさんたべます。	채소를 많이 먹습니다.
果物	くだもの	과일	음식	N5	果物は体にいいです。	くだものはからだにいいです。	과일은 몸에 좋습니다.
卵	たまご	달걀	음식	N5	卵を二つ使います。	たまごをふたつつかいます。	달걀을 두 개 씁니다.
牛乳	ぎゅうにゅう	우유	음식	N5	毎日牛乳を飲みます。	まいにちぎゅうにゅうをのみます。	매일 우유를 마십니다.
お酒	おさけ	술	음식	N5	お酒はあまり飲みません。	おさけはあまりのみません。	술은 별로 마시지 않습니다.
朝ご飯	あさごはん	아침밥	음식	N5	朝ご飯を食べませんでした。	あさごはんをたべませんでした。	아침밥을 먹지 않았습니다.
昼ご飯	ひるごはん	점심밥	음식	N5	昼ご飯は会社で食べます。	ひるごはんはかいしゃでたべます。	점심밥은 회사에서 먹습니다.
晩ご飯	ばんごはん	저녁밥	음식	N5	晩ご飯を作りましょう。	ばんごはんをつくりましょう。	저녁밥을 만듭시다.
天気	てんき	날씨	자연	N5	今日は天気が悪いです。	きょうはてんきがわるいです。	오늘은 날씨가 나쁩니다.
雨	あめ	비	자연	N5	雨が降っています。	あめがふっています。	비가 내리고 있습니다.
雪	ゆき	눈	자연	N5	北の町は雪が多いです。	きたのまちはゆきがおおいです。	북쪽 동네는 눈이 많습니다.
風	かぜ	바람	자연	N5	風が強くなりました。	かぜがつよくなりました。	바람이 강해졌습니다.
空	そら	하늘	자연	N5	空が青くて綺麗です。	そらがあおくてきれいです。	하늘이 파랗고 아름답습니다.
海	うみ	바다	자연	N5	夏は海で泳ぎます。	なつはうみでおよぎます。	여름에는 바다에서 헤엄칩니다.
山	やま	산	자연	N5	あの山は高いです。	あのやまはたかいです。	저 산은 높습니다.
花	はな	꽃	자연	N5	庭に花が咲きました。	にわにはながさきました。	마당에 꽃이 피었습니다.
木	き	나무	자연	N5	公園に大きい木があります。	こうえんにおおきいきがあります。	공원에 큰 나무가 있습니다.
犬	いぬ	개	자연	N5	犬と一緒に散歩します。	いぬといっしょにさんぽします。	개와 함께 산책합니다.
猫	ねこ	고양이	자연	N5	猫が椅子の下にいます。	ねこがいすのしたにいます。	고양이가 의자 아래에 있습니다.
鳥	とり	새	자연	N5	朝、鳥の声が聞こえます。	あさ、とりのこえがきこえます。	아침에 새소리가 들립니다.
行く	いく	가다	동사	N5	毎朝学校へ行きます。	まいあさがっこうへいきます。	매일 아침 학교에 갑니다.
来る	くる	오다	동사	N5	友達が家に来ます。	ともだちがいえにきます。	친구가 집에 옵니다.
帰る	かえる	돌아가다	동사	N5	六時に家へ帰ります。	ろくじにいえへかえります。	6시에 집에 돌아갑니다.
食べる	たべる	먹다	동사	N5	昼ご飯を食べました。	ひるごはんをたべました。	점심을 먹었습니다.
飲む	のむ	마시다	동사	N5	水をたくさん飲みます。	みずをたくさんのみます。	물을 많이 마십니다.
見る	みる	보다	동사	N5	テレビでニュースを見ます。	テレビでニュースをみます。	텔레비전으로 뉴스를 봅니다.
聞く	きく	듣다·묻다	동사	N5	先生に道を聞きました。	せんせいにみちをききました。	선생님께 길을 물었습니다.
話す	はなす	말하다	동사	N5	日本語で話しましょう。	にほんごではなしましょう。	일본어로 이야기합시다.
読む	よむ	읽다	동사	N5	毎晩本を読みます。	まいばんほんをよみます。	매일 밤 책을 읽습니다.
書く	かく	쓰다	동사	N5	手紙を書いています。	てがみをかいています。	편지를 쓰고 있습니다.
買う	かう	사다	동사	N5	店でパンを買いました。	みせでパンをかいました。	가게에서 빵을 샀습니다.
する	する	하다	동사	N5	週末は何をしますか。	しゅうまつはなにをしますか。	주말에는 무엇을 합니까?
寝る	ねる	자다	동사	N5	昨日は早く寝ました。	きのうははやくねました。	어제는 일찍 잤습니다.
起きる	おきる	일어나다	동사	N5	今朝六時に起きました。	けさろくじにおきました。	오늘 아침 6시에 일어났습니다.
働く	はたらく	일하다	동사	N5	父は銀行で働いています。	ちちはぎんこうではたらいています。	아버지는 은행에서 일하고 있습니다.
休む	やすむ	쉬다	동사	N5	今日は会社を休みます。	きょうはかいしゃをやすみます。	오늘은 회사를 쉽니다.
待つ	まつ	기다리다	동사	N5	駅で三十分待ちました。	えきでさんじゅっぷんまちました。	역에서 30분 기다렸습니다.
会う	あう	만나다	동사	N5	明日友達に会います。	あしたともだちにあいます。	내일 친구를 만납니다.
作る	つくる	만들다	동사	N5	母が料理を作ります。	ははがりょうりをつくります。	어머니가 요리를 만듭니다.
使う	つかう	쓰다·사용하다	동사	N5	この辞書を使ってください。	このじしょをつかってください。	이 사전을 써 주세요.
分かる	わかる	알다·이해하다	동사	N5	意味が分かりません。	いみがわかりません。	뜻을 모르겠습니다.
歩く	あるく	걷다	동사	N5	駅まで歩きました。	えきまであるきました。	역까지 걸었습니다.
走る	はしる	달리다	동사	N5	公園を走っています。	こうえんをはしっています。	공원을 달리고 있습니다.
遊ぶ	あそぶ	놀다	동사	N5	子供が外で遊んでいます。	こどもがそとであそんでいます。	아이가 밖에서 놀고 있습니다.
泳ぐ	およぐ	헤엄치다	동사	N5	海で泳ぎたいです。	うみでおよぎたいです。	바다에서 헤엄치고 싶습니다.
入る	はいる	들어가다	동사	N5	部屋に入ってもいいですか。	へやにはいってもいいですか。	방에 들어가도 됩니까?
出る	でる	나가다	동사	N5	八時に家を出ます。	はちじにいえをでます。	8시에 집을 나섭니다.
乗る	のる	타다	동사	N5	駅で電車に乗ります。	えきででんしゃにのります。	역에서 전철을 탑니다.
降りる	おりる	내리다	동사	N5	次の駅で降ります。	つぎのえきでおります。	다음 역에서 내립니다.
教える	おしえる	가르치다	동사	N5	先生が日本語を教えます。	せんせいがにほんごをおしえます。	선생님이 일본어를 가르칩니다.
覚える	おぼえる	외우다	동사	N5	新しい言葉を覚えました。	あたらしいことばをおぼえました。	새 단어를 외웠습니다.
忘れる	わすれる	잊다	동사	N5	傘を電車に忘れました。	かさをでんしゃにわすれました。	우산을 전철에 두고 내렸습니다.
借りる	かりる	빌리다	동사	N5	図書館で本を借ります。	としょかんでほんをかります。	도서관에서 책을 빌립니다.
開ける	あける	열다	동사	N5	窓を開けてください。	まどをあけてください。	창문을 열어 주세요.
閉める	しめる	닫다	동사	N5	寒いのでドアを閉めます。	さむいのでドアをしめます。	추워서 문을 닫습니다.
立つ	たつ	서다	동사	N5	学生が全員立ちました。	がくせいがぜんいんたちました。	학생이 모두 일어섰습니다.
座る	すわる	앉다	동사	N5	どうぞここに座ってください。	どうぞここにすわってください。	여기에 앉으세요.
持つ	もつ	들다·가지다	동사	N5	鞄を持ちましょうか。	かばんをもちましょうか。	가방을 들어 드릴까요?
取る	とる	잡다·집다	동사	N5	塩を取ってください。	しおをとってください。	소금을 집어 주세요.
売る	うる	팔다	동사	N5	あの店は果物を売っています。	あのみせはくだものをうっています。	저 가게는 과일을 팔고 있습니다.
住む	すむ	살다	동사	N5	東京に住んでいます。	とうきょうにすんでいます。	도쿄에 살고 있습니다.
降る	ふる	(비가) 내리다	동사	N5	朝から雨が降っています。	あさからあめがふっています。	아침부터 비가 내리고 있습니다.
大きい	おおきい	크다	형용사	N5	大きい鞄を買いました。	おおきいかばんをかいました。	큰 가방을 샀습니다.
小さい	ちいさい	작다	형용사	N5	この靴は少し小さいです。	このくつはすこしちいさいです。	이 신발은 조금 작습니다.
高い	たかい	비싸다·높다	형용사	N5	この店は高いです。	このみせはたかいです。	이 가게는 비쌉니다.
安い	やすい	싸다	형용사	N5	この本は安かったです。	このほんはやすかったです。	이 책은 쌌습니다.
新しい	あたらしい	새롭다	형용사	N5	新しい携帯が欲しいです。	あたらしいけいたいがほしいです。	새 휴대폰을 갖고 싶습니다.
古い	ふるい	낡다	형용사	N5	この時計は古いです。	このとけいはふるいです。	이 시계는 낡았습니다.
良い	よい	좋다	형용사	N5	今日は天気が良いです。	きょうはてんきがよいです。	오늘은 날씨가 좋습니다.
悪い	わるい	나쁘다	형용사	N5	頭が悪くて覚えられません。	あたまがわるくておぼえられません。	머리가 나빠서 외울 수 없습니다.
暑い	あつい	덥다	형용사	N5	今年の夏はとても暑いです。	ことしのなつはとてもあついです。	올해 여름은 매우 덥습니다.
寒い	さむい	춥다	형용사	N5	今朝はとても寒かったです。	けさはとてもさむかったです。	오늘 아침은 매우 추웠습니다.
熱い	あつい	뜨겁다	형용사	N5	このお茶は熱いです。	このおちゃはあついです。	이 차는 뜨겁습니다.
冷たい	つめたい	차갑다	형용사	N5	冷たい水が飲みたいです。	つめたいみずがのみたいです。	차가운 물이 마시고 싶습니다.
忙しい	いそがしい	바쁘다	형용사	N5	今週はとても忙しいです。	こんしゅうはとてもいそがしいです。	이번 주는 매우 바쁩니다.
楽しい	たのしい	즐겁다	형용사	N5	旅行は楽しかったです。	りょこうはたのしかったです。	여행은 즐거웠습니다.
面白い	おもしろい	재미있다	형용사	N5	この映画は面白いです。	このえいがはおもしろいです。	이 영화는 재미있습니다.
難しい	むずかしい	어렵다	형용사	N5	この問題は難しいです。	このもんだいはむずかしいです。	이 문제는 어렵습니다.
易しい	やさしい	쉽다	형용사	N5	易しい本から読みます。	やさしいほんからよみます。	쉬운 책부터 읽습니다.
長い	ながい	길다	형용사	N5	姉は髪が長いです。	あねはかみがながいです。	누나는 머리가 깁니다.
短い	みじかい	짧다	형용사	N5	この鉛筆は短いです。	このえんぴつはみじかいです。	이 연필은 짧습니다.
早い	はやい	이르다	형용사	N5	今日は早く帰ります。	きょうははやくかえります。	오늘은 일찍 돌아갑니다.
遅い	おそい	늦다	형용사	N5	バスが遅いですね。	バスがおそいですね。	버스가 늦네요.
近い	ちかい	가깝다	형용사	N5	駅は家から近いです。	えきはいえからちかいです。	역은 집에서 가깝습니다.
遠い	とおい	멀다	형용사	N5	空港はここから遠いです。	くうこうはここからとおいです。	공항은 여기서 멉니다.
多い	おおい	많다	형용사	N5	この町は店が多いです。	このまちはみせがおおいです。	이 동네는 가게가 많습니다.
少ない	すくない	적다	형용사	N5	今日は人が少ないです。	きょうはひとがすくないです。	오늘은 사람이 적습니다.
美味しい	おいしい	맛있다	형용사	N5	この果物は美味しいです。	このくだものはおいしいです。	이 과일은 맛있습니다.
白い	しろい	하얗다	형용사	N5	白いシャツを着ています。	しろいシャツをきています。	흰 셔츠를 입고 있습니다.
黒い	くろい	검다	형용사	N5	黒い猫が来ました。	くろいねこがきました。	검은 고양이가 왔습니다.
赤い	あかい	빨갛다	형용사	N5	赤い花が好きです。	あかいはながすきです。	빨간 꽃을 좋아합니다.
青い	あおい	파랗다	형용사	N5	今日は空が青いです。	きょうはそらがあおいです。	오늘은 하늘이 파랗습니다.
若い	わかい	젊다	형용사	N5	あの先生は若いです。	あのせんせいはわかいです。	저 선생님은 젊습니다.
強い	つよい	강하다	형용사	N5	今日は風が強いです。	きょうはかぜがつよいです。	오늘은 바람이 강합니다.
弱い	よわい	약하다	형용사	N5	弟は体が弱いです。	おとうとはからだがよわいです。	남동생은 몸이 약합니다.
好き	すき	좋아함	형용사	N5	私は魚が好きです。	わたしはさかながすきです。	저는 생선을 좋아합니다.
嫌い	きらい	싫어함	형용사	N5	野菜が嫌いです。	やさいがきらいです。	채소를 싫어합니다.
上手	じょうず	잘함	형용사	N5	姉は料理が上手です。	あねはりょうりがじょうずです。	누나는 요리를 잘합니다.
下手	へた	서투름	형용사	N5	私は歌が下手です。	わたしはうたがへたです。	저는 노래를 못합니다.
元気	げんき	건강함	형용사	N5	家族はみんな元気です。	かぞくはみんなげんきです。	가족은 모두 건강합니다.
有名	ゆうめい	유명함	형용사	N5	この店は有名です。	このみせはゆうめいです。	이 가게는 유명합니다.
親切	しんせつ	친절함	형용사	N5	あの人はとても親切です。	あのひとはとてもしんせつです。	저 사람은 매우 친절합니다.
静か	しずか	조용함	형용사	N5	図書館は静かです。	としょかんはしずかです。	도서관은 조용합니다.
賑やか	にぎやか	북적임	형용사	N5	この町は賑やかです。	このまちはにぎやかです。	이 동네는 북적입니다.
便利	べんり	편리함	형용사	N5	この携帯は便利です。	このけいたいはべんりです。	이 휴대폰은 편리합니다.
不便	ふべん	불편함	형용사	N5	駅が遠くて不便です。	えきがとおくてふべんです。	역이 멀어서 불편합니다.
大丈夫	だいじょうぶ	괜찮음	형용사	N5	一人で大丈夫ですか。	ひとりでだいじょうぶですか。	혼자서 괜찮습니까?
大切	たいせつ	소중함	형용사	N5	家族は大切です。	かぞくはたいせつです。	가족은 소중합니다.
簡単	かんたん	간단함	형용사	N5	この問題は簡単でした。	このもんだいはかんたんでした。	이 문제는 간단했습니다.
綺麗	きれい	예쁨·깨끗함	형용사	N5	部屋がとても綺麗です。	へやがとてもきれいです。	방이 매우 깨끗합니다.
暇	ひま	한가함	형용사	N5	明日は暇です。	あしたはひまです。	내일은 한가합니다.
大変	たいへん	힘듦	형용사	N5	仕事が大変でした。	しごとがたいへんでした。	일이 힘들었습니다.
真面目	まじめ	성실함	형용사	N5	弟は真面目な学生です。	おとうとはまじめながくせいです。	남동생은 성실한 학생입니다.
とても	とても	매우	부사	N5	この本はとても面白いです。	このほんはとてもおもしろいです。	이 책은 매우 재미있습니다.
少し	すこし	조금	부사	N5	日本語が少し分かります。	にほんごがすこしわかります。	일본어를 조금 압니다.
たくさん	たくさん	많이	부사	N5	野菜をたくさん買いました。	やさいをたくさんかいました。	채소를 많이 샀습니다.
よく	よく	자주·잘	부사	N5	よく図書館へ行きます。	よくとしょかんへいきます。	자주 도서관에 갑니다.
まだ	まだ	아직	부사	N5	まだ食べていません。	まだたべていません。	아직 먹지 않았습니다.
もう	もう	이미·벌써	부사	N5	もう八時になりました。	もうはちじになりました。	벌써 8시가 되었습니다.
いつも	いつも	늘·항상	부사	N5	いつも七時に起きます。	いつもしちじにおきます。	항상 7시에 일어납니다.
時々	ときどき	가끔	부사	N5	時々映画を見ます。	ときどきえいがをみます。	가끔 영화를 봅니다.
あまり	あまり	별로 (~않다)	부사	N5	お酒はあまり飲みません。	おさけはあまりのみません。	술은 별로 마시지 않습니다.
全然	ぜんぜん	전혀 (~않다)	부사	N5	全然分かりませんでした。	ぜんぜんわかりませんでした。	전혀 몰랐습니다.
一緒に	いっしょに	함께	부사	N5	一緒に昼ご飯を食べましょう。	いっしょにひるごはんをたべましょう。	함께 점심을 먹읍시다.
ゆっくり	ゆっくり	천천히	부사	N5	ゆっくり話してください。	ゆっくりはなしてください。	천천히 말해 주세요.
ちょっと	ちょっと	조금·잠깐	부사	N5	ちょっと待ってください。	ちょっとまってください。	잠깐 기다려 주세요.
どうぞ	どうぞ	부디·여기요	인사	N5	どうぞ入ってください。	どうぞはいってください。	어서 들어오세요.
どうも	どうも	고맙습니다·안녕	인사	N5	どうもありがとうございます。	どうもありがとうございます。	정말 감사합니다.
おはよう	おはよう	안녕(아침)	인사	N5	おはよう、今日も早いね。	おはよう、きょうもはやいね。	안녕, 오늘도 일찍 왔네.
こんにちは	こんにちは	안녕하세요(낮)	인사	N5	こんにちは、いい天気ですね。	こんにちは、いいてんきですね。	안녕하세요, 좋은 날씨네요.
こんばんは	こんばんは	안녕하세요(밤)	인사	N5	こんばんは、遅くなりました。	こんばんは、おそくなりました。	안녕하세요, 늦었습니다.
ありがとう	ありがとう	고마워	인사	N5	手伝ってくれてありがとう。	てつだってくれてありがとう。	도와줘서 고마워.
すみません	すみません	죄송합니다·저기요	인사	N5	すみません、駅はどこですか。	すみません、えきはどこですか。	저기요, 역은 어디입니까?
さようなら	さようなら	안녕히 가세요	인사	N5	先生、さようなら。	せんせい、さようなら。	선생님, 안녕히 계세요.
いただきます	いただきます	잘 먹겠습니다	인사	N5	では、いただきます。	では、いただきます。	그럼, 잘 먹겠습니다.
ごちそうさま	ごちそうさま	잘 먹었습니다	인사	N5	ごちそうさまでした。	ごちそうさまでした。	잘 먹었습니다.
おやすみなさい	おやすみなさい	안녕히 주무세요	인사	N5	もう寝ます。おやすみなさい。	もうねます。おやすみなさい。	이제 잘게요. 안녕히 주무세요.
はじめまして	はじめまして	처음 뵙겠습니다	인사	N5	はじめまして、金と申します。	はじめまして、キムともうします。	처음 뵙겠습니다, 김이라고 합니다.
お願いします	おねがいします	부탁합니다	인사	N5	よろしくお願いします。	よろしくおねがいします。	잘 부탁합니다.
妻	つま	아내	사람	N4	妻と買い物に行きました。	つまとかいものにいきました。	아내와 쇼핑하러 갔습니다.
主人	しゅじん	남편	사람	N4	主人はまだ帰っていません。	しゅじんはまだかえっていません。	남편은 아직 돌아오지 않았습니다.
息子	むすこ	아들	사람	N4	息子は来年小学生になります。	むすこはらいねんしょうがくせいになります。	아들은 내년에 초등학생이 됩니다.
娘	むすめ	딸	사람	N4	娘は音楽が好きです。	むすめはおんがくがすきです。	딸은 음악을 좋아합니다.
両親	りょうしん	부모	사람	N4	両親は田舎に住んでいます。	りょうしんはいなかにすんでいます。	부모님은 시골에 살고 있습니다.
祖父	そふ	할아버지	사람	N4	祖父は今年八十歳です。	そふはことしはちじゅっさいです。	할아버지는 올해 여든 살입니다.
祖母	そぼ	할머니	사람	N4	祖母が料理を教えてくれました。	そぼがりょうりをおしえてくれました。	할머니가 요리를 가르쳐 주셨습니다.
客	きゃく	손님	사람	N4	今日は客が多いです。	きょうはきゃくがおおいです。	오늘은 손님이 많습니다.
課長	かちょう	과장	사람	N4	課長に報告しました。	かちょうにほうこくしました。	과장님께 보고했습니다.
部長	ぶちょう	부장	사람	N4	部長は会議に出ています。	ぶちょうはかいぎにでています。	부장님은 회의에 들어가 계십니다.
台所	だいどころ	부엌	장소	N4	台所で料理を作ります。	だいどころでりょうりをつくります。	부엌에서 요리를 만듭니다.
教室	きょうしつ	교실	장소	N4	教室に誰もいません。	きょうしつにだれもいません。	교실에 아무도 없습니다.
工場	こうじょう	공장	장소	N4	父は工場で働いています。	ちちはこうじょうではたらいています。	아버지는 공장에서 일하고 있습니다.
受付	うけつけ	접수처	장소	N4	受付で名前を書きます。	うけつけでなまえをかきます。	접수처에서 이름을 씁니다.
港	みなと	항구	장소	N4	港に大きい船が来ました。	みなとにおおきいふねがきました。	항구에 큰 배가 왔습니다.
島	しま	섬	장소	N4	夏に南の島へ行きます。	なつにみなみのしまへいきます。	여름에 남쪽 섬에 갑니다.
村	むら	마을	장소	N4	小さい村に住んでいます。	ちいさいむらにすんでいます。	작은 마을에 살고 있습니다.
都会	とかい	도시	장소	N4	都会は人が多くて賑やかです。	とかいはひとがおおくてにぎやかです。	도시는 사람이 많아 북적입니다.
田舎	いなか	시골	장소	N4	田舎の生活は静かです。	いなかのせいかつはしずかです。	시골 생활은 조용합니다.
会場	かいじょう	행사장	장소	N4	会場はもう満員です。	かいじょうはもうまんいんです。	행사장은 벌써 가득 찼습니다.
昔	むかし	옛날	시간	N4	昔ここに学校がありました。	むかしここにがっこうがありました。	옛날에 여기 학교가 있었습니다.
今度	こんど	이번·다음번	시간	N4	今度一緒に食事しましょう。	こんどいっしょにしょくじしましょう。	다음에 함께 식사합시다.
最初	さいしょ	처음	시간	N4	最初は難しかったです。	さいしょはむずかしかったです。	처음에는 어려웠습니다.
最後	さいご	마지막	시간	N4	最後まで頑張ります。	さいごまでがんばります。	마지막까지 힘내겠습니다.
途中	とちゅう	도중	시간	N4	帰る途中で雨が降りました。	かえるとちゅうであめがふりました。	돌아가는 도중에 비가 내렸습니다.
期間	きかん	기간	시간	N4	この期間は店が休みです。	このきかんはみせがやすみです。	이 기간은 가게가 쉽니다.
予定	よてい	예정	시간	N4	明日の予定を教えてください。	あしたのよていをおしえてください。	내일 예정을 알려 주세요.
最近	さいきん	최근	시간	N4	最近よく雨が降ります。	さいきんよくあめがふります。	최근 자주 비가 내립니다.
荷物	にもつ	짐	사물	N4	荷物が重くて大変です。	にもつがおもくてたいへんです。	짐이 무거워서 힘듭니다.
眼鏡	めがね	안경	사물	N4	眼鏡をかけて本を読みます。	めがねをかけてほんをよみます。	안경을 쓰고 책을 읽습니다.
鍵	かぎ	열쇠	사물	N4	部屋の鍵をなくしました。	へやのかぎをなくしました。	방 열쇠를 잃어버렸습니다.
引き出し	ひきだし	서랍	사물	N4	引き出しに手紙を入れました。	ひきだしにてがみをいれました。	서랍에 편지를 넣었습니다.
布団	ふとん	이불	사물	N4	布団を干しました。	ふとんをほしました。	이불을 널었습니다.
電気	でんき	전기·불	사물	N4	部屋の電気を消してください。	へやのでんきをけしてください。	방 불을 꺼 주세요.
冷蔵庫	れいぞうこ	냉장고	사물	N4	冷蔵庫に牛乳があります。	れいぞうこにぎゅうにゅうがあります。	냉장고에 우유가 있습니다.
洗濯機	せんたくき	세탁기	사물	N4	洗濯機が壊れました。	せんたくきがこわれました。	세탁기가 고장 났습니다.
機械	きかい	기계	사물	N4	この機械の使い方が分かりません。	このきかいのつかいかたがわかりません。	이 기계 사용법을 모르겠습니다.
道具	どうぐ	도구	사물	N4	掃除の道具を借ります。	そうじのどうぐをかります。	청소 도구를 빌립니다.
品物	しなもの	물건	사물	N4	この店は品物が多いです。	このみせはしなものがおおいです。	이 가게는 물건이 많습니다.
切符	きっぷ	표	사물	N4	駅で切符を買いました。	えきできっぷをかいました。	역에서 표를 샀습니다.
味	あじ	맛	음식	N4	このスープは味が薄いです。	このスープはあじがうすいです。	이 수프는 맛이 싱겁습니다.
砂糖	さとう	설탕	음식	N4	コーヒーに砂糖を入れます。	コーヒーにさとうをいれます。	커피에 설탕을 넣습니다.
塩	しお	소금	음식	N4	塩を少し足してください。	しおをすこしたしてください。	소금을 조금 더해 주세요.
味噌	みそ	된장	음식	N4	朝は味噌汁を飲みます。	あさはみそしるをのみます。	아침에는 된장국을 마십니다.
醤油	しょうゆ	간장	음식	N4	魚に醤油をかけます。	さかなにしょうゆをかけます。	생선에 간장을 뿌립니다.
弁当	べんとう	도시락	음식	N4	昼は弁当を持って行きます。	ひるはべんとうをもっていきます。	점심은 도시락을 가져갑니다.
食事	しょくじ	식사	음식	N4	食事の前に手を洗います。	しょくじのまえにてをあらいます。	식사 전에 손을 씻습니다.
料理	りょうり	요리	음식	N4	日本料理を作ってみます。	にほんりょうりをつくってみます。	일본 요리를 만들어 봅니다.
森	もり	숲	자연	N4	森の中は涼しいです。	もりのなかはすずしいです。	숲속은 시원합니다.
林	はやし	수풀	자연	N4	家の後ろに林があります。	いえのうしろにはやしがあります。	집 뒤에 수풀이 있습니다.
池	いけ	연못	자연	N4	池に魚がたくさんいます。	いけにさかながたくさんいます。	연못에 물고기가 많이 있습니다.
湖	みずうみ	호수	자연	N4	湖の水は冷たいです。	みずうみのみずはつめたいです。	호수의 물은 차갑습니다.
星	ほし	별	자연	N4	今夜は星がよく見えます。	こんやはほしがよくみえます。	오늘 밤은 별이 잘 보입니다.
月	つき	달	자연	N4	今日は月が綺麗ですね。	きょうはつきがきれいですね。	오늘은 달이 예쁘네요.
太陽	たいよう	태양	자연	N4	太陽が出て暖かくなりました。	たいようがでてあたたかくなりました。	해가 나서 따뜻해졌습니다.
台風	たいふう	태풍	자연	N4	台風で電車が止まりました。	たいふうででんしゃがとまりました。	태풍으로 전철이 멈췄습니다.
集める	あつめる	모으다	동사	N4	古い切手を集めています。	ふるいきってをあつめています。	오래된 우표를 모으고 있습니다.
選ぶ	えらぶ	고르다	동사	N4	好きな色を選んでください。	すきないろをえらんでください。	좋아하는 색을 골라 주세요.
運ぶ	はこぶ	옮기다	동사	N4	机を教室まで運びます。	つくえをきょうしつまではこびます。	책상을 교실까지 옮깁니다.
続ける	つづける	계속하다	동사	N4	毎日運動を続けています。	まいにちうんどうをつづけています。	매일 운동을 계속하고 있습니다.
始める	はじめる	시작하다	동사	N4	来月からピアノを始めます。	らいげつからピアノをはじめます。	다음 달부터 피아노를 시작합니다.
終わる	おわる	끝나다	동사	N4	会議は五時に終わります。	かいぎはごじにおわります。	회의는 5시에 끝납니다.
決める	きめる	정하다	동사	N4	旅行の日を決めましょう。	りょこうのひをきめましょう。	여행 날짜를 정합시다.
調べる	しらべる	조사하다	동사	N4	辞書で意味を調べます。	じしょでいみをしらべます。	사전으로 뜻을 찾습니다.
比べる	くらべる	비교하다	동사	N4	二つの店を比べてみます。	ふたつのみせをくらべてみます。	두 가게를 비교해 봅니다.
準備する	じゅんびする	준비하다	동사	N4	会議の資料を準備します。	かいぎのしりょうをじゅんびします。	회의 자료를 준비합니다.
招待する	しょうたいする	초대하다	동사	N4	友達を家に招待しました。	ともだちをいえにしょうたいしました。	친구를 집에 초대했습니다.
説明する	せつめいする	설명하다	동사	N4	使い方を説明してください。	つかいかたをせつめいしてください。	사용법을 설명해 주세요.
相談する	そうだんする	상담하다	동사	N4	先生に相談しました。	せんせいにそうだんしました。	선생님과 상담했습니다.
連れる	つれる	데리고 가다	동사	N4	子供を公園に連れて行きます。	こどもをこうえんにつれていきます。	아이를 공원에 데리고 갑니다.
届く	とどく	도착하다	동사	N4	昨日荷物が届きました。	きのうにもつがとどきました。	어제 짐이 도착했습니다.
送る	おくる	보내다	동사	N4	母に写真を送りました。	ははにしゃしんをおくりました。	어머니에게 사진을 보냈습니다.
拾う	ひろう	줍다	동사	N4	道で財布を拾いました。	みちでさいふをひろいました。	길에서 지갑을 주웠습니다.
捨てる	すてる	버리다	동사	N4	古い新聞を捨てます。	ふるいしんぶんをすてます。	오래된 신문을 버립니다.
落ちる	おちる	떨어지다	동사	N4	鍵が机から落ちました。	かぎがつくえからおちました。	열쇠가 책상에서 떨어졌습니다.
直す	なおす	고치다	동사	N4	時計を直してもらいました。	とけいをなおしてもらいました。	시계를 수리받았습니다.
治る	なおる	낫다	동사	N4	風邪がやっと治りました。	かぜがやっとなおりました。	감기가 겨우 나았습니다.
変わる	かわる	바뀌다	동사	N4	天気が急に変わりました。	てんきがきゅうにかわりました。	날씨가 갑자기 바뀌었습니다.
育てる	そだてる	기르다	동사	N4	庭で野菜を育てています。	にわでやさいをそだてています。	마당에서 채소를 기르고 있습니다.
手伝う	てつだう	돕다	동사	N4	母の仕事を手伝います。	ははのしごとをてつだいます。	어머니 일을 돕습니다.
訪ねる	たずねる	방문하다	동사	N4	先生の家を訪ねました。	せんせいのいえをたずねました。	선생님 댁을 방문했습니다.
珍しい	めずらしい	드물다	형용사	N4	珍しい花を見つけました。	めずらしいはなをみつけました。	드문 꽃을 발견했습니다.
恥ずかしい	はずかしい	부끄럽다	형용사	N4	名前を間違えて恥ずかしいです。	なまえをまちがえてはずかしいです。	이름을 틀려서 부끄럽습니다.
嬉しい	うれしい	기쁘다	형용사	N4	手紙をもらって嬉しいです。	てがみをもらってうれしいです。	편지를 받아서 기쁩니다.
悲しい	かなしい	슬프다	형용사	N4	悲しい話を聞きました。	かなしいはなしをききました。	슬픈 이야기를 들었습니다.
寂しい	さびしい	외롭다	형용사	N4	一人で寂しいです。	ひとりでさびしいです。	혼자여서 외롭습니다.
厳しい	きびしい	엄하다	형용사	N4	あの先生は厳しいです。	あのせんせいはきびしいです。	저 선생님은 엄합니다.
優しい	やさしい	상냥하다	형용사	N4	姉はとても優しいです。	あねはとてもやさしいです。	누나는 매우 상냥합니다.
細かい	こまかい	자잘하다	형용사	N4	細かいお金がありません。	こまかいおかねがありません。	잔돈이 없습니다.
安全	あんぜん	안전함	형용사	N4	この道は夜も安全です。	このみちはよるもあんぜんです。	이 길은 밤에도 안전합니다.
危険	きけん	위험함	형용사	N4	ここは危険ですから入らないでください。	ここはきけんですからはいらないでください。	여기는 위험하니 들어가지 마세요.
必要	ひつよう	필요함	형용사	N4	パスポートが必要です。	パスポートがひつようです。	여권이 필요합니다.
十分	じゅうぶん	충분함	형용사	N4	時間は十分あります。	じかんはじゅうぶんあります。	시간은 충분합니다.
特別	とくべつ	특별함	형용사	N4	今日は特別な日です。	きょうはとくべつなひです。	오늘은 특별한 날입니다.
自由	じゆう	자유로움	형용사	N4	週末は自由に過ごします。	しゅうまつはじゆうにすごします。	주말은 자유롭게 보냅니다.
適当	てきとう	적당함	형용사	N4	適当な大きさに切ります。	てきとうなおおきさにきります。	적당한 크기로 자릅니다.
熱心	ねっしん	열성적임	형용사	N4	彼は熱心に勉強しています。	かれはねっしんにべんきょうしています。	그는 열심히 공부하고 있습니다.
必ず	かならず	반드시	부사	N4	明日は必ず来てください。	あしたはかならずきてください。	내일은 반드시 와 주세요.
例えば	たとえば	예를 들면	부사	N4	例えばこの本はどうですか。	たとえばこのほんはどうですか。	예를 들면 이 책은 어떻습니까?
特に	とくに	특히	부사	N4	特に問題はありません。	とくにもんだいはありません。	특별히 문제는 없습니다.
実は	じつは	사실은	부사	N4	実はまだ食べていません。	じつはまだたべていません。	사실은 아직 먹지 않았습니다.
大体	だいたい	대체로	부사	N4	大体分かりました。	だいたいわかりました。	대체로 알겠습니다.
急に	きゅうに	갑자기	부사	N4	急に用事ができました。	きゅうにようじができました。	갑자기 볼일이 생겼습니다.
しばらく	しばらく	잠시	부사	N4	しばらくここで待ちます。	しばらくここでまちます。	잠시 여기서 기다리겠습니다.
そろそろ	そろそろ	슬슬	부사	N4	そろそろ帰りましょう。	そろそろかえりましょう。	슬슬 돌아갑시다.
お疲れ様	おつかれさま	수고하셨습니다	인사	N4	今日もお疲れ様でした。	きょうもおつかれさまでした。	오늘도 수고하셨습니다.
行ってきます	いってきます	다녀오겠습니다	인사	N4	じゃあ、行ってきます。	じゃあ、いってきます。	그럼 다녀오겠습니다.
ただいま	ただいま	다녀왔습니다	인사	N4	ただいま、遅くなりました。	ただいま、おそくなりました。	다녀왔습니다, 늦었어요.
おかえりなさい	おかえりなさい	어서 오세요	인사	N4	おかえりなさい、疲れたでしょう。	おかえりなさい、つかれたでしょう。	어서 오세요, 피곤하죠.
失礼します	しつれいします	실례합니다	인사	N4	お先に失礼します。	おさきにしつれいします。	먼저 실례하겠습니다.
男性	だんせい	남성	사람	N3	男性の店員に聞きました。	だんせいのてんいんにききました。	남성 점원에게 물었습니다.
女性	じょせい	여성	사람	N3	女性の割合が増えています。	じょせいのわりあいがふえています。	여성의 비율이 늘고 있습니다.
大人	おとな	어른	사람	N3	大人になったら分かります。	おとなになったらわかります。	어른이 되면 알게 됩니다.
若者	わかもの	젊은이	사람	N3	この街は若者が多いです。	このまちはわかものがおおいです。	이 거리는 젊은이가 많습니다.
専門家	せんもんか	전문가	사람	N3	専門家の意見を聞きました。	せんもんかのいけんをききました。	전문가의 의견을 들었습니다.
相手	あいて	상대	사람	N3	相手の話をよく聞きます。	あいてのはなしをよくききます。	상대의 이야기를 잘 듣습니다.
他人	たにん	타인	사람	N3	他人の目が気になります。	たにんのめがきになります。	남의 눈이 신경 쓰입니다.
本人	ほんにん	본인	사람	N3	本人に直接確認します。	ほんにんにちょくせつかくにんします。	본인에게 직접 확인하겠습니다.
会議室	かいぎしつ	회의실	장소	N3	会議室は三階にあります。	かいぎしつはさんがいにあります。	회의실은 3층에 있습니다.
廊下	ろうか	복도	장소	N3	廊下を走らないでください。	ろうかをはしらないでください。	복도를 뛰지 마세요.
屋上	おくじょう	옥상	장소	N3	屋上から街が見えます。	おくじょうからまちがみえます。	옥상에서 거리가 보입니다.
地下	ちか	지하	장소	N3	地下に駐車場があります。	ちかにちゅうしゃじょうがあります。	지하에 주차장이 있습니다.
郊外	こうがい	교외	장소	N3	郊外に引っ越しました。	こうがいにひっこしました。	교외로 이사했습니다.
首都	しゅと	수도	장소	N3	日本の首都は東京です。	にほんのしゅとはとうきょうです。	일본의 수도는 도쿄입니다.
地域	ちいき	지역	장소	N3	この地域は雪が多いです。	このちいきはゆきがおおいです。	이 지역은 눈이 많습니다.
場所	ばしょ	장소	장소	N3	待ち合わせの場所を決めます。	まちあわせのばしょをきめます。	만날 장소를 정합니다.
現在	げんざい	현재	시간	N3	現在の状況を説明します。	げんざいのじょうきょうをせつめいします。	현재 상황을 설명하겠습니다.
過去	かこ	과거	시간	N3	過去のことは忘れましょう。	かこのことはわすれましょう。	과거의 일은 잊읍시다.
未来	みらい	미래	시간	N3	未来のために貯金します。	みらいのためにちょきんします。	미래를 위해 저축합니다.
期限	きげん	기한	시간	N3	申し込みの期限は明日です。	もうしこみのきげんはあしたです。	신청 기한은 내일입니다.
当時	とうじ	당시	시간	N3	当時はまだ学生でした。	とうじはまだがくせいでした。	당시에는 아직 학생이었습니다.
普段	ふだん	평소	시간	N3	普段は自転車で通っています。	ふだんはじてんしゃでかよっています。	평소에는 자전거로 다니고 있습니다.
瞬間	しゅんかん	순간	시간	N3	その瞬間、電気が消えました。	そのしゅんかん、でんきがきえました。	그 순간 불이 꺼졌습니다.
時期	じき	시기	시간	N3	今は忙しい時期です。	いまはいそがしいじきです。	지금은 바쁜 시기입니다.
資料	しりょう	자료	사물	N3	会議の資料をコピーします。	かいぎのしりょうをコピーします。	회의 자료를 복사합니다.
書類	しょるい	서류	사물	N3	書類にサインしてください。	しょるいにサインしてください。	서류에 서명해 주세요.
記録	きろく	기록	사물	N3	毎日の記録を残しています。	まいにちのきろくをのこしています。	매일의 기록을 남기고 있습니다.
部品	ぶひん	부품	사물	N3	機械の部品を交換しました。	きかいのぶひんをこうかんしました。	기계 부품을 교환했습니다.
商品	しょうひん	상품	사물	N3	この商品は人気があります。	このしょうひんはにんきがあります。	이 상품은 인기가 있습니다.
製品	せいひん	제품	사물	N3	新しい製品を開発しています。	あたらしいせいひんをかいはつしています。	새 제품을 개발하고 있습니다.
家具	かぐ	가구	사물	N3	部屋の家具を買い替えました。	へやのかぐをかいかえました。	방 가구를 새로 샀습니다.
現金	げんきん	현금	사물	N3	現金しか使えません。	げんきんしかつかえません。	현금밖에 쓸 수 없습니다.
領収書	りょうしゅうしょ	영수증	사물	N3	領収書をお願いします。	りょうしゅうしょをおねがいします。	영수증 부탁합니다.
封筒	ふうとう	봉투	사물	N3	封筒に住所を書きます。	ふうとうにじゅうしょをかきます。	봉투에 주소를 씁니다.
材料	ざいりょう	재료	음식	N3	料理の材料を買ってきます。	りょうりのざいりょうをかってきます。	요리 재료를 사 오겠습니다.
栄養	えいよう	영양	음식	N3	野菜は栄養が豊かです。	やさいはえいようがゆたかです。	채소는 영양이 풍부합니다.
食欲	しょくよく	식욕	음식	N3	暑くて食欲がありません。	あつくてしょくよくがありません。	더워서 식욕이 없습니다.
香り	かおり	향기	음식	N3	コーヒーのいい香りがします。	コーヒーのいいかおりがします。	커피의 좋은 향이 납니다.
冷凍	れいとう	냉동	음식	N3	肉を冷凍しておきます。	にくをれいとうしておきます。	고기를 냉동해 둡니다.
外食	がいしょく	외식	음식	N3	週末はよく外食します。	しゅうまつはよくがいしょくします。	주말에는 자주 외식합니다.
環境	かんきょう	환경	자연	N3	環境を守る必要があります。	かんきょうをまもるひつようがあります。	환경을 지킬 필요가 있습니다.
自然	しぜん	자연	자연	N3	この村は自然が豊かです。	このむらはしぜんがゆたかです。	이 마을은 자연이 풍부합니다.
気温	きおん	기온	자연	N3	今日は気温が下がりました。	きょうはきおんがさがりました。	오늘은 기온이 내려갔습니다.
地震	じしん	지진	자연	N3	昨夜大きい地震がありました。	さくやおおきいじしんがありました。	어젯밤 큰 지진이 있었습니다.
波	なみ	파도	자연	N3	今日は波が高いです。	きょうはなみがたかいです。	오늘은 파도가 높습니다.
砂	すな	모래	자연	N3	靴の中に砂が入りました。	くつのなかにすながはいりました。	신발 안에 모래가 들어갔습니다.
増える	ふえる	늘다	동사	N3	外国人の客が増えました。	がいこくじんのきゃくがふえました。	외국인 손님이 늘었습니다.
減る	へる	줄다	동사	N3	仕事が少し減りました。	しごとがすこしへりました。	일이 조금 줄었습니다.
含む	ふくむ	포함하다	동사	N3	値段は税金を含んでいます。	ねだんはぜいきんをふくんでいます。	가격에는 세금이 포함되어 있습니다.
認める	みとめる	인정하다	동사	N3	自分の間違いを認めました。	じぶんのまちがいをみとめました。	자신의 잘못을 인정했습니다.
断る	ことわる	거절하다	동사	N3	誘いを断りました。	さそいをことわりました。	권유를 거절했습니다.
許す	ゆるす	용서하다	동사	N3	今回だけは許します。	こんかいだけはゆるします。	이번만은 용서하겠습니다.
与える	あたえる	주다	동사	N3	子供に良い影響を与えます。	こどもによいえいきょうをあたえます。	아이에게 좋은 영향을 줍니다.
求める	もとめる	요구하다	동사	N3	会社に説明を求めました。	かいしゃにせつめいをもとめました。	회사에 설명을 요구했습니다.
支える	ささえる	지탱하다	동사	N3	家族が私を支えてくれました。	かぞくがわたしをささえてくれました。	가족이 저를 든든하게 받쳐 주었습니다.
進む	すすむ	나아가다	동사	N3	工事は順調に進んでいます。	こうじはじゅんちょうにすすんでいます。	공사는 순조롭게 진행되고 있습니다.
戻る	もどる	돌아가다	동사	N3	すぐ席に戻ります。	すぐせきにもどります。	곧 자리로 돌아가겠습니다.
諦める	あきらめる	포기하다	동사	N3	最後まで諦めませんでした。	さいごまであきらめませんでした。	마지막까지 포기하지 않았습니다.
慣れる	なれる	익숙해지다	동사	N3	新しい仕事に慣れました。	あたらしいしごとになれました。	새 일에 익숙해졌습니다.
迷う	まよう	헤매다	동사	N3	道に迷ってしまいました。	みちにまよってしまいました。	길을 잃어버렸습니다.
悩む	なやむ	고민하다	동사	N3	進路について悩んでいます。	しんろについてなやんでいます。	진로에 대해 고민하고 있습니다.
頑張る	がんばる	힘내다	동사	N3	試験まで頑張ります。	しけんまでがんばります。	시험까지 힘내겠습니다.
預ける	あずける	맡기다	동사	N3	駅に荷物を預けました。	えきににもつをあずけました。	역에 짐을 맡겼습니다.
守る	まもる	지키다	동사	N3	約束は必ず守ります。	やくそくはかならずまもります。	약속은 반드시 지킵니다.
育つ	そだつ	자라다	동사	N3	子供が元気に育っています。	こどもがげんきにそだっています。	아이가 건강하게 자라고 있습니다.
続く	つづく	이어지다	동사	N3	雨が三日も続いています。	あめがみっかもつづいています。	비가 사흘이나 이어지고 있습니다.
変える	かえる	바꾸다	동사	N3	予定を変えてもいいですか。	よていをかえてもいいですか。	예정을 바꿔도 됩니까?
伝える	つたえる	전하다	동사	N3	部長に伝えておきます。	ぶちょうにつたえておきます。	부장님께 전해 두겠습니다.
感謝する	かんしゃする	감사하다	동사	N3	助けてくれた人に感謝します。	たすけてくれたひとにかんしゃします。	도와준 사람에게 감사합니다.
判断する	はんだんする	판단하다	동사	N3	自分で判断してください。	じぶんではんだんしてください。	스스로 판단해 주세요.
解決する	かいけつする	해결하다	동사	N3	問題はもう解決しました。	もんだいはもうかいけつしました。	문제는 이미 해결했습니다.
詳しい	くわしい	자세하다	형용사	N3	彼は日本の歴史に詳しいです。	かれはにほんのれきしにくわしいです。	그는 일본 역사에 밝습니다.
激しい	はげしい	격하다	형용사	N3	激しい雨が降っています。	はげしいあめがふっています。	거센 비가 내리고 있습니다.
正しい	ただしい	옳다	형용사	N3	正しい答えを選んでください。	ただしいこたえをえらんでください。	옳은 답을 골라 주세요.
恐ろしい	おそろしい	무섭다	형용사	N3	恐ろしい夢を見ました。	おそろしいゆめをみました。	무서운 꿈을 꿨습니다.
懐かしい	なつかしい	그립다	형용사	N3	懐かしい写真が出てきました。	なつかしいしゃしんがでてきました。	그리운 사진이 나왔습니다.
賢い	かしこい	현명하다	형용사	N3	賢い選び方だと思います。	かしこいえらびかただとおもいます。	현명한 선택이라고 생각합니다.
貧しい	まずしい	가난하다	형용사	N3	昔この村は貧しかったです。	むかしこのむらはまずしかったです。	옛날 이 마을은 가난했습니다.
険しい	けわしい	험하다	형용사	N3	険しい山道を登りました。	けわしいやまみちをのぼりました。	험한 산길을 올랐습니다.
確か	たしか	확실함	형용사	N3	確かな情報ではありません。	たしかなじょうほうではありません。	확실한 정보는 아닙니다.
明らか	あきらか	명백함	형용사	N3	原因は明らかになりました。	げんいんはあきらかになりました。	원인은 명백해졌습니다.
豊か	ゆたか	풍부함	형용사	N3	この国は水が豊かです。	このくにはみずがゆたかです。	이 나라는 물이 풍부합니다.
複雑	ふくざつ	복잡함	형용사	N3	手続きが複雑で困りました。	てつづきがふくざつでこまりました。	절차가 복잡해서 곤란했습니다.
単純	たんじゅん	단순함	형용사	N3	答えは単純でした。	こたえはたんじゅんでした。	답은 단순했습니다.
積極的	せっきょくてき	적극적임	형용사	N3	積極的に意見を言います。	せっきょくてきにいけんをいいます。	적극적으로 의견을 말합니다.
正直	しょうじき	정직함	형용사	N3	正直に話してください。	しょうじきにはなしてください。	정직하게 말해 주세요.
派手	はで	화려함	형용사	N3	派手な服は苦手です。	はでなふくはにがてです。	화려한 옷은 잘 못 입습니다.
恐らく	おそらく	아마	부사	N3	恐らく間に合わないでしょう。	おそらくまにあわないでしょう。	아마 제시간에 못 맞출 겁니다.
実際に	じっさいに	실제로	부사	N3	実際に会って話しました。	じっさいにあってはなしました。	실제로 만나서 이야기했습니다.
結局	けっきょく	결국	부사	N3	結局行かないことにしました。	けっきょくいかないことにしました。	결국 가지 않기로 했습니다.
突然	とつぜん	갑자기	부사	N3	突然電気が消えました。	とつぜんでんきがきえました。	갑자기 불이 꺼졌습니다.
相当	そうとう	상당히	부사	N3	相当疲れているようです。	そうとうつかれているようです。	상당히 지쳐 있는 것 같습니다.
ますます	ますます	점점	부사	N3	雨がますます強くなりました。	あめがますますつよくなりました。	비가 점점 강해졌습니다.
さすが	さすが	과연	부사	N3	さすが専門家ですね。	さすがせんもんかですね。	역시 전문가시네요.
つまり	つまり	즉	부사	N3	つまり明日は休みですね。	つまりあしたはやすみですね。	즉 내일은 쉬는 날이네요.
お世話になります	おせわになります	신세를 지겠습니다	인사	N3	来月からお世話になります。	らいげつからおせわになります。	다음 달부터 신세 지겠습니다.
お邪魔します	おじゃまします	실례하겠습니다	인사	N3	こんにちは、お邪魔します。	こんにちは、おじゃまします。	안녕하세요, 실례하겠습니다.
かしこまりました	かしこまりました	알겠습니다	인사	N3	かしこまりました、すぐ用意します。	かしこまりました、すぐよういします。	알겠습니다, 곧 준비하겠습니다.
お陰様で	おかげさまで	덕분에	인사	N3	お陰様で元気にしています。	おかげさまでげんきにしています。	덕분에 잘 지내고 있습니다.
恐れ入ります	おそれいります	송구합니다	인사	N3	恐れ入りますが、少々お待ちください。	おそれいりますが、しょうしょうおまちください。	송구합니다만 잠시 기다려 주세요.
上司	じょうし	상사	사람	N2	上司に報告しました。	じょうしにほうこくしました。	상사에게 보고했습니다.
部下	ぶか	부하	사람	N2	部下を信じています。	ぶかをしんじています。	부하를 믿고 있습니다.
同僚	どうりょう	동료	사람	N2	同僚と昼食をとりました。	どうりょうとちゅうしょくをとりました。	동료와 점심을 먹었습니다.
選手	せんしゅ	선수	사람	N2	選手が全力で走りました。	せんしゅがぜんりょくではしりました。	선수가 전력으로 달렸습니다.
観客	かんきゃく	관객	사람	N2	観客が大きな拍手を送りました。	かんきゃくがおおきなはくしゅをおくりました。	관객이 큰 박수를 보냈습니다.
経営者	けいえいしゃ	경영자	사람	N2	経営者として責任を持ちます。	けいえいしゃとしてせきにんをもちます。	경영자로서 책임을 집니다.
担当者	たんとうしゃ	담당자	사람	N2	担当者に代わります。	たんとうしゃにかわります。	담당자에게 넘기겠습니다.
素人	しろうと	초보자	사람	N2	素人には難しい作業です。	しろうとにはむずかしいさぎょうです。	초보자에게는 어려운 작업입니다.
支店	してん	지점	장소	N2	駅前の支店に寄りました。	えきまえのしてんによりました。	역 앞 지점에 들렀습니다.
本社	ほんしゃ	본사	장소	N2	本社は東京にあります。	ほんしゃはとうきょうにあります。	본사는 도쿄에 있습니다.
倉庫	そうこ	창고	장소	N2	倉庫に在庫を保管しています。	そうこにざいこをほかんしています。	창고에 재고를 보관하고 있습니다.
施設	しせつ	시설	장소	N2	この施設は年中無休です。	このしせつはねんじゅうむきゅうです。	이 시설은 연중무휴입니다.
通路	つうろ	통로	장소	N2	通路に荷物を置かないでください。	つうろににもつをおかないでください。	통로에 짐을 두지 마세요.
出入口	でいりぐち	출입구	장소	N2	出入口の前に立たないでください。	でいりぐちのまえにたたないでください。	출입구 앞에 서지 마세요.
現場	げんば	현장	장소	N2	事故の現場を確認しました。	じこのげんばをかくにんしました。	사고 현장을 확인했습니다.
住宅街	じゅうたくがい	주택가	장소	N2	静かな住宅街に住んでいます。	しずかなじゅうたくがいにすんでいます。	조용한 주택가에 살고 있습니다.
当日	とうじつ	당일	시간	N2	当日は九時に集合します。	とうじつはくじにしゅうごうします。	당일에는 9시에 집합합니다.
翌日	よくじつ	다음 날	시간	N2	翌日に結果が出ます。	よくじつにけっかがでます。	다음 날 결과가 나옵니다.
前後	ぜんご	전후	시간	N2	三時前後に着きます。	さんじぜんごにつきます。	3시 전후에 도착합니다.
以降	いこう	이후	시간	N2	五時以降は受け付けません。	ごじいこうはうけつけません。	5시 이후에는 접수하지 않습니다.
年度	ねんど	연도	시간	N2	新しい年度が始まりました。	あたらしいねんどがはじまりました。	새 연도가 시작되었습니다.
週間	しゅうかん	주간	시간	N2	二週間ほど留守にします。	にしゅうかんほどるすにします。	2주 정도 집을 비웁니다.
締め切り	しめきり	마감	시간	N2	締め切りは明日の正午です。	しめきりはあすのしょうごです。	마감은 내일 정오입니다.
平日	へいじつ	평일	시간	N2	平日は混んでいません。	へいじつはこんでいません。	평일은 붐비지 않습니다.
契約書	けいやくしょ	계약서	사물	N2	契約書に署名しました。	けいやくしょにしょめいしました。	계약서에 서명했습니다.
名刺	めいし	명함	사물	N2	名刺を交換しました。	めいしをこうかんしました。	명함을 교환했습니다.
見本	みほん	견본	사물	N2	見本をお送りします。	みほんをおおくりします。	견본을 보내 드리겠습니다.
在庫	ざいこ	재고	사물	N2	在庫が足りません。	ざいこがたりません。	재고가 부족합니다.
装置	そうち	장치	사물	N2	安全装置が働きました。	あんぜんそうちがはたらきました。	안전장치가 작동했습니다.
用紙	ようし	용지	사물	N2	申込用紙に記入してください。	もうしこみようしにきにゅうしてください。	신청 용지에 기입해 주세요.
番号	ばんごう	번호	사물	N2	電話番号を教えてください。	でんわばんごうをおしえてください。	전화번호를 알려 주세요.
表面	ひょうめん	표면	사물	N2	表面に傷が付いています。	ひょうめんにきずがついています。	표면에 흠집이 나 있습니다.
蓋	ふた	뚜껑	사물	N2	鍋の蓋を開けました。	なべのふたをあけました。	냄비 뚜껑을 열었습니다.
針	はり	바늘	사물	N2	時計の針が止まりました。	とけいのはりがとまりました。	시계 바늘이 멈췄습니다.
食材	しょくざい	식재료	음식	N2	新鮮な食材を選びます。	しんせんなしょくざいをえらびます。	신선한 식재료를 고릅니다.
主食	しゅしょく	주식	음식	N2	日本の主食は米です。	にほんのしゅしょくはこめです。	일본의 주식은 쌀입니다.
調味料	ちょうみりょう	조미료	음식	N2	調味料を少し加えます。	ちょうみりょうをすこしくわえます。	조미료를 조금 넣습니다.
屋台	やたい	포장마차	음식	N2	祭りの屋台で焼き鳥を買いました。	まつりのやたいでやきとりをかいました。	축제 포장마차에서 야키토리를 샀습니다.
定食	ていしょく	정식	음식	N2	昼は定食を注文しました。	ひるはていしょくをちゅうもんしました。	점심은 정식을 주문했습니다.
満腹	まんぷく	배부름	음식	N2	もう満腹です。	もうまんぷくです。	이제 배가 부릅니다.
気候	きこう	기후	자연	N2	この地方は気候が穏やかです。	このちほうはきこうがおだやかです。	이 지방은 기후가 온화합니다.
湿気	しっけ	습기	자연	N2	梅雨は湿気が多いです。	つゆはしっけがおおいです。	장마철은 습기가 많습니다.
洪水	こうずい	홍수	자연	N2	大雨で洪水が起きました。	おおあめでこうずいがおきました。	큰비로 홍수가 났습니다.
大陸	たいりく	대륙	자연	N2	アフリカ大陸を旅しました。	アフリカたいりくをたびしました。	아프리카 대륙을 여행했습니다.
岩	いわ	바위	자연	N2	海辺に大きな岩があります。	うみべにおおきないわがあります。	해변에 큰 바위가 있습니다.
枝	えだ	가지	자연	N2	風で枝が折れました。	かぜでえだがおれました。	바람에 가지가 부러졌습니다.
せめて	せめて	적어도	부사	N2	せめて一度は会いたいです。	せめていちどはあいたいです。	적어도 한 번은 만나고 싶습니다.
いきなり	いきなり	갑자기	부사	N2	いきなり呼ばれて驚きました。	いきなりよばれておどろきました。	갑자기 불려서 놀랐습니다.
次々に	つぎつぎに	잇따라	부사	N2	注文が次々に入りました。	ちゅうもんがつぎつぎにはいりました。	주문이 잇따라 들어왔습니다.
今にも	いまにも	당장이라도	부사	N2	今にも雨が降りそうです。	いまにもあめがふりそうです。	당장이라도 비가 올 것 같습니다.
わざわざ	わざわざ	일부러	부사	N2	わざわざ来てくださって、ありがとうございます。	わざわざきてくださって、ありがとうございます。	일부러 와 주셔서 감사합니다.
案外	あんがい	의외로	부사	N2	試験は案外簡単でした。	しけんはあんがいかんたんでした。	시험은 의외로 간단했습니다.
せっかく	せっかく	모처럼	부사	N2	せっかくの休みが雨で潰れました。	せっかくのやすみがあめでつぶれました。	모처럼의 휴일이 비로 망가졌습니다.
相変わらず	あいかわらず	여전히	부사	N2	相変わらず忙しそうですね。	あいかわらずいそがしそうですね。	여전히 바빠 보이네요.
いらっしゃいませ	いらっしゃいませ	어서 오세요	인사	N2	いらっしゃいませ、何名様ですか。	いらっしゃいませ、なんめいさまですか。	어서 오세요, 몇 분이십니까?
少々お待ちください	しょうしょうおまちください	잠시 기다려 주세요	인사	N2	少々お待ちください、確認します。	しょうしょうおまちください、かくにんします。	잠시만 기다려 주세요, 확인하겠습니다.
お手数ですが	おてすうですが	번거로우시겠지만	인사	N2	お手数ですが、ご連絡ください。	おてすうですが、ごれんらくください。	번거로우시겠지만 연락 주세요.
承知しました	しょうちしました	알겠습니다	인사	N2	承知しました、すぐ手配します。	しょうちしました、すぐてはいします。	알겠습니다, 바로 준비하겠습니다.
ご無沙汰しております	ごぶさたしております	오랜만입니다	인사	N2	ご無沙汰しております、お元気ですか。	ごぶさたしております、おげんきですか。	오랜만입니다, 잘 지내셨습니까?
鋭い	するどい	날카롭다	형용사	N2	彼の指摘は鋭いです。	かれのしてきはするどいです。	그의 지적은 날카롭습니다.
鈍い	にぶい	둔하다	형용사	N2	反応が鈍いです。	はんのうがにぶいです。	반응이 둔합니다.
濃い	こい	진하다	형용사	N2	このコーヒーは濃いです。	このコーヒーはこいです。	이 커피는 진합니다.
薄い	うすい	얇다·연하다	형용사	N2	この本は薄いです。	このほんはうすいです。	이 책은 얇습니다.
緩い	ゆるい	느슨하다	형용사	N2	ねじが緩いです。	ねじがゆるいです。	나사가 느슨합니다.
硬い	かたい	딱딱하다	형용사	N2	このパンは硬いです。	このパンはかたいです。	이 빵은 딱딱합니다.
面倒	めんどう	귀찮음	형용사	N2	手続きが面倒です。	てつづきがめんどうです。	절차가 번거롭습니다.
上品	じょうひん	고상함	형용사	N2	上品な色のかばんですね。	じょうひんないろのかばんですね。	고상한 색의 가방이네요.
地味	じみ	수수함	형용사	N2	地味な服が好きです。	じみなふくがすきです。	수수한 옷을 좋아합니다.
曖昧	あいまい	애매함	형용사	N2	返事が曖昧でした。	へんじがあいまいでした。	대답이 애매했습니다.
有効	ゆうこう	유효함	형용사	N2	この切符は三日間有効です。	このきっぷはみっかかんゆうこうです。	이 표는 3일간 유효합니다.
平等	びょうどう	평등함	형용사	N2	全員に平等な機会を与えます。	ぜんいんにびょうどうなきかいをあたえます。	전원에게 평등한 기회를 줍니다.
主要	しゅよう	주요함	형용사	N2	主要な原因はこれです。	しゅようなげんいんはこれです。	주요한 원인은 이것입니다.
順調	じゅんちょう	순조로움	형용사	N2	工事は順調に進んでいます。	こうじはじゅんちょうにすすんでいます。	공사는 순조롭게 진행되고 있습니다.
見事	みごと	훌륭함	형용사	N2	見事な演奏でした。	みごとなえんそうでした。	훌륭한 연주였습니다.
気の毒	きのどく	딱함	형용사	N2	事情を聞いて気の毒に思いました。	じじょうをきいてきのどくにおもいました。	사정을 듣고 딱하게 여겼습니다.
扱う	あつかう	다루다	동사	N2	この店は輸入品を扱っています。	このみせはゆにゅうひんをあつかっています。	이 가게는 수입품을 취급합니다.
済ませる	すませる	끝내다	동사	N2	昼食は簡単に済ませました。	ちゅうしょくはかんたんにすませました。	점심은 간단히 때웠습니다.
任せる	まかせる	맡기다	동사	N2	この仕事は君に任せます。	このしごとはきみにまかせます。	이 일은 자네에게 맡기겠습니다.
訴える	うったえる	호소하다	동사	N2	痛みを医者に訴えました。	いたみをいしゃにうったえました。	통증을 의사에게 호소했습니다.
削る	けずる	깎다	동사	N2	予算を削ることになりました。	よさんをけずることになりました。	예산을 깎게 되었습니다.
補う	おぎなう	보충하다	동사	N2	不足分を補います。	ふそくぶんをおぎないます。	부족분을 보충합니다.
抑える	おさえる	억제하다	동사	N2	費用を抑える工夫をします。	ひようをおさえるくふうをします。	비용을 억제하는 궁리를 합니다.
占める	しめる	차지하다	동사	N2	輸出が売上の半分を占めています。	ゆしゅつがうりあげのはんぶんをしめています。	수출이 매출의 절반을 차지합니다.
属する	ぞくする	속하다	동사	N2	私は営業部に属しています。	わたしはえいぎょうぶにぞくしています。	저는 영업부에 속해 있습니다.
応じる	おうじる	응하다	동사	N2	要望に応じて時間を変えます。	ようぼうにおうじてじかんをかえます。	요청에 응해 시간을 바꿉니다.
基づく	もとづく	근거하다	동사	N2	資料に基づいて説明します。	しりょうにもとづいてせつめいします。	자료에 근거해 설명합니다.
見直す	みなおす	재검토하다	동사	N2	計画を見直すことにしました。	けいかくをみなおすことにしました。	계획을 재검토하기로 했습니다.
取り消す	とりけす	취소하다	동사	N2	予約を取り消しました。	よやくをとりけしました。	예약을 취소했습니다.
引き受ける	ひきうける	떠맡다	동사	N2	その役を引き受けました。	そのやくをひきうけました。	그 역할을 맡았습니다.
追いつく	おいつく	따라잡다	동사	N2	急いで先頭に追いつきました。	いそいでせんとうにおいつきました。	서둘러 선두를 따라잡았습니다.
落ち着く	おちつく	진정되다	동사	N2	深呼吸して落ち着きました。	しんこきゅうしておちつきました。	심호흡하고 진정했습니다.
思いつく	おもいつく	떠오르다	동사	N2	良い案を思いつきました。	よいあんをおもいつきました。	좋은 안이 떠올랐습니다.
引っ越す	ひっこす	이사하다	동사	N2	来月郊外に引っ越します。	らいげつこうがいにひっこします。	다음 달 교외로 이사합니다.
出張する	しゅっちょうする	출장 가다	동사	N2	大阪へ出張します。	おおさかへしゅっちょうします。	오사카로 출장 갑니다.
提出する	ていしゅつする	제출하다	동사	N2	書類を提出しました。	しょるいをていしゅつしました。	서류를 제출했습니다.
検討する	けんとうする	검토하다	동사	N2	社内で検討します。	しゃないでけんとうします。	사내에서 검토하겠습니다.
確認する	かくにんする	확인하다	동사	N2	予定を確認します。	よていをかくにんします。	예정을 확인합니다.
反対する	はんたいする	반대하다	동사	N2	その案に反対します。	そのあんにはんたいします。	그 안에 반대합니다.
我慢する	がまんする	참다	동사	N2	痛みを我慢しました。	いたみをがまんしました。	통증을 참았습니다.
遠慮する	えんりょする	사양하다	동사	N2	ここでの喫煙はご遠慮ください。	ここでのきつえんはごえんりょください。	여기서의 흡연은 삼가 주세요.
ああ	ああ	아아	부사	N5	ああ、よかったです。	ああ、よかったです。	아아, 다행입니다.
青	あお	파랑	사물	N5	私は赤より青のほうが好きです。	わたしはあかよりあおのほうがすきです。	저는 빨강보다 파랑을 더 좋아합니다.
赤	あか	빨강	사물	N5	信号が赤になりました。	しんごうがあかになりました。	신호가 빨간불이 되었습니다.
明るい	あかるい	밝다	형용사	N5	この部屋は明るいです。	このへやはあかるいです。	이 방은 밝습니다.
秋	あき	가을	시간	N5	春が好きですか、秋が好きですか。	はるがすきですか、あきがすきですか。	봄을 좋아합니까, 가을을 좋아합니까?
開く	あく	열리다	동사	N5	店は九時に開きます。	みせはくじにひらきます。	가게는 9시에 엽니다.
上げる	あげる	올리다	동사	N5	手を上げてください。	てをあげてください。	손을 들어 주세요.
明後日	あさって	모레	시간	N5	学校は明後日から始まります。	がっこうはみょうごにちからはじまります。	학교는 모레부터 시작합니다.
足	あし	발·다리	사람	N5	足が痛いです。	あしがいたいです。	다리가 아픕니다.
あそこ	あそこ	저기	장소	N5	トイレはあそこです。	トイレはあそこです。	화장실은 저기입니다.
暖かい	あたたかい	따뜻하다	형용사	N5	今日は暖かいです。	きょうはあたたかいです。	오늘은 따뜻합니다.
頭	あたま	머리	사람	N5	頭が痛いです。	あたまがいたいです。	머리가 아픕니다.
あちら	あちら	저쪽	장소	N5	受付はあちらです。	うけつけはあちらです。	접수처는 저쪽입니다.
厚い	あつい	두껍다	형용사	N5	この雑誌は厚くて、重いです。	このざっしはあつくて、おもいです。	이 잡지는 두껍고 무겁습니다.
あっち	あっち	저쪽	장소	N5	食堂はあっちの建物にあります。	しょくどうはあっちのたてものにあります。	식당은 저쪽 건물에 있습니다.
後	あと	뒤·나중	시간	N5	大学を卒業した後何をしますか。	だいがくをそつぎょうしたのちなにをしますか。	대학을 졸업한 후에 무엇을 합니까?
アパート	アパート	아파트	장소	N5	駅の近くのアパートに住んでいます。	えきのちかくのアパートにすんでいます。	역 근처 아파트에 살고 있습니다.
あの	あの	저	부사	N5	あの人は誰ですか。	あのひとはだれですか。	저 사람은 누구입니까?
浴びる	あびる	샤워하다	동사	N5	毎晩シャワーを浴びてから、寝ます。	まいばんシャワーをあびてから、ねます。	매일 밤 샤워를 하고 나서 잡니다.
危ない	あぶない	위험하다	형용사	N5	夜は暗いので、危ないです。	よるはくらいので、あぶないです。	밤은 어두워서 위험합니다.
甘い	あまい	달다	형용사	N5	このケーキは甘いです。	このケーキはあまいです。	이 케이크는 답니다.
余り	あまり	나머지	사물	N5	これはお昼の余りです。	これはおひるのあまりです。	이것은 점심 남은 것입니다.
飴	あめ	사탕	음식	N5	子供に飴をあげました。	こどもにあめをあげました。	아이에게 사탕을 주었습니다.
洗う	あらう	씻다	동사	N5	食事の前に手を洗います。	しょくじのまえにてをあらいます。	식사 전에 손을 씻습니다.
在る	ある	있다	동사	N5	駅は町の中心に在ります。	えきはまちのちゅうしんにあります。	역은 마을 중심에 있습니다.
有る	ある	있다	동사	N5	質問が有る人は手を上げてください。	しつもんがあるひとはてをあげてください。	질문이 있는 사람은 손을 들어 주세요.
あれ	あれ	저것	사물	N5	あれは私のかばんです。	あれはわたしのかばんです。	저것은 제 가방입니다.
いい	いい	좋다	형용사	N5	トイレに行ってもいいですか。	トイレにいってもいいですか。	화장실에 가도 됩니까?
いいえ	いいえ	아니요	인사	N5	いいえ、それは私のおごりです。	いいえ、それはわたしのおごりです。	아니요, 그건 제가 사겠습니다.
言う	いう	말하다	동사	N5	言いたいことはそれだけです。	いいたいことはそれだけです。	말하고 싶은 것은 그것뿐입니다.
いかが	いかが	어떠십니까	인사	N5	コーヒーのおかわりはいかがですか。	コーヒーのおかわりはいかがですか。	커피 한 잔 더 어떠십니까?
いくつ	いくつ	몇 개	부사	N5	りんごはいくつありますか。	りんごはいくつありますか。	사과는 몇 개 있습니까?
いくら	いくら	얼마	부사	N5	この本はいくらですか。	このほんはいくらですか。	이 책은 얼마입니까?
痛い	いたい	아프다	형용사	N5	お腹が痛いです。	おなかがいたいです。	배가 아픕니다.
一	いち	하나	사물	N5	一から始めます。	いちからはじめます。	하나부터 시작합니다.
一番	いちばん	가장	부사	N5	世界で一番長い川は何ですか。	せかいでいちばんながいかわはなんですか。	세계에서 가장 긴 강은 무엇입니까?
いつ	いつ	언제	시간	N5	いつ日本へ行きますか。	いつにほんへいきますか。	언제 일본에 갑니까?
一緒	いっしょ	함께	부사	N5	ずっと一緒にいたいです。	ずっといっしょにいたいです。	계속 함께 있고 싶습니다.
五つ	いつつ	다섯 개	사물	N5	りんごを五つ買いました。	りんごをいつつかいました。	사과를 다섯 개 샀습니다.
意味	いみ	의미	사물	N5	この言葉の意味を教えてください。	このことばのいみをおしえてください。	이 말의 의미를 알려 주세요.
嫌	いや	싫음	형용사	N5	私は虫が嫌です。	わたしはむしがいやです。	저는 벌레가 싫습니다.
入口	いりぐち	입구	장소	N5	入口は建物の右にあります。	いりぐちはたてもののみぎにあります。	입구는 건물 오른쪽에 있습니다.
居る	いる	있다	동사	N5	姉は今家に居ます。	あねはいまかにいます。	누나는 지금 집에 있습니다.
要る	いる	필요하다	동사	N5	旅行にはお金が要ります。	りょこうにはおかねがいります。	여행에는 돈이 필요합니다.
入れる	いれる	넣다	동사	N5	かばんに本を入れます。	かばんにほんをいれます。	가방에 책을 넣습니다.
色	いろ	색	사물	N5	好きな色は青です。	すきないろはあおです。	좋아하는 색은 파랑입니다.
上	うえ	위	장소	N5	テーブルの上に猫がいますか。	テーブルのうえにねこがいますか。	테이블 위에 고양이가 있습니까?
後ろ	うしろ	뒤	장소	N5	銀行は駅の後ろにあります。	ぎんこうはえきのうしろにあります。	은행은 역 뒤에 있습니다.
歌	うた	노래	사물	N5	あなたに歌を歌ってほしいです。	あなたにうたをうたってほしいです。	당신이 노래를 불러 주면 좋겠습니다.
歌う	うたう	노래하다	동사	N5	人前で歌うのは苦手です。	ひとまえでうたうのはにがてです。	남 앞에서 노래하는 것은 서툽니다.
うち	うち	집	장소	N5	私のうちは小さくて、狭いです。	わたしのうちはちいさくて、せまいです。	제 집은 작고 좁습니다.
生まれる	うまれる	태어나다	동사	N5	私は韓国で生まれました。	わたしはかんこくでうまれました。	저는 한국에서 태어났습니다.
うるさい	うるさい	시끄럽다	형용사	N5	外の音がうるさいです。	そとのおとがうるさいです。	밖의 소리가 시끄럽습니다.
上着	うわぎ	겉옷	사물	N5	寒いので上着を着ます。	さむいのでうわぎをきます。	추워서 겉옷을 입습니다.
絵	え	그림	사물	N5	妹は絵が上手です。	いもうとはえがじょうずです。	여동생은 그림을 잘 그립니다.
映画	えいが	영화	사물	N5	週末に映画を見ます。	しゅうまつにえいがをみます。	주말에 영화를 봅니다.
英語	えいご	영어	사물	N5	あなたは英語が好きですか。	あなたはえいごがすきですか。	당신은 영어를 좋아합니까?
ええ	ええ	네	인사	N5	ええ、わたしもそう思います。	ええ、わたしもそうおもいます。	네, 저도 그렇게 생각합니다.
エレベーター	エレベーター	엘리베이터	사물	N5	エレベーターは三階に止まります。	エレベーターはさんがいにとまります。	엘리베이터는 3층에 섭니다.
円	えん	엔	사물	N5	この本は千円です。	このほんはせんえんです。	이 책은 천 엔입니다.
鉛筆	えんぴつ	연필	사물	N5	鉛筆で名前を書きます。	えんぴつでなまえをかきます。	연필로 이름을 씁니다.
大きな	おおきな	큰	형용사	N5	大きな木があります。	おおきなきがあります。	큰 나무가 있습니다.
大勢	おおぜい	여럿	사람	N5	ここには、大勢の女性がいます。	ここには、たいせいのじょせいがいます。	여기에는 많은 여성이 있습니다.
お母さん	おかあさん	어머니	사람	N5	お母さんはいらっしゃいますか。	おかあさんはいらっしゃいますか。	어머니는 계십니까?
お菓子	おかし	과자	음식	N5	このお菓子を食べてもいいですか。	このおかしをたべてもいいですか。	이 과자를 먹어도 됩니까?
置く	おく	놓다	동사	N5	本を机の上に置きます。	ほんをつくえのうえにおきます。	책을 책상 위에 놓습니다.
奥さん	おくさん	부인	사람	N5	先生の奥さんは医者です。	せんせいのおくさんはいしゃです。	선생님의 부인은 의사입니다.
伯父	おじさん	큰아버지	사람	N5	伯父は東京に住んでいます。	おじはとうきょうにすんでいます。	큰아버지는 도쿄에 살고 있습니다.
おじいさん	おじいさん	할아버지	사람	N5	おじいさんは毎朝散歩します。	おじいさんはまいあささんぽします。	할아버지는 매일 아침 산책합니다.
押す	おす	밀다	동사	N5	このボタンを押してください。	このボタンをおしてください。	이 버튼을 눌러 주세요.
お父さん	おとうさん	아버지	사람	N5	お父さんは会社員です。	おとうさんはかいしゃいんです。	아버지는 회사원입니다.
男の子	おとこのこ	남자아이	사람	N5	男の子は水を飲んでいます。	おとこのこはみずをのんでいます。	남자아이가 물을 마시고 있습니다.
一昨日	おととい	그저께	시간	N5	一昨日、映画を見ました。	おととい、えいがをみました。	그저께 영화를 봤습니다.
おととし	おととし	재작년	시간	N5	おととし、オーストラリアに引っ越しました。	おととし、オーストラリアにひっこしました。	재작년에 호주로 이사했습니다.
お腹	おなか	배	사람	N5	お腹が痛いです。	おなかがいたいです。	배가 아픕니다.
同じ	おなじ	같음	형용사	N5	語順が同じ言語は勉強し易いです。	ごじゅんがおなじげんごはべんきょうしやすいです。	어순이 같은 언어는 공부하기 쉽습니다.
おばあさん	おばあさん	할머니	사람	N5	彼のおばあさんは元気そうです。	かれのおばあさんはげんきそうです。	그의 할머니는 건강해 보입니다.
おまわりさん	おまわりさん	경찰관	사람	N5	そのおまわりさんは勤務中です。	そのおまわりさんはきんむちゅうです。	그 경찰관은 근무 중입니다.
重い	おもい	무겁다	형용사	N5	このかばんは重いです。	このかばんはおもいです。	이 가방은 무겁습니다.
終る	おわる	끝나다	동사	N5	授業は三時に終ります。	じゅぎょうはさんじにおわります。	수업은 3시에 끝납니다.
音楽	おんがく	음악	사물	N5	音楽を聞きながら勉強します。	おんがくをききながらべんきょうします。	음악을 들으면서 공부합니다.
女の子	おんなのこ	여자아이	사람	N5	女の子が公園で遊んでいます。	おんなのこがこうえんであそんでいます。	여자아이가 공원에서 놀고 있습니다.
回	かい	회	시간	N5	日本人は一日三回食事をします。	にほんじんはついたちさんかいしょくじをします。	일본인은 하루 세 번 식사를 합니다.
階	かい	층	장소	N5	私は一番下の階に住んでいます。	わたしはいちばんかのかいにすんでいます。	저는 맨 아래층에 살고 있습니다.
外国	がいこく	외국	장소	N5	外国で働きたいです。	がいこくではたらきたいです。	외국에서 일하고 싶습니다.
階段	かいだん	계단	장소	N5	トイレは、階段の後ろです。	トイレは、かいだんのうしろです。	화장실은 계단 뒤입니다.
買い物	かいもの	쇼핑	사물	N5	母と買い物に行きます。	ははとかいものにいきます。	어머니와 쇼핑하러 갑니다.
返す	かえす	돌려주다	동사	N5	借りた本を返します。	かりたほんをかえします。	빌린 책을 돌려줍니다.
顔	かお	얼굴	사람	N5	朝、顔を洗います。	あさ、かおをあらいます。	아침에 얼굴을 씻습니다.
かかる	かかる	걸리다	동사	N5	学校まで三十分かかります。	がっこうまでさんじゅっぷんかかります。	학교까지 30분 걸립니다.
か月	かげつ	개월	시간	N5	日本語を三か月勉強しました。	にほんごをさんかげつべんきょうしました。	일본어를 3개월 공부했습니다.
掛ける	かける	걸다	동사	N5	コートは掛けてください。	コートはかけてください。	코트를 걸어 주세요.
かける	かける	전화를 걸다	동사	N5	友達に電話をかけます。	ともだちにでんわをかけます。	친구에게 전화를 겁니다.
貸す	かす	빌려주다	동사	N5	車を貸していただけませんか。	くるまをかしていただけませんか。	차를 빌려주시겠습니까?
風邪	かぜ	감기	사물	N5	風邪をひいて休みました。	かぜをひいてやすみました。	감기에 걸려서 쉬었습니다.
方	かた	분	사람	N5	あの方はどなたですか。	あのほうはどなたですか。	저분은 누구십니까?
片仮名	かたかな	가타카나	사물	N5	外来語は片仮名で書きます。	がいらいごはかたかなでかきます。	외래어는 가타카나로 씁니다.
カップ	カップ	컵	사물	N5	どのカップがあなたのですか。	どのカップがあなたのですか。	어느 컵이 당신 것입니까?
家庭	かてい	가정	사람	N5	家庭で日本語を話します。	かていでにほんごをはなします。	가정에서 일본어를 말합니다.
角	かど	모퉁이	장소	N5	その店は通りの角にあります。	そのみせはとおりのかくにあります。	그 가게는 길모퉁이에 있습니다.
かばん	かばん	가방	사물	N5	あの黒いかばんはあなたのですか。	あのくろいかばんはあなたのですか。	저 검은 가방은 당신 것입니까?
花瓶	かびん	꽃병	사물	N5	テーブルの上に花瓶があります。	テーブルのうえにかびんがあります。	테이블 위에 꽃병이 있습니다.
かぶる	かぶる	쓰다	동사	N5	帽子をかぶって出かけます。	ぼうしをかぶってでかけます。	모자를 쓰고 나갑니다.
紙	かみ	종이	사물	N5	この紙に書いていただけますか。	このかみにかいていただけますか。	이 종이에 써 주시겠습니까?
カメラ	カメラ	카메라	사물	N5	このカメラは安いです。	このカメラはやすいです。	이 카메라는 쌉니다.
火曜日	かようび	화요일	시간	N5	火曜日に会いましょう。	かようびにあいましょう。	화요일에 만납시다.
辛い	からい	맵다	형용사	N5	このカレーはとても辛いです。	このカレーはとてもつらいです。	이 카레는 아주 맵습니다.
体	からだ	몸	사람	N5	毎日運動して体を大切にします。	まいにちうんどうしてからだをたいせつにします。	매일 운동해서 몸을 소중히 합니다.
がる	がる	~해하다	동사	N5	ケンは自転車を欲しがっています。	ケンはじてんしゃをほしがっています。	켄은 자전거를 갖고 싶어합니다.
軽い	かるい	가볍다	형용사	N5	このかばんは軽いです。	このかばんはかるいです。	이 가방은 가볍습니다.
カレー	カレー	카레	음식	N5	きょうの晩ごはんはカレーです。	きょうのばんごはんはカレーです。	오늘 저녁밥은 카레입니다.
カレンダー	カレンダー	달력	사물	N5	机の上にカレンダーが置いてあります。	つくえのうえにカレンダーがおいてあります。	책상 위에 달력이 놓여 있습니다.
川	かわ	강	자연	N5	家の近くに川があります。	いえのちかくにかわがあります。	집 근처에 강이 있습니다.
側	がわ	쪽	장소	N5	道の右側を歩きます。	みちのみぎがわをあるきます。	길 오른쪽을 걷습니다.
可愛い	かわいい	귀엽다	형용사	N5	彼女は可愛いです。	かのじょはかわいいです。	그녀는 귀엽습니다.
漢字	かんじ	한자	사물	N5	漢字を学ぶのは難しいです。	かんじをまなぶのはむずかしいです。	한자를 배우는 것은 어렵습니다.
黄色	きいろ	노랑	사물	N5	彼女は黄色のソファに座ります。	かのじょはきいろのソファにすわります。	그녀는 노란 소파에 앉습니다.
黄色い	きいろい	노랗다	형용사	N5	大きな花は黄色いです。	おおきなはなはきいろいです。	큰 꽃은 노랗습니다.
消える	きえる	사라지다	동사	N5	電気が消えました。	でんきがきえました。	불이 꺼졌습니다.
北	きた	북쪽	장소	N5	北海道は日本の北に位置します。	ほっかいどうはにほんのきたにいちします。	홋카이도는 일본 북쪽에 위치합니다.
ギター	ギター	기타	사물	N5	どちらがあなたのギターですか。	どちらがあなたのギターですか。	어느 것이 당신의 기타입니까?
汚い	きたない	더럽다	형용사	N5	この部屋は汚いです。	このへやはきたないです。	이 방은 더럽습니다.
喫茶店	きっさてん	찻집	장소	N5	喫茶店でコーヒーを飲みます。	きっさてんでコーヒーをのみます。	찻집에서 커피를 마십니다.
切手	きって	우표	사물	N5	切手を五枚買いました。	きってをごまいかいました。	우표를 다섯 장 샀습니다.
九	きゅう	아홉	사물	N5	九まで数えます。	きゅうまでかぞえます。	아홉까지 셉니다.
牛肉	ぎゅうにく	소고기	음식	N5	ラム肉より牛肉の方が好きです。	ラムにくよりぎゅうにくのほうがすきです。	양고기보다 소고기를 더 좋아합니다.
兄弟	きょうだい	형제	사람	N5	兄弟は三人います。	きょうだいはさんにんいます。	형제는 세 명 있습니다.
切る	きる	자르다	동사	N5	紙をはさみで切ります。	かみをはさみできります。	종이를 가위로 자릅니다.
着る	きる	입다	동사	N5	寒いのでコートを着ます。	さむいのでコートをきます。	추워서 코트를 입습니다.
キロ	キロ	킬로	사물	N5	私は毎朝三キロ走ります。	わたしはまいあささんキロはしります。	저는 매일 아침 3킬로 달립니다.
金曜日	きんようび	금요일	시간	N5	金曜日に友達と会います。	きんようびにともだちとあいます。	금요일에 친구와 만납니다.
薬	くすり	약	사물	N5	食後に薬を飲みます。	しょくごにくすりをのみます。	식후에 약을 먹습니다.
下さい	ください	주세요	인사	N5	パスポートを見せて下さい。	パスポートをみせてください。	여권을 보여 주세요.
口	くち	입	사람	N5	口を開けてください。	くちをあけてください。	입을 벌려 주세요.
靴下	くつした	양말	사물	N5	靴下の売り場は一階にあります。	くつしたのうりばはいっかいにあります。	양말 매장은 1층에 있습니다.
曇り	くもり	흐림	자연	N5	あしたは曇りだそうです。	あしたはくもりだそうです。	내일은 흐리다고 합니다.
曇る	くもる	흐려지다	동사	N5	空が曇ってきました。	そらがくもってきました。	하늘이 흐려졌습니다.
暗い	くらい	어둡다	형용사	N5	部屋が暗いです。	へやがくらいです。	방이 어둡습니다.
くらい	くらい	정도	부사	N5	駅まで三十分くらいかかります。	えきまでさんじゅっぷんくらいかかります。	역까지 30분 정도 걸립니다.
クラス	クラス	반	사람	N5	マイクとトムは同じクラスです。	マイクとトムはおなじクラスです。	마이크와 톰은 같은 반입니다.
グラム	グラム	그램	사물	N5	卵は一個五十グラムぐらいです。	たまごはいちこごじゅうグラムぐらいです。	달걀은 한 개에 50그램 정도입니다.
黒	くろ	검정	사물	N5	一番好きな色は黒です。	いちばんすきないろはくろです。	가장 좋아하는 색은 검정입니다.
警官	けいかん	경찰관	사람	N5	警官に道を聞きました。	けいかんにみちをききました。	경찰관에게 길을 물었습니다.
消す	けす	끄다	동사	N5	部屋の電気を消します。	へやのでんきをけします。	방의 불을 끕니다.
結構	けっこう	충분함	형용사	N5	もう結構です、ありがとう。	もうけっこうです、ありがとう。	이제 됐습니다, 고맙습니다.
結婚	けっこん	결혼	사람	N5	姉は去年結婚しました。	あねはきょねんけっこんしました。	누나는 작년에 결혼했습니다.
月曜日	げつようび	월요일	시간	N5	月曜日から仕事が始まります。	げつようびからしごとがはじまります。	월요일부터 일이 시작됩니다.
玄関	げんかん	현관	장소	N5	玄関で靴を脱ぎます。	げんかんでくつをぬぎます。	현관에서 신발을 벗습니다.
個	こ	개	사물	N5	この料理は卵を二個使います。	このりょうりはたまごをにこつかいます。	이 요리는 달걀을 두 개 씁니다.
五	ご	다섯	사물	N5	五まで数えました。	ごまでかぞえました。	다섯까지 셌습니다.
語	ご	말	사물	N5	日本語を勉強しています。	にほんごをべんきょうしています。	일본어를 공부하고 있습니다.
交差点	こうさてん	교차로	장소	N5	この交差点は何と呼ばれていますか。	このこうさてんはなんとよばれていますか。	이 교차로는 뭐라고 불립니까?
紅茶	こうちゃ	홍차	음식	N5	紅茶じゃなくて、コーヒーをお願いします。	こうちゃじゃなくて、コーヒーをおねがいします。	홍차 말고 커피를 부탁합니다.
交番	こうばん	파출소	장소	N5	交番はどこにあるかわかりますか。	こうばんはどこにあるかわかりますか。	파출소가 어디에 있는지 아십니까?
声	こえ	목소리	사람	N5	声が小さいです。	こえがちいさいです。	목소리가 작습니다.
コート	コート	코트	사물	N5	寒いのでコートを買いました。	さむいのでコートをかいました。	추워서 코트를 샀습니다.
ここ	ここ	여기	장소	N5	その銀行はここから遠いですか。	そのぎんこうはここからとおいですか。	그 은행은 여기서 멉니까?
九つ	ここのつ	아홉 개	사물	N5	りんごが九つあります。	りんごがここのつあります。	사과가 아홉 개 있습니다.
答える	こたえる	대답하다	동사	N5	質問に答えてください。	しつもんにこたえてください。	질문에 대답해 주세요.
こちら	こちら	이쪽	장소	N5	こちらへどうぞ。	こちらへどうぞ。	이쪽으로 오세요.
こっち	こっち	이쪽	장소	N5	こっちの方が安いです。	こっちのほうがやすいです。	이쪽이 더 쌉니다.
コップ	コップ	컵	사물	N5	そのコップはあなたのです。	そのコップはあなたのです。	그 컵은 당신 것입니다.
この	この	이	부사	N5	この本は面白いです。	このほんはおもしろいです。	이 책은 재미있습니다.
御飯	ごはん	밥	음식	N5	朝は御飯を食べます。	あさはごはんをたべます。	아침은 밥을 먹습니다.
コピーする	コピーする	복사하다	동사	N5	書類をコピーします。	しょるいをコピーします。	서류를 복사합니다.
困る	こまる	곤란하다	동사	N5	お金がなくて困っています。	おかねがなくてこまっています。	돈이 없어서 곤란합니다.
これ	これ	이것	사물	N5	これは私の本です。	これはわたしのほんです。	이것은 제 책입니다.
ころ	ころ	무렵	시간	N5	子供のころ、よく泣きました。	こどものころ、よくなきました。	어릴 무렵 자주 울었습니다.
今月	こんげつ	이번 달	시간	N5	今日は今月最後の火曜日です。	きょうはこんげつさいごのかようびです。	오늘은 이번 달 마지막 화요일입니다.
今週	こんしゅう	이번 주	시간	N5	今週は忙しいです。	こんしゅうはいそがしいです。	이번 주는 바쁩니다.
こんな	こんな	이런	부사	N5	こんな話は初めてです。	こんなはなしははじめてです。	이런 이야기는 처음입니다.
さあ	さあ	자	인사	N5	さあお茶を一杯いかがですか。	さあおちゃをいっぱいいかがですか。	자, 차 한 잔 어떠십니까?
歳	さい	살	시간	N5	弟は十歳です。	おとうとはじゅっさいです。	남동생은 열 살입니다.
先	さき	먼저	시간	N5	先に行ってください。	さきにいってください。	먼저 가 주세요.
咲く	さく	피다	동사	N5	多くの植物は春に花が咲きます。	おおくのしょくぶつははるにはながさきます。	많은 식물은 봄에 꽃이 핍니다.
作文	さくぶん	작문	사물	N5	私の作文を見ていただけますか。	わたしのさくぶんをみていただけますか。	제 작문을 봐 주시겠습니까?
差す	さす	받치다	동사	N5	雨が降ったので傘を差します。	あめがふったのでかさをさします。	비가 와서 우산을 받칩니다.
冊	さつ	권	사물	N5	あなたは二冊の本を持っています。	あなたはにさつのほんをもっています。	당신은 두 권의 책을 갖고 있습니다.
雑誌	ざっし	잡지	사물	N5	この雑誌をいただいてもいいですか。	このざっしをいただいてもいいですか。	이 잡지를 받아도 될까요?
さん	さん	씨	사람	N5	田中さんは先生です。	たなかさんはせんせいです。	다나카 씨는 선생님입니다.
三	さん	셋	사물	N5	三まで数えます。	さんまでかぞえます。	셋까지 셉니다.
散歩	さんぽ	산책	사물	N5	私たちと一緒に散歩しませんか。	わたしたちといっしょにさんぽしませんか。	저희와 함께 산책하지 않겠습니까?
四	し	넷	사물	N5	四から始めます。	よんからはじめます。	넷부터 시작합니다.
時	じ	시	시간	N5	開演は何時ですか。	かいえんはなんじですか。	개막은 몇 시입니까?
しかし	しかし	그러나	부사	N5	安いです。しかし、重いです。	やすいです。しかし、おもいです。	쌉니다. 그러나 무겁습니다.
仕事	しごと	일	사물	N5	父は鉄道関係の仕事をしています。	ちちはてつどうかんけいのしごとをしています。	아버지는 철도 관련 일을 하고 있습니다.
下	した	아래	장소	N5	机の下に猫がいます。	つくえのしたにねこがいます。	책상 아래에 고양이가 있습니다.
七	しち	일곱	사물	N5	七まで数えます。	ななまでかぞえます。	일곱까지 셉니다.
質問	しつもん	질문	사물	N5	質問はありますか。	しつもんはありますか。	질문은 있습니까?
自動車	じどうしゃ	자동차	사물	N5	あなたは自動車を運転できますか。	あなたはじどうしゃをうんてんできますか。	당신은 자동차를 운전할 수 있습니까?
死ぬ	しぬ	죽다	동사	N5	花は水をやらないと死にます。	はなはみずをやらないとしにます。	꽃은 물을 주지 않으면 죽습니다.
字引	じびき	사전	사물	N5	字引で言葉を調べます。	じびきでことばをしらべます。	사전으로 말을 찾습니다.
自分	じぶん	자신	사람	N5	自分の部屋を掃除します。	じぶんのへやをそうじします。	자기 방을 청소합니다.
閉まる	しまる	닫히다	동사	N5	何時に開いて何時に閉まりますか。	なんじにひらいてなんじにしまりますか。	몇 시에 열고 몇 시에 닫습니까?
締める	しめる	매다	동사	N5	シートベルトをお締めください。	シートベルトをおしめください。	안전벨트를 매 주세요.
じゃ	じゃ	그럼	인사	N5	じゃ、また明日。	じゃ、またあした。	그럼, 내일 또 봐요.
シャツ	シャツ	셔츠	사물	N5	白いシャツを着ています。	しろいシャツをきています。	흰 셔츠를 입고 있습니다.
シャワー	シャワー	샤워	사물	N5	毎晩シャワーを浴びてから、寝ます。	まいばんシャワーをあびてから、ねます。	매일 밤 샤워를 하고 나서 잡니다.
十	じゅう	열	사물	N5	十まで数えます。	じゅうまでかぞえます。	열까지 셉니다.
中	じゅう	중	시간	N5	会議中です。	かいぎちゅうです。	회의 중입니다.
授業	じゅぎょう	수업	사물	N5	今日、ヤニーは授業があります。	きょう、ヤニーはじゅぎょうがあります。	오늘 야니는 수업이 있습니다.
宿題	しゅくだい	숙제	사물	N5	宿題を忘れました。	しゅくだいをわすれました。	숙제를 잊었습니다.
丈夫	じょうぶ	튼튼함	형용사	N5	この机は丈夫です。	このつくえはじょうぶです。	이 책상은 튼튼합니다.
食堂	しょくどう	식당	장소	N5	食堂でご飯を食べます。	しょくどうでごはんをたべます。	식당에서 밥을 먹습니다.
知る	しる	알다	동사	N5	彼の名前を知っています。	かれのなまえをしっています。	그의 이름을 알고 있습니다.
白	しろ	하양	사물	N5	白のシャツを買いました。	しろのシャツをかいました。	흰색 셔츠를 샀습니다.
水曜日	すいようび	수요일	시간	N5	水曜日に病院へ行きます。	すいようびにびょういんへいきます。	수요일에 병원에 갑니다.
吸う	すう	피우다	동사	N5	ここではタバコを吸ってはいけません。	ここではタバコをすってはいけません。	여기서는 담배를 피우면 안 됩니다.
スカート	スカート	치마	사물	N5	このスカートは少しきつすぎます。	このスカートはすこしきつすぎます。	이 치마는 조금 너무 낍니다.
すぎ	すぎ	지남	시간	N5	三時すぎに着きました。	さんじすぎにつきました。	3시 넘어서 도착했습니다.
涼しい	すずしい	시원하다	형용사	N5	秋は涼しいです。	あきはすずしいです。	가을은 시원합니다.
ずつ	ずつ	씩	부사	N5	少しずつ、漢字を学んでいます。	すこしずつ、かんじをまなんでいます。	조금씩 한자를 배우고 있습니다.
ストーブ	ストーブ	난로	사물	N5	このストーブは灯油を使用します。	このストーブはとうゆをしようします。	이 난로는 등유를 씁니다.
スプーン	スプーン	숟가락	사물	N5	スープはスプーンで飲みます。	スープはスプーンでのみます。	수프는 숟가락으로 먹습니다.
スポーツ	スポーツ	스포츠	사물	N5	スポーツが好きです。	スポーツがすきです。	스포츠를 좋아합니다.
ズボン	ズボン	바지	사물	N5	新しいズボンを買いました。	あたらしいズボンをかいました。	새 바지를 샀습니다.
背	せい	키	사람	N5	トニーは大変背の高い少年です。	トニーはたいへんせのたかいしょうねんです。	토니는 매우 키가 큰 소년입니다.
生徒	せいと	학생	사람	N5	先生は生徒の間違いに気付いた。	せんせいはせいとのまちがいにきづいた。	선생님은 학생의 실수를 알아챘습니다.
セーター	セーター	스웨터	사물	N5	彼女は赤いセーターを買います。	かのじょはあかいセーターをかいます。	그녀는 빨간 스웨터를 삽니다.
石鹸	せっけん	비누	사물	N5	石鹸で手を洗います。	せっけんでてをあらいます。	비누로 손을 씻습니다.
背広	せびろ	양복	사물	N5	父は背広を着ています。	ちちはせびろをきています。	아버지는 양복을 입고 있습니다.
狭い	せまい	좁다	형용사	N5	この部屋は狭いです。	このへやはせまいです。	이 방은 좁습니다.
ゼロ	ゼロ	영	사물	N5	これは、カロリーゼロです。	これは、カロリーゼロです。	이것은 칼로리가 영입니다.
千	せん	천	사물	N5	千に百を加えると千百になる。	せんにひゃくをくわえるとせんひゃくになる。	천에 백을 더하면 천백이 됩니다.
先月	せんげつ	지난달	시간	N5	あなたは先月から日本にいますか。	あなたはせんげつからにほんにいますか。	당신은 지난달부터 일본에 있습니까?
先週	せんしゅう	지난주	시간	N5	先週は雨が多かったです。	せんしゅうはあめがおおかったです。	지난주는 비가 많았습니다.
洗濯	せんたく	빨래	사물	N5	洗濯はいつやってもいいですか。	せんたくはいつやってもいいですか。	빨래는 언제 해도 됩니까?
全部	ぜんぶ	전부	부사	N5	全部食べました。	ぜんぶたべました。	전부 먹었습니다.
そう	そう	그렇게	부사	N5	私もそう思います。	わたしもそうおもいます。	저도 그렇게 생각합니다.
掃除	そうじ	청소	사물	N5	今日あなたの寝室を掃除します。	きょうあなたのしんしつをそうじします。	오늘 당신 침실을 청소하겠습니다.
そうして	そうして	그리고	부사	N5	そうしていただけると助かります。	そうしていただけるとたすかります。	그렇게 해 주시면 도움이 됩니다.
そこ	そこ	거기	장소	N5	そこに座ってください。	そこにすわってください。	거기에 앉아 주세요.
そちら	そちら	그쪽	장소	N5	今晩そちらにお電話いたします。	こんばんそちらにおでんわいたします。	오늘 밤 그쪽으로 전화드리겠습니다.
そっち	そっち	그쪽	장소	N5	そっちの本は私のものです。	そっちのほんはわたしのものです。	그쪽 책은 제 것입니다.
外	そと	밖	장소	N5	外は寒いです。	そとはさむいです。	밖은 춥습니다.
その	その	그	부사	N5	その本を郵便でお送りします。	そのほんをゆうびんでおおくりします。	그 책을 우편으로 보내드리겠습니다.
そば	そば	옆	장소	N5	ガレージは家のそばにあります。	ガレージはいえのそばにあります。	차고는 집 옆에 있습니다.
それ	それ	그것	사물	N5	それは何ですか。	それはなんですか。	그것은 무엇입니까?
それから	それから	그다음에	부사	N5	先ず火を消して、それから安全な場所へ行きます。	まずひをけして、それからあんぜんなばしょへいきます。	먼저 불을 끄고, 그다음에 안전한 곳으로 갑니다.
それでは	それでは	그럼	인사	N5	それでは、体温を測りますね。	それでは、たいおんをはかりますね。	그럼 체온을 재겠습니다.
台	だい	대	사물	N5	うちにはテレビが三台あります。	うちにはテレビがさんだいあります。	우리 집에는 텔레비전이 세 대 있습니다.
大使館	たいしかん	대사관	장소	N5	日本大使館はどこにありますか。	にほんたいしかんはどこにありますか。	일본 대사관은 어디에 있습니까?
大好き	だいすき	아주 좋아함	형용사	N5	私は中国人で、中国が大好きです。	わたしはちゅうごくじんで、ちゅうごくがだいすきです。	저는 중국인이고 중국을 아주 좋아합니다.
だけ	だけ	만	부사	N5	一つだけ約束してほしい。	ひとつだけやくそくしてほしい。	한 가지만 약속해 주세요.
沢山	たくさん	많이	부사	N5	この湖には沢山の魚がいます。	このみずうみにはたくさんのさかながいます。	이 호수에는 물고기가 많이 있습니다.
タクシー	タクシー	택시	사물	N5	雨が降ってるからタクシーに乗りました。	あめがふってるからタクシーにのりました。	비가 와서 택시를 탔습니다.
出す	だす	꺼내다	동사	N5	かばんから本を出します。	かばんからほんをだします。	가방에서 책을 꺼냅니다.
たち	たち	들	부사	N5	私たちは完全な文を求めています。	わたしたちはかんぜんなぶんをもとめています。	저희는 완전한 문장을 원합니다.
たて	たて	세로	사물	N5	この紙のたては三十センチです。	このかみのたてはさんじゅうセンチです。	이 종이의 세로는 30센티입니다.
建物	たてもの	건물	장소	N5	この建物は現代的に見える。	このたてものはげんだいてきにみえる。	이 건물은 현대적으로 보입니다.
頼む	たのむ	부탁하다	동사	N5	あなたに頼んでもよろしいですか。	あなたにたのんでもよろしいですか。	당신에게 부탁해도 될까요?
たばこ	たばこ	담배	사물	N5	たばこを吸っても良いんですか。	たばこをすってもよいんですか。	담배를 피워도 됩니까?
多分	たぶん	아마	부사	N5	多分明日は雨です。	たぶんあしたはあめです。	아마 내일은 비입니다.
食べ物	たべもの	음식	음식	N5	好きな食べ物は何ですか。	すきなたべものはなんですか。	좋아하는 음식은 무엇입니까?
誰	だれ	누구	사람	N5	これは誰のかばんですか。	これはだれのかばんですか。	이것은 누구의 가방입니까?
誰か	だれか	누군가	사람	N5	誰か来ましたか。	だれかきましたか。	누군가 왔습니까?
小さな	ちいさな	작은	형용사	N5	彼女は小さなパンを持っています。	かのじょはちいさなパンをもっています。	그녀는 작은 빵을 갖고 있습니다.
違う	ちがう	다르다	동사	N5	答えが違います。	こたえがちがいます。	답이 다릅니다.
近く	ちかく	근처	장소	N5	空港はすぐ近くにあります。	くうこうはすぐちかくにあります。	공항은 바로 근처에 있습니다.
地下鉄	ちかてつ	지하철	장소	N5	地下鉄で会社へ行きます。	ちかてつでかいしゃへいきます。	지하철로 회사에 갑니다.
地図	ちず	지도	사물	N5	地図を見て道を探します。	ちずをみてみちをさがします。	지도를 보고 길을 찾습니다.
茶色	ちゃいろ	갈색	사물	N5	茶色のかばんを買いました。	ちゃいろのかばんをかいました。	갈색 가방을 샀습니다.
茶碗	ちゃわん	밥그릇	사물	N5	テーブルの上に茶碗があります。	テーブルのうえにちゃわんがあります。	테이블 위에 밥그릇이 있습니다.
丁度	ちょうど	마침	부사	N5	丁度、ランチを食べてたんです。	ちょうど、ランチをたべてたんです。	마침 점심을 먹고 있었습니다.
疲れる	つかれる	지치다	동사	N5	今日はとても疲れました。	きょうはとてもつかれました。	오늘은 매우 지쳤습니다.
次	つぎ	다음	시간	N5	サマータイムは次の日曜で終わりです。	サマータイムはつぎのにちようでおわりです。	서머타임은 다음 일요일에 끝납니다.
着く	つく	도착하다	동사	N5	駅に着きました。	えきにつきました。	역에 도착했습니다.
つける	つける	켜다	동사	N5	テレビをつけていいですか。	テレビをつけていいですか。	텔레비전을 켜도 됩니까?
勤める	つとめる	근무하다	동사	N5	あなたはどこに勤めていますか。	あなたはどこにつとめていますか。	당신은 어디에 근무하고 있습니까?
つまらない	つまらない	시시하다	형용사	N5	この映画はつまらないです。	このえいがはつまらないです。	이 영화는 시시합니다.
手	て	손	사람	N5	手を洗ってください。	てをあらってください。	손을 씻어 주세요.
テープ	テープ	테이프	사물	N5	私の声のテープを送ります。	わたしのこえのテープをおくります。	제 목소리 테이프를 보내겠습니다.
テープレコーダー	テープレコーダー	테이프 리코더	사물	N5	これは君のテープレコーダーですか。	これはきみのテープレコーダーですか。	이것은 당신의 테이프 리코더입니까?
テーブル	テーブル	테이블	사물	N5	テーブルの上に猫がいますか。	テーブルのうえにねこがいますか。	테이블 위에 고양이가 있습니까?
出かける	でかける	외출하다	동사	N5	母は買い物に出かけました。	はははかいものにでかけました。	어머니는 쇼핑하러 나갔습니다.
できる	できる	할 수 있다	동사	N5	日本語で話すことができます。	にほんごではなすことができます。	일본어로 말할 수 있습니다.
出口	でぐち	출구	장소	N5	この出口を出ると、図書館に一番近いです。	このでぐちをでると、としょかんにいちばんちかいです。	이 출구로 나가면 도서관에 가장 가깝습니다.
テスト	テスト	시험	사물	N5	来週から毎日テストがあります。	らいしゅうからまいにちテストがあります。	다음 주부터 매일 시험이 있습니다.
では	では	그럼	인사	N5	では、確認させていただきます。	では、かくにんさせていただきます。	그럼 확인해 보겠습니다.
デパート	デパート	백화점	장소	N5	そのデパートの前に本屋があります。	そのデパートのまえにほんやがあります。	그 백화점 앞에 서점이 있습니다.
でも	でも	하지만	부사	N5	安いです。でも、重いです。	やすいです。でも、おもいです。	쌉니다. 하지만 무겁습니다.
テレビ	テレビ	텔레비전	사물	N5	いつかテレビに出たいです。	いつかテレビにでたいです。	언젠가 텔레비전에 나오고 싶습니다.
電話	でんわ	전화	사물	N5	だれも電話に出ませんでした。	だれもでんわにでませんでした。	아무도 전화를 받지 않았습니다.
戸	と	문	사물	N5	戸を閉めてください。	とをしめてください。	문을 닫아 주세요.
度	ど	번	시간	N5	一度も行ったことがありません。	いちどもいったことがありません。	한 번도 간 적이 없습니다.
ドア	ドア	문	사물	N5	ドアをバタンと閉めるのはよせ。	ドアをバタンとしめるのはよせ。	문을 쾅 닫지 마세요.
どう	どう	어떻게	부사	N5	明日の天気はどうですか。	あしたのてんきはどうですか。	내일 날씨는 어떻습니까?
どうして	どうして	왜	부사	N5	どうして遅れましたか。	どうしておくれましたか。	왜 늦었습니까?
動物	どうぶつ	동물	자연	N5	私の子どもたちは動物が大好きです。	わたしのこどもたちはどうぶつがだいすきです。	제 아이들은 동물을 아주 좋아합니다.
どこ	どこ	어디	장소	N5	どこに行くところですか。	どこにいくところですか。	어디에 가는 길입니까?
所	ところ	곳	장소	N5	静かな所で休みます。	しずかなところでやすみます。	조용한 곳에서 쉽니다.
年	とし	나이	시간	N5	年を聞いてもいいですか。	としをきいてもいいですか。	나이를 물어봐도 됩니까?
どちら	どちら	어느 쪽	장소	N5	夏と冬とではどちらが好きですか。	なつとふゆとではどちらがすきですか。	여름과 겨울 중 어느 쪽을 좋아합니까?
どっち	どっち	어느 쪽	장소	N5	あなたはどっちを使いますか。	あなたはどっちをつかいますか。	당신은 어느 쪽을 씁니까?
どなた	どなた	어느 분	사람	N5	机の上の本はどなたのですか。	つくえのうえのほんはどなたのですか。	책상 위의 책은 어느 분 것입니까?
隣	となり	옆	장소	N5	消防署は警察署の隣にあります。	しょうぼうしょはけいさつしょのとなりにあります。	소방서는 경찰서 옆에 있습니다.
どの	どの	어느	부사	N5	どの本を読みますか。	どのほんをよみますか。	어느 책을 읽습니까?
飛ぶ	とぶ	날다	동사	N5	鳥が空を飛んでいます。	とりがそらをとんでいます。	새가 하늘을 날고 있습니다.
止まる	とまる	멈추다	동사	N5	時計が止まりました。	とけいがとまりました。	시계가 멈췄습니다.
土曜日	どようび	토요일	시간	N5	結婚式は土曜日に行われます。	けっこんしきはどようびにおこなわれます。	결혼식은 토요일에 열립니다.
鶏肉	とりにく	닭고기	음식	N5	夕飯は鶏肉を焼きます。	ゆうはんはけいにくをやきます。	저녁밥은 닭고기를 굽습니다.
撮る	とる	찍다	동사	N5	公園で写真を撮りました。	こうえんでしゃしんをとりました。	공원에서 사진을 찍었습니다.
どれ	どれ	어느 것	사물	N5	どれがあなたの傘ですか。	どれがあなたのかさですか。	어느 것이 당신 우산입니까?
どんな	どんな	어떤	부사	N5	どんな音楽が好きですか。	どんなおんがくがすきですか。	어떤 음악을 좋아합니까?
ない	ない	없다	형용사	N5	時間がないです。	じかんがないです。	시간이 없습니다.
ナイフ	ナイフ	칼	사물	N5	このナイフはよく切れます。	このナイフはよくきれます。	이 칼은 잘 듭니다.
鳴く	なく	울다	동사	N5	鳥が朝から鳴いています。	とりがあさからないています。	새가 아침부터 울고 있습니다.
無くす	なくす	잃다	동사	N5	ここで何か無くしたのですか。	ここでなにかなくしたのですか。	여기서 뭔가 잃어버렸습니까?
なぜ	なぜ	왜	부사	N5	なぜ日本語を勉強しますか。	なぜにほんごをべんきょうしますか。	왜 일본어를 공부합니까?
夏	なつ	여름	시간	N5	夏と冬とではどちらが好きですか。	なつとふゆとではどちらがすきですか。	여름과 겨울 중 어느 쪽을 좋아합니까?
夏休み	なつやすみ	여름방학	시간	N5	夏休みの計画が何かありますか。	なつやすみのけいかくがなにかありますか。	여름방학 계획이 뭔가 있습니까?
など	など	등	부사	N5	果物、野菜などを買いました。	くだもの、やさいなどをかいました。	과일, 채소 등을 샀습니다.
何	なん	무엇	사물	N5	何をしていますか。	なにをしていますか。	무엇을 하고 있습니까?
習う	ならう	배우다	동사	N5	私のルームメイトは中国語を習っています。	わたしのルームメイトはちゅうごくごをならっています。	제 룸메이트는 중국어를 배우고 있습니다.
並ぶ	ならぶ	줄서다	동사	N5	店の前に人が並んでいます。	みせのまえにひとがならんでいます。	가게 앞에 사람이 줄 서 있습니다.
並べる	ならべる	늘어놓다	동사	N5	机に本を並べます。	つくえにほんをならべます。	책상에 책을 늘어놓습니다.
なる	なる	되다	동사	N5	来年医者になります。	らいねんいしゃになります。	내년에 의사가 됩니다.
二	に	둘	사물	N5	二から始めます。	にからはじめます。	둘부터 시작합니다.
にぎやか	にぎやか	번화함	형용사	N5	ここはとてもにぎやかな所です。	ここはとてもにぎやかなところです。	여기는 아주 번화한 곳입니다.
西	にし	서쪽	장소	N5	ロンドンの西に位置する町です。	ロンドンのにしにいちするまちです。	런던 서쪽에 위치한 마을입니다.
日	にち	일	시간	N5	今日は何日ですか。	きょうはなんにちですか。	오늘은 며칠입니까?
日曜日	にちようび	일요일	시간	N5	日曜日は家にいます。	にちようびはいえにいます。	일요일은 집에 있습니다.
ニュース	ニュース	뉴스	사물	N5	ニュースは毎時放送しています。	ニュースはまいじほうそうしています。	뉴스는 매시간 방송하고 있습니다.
庭	にわ	정원	장소	N5	猫が庭で遊んでいます。	ねこがにわであそんでいます。	고양이가 정원에서 놀고 있습니다.
脱ぐ	ぬぐ	벗다	동사	N5	暑いので上着を脱ぎます。	あついのでうわぎをぬぎます。	더워서 겉옷을 벗습니다.
ネクタイ	ネクタイ	넥타이	사물	N5	このネクタイはいくらですか。	このネクタイはいくらですか。	이 넥타이는 얼마입니까?
ノート	ノート	공책	사물	N5	机の上に本とノートがあります。	つくえのうえにほんとノートがあります。	책상 위에 책과 공책이 있습니다.
登る	のぼる	오르다	동사	N5	山に登りました。	やまにのぼりました。	산에 올랐습니다.
飲み物	のみもの	음료	음식	N5	何か冷たい飲み物が欲しいです。	なにかつめたいのみものがほしいです。	뭔가 차가운 음료를 원합니다.
歯	は	이	사람	N5	朝と晩に歯を磨きます。	あさとばんにはをみがきます。	아침과 저녁에 이를 닦습니다.
パーティー	パーティー	파티	사물	N5	土曜日にパーティーがあります。	どようびにパーティーがあります。	토요일에 파티가 있습니다.
はい	はい	네	인사	N5	はい、分かりました。	はい、わかりました。	네, 알겠습니다.
杯	はい	잔	사물	N5	もう一杯ビールはいかがですか。	もういっぱいビールはいかがですか。	맥주 한 잔 더 어떠십니까?
灰皿	はいざら	재떨이	사물	N5	テーブルに灰皿があります。	テーブルにはいざらがあります。	테이블에 재떨이가 있습니다.
葉書	はがき	엽서	사물	N5	この店に葉書がたくさんある。	このみせにはがきがたくさんある。	이 가게에 엽서가 많이 있습니다.
はく	はく	신다	동사	N5	どのサイズの靴をおはきですか。	どのサイズのくつをおはきですか。	어떤 크기의 신발을 신으십니까?
箱	はこ	상자	사물	N5	この箱にはリンゴが五つ入っている。	このはこにはリンゴがいつつはいっている。	이 상자에는 사과가 다섯 개 들어 있습니다.
橋	はし	다리	장소	N5	橋は修理中です。	はしはしゅうりちゅうです。	다리는 수리 중입니다.
箸	はし	젓가락	사물	N5	どうやって箸を使いますか。	どうやってはしをつかいますか。	어떻게 젓가락을 씁니까?
始まる	はじまる	시작되다	동사	N5	その試合は何時に始まりますか。	そのしあいはなんじにはじまりますか。	그 시합은 몇 시에 시작됩니까?
初め	はじめ	처음	시간	N5	家へ帰ったら、初めに宿題をします。	いえへかえったら、はじめにしゅくだいをします。	집에 돌아가면 먼저 숙제를 합니다.
初めて	はじめて	처음으로	부사	N5	ここに来るのは初めてなんです。	ここにくるのははじめてなんです。	여기에 오는 것은 처음입니다.
バス	バス	버스	사물	N5	彼はバスで通学しています。	かれはバスでつうがくしています。	그는 버스로 통학하고 있습니다.
バター	バター	버터	음식	N5	バターは牛乳から作られる。	バターはぎゅうにゅうからつくられる。	버터는 우유로 만들어집니다.
八	はち	여덟	사물	N5	いつも朝八時の電車に乗ります。	いつもあさはちじのでんしゃにのります。	늘 아침 8시 전철을 탑니다.
鼻	はな	코	사람	N5	妹は目が大きくて、鼻が高いです。	いもうとはめがおおきくて、はながたかいです。	여동생은 눈이 크고 코가 높습니다.
話	はなし	이야기	사물	N5	どうか私の話を信じてください。	どうかわたしのはなしをしんじてください。	부디 제 이야기를 믿어 주세요.
速い	はやい	빠르다	형용사	N5	この電車は速いです。	このでんしゃははやいです。	이 전철은 빠릅니다.
春	はる	봄	시간	N5	春が好きですか、秋が好きですか。	はるがすきですか、あきがすきですか。	봄을 좋아합니까, 가을을 좋아합니까?
貼る	はる	붙이다	동사	N5	交番に町の地図が貼ってあります。	こうばんにまちのちずがはってあります。	파출소에 마을 지도가 붙어 있습니다.
晴れ	はれ	맑음	자연	N5	明日は晴れです。	あしたははれです。	내일은 맑음입니다.
晴れる	はれる	맑아지다	동사	N5	明日は晴れると思う。	あしたははれるとおもう。	내일은 갤 거라고 생각합니다.
半	はん	반	시간	N5	この仕事は半時間で仕上げられます。	このしごとははんじかんでしあげられます。	이 일은 반 시간이면 끝낼 수 있습니다.
晩	ばん	저녁	시간	N5	晩に友達と会います。	ばんにともだちとあいます。	저녁에 친구와 만납니다.
番	ばん	차례	시간	N5	今日は私の番です。	きょうはわたしのばんです。	오늘은 제 차례입니다.
ハンカチ	ハンカチ	손수건	사물	N5	このハンカチはいくらですか。	このハンカチはいくらですか。	이 손수건은 얼마입니까?
半分	はんぶん	절반	사물	N5	学費の半分は父に頼むつもりです。	がくひのはんぶんはちちにたのむつもりです。	학비의 절반은 아버지에게 부탁할 생각입니다.
東	ひがし	동쪽	장소	N5	東の空が明るくなりました。	ひがしのそらがあかるくなりました。	동쪽 하늘이 밝아졌습니다.
匹	ひき	마리	사물	N5	あそこに犬が二匹います。	あそこにいぬがにひきいます。	저기에 개가 두 마리 있습니다.
引く	ひく	당기다	동사	N5	カーテンを引いてもいいですか。	カーテンをひいてもいいですか。	커튼을 당겨도 됩니까?
弾く	ひく	치다	동사	N5	姉はピアノを弾きます。	あねはピアノをはじきます。	누나는 피아노를 칩니다.
低い	ひくい	낮다	형용사	N5	私は血圧が低いです。	わたしはけつあつがひくいです。	저는 혈압이 낮습니다.
飛行機	ひこうき	비행기	사물	N5	飛行機で日本へ行きます。	ひこうきでにほんへいきます。	비행기로 일본에 갑니다.
左	ひだり	왼쪽	장소	N5	左に曲がってください。	ひだりにまがってください。	왼쪽으로 돌아 주세요.
一つ	ひとつ	하나	사물	N5	バッグが一つ見あたらない。	バッグがひとつみあたらない。	가방이 하나 보이지 않습니다.
一月	ひとつき	한 달	시간	N5	一月ほど日本にいました。	ひとつきほどにほんにいました。	한 달 정도 일본에 있었습니다.
百	ひゃく	백	사물	N5	千に百を加えると千百になる。	せんにひゃくをくわえるとせんひゃくになる。	천에 백을 더하면 천백이 됩니다.
病気	びょうき	병	사물	N5	彼が休んだのは病気のためだ。	かれがやすんだのはびょうきのためだ。	그가 쉰 것은 병 때문입니다.
平仮名	ひらがな	히라가나	사물	N5	平仮名で名前を書きます。	ひらがなでなまえをかきます。	히라가나로 이름을 씁니다.
広い	ひろい	넓다	형용사	N5	この部屋は広いです。	このへやはひろいです。	이 방은 넓습니다.
フィルム	フィルム	필름	사물	N5	このフィルムを現像してもらえますか。	このフィルムをげんぞうしてもらえますか。	이 필름을 현상해 주시겠습니까?
プール	プール	수영장	장소	N5	ホテルのプールを利用できます。	ホテルのプールをりようできます。	호텔 수영장을 이용할 수 있습니다.
フォーク	フォーク	포크	사물	N5	フォークでパスタを食べます。	フォークでパスタをたべます。	포크로 파스타를 먹습니다.
吹く	ふく	불다	동사	N5	強い風が吹いています。	つよいかぜがふいています。	강한 바람이 불고 있습니다.
二つ	ふたつ	두 개	사물	N5	二つしか見つけられなかった。	ふたつしかみつけられなかった。	두 개밖에 찾지 못했습니다.
豚肉	ぶたにく	돼지고기	음식	N5	フォークで豚肉を食べます。	フォークでぶたにくをたべます。	포크로 돼지고기를 먹습니다.
太い	ふとい	굵다	형용사	N5	このペンは太いです。	このペンはふといです。	이 펜은 굵습니다.
冬	ふゆ	겨울	시간	N5	私は冬が好きです。	わたしはふゆがすきです。	저는 겨울을 좋아합니다.
分	ふん	분	시간	N5	三十分待ちました。	さんじゅっぷんまちました。	30분 기다렸습니다.
文章	ぶんしょう	문장	사물	N5	文章を書いています。	ぶんしょうをかいています。	문장을 쓰고 있습니다.
ページ	ページ	페이지	사물	N5	次のページを開いてください。	つぎのページをひらいてください。	다음 페이지를 펴 주세요.
ベッド	ベッド	침대	사물	N5	赤ちゃんはベッドで寝ています。	あかちゃんはベッドでねています。	아기는 침대에서 자고 있습니다.
ペット	ペット	반려동물	자연	N5	ペットに犬を飼っています。	ペットにいぬをかっています。	반려동물로 개를 기르고 있습니다.
辺	へん	근처	장소	N5	この辺では水が不足しています。	このあたりではみずがふそくしています。	이 근처에는 물이 부족합니다.
勉強	べんきょう	공부	사물	N5	あなたは勉強していますか。	あなたはべんきょうしていますか。	당신은 공부하고 있습니까?
帽子	ぼうし	모자	사물	N5	彼は帽子を買った。	かれはぼうしをかった。	그는 모자를 샀습니다.
ボールペン	ボールペン	볼펜	사물	N5	ボールペンで書いてください。	ボールペンでかいてください。	볼펜으로 써 주세요.
ポケット	ポケット	주머니	사물	N5	ポケットに手を入れます。	ポケットにてをいれます。	주머니에 손을 넣습니다.
欲しい	ほしい	갖고 싶다	형용사	N5	新しいかばんが欲しいです。	あたらしいかばんがほしいです。	새 가방을 갖고 싶습니다.
ポスト	ポスト	우체통	사물	N5	ポストは家の向かいにあります。	ポストはいえのむかいにあります。	우체통은 집 맞은편에 있습니다.
細い	ほそい	가늘다	형용사	N5	この糸は細いです。	このいとはほそいです。	이 실은 가늡니다.
ボタン	ボタン	버튼	사물	N5	ボタンを押せばドアが開きます。	ボタンをおせばドアがひらきます。	버튼을 누르면 문이 열립니다.
ホテル	ホテル	호텔	장소	N5	駅の近くのホテルに泊まります。	えきのちかくのホテルにとまります。	역 근처 호텔에 묵습니다.
本棚	ほんだな	책장	사물	N5	この本棚は組み立てが簡単です。	このほんだなはくみたてがかんたんです。	이 책장은 조립이 간단합니다.
本当	ほんとう	정말	부사	N5	残念ながらそれは本当なのです。	ざんねんながらそれはほんとうなのです。	유감스럽지만 그것은 정말입니다.
枚	まい	장	사물	N5	バッグに切手を数枚入れています。	バッグにきってをすうまいいれています。	가방에 우표를 몇 장 넣고 있습니다.
毎朝	まいあさ	매일 아침	시간	N5	毎朝六時に起きます。	まいあさろくじにおきます。	매일 아침 6시에 일어납니다.
毎月	まいげつ	매달	시간	N5	毎月どのくらい本を読みますか。	まいつきどのくらいほんをよみますか。	매달 어느 정도 책을 읽습니까?
毎週	まいしゅう	매주	시간	N5	毎週月曜日はテニスをします。	まいしゅうげつようびはテニスをします。	매주 월요일은 테니스를 합니다.
毎年	まいねん	매년	시간	N5	毎年家族と旅行します。	まいとしかぞくとりょこうします。	매년 가족과 여행합니다.
毎晩	まいばん	매일 밤	시간	N5	毎晩シャワーを浴びてから、寝ます。	まいばんシャワーをあびてから、ねます。	매일 밤 샤워를 하고 나서 잡니다.
前	まえ	앞	장소	N5	駅の前に郵便局があります。	えきのまえにゆうびんきょくがあります。	역 앞에 우체국이 있습니다.
曲る	まがる	돌다	동사	N5	次の角を右に曲ります。	つぎのかくをみぎにまがります。	다음 모퉁이를 오른쪽으로 돕니다.
まずい	まずい	맛없다	형용사	N5	あの店は安いですが、まずいです。	あのみせはやすいですが、まずいです。	저 가게는 싸지만 맛없습니다.
また	また	또	부사	N5	いつかまたお会いしたいですね。	いつかまたおあいしたいですね。	언젠가 또 만나고 싶네요.
まっすぐ	まっすぐ	곧장	부사	N5	まっすぐ行ってください。	まっすぐいってください。	곧장 가 주세요.
マッチ	マッチ	성냥	사물	N5	マッチを持っていますか。	マッチをもっていますか。	성냥을 갖고 있습니까?
窓	まど	창문	사물	N5	窓から海が見えます。	まどからうみがみえます。	창문에서 바다가 보입니다.
丸い	まるい	둥글다	형용사	N5	あそこに丸い箱があります。	あそこにまるいはこがあります。	저기에 둥근 상자가 있습니다.
万	まん	만	사물	N5	この時計は三万円です。	このとけいはさんまんえんです。	이 시계는 3만 엔입니다.
万年筆	まんねんひつ	만년필	사물	N5	パリで買ったのはこの万年筆です。	パリでかったのはこのまんねんひつです。	파리에서 산 것은 이 만년필입니다.
磨く	みがく	닦다	동사	N5	男の人は歯を磨く。	おとこのひとははをみがく。	남자가 이를 닦습니다.
右	みぎ	오른쪽	장소	N5	これを右に回せば機械は動きます。	これをみぎにまわせばきかいはうごきます。	이것을 오른쪽으로 돌리면 기계는 움직입니다.
見せる	みせる	보여주다	동사	N5	パスポートを見せてください。	パスポートをみせてください。	여권을 보여 주세요.
三つ	みっつ	세 개	사물	N5	この問題の答えは三つあります。	このもんだいのこたえはみっつあります。	이 문제의 답은 세 개 있습니다.
緑	みどり	초록	사물	N5	あなたは緑の本を持っています。	あなたはみどりのほんをもっています。	당신은 초록 책을 갖고 있습니다.
皆さん	みなさん	여러분	사람	N5	皆さん、こちらへどうぞ。	みなさん、こちらへどうぞ。	여러분, 이쪽으로 오세요.
南	みなみ	남쪽	장소	N5	ジュバは南スーダンの首都です。	ジュバはみなみスーダンのしゅとです。	주바는 남수단의 수도입니다.
耳	みみ	귀	사람	N5	耳が痛いです。	みみがいたいです。	귀가 아픕니다.
みんな	みんな	모두	사람	N5	みんなで写真を撮りました。	みんなでしゃしんをとりました。	모두 함께 사진을 찍었습니다.
向こう	むこう	건너편	장소	N5	パイプ屋は通りの向こう側です。	パイプやはとおりのむこうがわです。	파이프 가게는 길 건너편입니다.
六つ	むっつ	여섯 개	사물	N5	りんごを六つ買いました。	りんごをむっつかいました。	사과를 여섯 개 샀습니다.
目	め	눈	사람	N5	目が痛いです。	めがいたいです。	눈이 아픕니다.
メートル	メートル	미터	사물	N5	およそ六百メートル先を右折です。	およそろくひゃくメートルさきをうせつです。	약 600미터 앞에서 우회전입니다.
木曜日	もくようび	목요일	시간	N5	今日は木曜日です。	きょうはもくようびです。	오늘은 목요일입니다.
もしもし	もしもし	여보세요	인사	N5	もしもし、こちらはマイクです。	もしもし、こちらはマイクです。	여보세요, 저는 마이크입니다.
もっと	もっと	더	부사	N5	もっとゆっくり話してください。	もっとゆっくりはなしてください。	더 천천히 말해 주세요.
物	もの	것	사물	N5	申告する物はありますか。	しんこくするものはありますか。	신고할 것은 있습니까?
門	もん	문	장소	N5	門の前で待つよ。	もんのまえでまつよ。	문 앞에서 기다릴게요.
問題	もんだい	문제	사물	N5	先生でさえその問題は解けなかった。	せんせいでさえそのもんだいはとけなかった。	선생님조차 그 문제는 풀지 못했습니다.
屋	や	가게	장소	N5	本屋で雑誌を買いました。	ほんやでざっしをかいました。	서점에서 잡지를 샀습니다.
八百屋	やおや	채소가게	장소	N5	あの八百屋のおじさんはいつも元気です。	あのやおやのおじさんはいつもげんきです。	저 채소가게 아저씨는 늘 활기찹니다.
休み	やすみ	휴일	시간	N5	彼は今日お休みです。	かれはきょうおやすみです。	그는 오늘 쉽니다.
八つ	やっつ	여덟 개	사물	N5	りんごを八つ買いました。	りんごをやっつかいました。	사과를 여덟 개 샀습니다.
やる	やる	하다	동사	N5	宿題をやります。	しゅくだいをやります。	숙제를 합니다.
夕方	ゆうがた	저녁 무렵	시간	N5	トムは今日の夕方コンサートに行きます。	トムはきょうのゆうがたコンサートにいきます。	톰은 오늘 저녁에 콘서트에 갑니다.
夕飯	ゆうはん	저녁밥	음식	N5	夕飯は六時に食べます。	ゆうはんはろくじにたべます。	저녁밥은 6시에 먹습니다.
昨夜	ゆうべ	어젯밤	시간	N5	昨夜は早く寝ました。	ゆうべははやくねました。	어젯밤은 일찍 잤습니다.
洋服	ようふく	양복	사물	N5	この洋服のクリーニング頼みます。	このようふくのクリーニングたのみます。	이 옷 세탁을 부탁합니다.
横	よこ	옆	장소	N5	銀行は駅の横にあります。	ぎんこうはえきのよこにあります。	은행은 역 옆에 있습니다.
四つ	よっつ	네 개	사물	N5	午前中に四つ授業があります。	ごぜんちゅうによっつじゅぎょうがあります。	오전에 수업이 네 개 있습니다.
呼ぶ	よぶ	부르다	동사	N5	タクシーを呼んでください。	タクシーをよんでください。	택시를 불러 주세요.
来月	らいげつ	다음 달	시간	N5	来月タクシー料金があがります。	らいげつタクシーりょうきんがあがります。	다음 달 택시 요금이 오릅니다.
来週	らいしゅう	다음 주	시간	N5	来週の日曜日に遊びに来てください。	らいしゅうのにちようびにあそびにきてください。	다음 주 일요일에 놀러 오세요.
ラジオ	ラジオ	라디오	사물	N5	このラジオの値段はいくらですか。	このラジオのねだんはいくらですか。	이 라디오의 값은 얼마입니까?
りっぱ	りっぱ	훌륭함	형용사	N5	あの先生は大変りっぱな方です。	あのせんせいはたいへんりっぱなほうです。	저 선생님은 아주 훌륭한 분입니다.
留学生	りゅうがくせい	유학생	사람	N5	あの人はこの学校の留学生です。	あのひとはこのがっこうのりゅうがくせいです。	저 사람은 이 학교의 유학생입니다.
旅行	りょこう	여행	사물	N5	夏に家族と旅行します。	なつにかぞくとりょこうします。	여름에 가족과 여행합니다.
零	れい	영	사물	N5	ここは零度なので、とても寒いです。	ここはれいどなので、とてもさむいです。	여기는 영도라서 아주 춥습니다.
レコード	レコード	레코드	사물	N5	彼らは、レコードを買います。	かれらは、レコードをかいます。	그들은 레코드를 삽니다.
レストラン	レストラン	레스토랑	장소	N5	レストランはいつ閉店しますか。	レストランはいつへいてんしますか。	레스토랑은 언제 문을 닫습니까?
練習	れんしゅう	연습	사물	N5	トムは毎日ピアノを練習するよ。	トムはまいにちピアノをれんしゅうするよ。	톰은 매일 피아노를 연습합니다.
六	ろく	여섯	사물	N5	毎朝六時に起きます。	まいあさろくじにおきます。	매일 아침 6시에 일어납니다.
ワイシャツ	ワイシャツ	와이셔츠	사물	N5	白いワイシャツを着ます。	しろいワイシャツをきます。	흰 와이셔츠를 입습니다.
渡す	わたす	건네다	동사	N5	この書類を渡してください。	このしょるいをわたしてください。	이 서류를 건네주세요.
渡る	わたる	건너다	동사	N5	ここで通りを渡るのは危険です。	ここでとおりをわたるのはきけんです。	여기서 길을 건너는 것은 위험합니다.
踏む	ふむ	밟다	동사	N4	電車で足を踏まれました。	でんしゃであしをふまれました。	전철에서 발을 밟혔습니다.
区	く	구	장소	N4	東京都の県庁所在地は新宿区です。	とうきょうとのけんちょうしょざいちはしんじゅくくです。	도쿄도의 도청 소재지는 신주쿠구입니다.
すっと	すっと	쓱	부사	N4	カタツムリがすっと角を出した。	カタツムリがすっとかくをだした。	달팽이가 쓱 뿔을 내밀었습니다.
盗む	ぬすむ	훔치다	동사	N4	バッグを盗まれました。	バッグをぬすまれました。	가방을 도둑맞았습니다.
大抵	たいてい	대개	부사	N4	私は大抵歩いて通学します。	わたしはたいていあるいてつうがくします。	저는 대개 걸어서 통학합니다.
とうとう	とうとう	드디어	부사	N4	とうとう私たちは家が買えます。	とうとうわたしたちはいえがかえます。	드디어 우리는 집을 살 수 있습니다.
ガソリン	ガソリン	휘발유	사물	N4	ガソリンはこちらの負担ですか。	ガソリンはこちらのふたんですか。	휘발유는 이쪽 부담입니까?
鳴る	なる	울리다	동사	N4	電話が鳴っています。	でんわがなっています。	전화가 울리고 있습니다.
しっかり	しっかり	단단히	부사	N4	このベンチはしっかりしていますか。	このベンチはしっかりしていますか。	이 벤치는 단단합니까?
生きる	いきる	살다	동사	N4	百歳まで生きたいです。	ひゃくさいまでいきたいです。	백 살까지 살고 싶습니다.
苦い	にがい	쓰다	형용사	N4	すごく苦いです。	すごくにがいです。	아주 씁니다.
沸く	わく	끓다	동사	N4	お湯が沸きました。	おゆがわきました。	물이 끓었습니다.
意見	いけん	의견	사물	N4	意見を聞かせてください。	いけんをきかせてください。	의견을 들려주세요.
やはり	やはり	역시	부사	N4	欠点はあるがやはり彼が好きです。	けってんはあるがやはりかれがすきです。	결점은 있지만 역시 그를 좋아합니다.
漫画	まんが	만화	사물	N4	日本の漫画やアニメは世界中で人気がある。	にほんのまんがやアニメはせかいじゅうでにんきがある。	일본의 만화와 애니메이션은 세계에서 인기가 있습니다.
ステレオ	ステレオ	스테레오	사물	N4	自分のステレオを持っています。	じぶんのステレオをもっています。	자기 스테레오를 갖고 있습니다.
医学	いがく	의학	사물	N4	ヒポクラテスは医学の父と呼ばれます。	ヒポクラテスはいがくのちちとよばれます。	히포크라테스는 의학의 아버지라고 불립니다.
テキスト	テキスト	교재	사물	N4	授業のテキストを買いました。	じゅぎょうのテキストをかいました。	수업 교재를 샀습니다.
折る	おる	부러뜨리다	동사	N4	転んだ時、手首を折りました。	ころんだとき、てくびをおりました。	넘어졌을 때 손목이 부러졌습니다.
会	かい	모임	사물	N4	この会の主な目的はなんですか。	このかいのおもなもくてきはなんですか。	이 모임의 주된 목적은 무엇입니까?
うかがう	うかがう	여쭙다	동사	N4	一つうかがってもいいですか。	ひとつうかがってもいいですか。	하나 여쭤봐도 될까요?
聞こえる	きこえる	들리다	동사	N4	外の音が聞こえます。	そとのおとがきこえます。	밖의 소리가 들립니다.
僕	ぼく	나	사람	N4	僕は学生です。	ぼくはがくせいです。	나는 학생입니다.
壊す	こわす	부수다	동사	N4	かなり多くの家が台風で壊された。	かなりおおくのいえがたいふうでこわされた。	꽤 많은 집이 태풍으로 부서졌습니다.
怒る	おこる	화내다	동사	N4	父は少し怒っています。	ちちはすこしおこっています。	아버지는 조금 화가 나 있습니다.
床屋	とこや	이발소	장소	N4	床屋に行きなさい。	とこやにいきなさい。	이발소에 가세요.
オートバイ	オートバイ	오토바이	사물	N4	オートバイを持っていますか。	オートバイをもっていますか。	오토바이를 갖고 있습니까?
運動	うんどうする	운동	사물	N4	毎朝公園で運動します。	まいあさこうえんでうんどうします。	매일 아침 공원에서 운동합니다.
止む	やむ	그치다	동사	N4	私たちは雨が止み次第出発します。	わたしたちはあめがやみしだいしゅっぱつします。	저희는 비가 그치는 대로 출발합니다.
もし	もし	만약	부사	N4	もし明日雨なら試合は中止です。	もしあしたあめならしあいはちゅうしです。	만약 내일 비라면 시합은 중지입니다.
表	おもて	겉	사물	N4	紙の表に名前を書きます。	かみのひょうになまえをかきます。	종이 겉면에 이름을 씁니다.
大学生	だいがくせい	대학생	사람	N4	その大学生は工学を学んでいます。	そのだいがくせいはこうがくをまなんでいます。	그 대학생은 공학을 배우고 있습니다.
予習	よしゅう	예습	사물	N4	予習を始めた方がいいですよ。	よしゅうをはじめたほうがいいですよ。	예습을 시작하는 게 좋겠어요.
心配	しんぱいする	걱정	사물	N4	私達は心配だった。	わたしたちはしんぱいだった。	저희는 걱정했습니다.
別	べつ	다름	형용사	N4	別の例を示しなさい。	べつのれいをしめしなさい。	다른 예를 보여 주세요.
お宅	おたく	댁	장소	N4	明日お宅に伺います。	あしたおたくにうかがいます。	내일 댁에 찾아뵙겠습니다.
柔らかい	やわらかい	부드럽다	형용사	N4	私は柔らかいベッドで眠るのが好きです。	わたしはやわらかいベッドでねむるのがすきです。	저는 부드러운 침대에서 자는 것을 좋아합니다.
気	き	기분	사물	N4	気が重いです。	きがおもいです。	마음이 무겁습니다.
ほとんど	ほとんど	거의	부사	N4	水筒にはほとんど水が残っていない。	すいとうにはほとんどみずがのこっていない。	물통에는 물이 거의 남아 있지 않습니다.
つもり	つもり	생각	사물	N4	来年留学するつもりです。	らいねんりゅうがくするつもりです。	내년에 유학할 생각입니다.
だめ	だめ	안 됨	형용사	N4	この部屋に入ってはだめです。	このへやにはいってはだめです。	이 방에 들어가면 안 됩니다.
売り場	うりば	매장	장소	N4	スナック売り場は、どこですか。	スナックうりばは、どこですか。	과자 매장은 어디입니까?
正月	しょうがつ	설	시간	N4	日本では老いも若きも正月を祝います。	にほんではおいもわかきもしょうがつをいわいます。	일본에서는 노소를 막론하고 설을 축하합니다.
規則	きそく	규칙	사물	N4	トムは規則を知らない。	トムはきそくをしらない。	톰은 규칙을 모릅니다.
うん	うん	응	인사	N4	うん。ちゃんと聞こえているよ。	うん。ちゃんときこえているよ。	응. 잘 들리고 있어.
発音	はつおん	발음	사물	N4	発音を直してください。	はつおんをなおしてください。	발음을 고쳐 주세요.
焼く	やく	굽다	동사	N4	この魚は焼きあがっています。	このさかなはやきあがっています。	이 생선은 다 구워졌습니다.
失礼	しつれい	실례	인사	N4	失礼ですがあなたが悪いのです。	しつれいですがあなたがわるいのです。	실례지만 당신이 잘못했습니다.
ごみ	ごみ	쓰레기	사물	N4	ごみは月曜日に出します。	ごみはげつようびにだします。	쓰레기는 월요일에 내놓습니다.
アフリカ	アフリカ	아프리카	장소	N4	私はいつの日かアフリカに行きたい。	わたしはいつのひかアフリカにいきたい。	저는 언젠가 아프리카에 가고 싶습니다.
点	てん	점	사물	N4	ここが君の間違っている点です。	ここがきみのまちがっているてんです。	여기가 당신이 틀린 점입니다.
一生懸命	いっしょうけんめい	열심히	부사	N4	一生懸命にやるつもりです。	いっしょうけんめいにやるつもりです。	열심히 할 생각입니다.
機会	きかい	기회	사물	N4	いい機会をいただきました。	いいきかいをいただきました。	좋은 기회를 받았습니다.
建てる	たてる	짓다	동사	N4	その城はいつ建てられたのですか。	そのしろはいつたてられたのですか。	그 성은 언제 지어졌습니까?
彼	かれ	그	사람	N4	彼は実行力のある人です。	かれはじっこうりょくのあるひとです。	그는 실행력이 있는 사람입니다.
いらっしゃる	いらっしゃる	계시다	동사	N4	先生は教室にいらっしゃいます。	せんせいはきょうしつにいらっしゃいます。	선생님은 교실에 계십니다.
大事	だいじ	중요함	형용사	N4	家族が一番大事です。	かぞくがいちばんだいじです。	가족이 가장 중요합니다.
贈り物	おくりもの	선물	사물	N4	贈り物をありがとうございます。	おくりものをありがとうございます。	선물을 주셔서 감사합니다.
泥棒	どろぼう	도둑	사람	N4	泥棒はきっとそのうちに捕まります。	どろぼうはきっとそのうちにつかまります。	도둑은 분명 곧 잡힐 겁니다.
製	せい	제	사물	N4	私の車はドイツ製です。	わたしのくるまはドイツせいです。	제 차는 독일제입니다.
注意	ちゅうい	주의	사물	N4	車に注意してください。	くるまにちゅういしてください。	차를 조심해 주세요.
軒	けん	채	사물	N4	庭は二軒の家の共有のものです。	にわはにけんのいえのきょうゆうのものです。	정원은 두 채의 집이 함께 쓰는 것입니다.
通る	とおる	지나다	동사	N4	ここは私の父が通った学校です。	ここはわたしのちちがとおったがっこうです。	여기는 제 아버지가 다닌 학교입니다.
過ぎる	すぎる	지나다	동사	N4	三時を過ぎました。	さんじをすぎました。	3시가 지났습니다.
レポート	レポート	리포트	사물	N4	期末レポートははかどってますか。	きまつレポートははかどってますか。	기말 리포트는 잘 되어 갑니까?
葉	は	잎	자연	N4	葉の色がとても美しいです。	はのいろがとてもうつくしいです。	잎의 색이 아주 아름답습니다.
すると	すると	그러자	부사	N4	緑のボタンを押して下さい、すると明かりがつきます。	みどりのボタンをおしてください、するとあかりがつきます。	초록 버튼을 눌러 주세요, 그러면 불이 켜집니다.
止める	やめる	그만두다	동사	N4	たばこを止めました。	たばこをとめました。	담배를 끊었습니다.
ガラス	ガラス	유리	사물	N4	フロントガラスをふきますか。	フロントガラスをふきますか。	앞유리를 닦을까요?
学部	がくぶ	학부	사물	N4	この学部は大学の主力学部です。	このがくぶはだいがくのしゅりょくがくぶです。	이 학부는 대학의 주력 학부입니다.
エスカレーター	エスカレーター	에스컬레이터	사물	N4	建物でエスカレーターがありません。	たてものでエスカレーターがありません。	건물에 에스컬레이터가 없습니다.
人口	じんこう	인구	사물	N4	日本の人口は先細りしています。	にほんのじんこうはさきぼそりしています。	일본의 인구는 줄어들고 있습니다.
絹	きぬ	비단	사물	N4	そのドレスは絹製です。	そのドレスはきぬせいです。	그 드레스는 비단으로 만들어졌습니다.
ちっとも	ちっとも	조금도	부사	N4	あなたはちっとも変っていない。	あなたはちっともかわっていない。	당신은 조금도 변하지 않았습니다.
深い	ふかい	깊다	형용사	N4	この川はあまり深くないです。	このかわはあまりふかくないです。	이 강은 그다지 깊지 않습니다.
壊れる	こわれる	부서지다	동사	N4	時計が壊れました。	とけいがこわれました。	시계가 고장 났습니다.
揺れる	ゆれる	흔들리다	동사	N4	地震で家が揺れました。	じしんでいえがゆれました。	지진으로 집이 흔들렸습니다.
できるだけ	できるだけ	가능한 한	부사	N4	できるだけたくさんの本を読みなさい。	できるだけたくさんのほんをよみなさい。	가능한 한 많은 책을 읽으세요.
中学校	ちゅうがっこう	중학교	장소	N4	父は中学校で英語を教えています。	ちちはちゅうがっこうでえいごをおしえています。	아버지는 중학교에서 영어를 가르치고 있습니다.
ガス	ガス	가스	사물	N4	この辺にはガスが通じてますか。	このあたりにはガスがつうじてますか。	이 근처에는 가스가 들어옵니까?
祈る	いのる	빌다	동사	N4	世界平和を常に祈っている。	せかいへいわをつねにいのっている。	세계 평화를 늘 빌고 있습니다.
盛ん	さかん	왕성함	형용사	N4	日本では英語教育が盛んである。	にほんではえいごきょういくがさかんである。	일본에서는 영어 교육이 왕성합니다.
アルバイト	アルバイト	아르바이트	사물	N4	コンビニでアルバイトをします。	コンビニでアルバイトをします。	편의점에서 아르바이트를 합니다.
起こす	おこす	깨우다	동사	N4	お母さんは娘を起こしています。	おかあさんはむすめをおこしています。	어머니는 딸을 깨우고 있습니다.
致す	いたす	하다	동사	N4	喜んでご招待をお受け致します。	よろこんでごしょうたいをおうけいたします。	기꺼이 초대를 받겠습니다.
噛む	かむ	씹다	동사	N4	食べ物が噛みにくいのです。	たべものがかみにくいのです。	음식이 씹기 어렵습니다.
赤ちゃん	あかちゃん	아기	사람	N4	赤ちゃんは話せないんだ。	あかちゃんははなせないんだ。	아기는 말을 못 합니다.
浅い	あさい	얕다	형용사	N4	この池は浅いです。	このいけはあさいです。	이 연못은 얕습니다.
嘘	うそ	거짓말	사물	N4	嘘をついてはいけません。	うそをついてはいけません。	거짓말을 하면 안 됩니다.
小説	しょうせつ	소설	사물	N4	夢は小説家になることです。	ゆめはしょうせつかになることです。	꿈은 소설가가 되는 것입니다.
親	おや	부모	사람	N4	彼は親と一緒に暮らしています。	かれはおやといっしょにくらしています。	그는 부모와 함께 살고 있습니다.
それに	それに	게다가	부사	N4	安いです。それに便利です。	やすいです。それにべんりです。	쌉니다. 게다가 편리합니다.
西洋	せいよう	서양	장소	N4	西洋では個性は非常に重要である。	せいようではこせいはひじょうにじゅうようである。	서양에서는 개성이 매우 중요합니다.
思う	おもう	생각하다	동사	N4	明日は雨だと思います。	あしたはあめだとおもいます。	내일은 비가 올 거라고 생각합니다.
時代	じだい	시대	시간	N4	今は、正直が、損をする時代です。	いまは、しょうじきが、そんをするじだいです。	지금은 정직이 손해를 보는 시대입니다.
申し上げる	もうしあげる	말씀드리다	동사	N4	お礼を申し上げます。	おれいをもうしあげます。	감사의 말씀을 드립니다.
式	しき	식	사물	N4	これは、ドラム式洗濯機です。	これは、ドラムしきせんたくきです。	이것은 드럼식 세탁기입니다.
出席	しゅっせきする	출석	사물	N4	きっとボブは会合に出席します。	きっとボブはかいごうにしゅっせきします。	분명 밥은 모임에 출석할 겁니다.
迎える	むかえる	맞이하다	동사	N4	あなたの家に迎えに行きます。	あなたのいえにむかえにいきます。	당신 집에 데리러 가겠습니다.
触る	さわる	만지다	동사	N4	絵に触らないでください。	えにさわらないでください。	그림을 만지지 마세요.
建て	だて	층	사물	N4	二階建ての家に住んでいます。	にかいだてのいえにすんでいます。	2층짜리 집에 살고 있습니다.
社長	しゃちょう	사장	사람	N4	社長のスピーチをどう思いますか。	しゃちょうのスピーチをどうおもいますか。	사장의 연설을 어떻게 생각합니까?
捕まえる	つかまえる	붙잡다	동사	N4	これは彼が捕まえた魚です。	これはかれがつかまえたさかなです。	이것은 그가 잡은 물고기입니다.
季節	きせつ	계절	시간	N4	春は、私が一番好きな季節です。	はるは、わたしがいちばんすきなきせつです。	봄은 제가 가장 좋아하는 계절입니다.
寄る	よる	들르다	동사	N4	ちょっと寄ってみても良いですか。	ちょっとよってみてもよいですか。	잠깐 들러도 될까요?
決まる	きまる	정해지다	동사	N4	明日は予定が決まっていますか。	あしたはよていがきまっていますか。	내일은 예정이 정해져 있습니까?
逃げる	にげる	도망치다	동사	N4	なぜ彼は逃げたのですか。	なぜかれはにげたのですか。	왜 그는 도망쳤습니까?
だから	だから	그래서	부사	N4	だから選ばれると思います。	だからえらばれるとおもいます。	그래서 뽑힐 거라고 생각합니다.
残念	ざんねん	유감	형용사	N4	残念ですが、行けません。	ざんねんですが、いけません。	유감이지만 갈 수 없습니다.
畳	たたみ	다다미	사물	N4	トムは畳の上に腰を下ろした。	トムはたたみのうえにこしをおろした。	톰은 다다미 위에 앉았습니다.
丁寧	ていねい	정중함	형용사	N4	彼に丁寧な返事を書くつもりです。	かれにていねいなへんじをかくつもりです。	그에게 정중한 답장을 쓸 생각입니다.
地理	ちり	지리	사물	N4	私はここでは地理不案内です。	わたしはここではちりふあんないです。	저는 여기서는 지리를 잘 모릅니다.
さっき	さっき	아까	시간	N4	私はついさっき彼に会ったばかりです。	わたしはついさっきかれにあったばかりです。	저는 아까 막 그를 만났습니다.
怖い	こわい	무섭다	형용사	N4	一人になるのが怖いの。	ひとりになるのがこわいの。	혼자가 되는 것이 무섭습니다.
包む	つつむ	싸다	동사	N4	きれいに包んでいただけますか。	きれいにつつんでいただけますか。	예쁘게 포장해 주시겠습니까?
なるべく	なるべく	되도록	부사	N4	なるべく安いほうがいいです。	なるべくやすいほうがいいです。	되도록 싼 쪽이 좋습니다.
無理	むり	무리	형용사	N4	それは無理です。	それはむりです。	그것은 무리입니다.
サンドイッチ	サンドイッチ	샌드위치	음식	N4	あなたのサンドイッチをください。	あなたのサンドイッチをください。	당신의 샌드위치를 주세요.
人形	にんぎょう	인형	사물	N4	あなたに人形をお贈りします。	あなたににんぎょうをおおくりします。	당신에게 인형을 보내드리겠습니다.
利用	りよう	이용	사물	N4	原子力は発電に利用されています。	げんしりょくははつでんにりようされています。	원자력은 발전에 이용되고 있습니다.
飾る	かざる	장식하다	동사	N4	私たち自身が部屋を飾ったのです。	わたしたちじしんがへやをかざったのです。	우리 자신이 방을 장식했습니다.
用事	ようじ	볼일	사물	N4	用事があるので、先に帰ります。	ようじがあるので、さきにかえります。	볼일이 있어서 먼저 돌아가겠습니다.
ビル	ビル	빌딩	장소	N4	あれは父の働いているビルです。	あれはちちのはたらいているビルです。	저것은 아버지가 일하는 빌딩입니다.
けんかする	けんかする	싸우다	동사	N4	兄弟でよくけんかします。	きょうだいでよくけんかします。	형제끼리 자주 싸웁니다.
投げる	なげる	던지다	동사	N4	君は速球が投げられますか。	きみはそっきゅうがなげられますか。	당신은 빠른 공을 던질 수 있습니까?
故障	こしょうする	고장	사물	N4	クーラーが故障してしまった。	クーラーがこしょうしてしまった。	에어컨이 고장 나 버렸습니다.
力	ちから	힘	사물	N4	力を貸してください。	ちからをかしてください。	힘을 빌려주세요.
受ける	うける	받다	동사	N4	あなたの申し出はお受けします。	あなたのもうしではおうけします。	당신의 제안은 받겠습니다.
気分	きぶん	기분	사물	N4	今日は気分がひどく悪いのです。	きょうはきぶんがひどくわるいのです。	오늘은 기분이 몹시 나쁩니다.
間違える	まちがえる	틀리다	동사	N4	電車を乗り間違えた。	でんしゃをのりまちがえた。	전철을 잘못 탔습니다.
そんな	そんな	그런	부사	N4	トムはそんな悪いことしないと思うよ。	トムはそんなわるいことしないとおもうよ。	톰은 그런 나쁜 짓 안 할 거라고 생각해요.
場合	ばあい	경우	사물	N4	場合によりけりだと思います。	ばあいによりけりだとおもいます。	경우에 따라 다르다고 생각합니다.
やっと	やっと	겨우	부사	N4	やっと宿題が終りました。	やっとしゅくだいがおわりました。	겨우 숙제가 끝났습니다.
足りる	たりる	충분하다	동사	N4	メモリが足りないのかなぁ。	メモリがたりないのかなぁ。	메모리가 부족한 걸까요.
行う	おこなう	행하다	동사	N4	結婚式は土曜日に行われます。	けっこんしきはどようびにおこなわれます。	결혼식은 토요일에 열립니다.
ぶどう	ぶどう	포도	음식	N4	ぶどうを買いました。	ぶどうをかいました。	포도를 샀습니다.
無くなる	なくなる	없어지다	동사	N4	お金が無くなってしまった。	おかねがなくなってしまった。	돈이 없어져 버렸습니다.
準備	じゅんびする	준비	사물	N4	旅行の準備をします。	りょこうのじゅんびをします。	여행 준비를 합니다.
世界	せかい	세계	장소	N4	世界で一番長い川は何ですか。	せかいでいちばんながいかわはなんですか。	세계에서 가장 긴 강은 무엇입니까?
住所	じゅうしょ	주소	사물	N4	この住所まで、行ってください。	このじゅうしょまで、いってください。	이 주소까지 가 주세요.
倍	ばい	배	사물	N4	私の年齢はあなたの二倍です。	わたしのねんれいはあなたのにばいです。	제 나이는 당신의 두 배입니다.
痩せる	やせる	살이 빠지다	동사	N4	運動して痩せました。	うんどうしてやせました。	운동해서 살이 빠졌습니다.
線	せん	선	사물	N4	この線があなたの身長を示します。	このせんがあなたのしんちょうをしめします。	이 선이 당신의 키를 나타냅니다.
戦争	せんそう	전쟁	사물	N4	戦争のない世界を願います。	せんそうのないせかいをねがいます。	전쟁이 없는 세계를 바랍니다.
寝坊	ねぼう	늦잠	시간	N4	実はその朝、彼は寝坊したのです。	じつはそのあさ、かれはねぼうしたのです。	사실 그날 아침 그는 늦잠을 잤습니다.
パパ	パパ	아빠	사람	N4	パパは会社にいます。	パパはかいしゃにいます。	아빠는 회사에 있습니다.
光る	ひかる	빛나다	동사	N4	あの上の方で光っている星は木星です。	あのうえのほうでひかっているほしはもくせいです。	저 위에서 빛나는 별은 목성입니다.
夫	おっと	남편	사람	N4	夫はまもなく帰ってきます。	おっとはまもなくかえってきます。	남편은 곧 돌아옵니다.
雲	くも	구름	자연	N4	雲がだんだん黒くなっています。	くもがだんだんくろくなっています。	구름이 점점 검어지고 있습니다.
坂	さか	언덕	장소	N4	それはとても急な坂です。	それはとてもきゅうなさかです。	그것은 아주 가파른 언덕입니다.
飛行場	ひこうじょう	비행장	장소	N4	航空券は飛行場で受け取れますか。	こうくうけんはひこうじょうでうけとれますか。	항공권은 비행장에서 받을 수 있습니까?
柔道	じゅうどう	유도	사물	N4	柔道を練習しています。	じゅうどうをれんしゅうしています。	유도를 연습하고 있습니다.
決して	けっして	결코	부사	N4	彼は決して幸福ではなかった。	かれはけっしてこうふくではなかった。	그는 결코 행복하지 않았습니다.
事務所	じむしょ	사무실	장소	N4	彼の事務所ならちょっと先です。	かれのじむしょならちょっとさきです。	그의 사무실이라면 조금 앞입니다.
連絡	れんらく	연락	사물	N4	後で連絡します。	あとでれんらくします。	나중에 연락하겠습니다.
小学校	しょうがっこう	초등학교	장소	N4	弟は小学校へ通っています。	おとうとはしょうがっこうへとおっています。	남동생은 초등학교에 다니고 있습니다.
美しい	うつくしい	아름답다	형용사	N4	フランス語は最も美しい言語だと思います。	ふらんすごはもっともうつくしいげんごだとおもいます。	프랑스어는 가장 아름다운 언어라고 생각합니다.
なさる	なさる	하시다	동사	N4	先生は何をなさいますか。	せんせいはなにをなさいますか。	선생님은 무엇을 하십니까?
事	こと	일	사물	N4	その役者の事は聞いたことが無い。	そのやくしゃのことはきいたことがない。	그 배우에 대한 일은 들은 적이 없습니다.
どんどん	どんどん	점점	부사	N4	状況はどんどん悪化してます。	じょうきょうはどんどんあっかしてます。	상황은 점점 나빠지고 있습니다.
試合	しあい	시합	사물	N4	あさって野球の試合があります。	あさってやきゅうのしあいがあります。	모레 야구 시합이 있습니다.
素晴らしい	すばらしい	훌륭하다	형용사	N4	素晴らしい父になると思います。	すばらしいちちになるとおもいます。	훌륭한 아버지가 될 거라고 생각합니다.
美術館	びじゅつかん	미술관	장소	N4	この道を行けば美術館に出ます。	このみちをいけばびじゅつかんにでます。	이 길로 가면 미술관이 나옵니다.
文法	ぶんぽう	문법	사물	N4	ドイツ語の文法に手こずっています。	ドイツごのぶんぽうにてこずっています。	독일어 문법에 애먹고 있습니다.
終わり	おわり	끝	시간	N4	これで終わりです。	これでおわりです。	이것으로 끝입니다.
壁	かべ	벽	사물	N4	壁に絵を掛けます。	かべにえをかけます。	벽에 그림을 겁니다.
一度	いちど	한 번	시간	N4	一度行ったことがあります。	いちどいったことがあります。	한 번 간 적이 있습니다.
お礼	おれい	사례	인사	N4	前もってお礼を申し上げます。	まえもっておれいをもうしあげます。	미리 감사의 말씀을 드립니다.
知らせる	しらせる	알리다	동사	N4	何かもち上がったら知らせます。	なにかもちあがったらしらせます。	무슨 일이 생기면 알리겠습니다.
歯医者	はいしゃ	치과의사	사람	N4	歯医者さんに今日会えますか。	はいしゃさんにきょうあえますか。	치과 의사를 오늘 만날 수 있습니까?
もらう	もらう	받다	동사	N4	友達に本をもらいました。	ともだちにほんをもらいました。	친구에게 책을 받았습니다.
泣く	なく	울다	동사	N4	お願い、泣かないで。	おねがい、なかないで。	부디 울지 마세요.
熱	ねつ	열	사물	N4	熱があるので身体中が痛みます。	ねつがあるのでしんたいちゅうがいたみます。	열이 있어서 온몸이 아픕니다.
お祭り	おまつり	축제	사물	N4	今年もいつも通りお祭りが行われました。	ことしもいつもとおりおまつりがおこなわれました。	올해도 늘 그렇듯 축제가 열렸습니다.
水道	すいどう	수도	사물	N4	昨日水道を止められた。	きのうすいどうをとめられた。	어제 수도가 끊겼습니다.
匂い	におい	냄새	사물	N4	開けた古書の匂いが大好きです。	あけたこしょのにおいがだいすきです。	펼친 고서의 냄새를 아주 좋아합니다.
ベル	ベル	벨	사물	N4	ベルボーイがお部屋にご案内します。	ベルボーイがおへやにごあんないします。	벨보이가 방으로 안내해 드립니다.
赤ん坊	あかんぼう	아기	사람	N4	母親は赤ん坊をひざの上であやしている。	ははおやはあかんぼうをひざのうえであやしている。	어머니는 아기를 무릎 위에서 달래고 있습니다.
おかしい	おかしい	이상하다	형용사	N4	私にとっては少しおかしいです。	わたしにとってはすこしおかしいです。	저에게는 조금 이상합니다.
事故	じこ	사고	사물	N4	昨日、高速道路で事故があった。	きのう、こうそくどうろでじこがあった。	어제 고속도로에서 사고가 있었습니다.
変	へん	이상함	형용사	N4	エンジンから変な音が聞こえます。	エンジンからへんなおとがきこえます。	엔진에서 이상한 소리가 들립니다.
辞典	じてん	사전	사물	N4	漢和辞典で漢字の意味を調べたの。	かんわじてんでかんじのいみをしらべたの。	한자 사전으로 한자의 뜻을 찾았습니다.
残る	のこる	남다	동사	N4	水筒にはほとんど水が残っていない。	すいとうにはほとんどみずがのこっていない。	물통에는 물이 거의 남아 있지 않습니다.
立てる	たてる	세우다	동사	N4	何かお役に立てればと思います。	なにかおやくにたてればとおもいます。	뭔가 도움이 되면 좋겠습니다.
くれる	くれる	주다	동사	N4	彼女は私を助けてくれると思う。	かのじょはわたしをたすけてくれるとおもう。	그녀는 저를 도와줄 거라고 생각합니다.
員	いん	원	사람	N4	彼女は貿易会社の事務員です。	かのじょはぼうえきかいしゃのじむいんです。	그녀는 무역회사의 사무원입니다.
原因	げんいん	원인	사물	N4	この悲劇の本当の原因は何ですか。	このひげきのほんとうのげんいんはなんですか。	이 비극의 진짜 원인은 무엇입니까?
驚く	おどろく	놀라다	동사	N4	あなたを驚かせたくなかったのです。	あなたをおどろかせたくなかったのです。	당신을 놀라게 하고 싶지 않았습니다.
いただく	いただく	받다	동사	N4	この雑誌をいただいてもいいですか。	このざっしをいただいてもいいですか。	이 잡지를 받아도 될까요?
答	こたえ	답	사물	N4	きみの答は確かですか。	きみのこたえはたしかですか。	당신의 답은 확실합니까?
もちろん	もちろん	물론	부사	N4	彼女はもちろん英語が話せます。	かのじょはもちろんえいごがはなせます。	그녀는 물론 영어를 말할 수 있습니다.
漬ける	つける	담그다	동사	N4	私のおばあちゃん、漬物を漬けるのが上手なんだよ。	わたしのおばあちゃん、つけものをつけるのがじょうずなんだよ。	저희 할머니는 절임을 담그는 것을 잘합니다.
内	うち	안	장소	N4	心配ご無用。すべて想定内です。	しんぱいごむよう。すべてそうていないです。	걱정 마세요. 모두 예상 안입니다.
スクリーン	スクリーン	스크린	사물	N4	トムはスクリーンに釘付けだった。	トムはスクリーンにくぎづけだった。	톰은 스크린에 못 박혀 있었습니다.
または	または	또는	부사	N4	ユーザー名またはパスワードが間違っています。	ユーザーめいまたはパスワードがまちがっています。	사용자 이름 또는 비밀번호가 틀렸습니다.
けがする	けがする	다치다	동사	N4	交通事故で大けがをしたんです。	こうつうじこでだいけがをしたんです。	교통사고로 크게 다쳤습니다.
以下	いか	이하	사물	N4	以下の文章を読んで下さい。	いかのぶんしょうをよんでください。	아래 문장을 읽어 주세요.
ばかり	ばかり	막	부사	N4	買ったばかりのカバーなんだぞ。	かったばかりのカバーなんだぞ。	막 산 커버란 말이야.
心	こころ	마음	사람	N4	私は心を開き、より国際的になりたいです。	わたしはこころをひらき、よりこくさいてきになりたいです。	저는 마음을 열고 더 국제적이 되고 싶습니다.
だす	だす	시작하다	동사	N4	いつから痛みだしましたか。	いつからいたみだしましたか。	언제부터 아프기 시작했습니까?
サラダ	サラダ	샐러드	음식	N4	野菜のサラダを作ります。	やさいのサラダをつくります。	채소 샐러드를 만듭니다.
届ける	とどける	전하다	동사	N4	君に届けてほしいメッセージがあるんだ。	きみにとどけてほしいメッセージがあるんだ。	당신에게 전해 주었으면 하는 메시지가 있습니다.
挨拶	あいさつする	인사	인사	N4	朝は明るく挨拶します。	あさはあかるくあいさつします。	아침에는 밝게 인사합니다.
景色	けしき	경치	자연	N4	景色のよい部屋をお願いします。	けしきのよいへやをおねがいします。	경치 좋은 방을 부탁합니다.
ステーキ	ステーキ	스테이크	음식	N4	ステーキの焼き具合は、いかがいたしましょうか。	ステーキのやきぐあいは、いかがいたしましょうか。	스테이크 굽기는 어떻게 해 드릴까요?
以内	いない	이내	시간	N4	三日以内にお返事いたします。	みっかいないにおへんじいたします。	사흘 이내에 답장드리겠습니다.
オーバー	オーバー	외투	사물	N4	あれは私のオーバーです。	あれはわたしのオーバーです。	저것은 제 외투입니다.
乾く	かわく	마르다	동사	N4	靴下はもう乾いたのですか。	くつしたはもうかわいたのですか。	양말은 이제 말랐습니까?
石	いし	돌	자연	N4	あの橋は石でできています。	あのはしはいしでできています。	저 다리는 돌로 되어 있습니다.
思い出す	おもいだす	떠올리다	동사	N4	この写真を見ると、私は必ず子供のころを思い出す。	このしゃしんをみると、わたしはかならずこどものころをおもいだす。	이 사진을 보면 저는 꼭 어릴 적을 떠올립니다.
踊る	おどる	춤추다	동사	N4	彼女は踊るのが上手だと私は思います。	かのじょはおどるのがじょうずだとわたしはおもいます。	그녀는 춤을 잘 춘다고 저는 생각합니다.
塗る	ぬる	칠하다	동사	N4	壁にペンキを塗るんです。	かべにペンキをぬるんです。	벽에 페인트를 칠하는 겁니다.
用	よう	볼일	사물	N4	町で用があるんだ。	まちでようがあるんだ。	시내에 볼일이 있습니다.
公務員	こうむいん	공무원	사람	N4	私は公務員です。	わたしはこうむいんです。	저는 공무원입니다.
お嬢さん	おじょうさん	따님	사람	N4	お嬢さんに会わせていただきたい。	おじょうさんにあわせていただきたい。	따님을 만나 뵙고 싶습니다.
用意	ようい	준비	사물	N4	パーティーの用意はいいですか。	パーティーのよういはいいですか。	파티 준비는 다 됐습니까?
探す	さがす	찾다	동사	N4	彼は職を探している。	かれはしょくをさがしている。	그는 일자리를 찾고 있습니다.
形	かたち	모양	사물	N4	地球はオレンジの形をしています。	ちきゅうはオレンジのかたちをしています。	지구는 오렌지 모양을 하고 있습니다.
運転	うんてんする	운전	사물	N4	私は運転するやり方を学んでるよ。	わたしはうんてんするやりかたをまなんでるよ。	저는 운전하는 법을 배우고 있습니다.
すっかり	すっかり	완전히	부사	N4	もうすっかり真夜中です。	もうすっかりまよなかです。	이제 완전히 한밤중입니다.
アナウンサー	アナウンサー	아나운서	사람	N4	あの子のお母さんはアナウンサーです。	あのこのおかあさんはアナウンサーです。	저 아이의 어머니는 아나운서입니다.
消しゴム	けしゴム	지우개	사물	N4	この教室は消しゴムの忘れ物が多い。	このきょうしつはけしごむのわすれものがおおい。	이 교실은 지우개 분실물이 많습니다.
旅館	りょかん	여관	장소	N4	旅館の部屋のテーブルの上にスイカがあります。	りょかんのへやのテーブルのうえにスイカがあります。	여관 방 테이블 위에 수박이 있습니다.
海岸	かいがん	해안	자연	N4	このバスは、海岸に行きますか。	このバスは、かいがんにいきますか。	이 버스는 해안에 갑니까?
火	ひ	불	자연	N4	すみません火を貸してもらえますか。	すみませんひをかしてもらえますか。	실례지만 불 좀 빌릴 수 있을까요?
お祝い	おいわい	축하	인사	N4	心からお祝いを申し上げます。	こころからおいわいをもうしあげます。	진심으로 축하드립니다.
乗り物	のりもの	탈것	사물	N4	ここは公共の乗り物が不便だ。	ここはこうきょうののりものがふべんだ。	여기는 대중교통이 불편합니다.
案内	あんないする	안내	사물	N4	この席まで案内してくれますか。	このせきまであんないしてくれますか。	이 자리까지 안내해 주시겠습니까?
通う	かよう	다니다	동사	N4	私たちはそのバスで学校に通っています。	わたしたちはそのバスでがっこうにかよっています。	저희는 그 버스로 학교에 다니고 있습니다.
技術	ぎじゅつ	기술	사물	N4	日本の技術に関心を持ちます。	にほんのぎじゅつにかんしんをもちます。	일본의 기술에 관심을 갖습니다.
小鳥	ことり	작은 새	자연	N4	小鳥達は木で楽しげに歌います。	ことりたちはきでたのしげにうたいます。	작은 새들은 나무에서 즐겁게 노래합니다.
下宿	げしゅく	하숙	장소	N4	学生でも下宿させてもらえますか。	がくせいでもげしゅくさせてもらえますか。	학생이라도 하숙할 수 있습니까?
ジャム	ジャム	잼	음식	N4	これは自家製のジャムです。	これはじかせいのジャムです。	이것은 집에서 만든 잼입니다.
招待	しょうたいする	초대	사물	N4	トムとメアリーは招待されてなかったんだ。	トムとメアリーはしょうたいされてなかったんだ。	톰과 메리는 초대받지 않았습니다.
鏡	かがみ	거울	사물	N4	私は鏡に写っている自分を見つめているのです。	わたしはかがみにうつっているじぶんをみつめているのです。	저는 거울에 비친 자신을 바라보고 있습니다.
はず	はず	터	사물	N4	もうじき郵便屋さんが来るはずです。	もうじきゆうびんやさんがくるはずです。	곧 우체부가 올 겁니다.
法律	ほうりつ	법률	사물	N4	彼女、法律の学位は取れますか。	かのじょ、ほうりつのがくいはとれますか。	그녀는 법률 학위를 딸 수 있습니까?
貿易	ぼうえき	무역	사물	N4	ある貿易会社に勤めています。	あるぼうえきかいしゃにつとめています。	어느 무역회사에 근무하고 있습니다.
反対	はんたい	반대	사물	N4	私たちの中で彼の考えに反対してる者はいない。	わたしたちのなかでかれのかんがえにはんたいしてるものはいない。	저희 중에 그의 생각에 반대하는 사람은 없습니다.
おる	おる	있다	동사	N4	いつもお世話になっております。	いつもおせわになっております。	늘 신세를 지고 있습니다.
申す	もうす	말씀드리다	동사	N4	こんにちは、オミッドと申します。	こんにちは、オミッドともうします。	안녕하세요, 오미드라고 합니다.
試験	しけん	시험	사물	N4	田中さんは試験に合格したようです。	たなかさんはしけんにごうかくしたようです。	다나카 씨는 시험에 합격한 것 같습니다.
店員	てんいん	점원	사람	N4	さしあたり彼女はデパートの店員をしています。	さしあたりかのじょはデパートのてんいんをしています。	당분간 그녀는 백화점 점원을 하고 있습니다.
泊まる	とまる	묵다	동사	N4	今晩、友達がうちに泊まります。	こんばん、ともだちがうちにとまります。	오늘 밤 친구가 집에 묵습니다.
よろしい	よろしい	괜찮다	형용사	N4	こういうふうに考えてよろしいでしょうか。	こういうふうにかんがえてよろしいでしょうか。	이렇게 생각해도 괜찮을까요?
今夜	こんや	오늘 밤	시간	N4	今夜は早く寝ます。	こんやははやくねます。	오늘 밤은 일찍 잡니다.
チェックする	チェックする	확인하다	동사	N4	予定をチェックします。	よていをチェックします。	예정을 확인합니다.
会話	かいわ	회화	사물	N4	この会話は録音されています。	このかいわはろくおんされています。	이 대화는 녹음되고 있습니다.
空気	くうき	공기	자연	N4	山の空気はきれいです。	やまのくうきはきれいです。	산의 공기는 깨끗합니다.
交通	こうつう	교통	사물	N4	この通りは交通量が多いんです。	このとおりはこうつうりょうがおおいんです。	이 거리는 교통량이 많습니다.
ワープロ	ワープロ	워드프로세서	사물	N4	あなたは、ワープロを使いますか。	あなたは、ワープロをつかいますか。	당신은 워드프로세서를 씁니까?
喜ぶ	よろこぶ	기뻐하다	동사	N4	彼らはとても喜ぶでしょう。	かれらはとてもよろこぶでしょう。	그들은 아주 기뻐할 겁니다.
急行	きゅうこう	급행	사물	N4	急行列車はありますか。	きゅうこうれっしゃはありますか。	급행열차는 있습니까?
皆	みな	모두	사람	N4	皆が彼を愛している。	みながかれをあいしている。	모두가 그를 사랑합니다.
手袋	てぶくろ	장갑	사물	N4	この手袋、私のです。	このてぶくろ、わたしのです。	이 장갑, 제 것입니다.
校長	こうちょう	교장	사람	N4	校長先生と何処で会ったのですか。	こうちょうせんせいとどこであったのですか。	교장 선생님과 어디서 만났습니까?
ごちそう	ごちそう	성찬	음식	N4	ごちそうをしっかり召し上がれ。	ごちそうをしっかりめしあがれ。	음식을 마음껏 드세요.
踊り	おどり	춤	사물	N4	この踊りのお相手を願えますか。	このおどりのおあいてをねがえますか。	이 춤의 상대가 되어 주시겠습니까?
興味	きょうみ	흥미	사물	N4	歴史には全く興味がないんだ。	れきしにはまったくきょうみがないんだ。	역사에는 전혀 흥미가 없습니다.
冷房	れいぼう	냉방	사물	N4	その部屋は冷房がついていますか。	そのへやはれいぼうがついていますか。	그 방은 냉방이 되어 있습니까?
都合	つごう	사정	사물	N4	いつご都合がよろしいですか。	いつごつごうがよろしいですか。	언제 사정이 괜찮으십니까?
遠慮	えんりょする	사양	사물	N4	タバコをご遠慮いただけますか。	タバコをごえんりょいただけますか。	담배를 삼가 주시겠습니까?
亡くなる	なくなる	돌아가시다	동사	N4	彼が亡くなって三年になります。	かれがなくなってさんねんになります。	그가 돌아가신 지 3년이 됩니다.
科学	かがく	과학	사물	N4	私たちは物理科学を学んでいます。	わたしたちはぶつりかがくをまなんでいます。	저희는 물리 과학을 배우고 있습니다.
はっきり	はっきり	분명히	부사	N4	彼が偉大な芸術家であることははっきりしている。	かれがいだいなげいじゅつかであることははっきりしている。	그가 위대한 예술가인 것은 분명합니다.
差し上げる	さしあげる	드리다	동사	N4	私の本、差し上げますよ。	わたしのほん、さしあげますよ。	제 책, 드리겠습니다.
気持ち	きもち	기분	사물	N4	彼はまったく他人の気持ちを尊重しないの。	かれはまったくたにんのきもちをそんちょうしないの。	그는 전혀 남의 기분을 존중하지 않습니다.
予約	よやく	예약	사물	N4	ここで予約をしてもらえますか。	ここでよやくをしてもらえますか。	여기서 예약을 해 주시겠습니까?
凄い	すごい	굉장하다	형용사	N4	自然って凄いなぁ。	しぜんってすごいなぁ。	자연은 굉장하네요.
入学	にゅうがくする	입학	사물	N4	入学は申し込み順に許可します。	にゅうがくはもうしこみじゅんにきょかします。	입학은 신청 순으로 허가합니다.
片付ける	かたづける	치우다	동사	N4	できるだけ早く片付けます。	できるだけはやくかたづけます。	가능한 한 빨리 치우겠습니다.
写す	うつす	베끼다	동사	N4	人の宿題を写してなんかないし。	ひとのしゅくだいをうつしてなんかないし。	남의 숙제를 베끼거나 하지 않았습니다.
パソコン	パソコン	컴퓨터	사물	N4	パソコンで仕事をしています。	パソコンでしごとをしています。	컴퓨터로 일을 하고 있습니다.
火事	かじ	화재	사물	N4	近所で火事がありました。	きんじょでかじがありました。	근처에서 화재가 있었습니다.
足す	たす	더하다	동사	N4	九千九百九十九に一を足すと一万です。	きゅうせんきゅうひゃくきゅうじゅうきゅうにいちをたすといちまんです。	9999에 1을 더하면 10000입니다.
教会	きょうかい	교회	장소	N4	ここは私達が結婚した教会です。	ここはわたしたちがけっこんしたきょうかいです。	여기는 저희가 결혼한 교회입니다.
彼ら	かれら	그들	사람	N4	彼らはパイロットです。	かれらはパイロットです。	그들은 파일럿입니다.
一杯	いっぱい	가득	부사	N4	コップに水を一杯入れます。	コップにみずをいっぱいいれます。	컵에 물을 가득 넣습니다.
アメリカ	アメリカ	미국	장소	N4	アメリカで留学したいなら、学生ビザが必要です。	アメリカでりゅうがくしたいなら、がくせいビザがひつようです。	미국에서 유학하고 싶다면 학생 비자가 필요합니다.
理由	りゆう	이유	사물	N4	これが、彼がそうした理由です。	これが、かれがそうしたりゆうです。	이것이 그가 그렇게 한 이유입니다.
生産	せいさんする	생산	사물	N4	お米の生産量は減少しています。	おべいのせいさんりょうはげんしょうしています。	쌀 생산량은 줄어들고 있습니다.
着物	きもの	기모노	사물	N4	一人で着物を着ることが出来ますか。	ひとりできものをきることができますか。	혼자서 기모노를 입을 수 있습니까?
おもちゃ	おもちゃ	장난감	사물	N4	近所におもちゃ屋があります。	きんじょにおもちゃやがあります。	근처에 장난감 가게가 있습니다.
暮れる	くれる	저물다	동사	N4	冬は早く日が暮れます。	ふゆははやくひがくれます。	겨울은 해가 빨리 집니다.
釣る	つる	낚다	동사	N4	彼は釣るのが好きです。	かれはつるのがすきです。	그는 낚시하는 것을 좋아합니다.
ちゃん	ちゃん	~야	사람	N4	花ちゃんは私の妹です。	はなちゃんはわたしのいもうとです。	하나야는 제 여동생입니다.
打つ	うつ	치다	동사	N4	ボールを強く打ちました。	ボールをつよくうちました。	공을 세게 쳤습니다.
あんな	あんな	저런	부사	N4	トムさんはあんなことをいったはずがないと思います。	トムさんはあんなことをいったはずがないとおもいます。	톰 씨는 저런 말을 했을 리가 없다고 생각합니다.
謝る	あやまる	사과하다	동사	N4	悪いことをしたらすぐに謝らなければなりません。	わるいことをしたらすぐにあやまらなければなりません。	나쁜 짓을 했으면 바로 사과해야 합니다.
昼間	ひるま	낮	시간	N4	昼間のツアーはありますか。	ひるまのツアーはありますか。	낮 투어는 있습니까?
教育	きょういく	교육	사물	N4	この世界の教育にはがっかりしてしまう。	このせかいのきょういくにはがっかりしてしまう。	이 세계의 교육에는 실망하게 됩니다.
米	こめ	쌀	음식	N4	毎日米を食べます。	まいにちまいをたべます。	매일 쌀을 먹습니다.
邪魔	じゃま	방해	사물	N4	お邪魔してすみません。	おじゃましてすみません。	방해해서 죄송합니다.
国際	こくさい	국제	사물	N4	国際会議に出ます。	こくさいかいぎにでます。	국제 회의에 나갑니다.
隅	すみ	구석	장소	N4	隅のテーブルをお願いできますか。	すみのテーブルをおねがいできますか。	구석 테이블을 부탁드려도 될까요?
伺う	うかがう	찾아뵙다	동사	N4	いずれ改めてお伺いいたします。	いずれあらためておうかがいいたします。	조만간 다시 찾아뵙겠습니다.
再来週	さらいしゅう	다다음 주	시간	N4	彼らは再来週にお店に行きます。	かれらはさらいしゅうにおみせにいきます。	그들은 다다음 주에 가게에 갑니다.
夢	ゆめ	꿈	사물	N4	私の夢は作家になることです。	わたしのゆめはさっかになることです。	제 꿈은 작가가 되는 것입니다.
喉	のど	목	사람	N4	喉が痛いです。	のどがいたいです。	목이 아픕니다.
周り	まわり	주위	장소	N4	自販機の周りにごみが多いです。	じはんきのまわりにごみがおおいです。	자판기 주위에 쓰레기가 많습니다.
歴史	れきし	역사	사물	N4	彼は私達に歴史を教えています。	かれはわたしたちにれきしをおしえています。	그는 저희에게 역사를 가르치고 있습니다.
血	ち	피	사람	N4	指から血が出ました。	ゆびからちがでました。	손가락에서 피가 났습니다.
毛	け	털	사람	N4	猫の毛が服につきました。	ねこのけがふくにつきました。	고양이 털이 옷에 붙었습니다.
ひどい	ひどい	심하다	형용사	N4	ひどい雨のために私たちは出発を延ばさねばならなかった。	ひどいあめのためにわたしたちはしゅっぱつをのばさねばならなかった。	심한 비 때문에 저희는 출발을 미뤄야 했습니다.
随分	ずいぶん	꽤	부사	N4	それは随分昔に起きたことです。	それはずいぶんむかしにおきたことです。	그것은 꽤 오래전에 일어난 일입니다.
やすい	やすい	하기 쉽다	형용사	N4	ここでは天気は変わりやすい。	ここではてんきはかわりやすい。	여기서는 날씨가 변하기 쉽습니다.
押し入れ	おしいれ	벽장	장소	N4	布団を押し入れにしまいます。	ふとんをおしいれにしまいます。	이불을 벽장에 넣습니다.
電灯	でんとう	전등	사물	N4	寝る前に電灯を消してください。	ねるまえにでんとうをけしてください。	자기 전에 전등을 꺼 주세요.
叱る	しかる	꾸짖다	동사	N4	先生に叱られました。	せんせいにしかられました。	선생님에게 꾸중을 들었습니다.
サンダル	サンダル	샌들	사물	N4	サンダル、持ってくるの忘れちゃった。	サンダル、もってくるのわすれちゃった。	샌들 가져오는 걸 깜빡했어요.
びっくりする	びっくりする	놀라다	동사	N4	大きな音にびっくりしました。	おおきなおとにびっくりしました。	큰 소리에 놀랐습니다.
うまい	うまい	맛있다	형용사	N4	この店のラーメンはうまいです。	このみせのラーメンはうまいです。	이 가게 라면은 맛있습니다.
講堂	こうどう	강당	장소	N4	その教師は講堂に学生を集めた。	そのきょうしはこうどうにがくせいをあつめた。	그 교사는 강당에 학생을 모았습니다.
子	こ	아이	사람	N4	その子の肯定的な面を見よう。	そのこのこうていてきなめんをみよう。	그 아이의 긍정적인 면을 봅시다.
沸かす	わかす	끓이다	동사	N4	お湯を少し沸かしてください。	おゆをすこしわかしてください。	물을 조금 끓여 주세요.
レジ	レジ	계산대	장소	N4	レジで会計をします。	レジでかいけいをします。	계산대에서 계산을 합니다.
空く	あく	비다	동사	N4	席が空きました。	せきがあきました。	자리가 비었습니다.
計画	けいかくする	계획	사물	N4	彼は計画を実行した。	かれはけいかくをじっこうした。	그는 계획을 실행했습니다.
通り	とおり	거리	장소	N4	この通り、好きなんだ。	このとおり、すきなんだ。	이 거리를 좋아합니다.
下着	したぎ	속옷	사물	N4	下着を洗濯します。	したぎをせんたくします。	속옷을 빨래합니다.
経済	けいざい	경제	사물	N4	アメリカ経済は世界最大です。	アメリカけいざいはせかいさいだいです。	미국 경제는 세계 최대입니다.
こう	こう	이렇게	부사	N4	こうするより仕方がないのです。	こうするよりしかたがないのです。	이렇게 하는 수밖에 없습니다.
是非	ぜひ	꼭	부사	N4	是非お話させて頂きたいと思います。	ぜひおはなしさせていただきたいとおもいます。	꼭 말씀드리고 싶습니다.
裏	うら	뒷면	장소	N4	家の裏には庭があるんです。	いえのうらにはにわがあるんです。	집 뒤에는 정원이 있습니다.
為	ため	위함	사물	N4	あなたの為なら何でもします。	あなたのためならなんでもします。	당신을 위해서라면 뭐든지 하겠습니다.
以外	いがい	이외	사물	N4	日曜日以外は毎日働く。	にちようびいがいはまいにちはたらく。	일요일 이외는 매일 일합니다.
済む	すむ	끝나다	동사	N4	ポリオワクチンは済んでいます。	ポリオワクチンはすんでいます。	소아마비 백신은 맞았습니다.
ハンバーグ	ハンバーグ	햄버그스테이크	음식	N4	夕飯はハンバーグを作ります。	ゆうはんはハンバーグをつくります。	저녁밥은 햄버그를 만듭니다.
市	し	시	장소	N4	千葉県の県庁所在地は千葉市です。	ちばけんのけんちょうしょざいちはちばしです。	지바현의 현청 소재지는 지바시입니다.
遊び	あそび	놀이	사물	N4	子供の遊びを見ています。	こどものあそびをみています。	아이의 놀이를 보고 있습니다.
支度	したくする	채비	사물	N4	母は夕食の支度をしています。	はははゆうしょくのしたくをしています。	어머니는 저녁 채비를 하고 있습니다.
見える	みえる	보이다	동사	N4	よく見えますか。	よくみえますか。	잘 보입니까?
音	おと	소리	사물	N4	外で大きな音がしました。	そとでおおきなおとがしました。	밖에서 큰 소리가 났습니다.
きっと	きっと	분명	부사	N4	明日はきっとよい天気になる。	あしたはきっとよいてんきになる。	내일은 분명 좋은 날씨가 될 겁니다.
まず	まず	우선	부사	N4	まず例文を見てみましょう。	まずれいぶんをみてみましょう。	우선 예문을 봅시다.
遠く	とおく	멀리	장소	N4	私の家族は遠くに住んでいます。	わたしのかぞくはとおくにすんでいます。	제 가족은 멀리 살고 있습니다.
折れる	おれる	부러지다	동사	N4	鉛筆の先が折れました。	えんぴつのさきがおれました。	연필 끝이 부러졌습니다.
輸入	ゆにゅう	수입	사물	N4	私たちはブラジルからコーヒーを輸入しているんです。	わたしたちはブラジルからコーヒーをゆにゅうしているんです。	저희는 브라질에서 커피를 수입하고 있습니다.
返事	へんじ	답장	사물	N4	手紙の返事をお忘れなく。	てがみのへんじをおわすれなく。	편지 답장을 잊지 마세요.
都	と	도	장소	N4	ヴェネツィアは水の都です。	ヴェネツィアはみずのとです。	베네치아는 물의 도시입니다.
産業	さんぎょう	산업	사물	N4	この町の主な産業は何ですか。	このまちのおもなさんぎょうはなんですか。	이 마을의 주요 산업은 무엇입니까?
説明	せつめい	설명	사물	N4	説明下手でごめんね。	せつめいへたでごめんね。	설명이 서툴러서 미안해요.
滑る	すべる	미끄러지다	동사	N4	路面が凍結して滑りやすくなっています。	ろめんがとうけつしてすべりやすくなっています。	노면이 얼어서 미끄러지기 쉽습니다.
それほど	それほど	그렇게	부사	N4	あの部屋はそれほど広くないよ。	あのへやはそれほどひろくないよ。	저 방은 그렇게 넓지 않아요.
以上	いじょう	이상	사물	N4	最新の出来事は以上です。	さいしんのできごとはいじょうです。	최신 소식은 이상입니다.
まま	まま	그대로	사물	N4	そのままにしてください。	そのままにしてください。	그대로 두세요.
特急	とっきゅう	특급	사물	N4	最近、特急に乗りましたか。	さいきん、とっきゅうにのりましたか。	최근에 특급을 탔습니까?
プレゼント	プレゼント	선물	사물	N4	誕生日のプレゼントを買います。	たんじょうびのプレゼントをかいます。	생일 선물을 삽니다.
帰り	かえり	귀가	시간	N4	出来れば明日までに帰ります。	できればあしたまでにかえります。	가능하면 내일까지 돌아가겠습니다.
具合	ぐあい	상태	사물	N4	体の具合はどうですか。	からだのぐあいはどうですか。	몸 상태는 어떻습니까?
堅	かたい	단단함	형용사	N4	会の始まりや初対面の堅さをほぐす。	かいのはじまりやしょたいめんのかたさをほぐす。	모임의 시작이나 첫 대면의 딱딱함을 풉니다.
スーツ	スーツ	정장	사물	N4	面接にスーツを着ます。	めんせつにスーツをきます。	면접에 정장을 입습니다.
髪	かみ	머리카락	사람	N4	彼女はくしで髪をとかしてるよ。	かのじょはくしでかみをとかしてるよ。	그녀는 빗으로 머리를 빗고 있습니다.
彼女	かのじょ	그녀	사람	N4	彼女はプログラマーです。	かのじょはプログラマーです。	그녀는 프로그래머입니다.
間	あいだ	사이	장소	N4	机と壁の間に本があります。	つくえとかべのまにほんがあります。	책상과 벽 사이에 책이 있습니다.
卒業	そつぎょう	졸업	사물	N4	私は来春大学を卒業したいです。	わたしはらいしゅんだいがくをそつぎょうしたいです。	저는 내년 봄에 대학을 졸업하고 싶습니다.
それで	それで	그래서	부사	N4	それで結構だと思います。	それでけっこうだとおもいます。	그것으로 충분하다고 생각합니다.
専門	せんもん	전문	사물	N4	私の専門研究分野は社会学です。	わたしのせんもんけんきゅうぶんやはしゃかいがくです。	제 전문 연구 분야는 사회학입니다.
あげる	あげる	주다	동사	N4	彼女は彼にプレゼントをあげた。	かのじょはかれにプレゼントをあげた。	그녀는 그에게 선물을 주었습니다.
騒ぐ	さわぐ	떠들다	동사	N4	この部屋で騒いではいけません。	このへやでさわいではいけません。	이 방에서 떠들면 안 됩니다.
尋ねる	たずねる	묻다	동사	N4	彼女に尋ねる勇気がありますか。	かのじょにたずねるゆうきがありますか。	그녀에게 물을 용기가 있습니까?
放送	ほうそうする	방송	사물	N4	今は何を放送していますか。	いまはなにをほうそうしていますか。	지금은 무엇을 방송하고 있습니까?
政治	せいじ	정치	사물	N4	政治の話は難しいです。	せいじのはなしはむずかしいです。	정치 이야기는 어렵습니다.
市民	しみん	시민	사람	N4	姉は市民菜園で過ごす時間が多いです。	あねはしみんさいえんですごすじかんがおおいです。	누나는 시민 텃밭에서 보내는 시간이 많습니다.
ファックス	ファックス	팩스	사물	N4	書類をファックスで送ります。	しょるいをファックスでおくります。	서류를 팩스로 보냅니다.
負ける	まける	지다	동사	N4	試合に負けました。	しあいにまけました。	시합에 졌습니다.
指輪	ゆびわ	반지	사물	N4	金より銀の指輪の方が好きです。	きんよりぎんのゆびわのほうがすきです。	금보다 은반지 쪽을 좋아합니다.
見つける	みつける	찾아내다	동사	N4	なくした鍵を見つけました。	なくしたかぎをみつけました。	잃어버린 열쇠를 찾아냈습니다.
高校生	こうこうせい	고등학생	사람	N4	トムはごく普通の高校生です。	トムはごくふつうのこうこうせいです。	톰은 아주 평범한 고등학생입니다.
講義	こうぎ	강의	사물	N4	あの先生の講義はあくびが出る。	あのせんせいのこうぎはあくびがでる。	저 선생님의 강의는 하품이 납니다.
そんなに	そんなに	그렇게	부사	N4	なぜあなたは今日そんなに疲れているのですか。	なぜあなたはきょうそんなにつかれているのですか。	왜 당신은 오늘 그렇게 지쳐 있습니까?
昼休み	ひるやすみ	점심시간	시간	N4	昼休みに散歩します。	ひるやすみにさんぽします。	점심시간에 산책합니다.
忘れ物	わすれもの	분실물	사물	N4	御忘れ物なきようお願いします。	ごわすれものなきようおねがいします。	잊으신 물건 없도록 부탁드립니다.
下りる	おりる	내려가다	동사	N4	一行は、歩いてその山を下りた。	いっこうは、あるいてそのやまをおりた。	일행은 걸어서 그 산을 내려갔습니다.
腕	うで	팔	사람	N4	腕が痛いです。	うでがいたいです。	팔이 아픕니다.
訳	わけ	번역	사물	N4	この訳、読みにくいなぁ。	このわけ、よみにくいなぁ。	이 번역, 읽기 힘드네요.
承知	しょうちする	승낙	사물	N4	時間が遅いことは承知しています。	じかんがおそいことはしょうちしています。	시간이 늦은 것은 알고 있습니다.
日記	にっき	일기	사물	N4	日記をつけるのはよい習慣です。	にっきをつけるのはよいしゅうかんです。	일기를 쓰는 것은 좋은 습관입니다.
高校	こうこう	고등학교	장소	N4	兄は高校の先生です。	あにはこうこうのせんせいです。	형은 고등학교 선생님입니다.
似る	にる	닮다	동사	N4	英語と中国語は語順が似てます。	えいごとちゅうごくごはごじゅんがにてます。	영어와 중국어는 어순이 닮았습니다.
おわる	おわる	끝나다	동사	N4	仕事がおわりました。	しごとがおわりました。	일이 끝났습니다.
暖房	だんぼう	난방	사물	N4	お宅の暖房はどのようにしていますか。	おたくのだんぼうはどのようにしていますか。	댁의 난방은 어떻게 하고 계십니까?
留守	るす	부재	사물	N4	留守中にウェストという人から電話があったよ。	るすちゅうにウェストというひとからでんわがあったよ。	부재중에 웨스트라는 분에게서 전화가 왔습니다.
割合	わりあい	비율	사물	N4	熱帯雨林は一日数万ヘクタールの割合でなくなっている。	ねったいうりんはついたちすうまんヘクタールのわりあいでなくなっている。	열대우림은 하루 수만 헥타르의 비율로 사라지고 있습니다.
寺	てら	절	장소	N4	あれは彼らが住んでいる寺です。	あれはかれらがすんでいるてらです。	저것은 그들이 살고 있는 절입니다.
普通	ふつう	보통	형용사	N4	普通の生活を送りたいだけです。	ふつうのせいかつをおくりたいだけです。	평범한 생활을 보내고 싶을 뿐입니다.
なるほど	なるほど	과연	부사	N4	なるほど彼は若いが、用心深い。	なるほどかれはわかいが、ようじんぶかい。	과연 그는 젊지만 조심스럽습니다.
くださる	くださる	주시다	동사	N4	来てくださってありがとうございます。	きてくださってありがとうございます。	와 주셔서 감사합니다.
お子さん	おこさん	자제분	사람	N4	お子さんたちはおいくつですか。	おこさんたちはおいくつですか。	자제분들은 몇 살입니까?
笑う	わらう	웃다	동사	N4	ドラえもんがよくにっこり笑います。	どらえもんがよくにっこりわらいます。	도라에몽이 자주 방긋 웃습니다.
文学	ぶんがく	문학	사물	N4	彼は現代文学を研究しています。	かれはげんだいぶんがくをけんきゅうしています。	그는 현대 문학을 연구하고 있습니다.
光	ひかり	빛	자연	N4	窓から光が入ります。	まどからひかりがはいります。	창문에서 빛이 들어옵니다.
席	せき	자리	사물	N4	禁煙席をお願いします。	きんえんせきをおねがいします。	금연석을 부탁합니다.
様	さま	님	사람	N4	田中様はいらっしゃいますか。	たなかさまはいらっしゃいますか。	다나카 님은 계십니까?
ご存じ	ごぞんじ	아심	사물	N4	郵便局はどこかご存じですか。	ゆうびんきょくはどこかごぞんじですか。	우체국은 어디인지 아십니까?
下る	さがる	내려가다	동사	N4	今日も氷点を下っております。	きょうもひょうてんをくだっております。	오늘도 빙점 아래로 내려가 있습니다.
字	じ	글자	사물	N4	この字は、解読不能です。	このじは、かいどくふのうです。	이 글자는 해독 불가능합니다.
アジア	アジア	아시아	장소	N4	日本はアジアの東部にあります。	にほんはアジアのとうぶにあります。	일본은 아시아 동부에 있습니다.
褒める	ほめる	칭찬하다	동사	N4	褒められて育つタイプなんです。	ほめられてそだつタイプなんです。	칭찬받고 자라는 유형입니다.
あ	あ	아	부사	N4	あ、忘れていました。	あ、わすれていました。	아, 잊고 있었습니다.
最も	もっとも	가장	부사	N4	フランス語は最も美しい言語だと思います。	ふらんすごはもっともうつくしいげんごだとおもいます。	프랑스어는 가장 아름다운 언어라고 생각합니다.
合う	あう	맞다	동사	N4	私の口には合いません。	わたしのくちにはあいません。	제 입에는 맞지 않습니다.
代	だい	요금	사물	N4	毎月のガス代はいくらですか。	まいつきのガスだいはいくらですか。	매달 가스 요금은 얼마입니까?
値段	ねだん	가격	사물	N4	なんでこんな値段で売っているのかわからない。	なんでこんなねだんでうっているのかわからない。	왜 이런 가격에 팔고 있는지 모르겠습니다.
退院	たいいんする	퇴원	사물	N4	彼はもうすぐ退院するでしょう。	かれはもうすぐたいいんするでしょう。	그는 곧 퇴원할 겁니다.
久しぶり	ひさしぶり	오랜만	시간	N4	こんにちは。お久しぶりです。	こんにちは。おひさしぶりです。	안녕하세요. 오랜만입니다.
カーテン	カーテン	커튼	사물	N4	どんな種類のカーテンがそのカーペットに合うと思いますか。	どんなしゅるいのカーテンがそのカーペットにあうとおもいますか。	어떤 종류의 커튼이 그 카펫에 맞는다고 생각합니까?
汽車	きしゃ	기차	사물	N4	汽車はバスよりひんぱんに来ます。	きしゃはバスよりひんぱんにきます。	기차는 버스보다 자주 옵니다.
遅れる	おくれる	늦다	동사	N4	バスが遅れているんだ。	バスがおくれているんだ。	버스가 늦어지고 있습니다.
見つかる	みつかる	발견되다	동사	N4	私の荷物が見つからないんです。	わたしのにもつがみつからないんです。	제 짐이 보이지 않습니다.
召し上がる	めしあがる	드시다	동사	N4	何でもご自由に召し上がってください。	なんでもごじゆうにめしあがってください。	무엇이든 마음껏 드세요.
太る	ふとる	살찌다	동사	N4	最近少し太りました。	さいきんすこしふとりました。	요즘 조금 살쪘습니다.
注射	ちゅうしゃ	주사	사물	N4	痛み止めの注射をします。	いたみとめのちゅうしゃをします。	진통 주사를 놓겠습니다.
おき	おき	마다	부사	N4	二日おきに運動します。	ふつかおきにうんどうします。	이틀마다 운동합니다.
安心	あんしん	안심	사물	N4	それ聞いて安心したよ。	それきいてあんしんしたよ。	그거 듣고 안심했어요.
直る	なおる	고쳐지다	동사	N4	悪いクセはなかなか直らない。	わるいクセはなかなかなおらない。	나쁜 버릇은 좀처럼 고쳐지지 않습니다.
先輩	せんぱい	선배	사람	N4	トムは高校の先輩です。	トムはこうこうのせんぱいです。	톰은 고등학교 선배입니다.
約束	やくそく	약속	사물	N4	トムは約束を守らないことが多い。	トムはやくそくをまもらないことがおおい。	톰은 약속을 지키지 않는 일이 많습니다.
世話	せわする	보살핌	사물	N4	私に職の世話をしてくれますか。	わたしにしょくのせわをしてくれますか。	저에게 일자리를 알아봐 주시겠습니까?
近所	きんじょ	근처	장소	N4	トムはメアリーのご近所さんです。	トムはメアリーのごきんじょさんです。	톰은 메리의 이웃입니다.
将来	しょうらい	장래	시간	N4	将来、彼は何になりたいですか。	しょうらい、かれはなんになりたいですか。	장래에 그는 무엇이 되고 싶습니까?
億	おく	억	사물	N4	実のところ、彼は億万長者です。	みのところ、かれはおくまんちょうじゃです。	사실 그는 억만장자입니다.
数学	すうがく	수학	사물	N4	数学は独自の言語だ。	すうがくはどくじのげんごだ。	수학은 독자적인 언어입니다.
文化	ぶんか	문화	사물	N4	異文化交流は大切だと思います。	いぶんかこうりゅうはたいせつだとおもいます。	이문화 교류는 중요하다고 생각합니다.
払う	はらう	지불하다	동사	N4	今日は、私が払うわ。	きょうは、わたしがはらうわ。	오늘은 제가 낼게요.
習慣	しゅうかん	습관	사물	N4	煙草を吸う習慣は悪い習慣です。	たばこをすうしゅうかんはわるいしゅうかんです。	담배를 피우는 습관은 나쁜 습관입니다.
焼ける	やける	구워지다	동사	N4	パンが焼けました。	パンがやけました。	빵이 구워졌습니다.
君	きみ	너	사람	N4	君がくるとは思わなかった。	きみがくるとはおもわなかった。	네가 올 줄은 몰랐습니다.
冷える	ひえる	식다	동사	N4	今日はずいぶん冷えるのに。	きょうはずいぶんひえるのに。	오늘은 꽤 쌀쌀한데요.
点く	つく	켜지다	동사	N4	テレビを点けてもいいですか。	テレビをつけてもいいですか。	텔레비전을 켜도 됩니까?
この間	このあいだ	요전	시간	N4	この間彼をよく見かけています。	このかんかれをよくみかけています。	요전에 그를 자주 보고 있습니다.
格好	かっこう	모양	사물	N4	こんな格好でしつれいします。	こんなかっこうでしつれいします。	이런 모습으로 실례합니다.
落す	おとす	떨어뜨리다	동사	N4	しおり、落されましたよ。	しおり、おとされましたよ。	책갈피 떨어뜨리셨어요.
出発	しゅっぱつする	출발	사물	N4	出発する前に私に電話するよう、彼らに伝えてください。	しゅっぱつするまえにわたしにでんわするよう、かれらにつたえてください。	출발하기 전에 저에게 전화하라고 그들에게 전해 주세요.
拝見	はいけんする	삼가 봄	사물	N4	パスポートを拝見できますか。	パスポートをはいけんできますか。	여권을 봐도 될까요?
割れる	われる	깨지다	동사	N4	ガラスは割れやすいです。	ガラスはわれやすいです。	유리는 깨지기 쉽습니다.
背中	せなか	등	사람	N4	背中が少し痛いんです。	せなかがすこしいたいんです。	등이 조금 아픕니다.
いじめる	いじめる	괴롭히다	동사	N4	弱い者をいじめてはいけません。	よわいものをいじめてはいけません。	약한 사람을 괴롭히면 안 됩니다.
おっしゃる	おっしゃる	말씀하시다	동사	N4	お名前は何とおっしゃいますか。	おなまえはなんとおっしゃいますか。	성함은 뭐라고 하십니까?
眠い	ねむい	졸리다	형용사	N4	授業中に眠くなりました。	じゅぎょうちゅうにねむくなりました。	수업 중에 졸렸습니다.
濡れる	ぬれる	젖다	동사	N4	雨で服が濡れました。	あめでふくがぬれました。	비로 옷이 젖었습니다.
倒れる	たおれる	쓰러지다	동사	N4	トムは過労で倒れた。	トムはかろうでたおれた。	톰은 과로로 쓰러졌습니다.
アクセサリー	アクセサリー	액세서리	사물	N4	彼女は服にアクセサリーを付けている。	かのじょはふくにアクセサリーをつけている。	그녀는 옷에 액세서리를 달고 있습니다.
考える	かんがえる	생각하다	동사	N4	教師に戻ろうかと考えている。	きょうしにもどろうかとかんがえている。	교사로 돌아갈까 생각하고 있습니다.
向かう	むかう	향하다	동사	N4	駅に向かって歩きます。	えきにむかってあるきます。	역을 향해 걷습니다.
仕方	しかた	방법	사물	N4	私はスキーの仕方を知っています。	わたしはスキーのしかたをしっています。	저는 스키 타는 법을 알고 있습니다.
首	くび	목	사람	N4	首が痛いです。	くびがいたいです。	목이 아픕니다.
程	ほど	정도	사물	N4	この問題は私に解ける程やさしい。	このもんだいはわたしにとけるほどやさしい。	이 문제는 제가 풀 수 있을 정도로 쉽습니다.
代わり	かわり	대신	사물	N4	コーヒーのお代わりはいいですか。	コーヒーのおかわりはいいですか。	커피 리필은 괜찮으십니까?
失敗	しっぱい	실패	사물	N4	君が失敗したのは努力が足りなかったからだ。	きみがしっぱいしたのはどりょくがたりなかったからだ。	당신이 실패한 것은 노력이 부족했기 때문입니다.
工業	こうぎょう	공업	사물	N4	その国は急速に工業化された。	そのくにはきゅうそくにこうぎょうかされた。	그 나라는 급속히 공업화되었습니다.
移る	うつる	옮기다	동사	N4	開発チームはすでに別のプロジェクトに移ってます。	かいはつチームはすでにべつのプロジェクトにうつってます。	개발팀은 이미 다른 프로젝트로 옮겼습니다.
スーツケース	スーツケース	여행가방	사물	N4	スーツケース、お持ちします。	スーツケース、おもちします。	여행가방 들어 드리겠습니다.
紹介	しょうかい	소개	사물	N4	私の友人の山田君を紹介します。	わたしのゆうじんのやまだくんをしょうかいします。	제 친구 야마다 군을 소개하겠습니다.
けれど	けれど	하지만	부사	N4	彼女は貧しいけれど幸福です。	かのじょはまずしいけれどこうふくです。	그녀는 가난하지만 행복합니다.
舟	ふね	배	사물	N4	あなたはノアの箱舟を知っていますか。	あなたはノアのはこふねをしっていますか。	당신은 노아의 방주를 알고 있습니까?
動く	うごく	움직이다	동사	N4	このエンジンは動くのですか。	このエンジンはうごくのですか。	이 엔진은 움직입니까?
コンサート	コンサート	콘서트	사물	N4	トムは今日の夕方コンサートに行きます。	トムはきょうのゆうがたコンサートにいきます。	톰은 오늘 저녁 콘서트에 갑니다.
虫	むし	벌레	자연	N4	彼女はいわゆる本の虫です。	かのじょはいわゆるほんのむしです。	그녀는 이른바 책벌레입니다.
コンピュータ	コンピュータ	컴퓨터	사물	N4	これは私のコンピュータです。	これはわたしのコンピュータです。	이것은 제 컴퓨터입니다.
植える	うえる	심다	동사	N4	庭にグズベリーを植えています。	にわにグズベリーをうえています。	정원에 구스베리를 심고 있습니다.
両方	りょうほう	양쪽	사물	N4	両方とも、日本語が分かりますか。	りょうほうとも、にほんごがわかりますか。	양쪽 다 일본어를 압니까?
汚れる	よごれる	더러워지다	동사	N4	洗面所のタオルが汚れています。	せんめんしょのタオルがよごれています。	세면장의 수건이 더러워져 있습니다.
水泳	すいえい	수영	사물	N4	水泳が一番好きなスポーツなんだ。	すいえいがいちばんすきなスポーツなんだ。	수영이 가장 좋아하는 스포츠입니다.
経験	けいけんする	경험	사물	N4	彼には農業の経験がありますか。	かれにはのうぎょうのけいけんがありますか。	그에게는 농업 경험이 있습니까?
勝つ	かつ	이기다	동사	N4	どのチームが勝つだろうか。	どのチームがかつだろうか。	어느 팀이 이길까요?
警察	けいさつ	경찰	사람	N4	警察は私が車を移動するように求めた。	けいさつはわたしがくるまをいどうするようにもとめた。	경찰은 제가 차를 옮기도록 요구했습니다.
取り替える	とりかえる	바꾸다	동사	N4	この品物を取り替えてもらえますか。	このしなものをとりかえてもらえますか。	이 물건을 바꿔 주시겠습니까?
急ぐ	いそぐ	서두르다	동사	N4	急げば何とか間に合うと思います。	いそげばなんとかまにあうとおもいます。	서두르면 어떻게든 시간에 맞을 것 같습니다.
参る	まいる	가다	동사	N4	あなたといっしょに参ります。	あなたといっしょにまいります。	당신과 함께 가겠습니다.
復習	ふくしゅう	복습	사물	N4	試験に備えて歴史を復習しなさい。	しけんにそなえてれきしをふくしゅうしなさい。	시험에 대비해 역사를 복습하세요.
間に合う	まにあう	시간에 맞다	동사	N4	彼は列車に間に合うでしょうか。	かれはれっしゃにまにあうでしょうか。	그는 열차 시간에 맞출 수 있을까요?
役に立つ	やくにたつ	도움이 되다	동사	N4	この文は、語学学習者には役に立たないよ。	このぶんは、ごがくがくしゅうしゃにはやくにたたないよ。	이 문장은 어학 학습자에게는 도움이 되지 않습니다.
もうすぐ	もうすぐ	이제 곧	부사	N4	もうすぐ晴れてきそうだよ。	もうすぐはれてきそうだよ。	이제 곧 갤 것 같아요.
真中	まんなか	한가운데	장소	N4	バスは通りの真中で急停車した。	バスはとおりのまんなかできゅうていしゃした。	버스는 길 한가운데서 급정거했습니다.
研究	けんきゅう	연구	사물	N4	これは私たちの研究の成果です。	これはわたしたちのけんきゅうのせいかです。	이것은 저희 연구의 성과입니다.
ケーキ	ケーキ	케이크	음식	N4	母がケーキを作っています。	ははがケーキをつくっています。	어머니가 케이크를 만들고 있습니다.
草	くさ	풀	자연	N4	雨が降ると、草の香りがします。	あめがふると、くさのかおりがします。	비가 오면 풀 향기가 납니다.
込む	こむ	붐비다	동사	N4	今晩は列車がとても込んでいる。	こんばんはれっしゃがとてもこんでいる。	오늘 밤은 열차가 아주 붐빕니다.
下げる	さげる	낮추다	동사	N4	もう少し音を下げてくれますか。	もうすこしおとをさげてくれますか。	조금 더 소리를 낮춰 주시겠습니까?
花見	はなみ	꽃구경	사물	N4	私は花見に行きたいです。	わたしははなみにいきたいです。	저는 꽃구경을 가고 싶습니다.
入院	にゅういんする	입원	사물	N4	入院する必要がありますか。	にゅういんするひつようがありますか。	입원할 필요가 있습니까?
乗り換える	のりかえる	갈아타다	동사	N4	新宿へ行くにはどこで乗り換えですか。	しんじゅくへいくにはどこでのりかえですか。	신주쿠에 가려면 어디서 갈아탑니까?
別れる	わかれる	헤어지다	동사	N4	駅で友達と別れました。	えきでともだちとわかれました。	역에서 친구와 헤어졌습니다.
見物	けんぶつ	구경	사물	N4	来年パリ見物をするつもりです。	らいねんパリけんぶつをするつもりです。	내년에 파리 구경을 할 생각입니다.
相談	そうだんする	상담	사물	N4	先生に相談します。	せんせいにそうだんします。	선생님께 상담합니다.
ガソリンスタンド	ガソリンスタンド	주유소	장소	N4	兄はガソリンスタンドで働いています。	あにはガソリンスタンドではたらいています。	형은 주유소에서 일하고 있습니다.
テニス	テニス	테니스	사물	N4	毎週月曜日はテニスをします。	まいしゅうげつようびはテニスをします。	매주 월요일은 테니스를 합니다.
眠る	ねむる	자다	동사	N4	私は眠らなければなりません。	わたしはねむらなければなりません。	저는 자야 합니다.
上がる	あがる	오르다	동사	N4	原油価格は上がり続けています。	げんゆかかくはあがりつづけています。	원유 가격은 계속 오르고 있습니다.
翻訳	ほんやく	번역	사물	N4	このテキストを日本語からフランス語に翻訳してください。	このテキストをにほんごからふらんすごにほんやくしてください。	이 교재를 일본어에서 프랑스어로 번역해 주세요.
お陰	おかげ	덕분	사물	N4	私が今あるのは両親のお陰です。	わたしがいまあるのはりょうしんのおかげです。	제가 지금 있는 것은 부모님 덕분입니다.
湯	ゆ	뜨거운 물	사물	N4	お湯を沸かします。	おゆをわかします。	물을 끓입니다.
競争	きょうそう	경쟁	사물	N4	国内市場の競争はすさまじいものです。	こくないしじょうのきょうそうはすさまじいものです。	국내 시장의 경쟁은 대단합니다.
会議	かいぎ	회의	사물	N4	会議はここで開かれた。	かいぎはここでひらかれた。	회의는 여기서 열렸습니다.
集まる	あつまる	모이다	동사	N4	私たちは年に一度集まります。	わたしたちはとしにいちどあつまります。	저희는 1년에 한 번 모입니다.
にくい	にくい	하기 어렵다	형용사	N4	ギリシャ語は覚えにくい。	ギリシャごはおぼえにくい。	그리스어는 외우기 어렵습니다.
生活	せいかつする	생활	사물	N4	小額の年金で生活するのは彼には困難であった。	しょうがくのねんきんでせいかつするのはかれにはこんなんであった。	적은 연금으로 생활하는 것은 그에게 힘들었습니다.
糸	いと	실	사물	N4	赤い糸と白い糸、どっちがいいですか。	あかいいととしろいいと、どっちがいいですか。	빨간 실과 흰 실, 어느 쪽이 좋습니까?
関係	かんけい	관계	사물	N4	父は鉄道関係の仕事をしています。	ちちはてつどうかんけいのしごとをしています。	아버지는 철도 관계 일을 하고 있습니다.
ピアノ	ピアノ	피아노	사물	N4	トムは毎日ピアノを練習するよ。	トムはまいにちピアノをれんしゅうするよ。	톰은 매일 피아노를 연습합니다.
番組	ばんぐみ	프로그램	사물	N4	今夜はどんな番組がありますか。	こんやはどんなばんぐみがありますか。	오늘 밤은 어떤 프로그램이 있습니까?
急	きゅう	급함	형용사	N4	川幅はこの地点で急に狭まっています。	かわはばはこのちてんできゅうにせばまっています。	강폭은 이 지점에서 급히 좁아집니다.
棚	たな	선반	사물	N4	使っていない整理棚はありますか。	つかっていないせいりたなはありますか。	쓰지 않는 정리 선반은 있습니까?
木綿	もめん	무명	사물	N4	このブラウスは木綿製です。	このブラウスはもめんせいです。	이 블라우스는 무명으로 만들어졌습니다.
輸出	ゆしゅつする	수출	사물	N4	ドル安は輸出にはずみをつけています。	ドルやすはゆしゅつにはずみをつけています。	달러 약세는 수출에 힘을 실어 주고 있습니다.
タイプ	タイプ	타입	사물	N4	あなたは私の好みのタイプです。	あなたはわたしのこのみのタイプです。	당신은 제 취향의 타입입니다.
すり	すり	소매치기	사람	N4	電車ですりに気をつけてください。	でんしゃですりにきをつけてください。	전철에서 소매치기를 조심하세요.
アルコール	アルコール	알코올	음식	N4	ワインはアルコール飲料です。	ワインはアルコールいんりょうです。	와인은 알코올 음료입니다.
ソフト	ソフト	소프트웨어	사물	N4	このソフトはフリーです。	このソフトはフリーです。	이 소프트웨어는 무료입니다.
神社	じんじゃ	신사	장소	N4	本日まず最初に訪れるのは、この町で一番大きい神社です。	ほんじつまずさいしょにおとずれるのは、このまちでいちばんおおきいじんじゃです。	오늘 가장 먼저 찾는 곳은 이 마을에서 가장 큰 신사입니다.
大分	だいぶ	꽤	부사	N4	大分寒くなりました。	だいぶさむくなりました。	꽤 추워졌습니다.
楽しみ	たのしみ	기대	사물	N4	お手紙を楽しみに待っています。	おてがみをたのしみにまっています。	편지를 기대하며 기다리고 있습니다.
趣味	しゅみ	취미	사물	N4	水泳は私の趣味です。	すいえいはわたしのしゅみです。	수영은 제 취미입니다.
電報	でんぽう	전보	사물	N4	彼女はすぐいくと電報を打った。	かのじょはすぐいくとでんぽうをうった。	그녀는 곧 가겠다고 전보를 쳤습니다.
家内	かない	아내	사람	N4	私の家内は医者です。	わたしのかないはいしゃです。	제 아내는 의사입니다.
指	ゆび	손가락	사람	N4	指を切りました。	ゆびをきりました。	손가락을 베었습니다.
これから	これから	앞으로	시간	N4	これからも連絡を取り合いましょうね。	これからもれんらくをとりあいましょうね。	앞으로도 연락을 주고받읍시다.
たまに	たまに	가끔	부사	N4	たまに彼女は学校に遅刻します。	たまにかのじょはがっこうにちこくします。	가끔 그녀는 학교에 지각합니다.
社会	しゃかい	사회	사물	N4	モルモットは社会的動物である。	モルモットはしゃかいてきどうぶつである。	기니피그는 사회적 동물입니다.
作法	さほう	예법	사물	N3	彼は全く作法を心得ていない。	かれはまったくさほうをこころえていない。	그는 전혀 예법을 모릅니다.
冷ます	さます	식히다	동사	N3	ちょっと冷まして、熱いうちは食べないように。	ちょっとさまして、あついうちはたべないように。	조금 식혀서 뜨거울 때는 먹지 않도록 하세요.
覚ます	さます	깨우다	동사	N3	大きな音で目を覚ましました。	おおきなおとでめをさましました。	큰 소리에 잠을 깼습니다.
冷める	さめる	식다	동사	N3	料理が冷めてしまっています。	りょうりがさめてしまっています。	요리가 식어 버렸습니다.
覚める	さめる	깨다	동사	N3	目が覚めたら雪が降っていた。	めがさめたらゆきがふっていた。	잠이 깨니 눈이 내리고 있었습니다.
左右	さゆう	좌우	장소	N3	ぶどう酒の味は天候に大きく左右されるんです。	ぶどうしゅのあじはてんこうにおおきくさゆうされるんです。	와인 맛은 날씨에 크게 좌우됩니다.
皿	さら	접시	사물	N3	皿を洗います。	さらをあらいます。	접시를 씻습니다.
更に	さらに	더욱	부사	N3	更に質問がありますか。	さらにしつもんがありますか。	더 질문이 있습니까?
去る	さる	떠나다	동사	N3	私たちは、この国を永遠に去ります。	わたしたちは、このくにをえいえんにさります。	저희는 이 나라를 영원히 떠납니다.
猿	さる	원숭이	자연	N3	山で猿を見ました。	やまでさるをみました。	산에서 원숭이를 봤습니다.
騒ぎ	さわぎ	소동	사물	N3	外で騒ぎがありました。	そとでさわぎがありました。	밖에서 소동이 있었습니다.
参加	さんか	참가	사물	N3	そのパーティーに参加するには忙しすぎる。	そのパーティーにさんかするにはいそがしすぎる。	그 파티에 참가하기에는 너무 바쁩니다.
参考	さんこう	참고	사물	N3	どの辞書を参考にしたんですか。	どのじしょをさんこうにしたんですか。	어느 사전을 참고했습니까?
賛成	さんせい	찬성	사물	N3	あなたのご意見に全く賛成です。	あなたのごいけんにまったくさんせいです。	당신의 의견에 전적으로 찬성합니다.
酸性	さんせい	산성	사물	N3	海は酸性になっていっている。	うみはさんせいになっていっている。	바다는 산성이 되어 가고 있습니다.
酸素	さんそ	산소	자연	N3	燃焼には酸素が必要です。	ねんしょうにはさんそがひつようです。	연소에는 산소가 필요합니다.
氏	し	씨	사람	N3	シュミット氏はご在宅ですか。	シュミットしはございたくですか。	슈미트 씨는 댁에 계십니까?
詩	し	시	사물	N3	その詩はみながよく知っている。	そのしはみながよくしっている。	그 시는 모두가 잘 알고 있습니다.
幸せ	しあわせ	행복	형용사	N3	いつもにこにこしてるから、彼女は幸せみたいです。	いつもにこにこしてるから、かのじょはしあわせみたいです。	늘 싱글벙글하니 그녀는 행복한 것 같습니다.
ジーンズ	ジーンズ	청바지	사물	N3	私に合うサイズのジーンズはありますか。	わたしにあうサイズのジーンズはありますか。	저에게 맞는 사이즈의 청바지는 있습니까?
ジェット機	ジェットき	제트기	사물	N3	彼女の息子はジェット機のパイロットです。	かのじょのむすこはじぇっときのパイロットです。	그녀의 아들은 제트기 조종사입니다.
直に	じかに	직접	부사	N3	直に話しましょう。	じかにはなしましょう。	직접 이야기합시다.
しかも	しかも	게다가	부사	N3	それは品質がよく、しかも安い。	それはひんしつがよく、しかもやすい。	그것은 품질이 좋고 게다가 쌉니다.
四季	しき	사계	시간	N3	私は四季の中で夏が一番好きだ。	わたしはしきのなかでなつがいちばんすきだ。	저는 사계 중에서 여름을 가장 좋아합니다.
直	じき	바로	부사	N3	会社に戻らず直帰します。	かいしゃにもどらずちょくきします。	회사에 돌아가지 않고 바로 퇴근합니다.
支給	しきゅう	지급	사물	N3	この学校は、生徒に教科書を支給します。	このがっこうは、せいとにきょうかしょをしきゅうします。	이 학교는 학생에게 교과서를 지급합니다.
至急	しきゅう	시급	부사	N3	至急話したいことがあるのです。	しきゅうはなしたいことがあるのです。	시급히 이야기하고 싶은 것이 있습니다.
しきりに	しきりに	자꾸	부사	N3	彼女はしきりにオーストラリアで暮らしたがっています。	かのじょはしきりにオーストラリアでくらしたがっています。	그녀는 자꾸 호주에서 살고 싶어 합니다.
刺激	しげき	자극	사물	N3	刺激的な新刊書が注目をひく。	しげきてきなしんかんしょがちゅうもくをひく。	자극적인 신간이 주목을 끕니다.
資源	しげん	자원	사물	N3	最近アフガニスタンでは、豊富な鉱物資源が発見された。	さいきんアフガニスタンでは、ほうふなこうぶつしげんがはっけんされた。	최근 아프가니스탄에서 풍부한 광물 자원이 발견되었습니다.
事件	じけん	사건	사물	N3	ここがあの事件の起こった場所です。	ここがあのじけんのおこったばしょです。	여기가 그 사건이 일어난 장소입니다.
時刻	じこく	시각	시간	N3	ロサンゼルス到着時刻は何時ですか。	ロサンゼルスとうちゃくじこくはなんじですか。	로스앤젤레스 도착 시각은 몇 시입니까?
自殺	じさつ	자살	사물	N3	自殺を防ぐ相談窓口があります。	じさつをふせぐそうだんまどぐちがあります。	자살을 막는 상담 창구가 있습니다.
事実	じじつ	사실	사물	N3	その件が事実であると承認します。	そのけんがじじつであるとしょうにんします。	그 건이 사실임을 인정합니다.
支出	ししゅつ	지출	사물	N3	毎月の支出を減らす必要があります。	まいつきのししゅつをへらすひつようがあります。	매달 지출을 줄일 필요가 있습니다.
事情	じじょう	사정	사물	N3	事情はこの通りです。	じじょうはこのとおりです。	사정은 이와 같습니다.
詩人	しじん	시인	사람	N3	あれがパリで会った詩人です。	あれがパリであったしじんです。	저 사람이 파리에서 만난 시인입니다.
自身	じしん	자신	사람	N3	物事は、ありのまま見るのではなく、自分自身をそこに見る。	ものごとは、ありのままみるのではなく、じぶんじしんをそこにみる。	사물은 있는 그대로 보는 것이 아니라 자기 자신을 거기서 봅니다.
沈む	しずむ	가라앉다	동사	N3	冬には早く日が沈みます。	ふゆにははやくひがしずみます。	겨울에는 해가 빨리 집니다.
思想	しそう	사상	사물	N3	祖父は今でも新思想を吸収しようと努力しています。	そふはいまでもしんしそうをきゅうしゅうしようとどりょくしています。	할아버지는 지금도 새 사상을 흡수하려고 노력하고 있습니다.
舌	した	혀	사람	N3	舌の横側が痛いんです。	したのよこがわがいたいんです。	혀 옆쪽이 아픕니다.
次第	しだい	나름	사물	N3	それはまったくあなた次第です。	それはまったくあなたしだいです。	그것은 전적으로 당신 나름입니다.
従う	したがう	따르다	동사	N3	私は指示に従っているだけです。	わたしはしじにしたがっているだけです。	저는 지시에 따르고 있을 뿐입니다.
したがって	したがって	따라서	부사	N3	したがって生産費を削る必要がある。	したがってせいさんひをけずるひつようがある。	따라서 생산비를 줄일 필요가 있습니다.
親しい	したしい	친하다	형용사	N3	私は彼と親しくなった。	わたしはかれとしたしくなった。	저는 그와 친해졌습니다.
質	しつ	질	사물	N3	この店は質がいいです。	このみせはしつがいいです。	이 가게는 질이 좋습니다.
失業	しつぎょう	실업	사물	N3	トムはまだ失業中だと思います。	トムはまだしつぎょうちゅうだとおもいます。	톰은 아직 실업 중이라고 생각합니다.
実験	じっけん	실험	사물	N3	それはまだ実験段階にあります。	それはまだじっけんだんかいにあります。	그것은 아직 실험 단계에 있습니다.
実現	じつげん	실현	사물	N3	あのアイデアは実現しそうですか。	あのアイデアはじつげんしそうですか。	저 아이디어는 실현될 것 같습니까?
実行	じっこう	실행	사물	N3	彼は実行力のある人です。	かれはじっこうりょくのあるひとです。	그는 실행력이 있는 사람입니다.
実際	じっさい	실제	부사	N3	君は実際に事故を見たのですか。	きみはじっさいにじこをみたのですか。	당신은 실제로 사고를 봤습니까?
実施	じっし	실시	사물	N3	私はこの計画を実施するつもりです。	わたしはこのけいかくをじっしするつもりです。	저는 이 계획을 실시할 생각입니다.
湿度	しつど	습도	자연	N3	湿度がすごく高いですね。	しつどがすごくたかいですね。	습도가 굉장히 높네요.
じっと	じっと	가만히	부사	N3	その男はじっと横たわっていた。	そのおとこはじっとよこたわっていた。	그 남자는 가만히 누워 있었습니다.
実に	じつに	실로	부사	N3	この山の生活は実に快適です。	このやまのせいかつはじつにかいてきです。	이 산의 생활은 실로 쾌적합니다.
失望	しつぼう	실망	사물	N3	今回は信じてたのに完全に失望したよ。	こんかいはしんじてたのにかんぜんにしつぼうしたよ。	이번에는 믿었는데 완전히 실망했습니다.
実力	じつりょく	실력	사물	N3	彼はどう見ても実力者だった。	かれはどうみてもじつりょくしゃだった。	그는 아무리 봐도 실력자였습니다.
指導	しどう	지도	사물	N3	新しい指導者はどんな人ですか。	あたらしいしどうしゃはどんなひとですか。	새 지도자는 어떤 사람입니까?
自動	じどう	자동	사물	N3	自動販売機はあそこにあります。	じどうはんばいきはあそこにあります。	자동판매기는 저기에 있습니다.
児童	じどう	아동	사람	N3	図書館にはたくさんの児童書がある。	としょかんにはたくさんのじどうしょがある。	도서관에는 아동서가 많이 있습니다.
品	しな	물건	사물	N3	食料品の買い出しに行かなくちゃ。	しょくりょうひんのかいだしにいかなくちゃ。	식료품을 사러 가야 합니다.
支配	しはい	지배	사물	N3	ナンシーは夫を支配している。	ナンシーはおっとをしはいしている。	낸시는 남편을 지배하고 있습니다.
芝居	しばい	연극	사물	N3	今、人気のある芝居は何ですか。	いま、にんきのあるしばいはなんですか。	지금 인기 있는 연극은 무엇입니까?
しばしば	しばしば	자주	부사	N3	トムはしばしば物を覚えるのに苦労する。	トムはしばしばものをおぼえるのにくろうする。	톰은 자주 무언가를 외우는 데 고생합니다.
芝生	しばふ	잔디	자연	N3	子供たちが芝生で遊んでいます。	こどもたちがしばふであそんでいます。	아이들이 잔디에서 놀고 있습니다.
支払	しはらい	지불	사물	N3	どのような支払方法がありますか。	どのようなしはらいほうほうがありますか。	어떤 지불 방법이 있습니까?
支払う	しはらう	지불하다	동사	N3	クレジットカードで支払います。	クレジットカードでしはらいます。	신용카드로 지불하겠습니다.
死亡	しぼう	사망	사물	N3	事故の死亡者はいませんでした。	じこのしぼうしゃはいませんでした。	사고 사망자는 없었습니다.
資本	しほん	자본	사물	N3	この計画の資本金が用意された。	このけいかくのしほんきんがよういされた。	이 계획의 자본금이 마련되었습니다.
姉妹	しまい	자매	사람	N3	神戸はシアトルの姉妹都市です。	こうべはシアトルのしまいとしです。	고베는 시애틀의 자매도시입니다.
自慢	じまん	자랑	사물	N3	あなたは私の自慢の宝物です。	あなたはわたしのじまんのほうもつです。	당신은 제 자랑스러운 보물입니다.
示す	しめす	보이다	동사	N3	別の例を示しなさい。	べつのれいをしめしなさい。	다른 예를 보여 주세요.
湿る	しめる	축축해지다	동사	N3	雨で服が湿りました。	あめでふくがしめりました。	비로 옷이 축축해졌습니다.
霜	しも	서리	자연	N3	道路に霜が降りています。	どうろにしもがふりています。	도로에 서리가 내려 있습니다.
借金	しゃっきん	빚	사물	N3	出来るだけ早く借金は返済します。	できるだけはやくしゃっきんはへんさいします。	가능한 한 빨리 빚은 갚겠습니다.
しゃべる	しゃべる	수다 떨다	동사	N3	フランス語もしゃべりますか。	ふらんすごもしゃべりますか。	프랑스어도 하십니까?
週	しゅう	주	시간	N3	日曜日は週の始まりの日です。	にちようびはしゅうのはじまりのひです。	일요일은 주의 시작 날입니다.
州	しゅう	주	장소	N3	マイアミはフロリダ州最大の都市です。	マイアミはフロリダしゅうさいだいのとしです。	마이애미는 플로리다주 최대의 도시입니다.
銃	じゅう	총	사물	N3	銃の所持は禁止されています。	じゅうのしょじはきんしされています。	총기 소지는 금지되어 있습니다.
周囲	しゅうい	주위	장소	N3	君は周囲の人に無関心すぎるよ。	きみはしゅういのひとにむかんしんすぎるよ。	당신은 주위 사람에게 너무 무관심합니다.
収穫	しゅうかく	수확	사물	N3	その畑からはよい収穫があった。	そのはたけからはよいしゅうかくがあった。	그 밭에서는 좋은 수확이 있었습니다.
宗教	しゅうきょう	종교	사물	N3	仏教はインド由来の宗教です。	ぶっきょうはインドゆらいのしゅうきょうです。	불교는 인도에서 유래한 종교입니다.
重視	じゅうし	중시	사물	N3	彼を重視しているのですか。	かれをじゅうししているのですか。	그를 중시하고 있습니까?
就職	しゅうしょく	취직	사물	N3	彼が就職する可能性はありますか。	かれがしゅうしょくするかのうせいはありますか。	그가 취직할 가능성은 있습니까?
ジュース	ジュース	주스	음식	N3	オレンジ・ジュースをください。	オレンジ・ジュースをください。	오렌지 주스를 주세요.
修正	しゅうせい	수정	사물	N3	もはや修正は手遅れです。	もはやしゅうせいはておくれです。	이제 수정은 너무 늦었습니다.
重体	じゅうたい	위독	사물	N3	重体の赤ちゃんは医者の注意深い監視下に置かれていた。	じゅうたいのあかちゃんはいしゃのちゅういぶかいかんしかにおかれていた。	위독한 아기는 의사의 주의 깊은 감시 아래 놓였습니다.
渋滞	じゅうたい	정체	사물	N3	渋滞はないです。	じゅうたいはないです。	정체는 없습니다.
重大	じゅうだい	중대함	형용사	N3	その事実は、科学の観点からすれば、非常に重大です。	そのじじつは、かがくのかんてんからすれば、ひじょうにじゅうだいです。	그 사실은 과학의 관점에서 보면 매우 중대합니다.
住宅	じゅうたく	주택	장소	N3	一戸建より共同住宅に住む世帯の増加率の方が高い。	いちこけんよりきょうどうじゅうたくにすむせたいのぞうかりつのほうがたかい。	단독주택보다 공동주택에 사는 세대의 증가율이 더 높습니다.
集団	しゅうだん	집단	사람	N3	世帯とは住居や生計を同じくしている集団です。	せたいとはじゅうきょやせいけいをおなじくしているしゅうだんです。	세대란 주거나 생계를 함께하는 집단입니다.
集中	しゅうちゅう	집중	사물	N3	トムは集中できなかったよ。	トムはしゅうちゅうできなかったよ。	톰은 집중할 수 없었습니다.
収入	しゅうにゅう	수입	사물	N3	教師の収入はどれくらいですか。	きょうしのしゅうにゅうはどれくらいですか。	교사의 수입은 어느 정도입니까?
住民	じゅうみん	주민	사람	N3	その計画は住民の反対にあった。	そのけいかくはじゅうみんのはんたいにあった。	그 계획은 주민의 반대에 부딪혔습니다.
重要	じゅうよう	중요함	형용사	N3	この情報は私たちにとってとても重要です。	このじょうほうはわたしたちにとってとてもじゅうようです。	이 정보는 저희에게 매우 중요합니다.
修理	しゅうり	수리	사물	N3	橋は修理中です。	はしはしゅうりちゅうです。	다리는 수리 중입니다.
主義	しゅぎ	주의	사물	N3	民主主義がないところに信頼はない。	みんしゅしゅぎがないところにしんらいはない。	민주주의가 없는 곳에 신뢰는 없습니다.
宿泊	しゅくはく	숙박	사물	N3	宿泊をもう一晩延長できますか。	しゅくはくをもういちばんえんちょうできますか。	숙박을 하룻밤 더 연장할 수 있습니까?
手術	しゅじゅつ	수술	사물	N3	手術をすれば治りますか。	しゅじゅつをすればなおりますか。	수술을 하면 낫습니까?
首相	しゅしょう	총리	사람	N3	首相は明日、記者会見を開きます。	しゅしょうはあした、きしゃかいけんをひらきます。	총리는 내일 기자회견을 엽니다.
手段	しゅだん	수단	사물	N3	出発前に交通手段の手配を済ませたいのです。	しゅっぱつまえにこうつうしゅだんのてはいをすませたいのです。	출발 전에 교통수단 준비를 마치고 싶습니다.
主張	しゅちょう	주장	사물	N3	私は彼の有罪を主張するつもりです。	わたしはかれのゆうざいをしゅちょうするつもりです。	저는 그의 유죄를 주장할 생각입니다.
出場	しゅつじょう	출전	사물	N3	彼はその競技の出場資格を失った。	かれはそのきょうぎのしゅつじょうしかくをうしなった。	그는 그 경기의 출전 자격을 잃었습니다.
出身	しゅっしん	출신	사물	N3	出身はオーストラリアです。	しゅっしんはオーストラリアです。	출신은 호주입니다.
出版	しゅっぱん	출판	사물	N3	この本は来年出版の予定です。	このほんはらいねんしゅっぱんのよていです。	이 책은 내년 출판 예정입니다.
主婦	しゅふ	주부	사람	N3	メアリーは、専業主婦です。	メアリーは、せんぎょうしゅふです。	메리는 전업주부입니다.
需要	じゅよう	수요	사물	N3	これらの品物の需要は多いですか。	これらのしなもののじゅようはおおいですか。	이 물건들의 수요는 많습니까?
種類	しゅるい	종류	사물	N3	お金の種類はどういたしますか。	おかねのしゅるいはどういたしますか。	돈의 종류는 어떻게 해 드릴까요?
順	じゅん	순	사물	N3	名前はアルファベット順です。	なまえはアルファベットじゅんです。	이름은 알파벳순입니다.
順番	じゅんばん	차례	사물	N3	あなたが質問に答える順番です。	あなたがしつもんにこたえるじゅんばんです。	당신이 질문에 답할 차례입니다.
使用	しよう	사용	사물	N3	このトイレは生徒使用禁止です。	このトイレはせいとしようきんしです。	이 화장실은 학생 사용 금지입니다.
小	しょう	작음	사물	N3	これは使いやすい小箱です。	これはつかいやすいしょうはこです。	이것은 쓰기 편한 작은 상자입니다.
章	しょう	장	사물	N3	それでは、次の章の内容を確認していきたいと思います。	それでは、つぎのしょうのないようをかくにんしていきたいとおもいます。	그럼 다음 장의 내용을 확인해 보고 싶습니다.
賞	しょう	상	사물	N3	一等賞は王女からのキスです。	いっとうしょうはおうじょからのキスです。	1등상은 공주에게서 받는 키스입니다.
障害	しょうがい	장애	사물	N3	更年期障害があります。	こうねんきしょうがいがあります。	갱년기 장애가 있습니다.
乗客	じょうきゃく	승객	사람	N3	かなりの乗客が船に乗っていた。	かなりのじょうきゃくがふねにのっていた。	상당한 승객이 배에 타고 있었습니다.
上京	じょうきょう	상경	사물	N3	彼の両親は上京する予定です。	かれのりょうしんはじょうきょうするよていです。	그의 부모는 상경할 예정입니다.
状況	じょうきょう	상황	사물	N3	後ほど状況をご連絡します。	のちほどじょうきょうをごれんらくします。	나중에 상황을 연락드리겠습니다.
条件	じょうけん	조건	사물	N3	その条件には全く不満足です。	そのじょうけんにはまったくふまんぞくです。	그 조건에는 전혀 만족스럽지 않습니다.
正午	しょうご	정오	시간	N3	列車は正午に到着するはずです。	れっしゃはしょうごにとうちゃくするはずです。	열차는 정오에 도착할 겁니다.
常識	じょうしき	상식	사물	N3	一般常識を持っていますか。	いっぱんじょうしきをもっていますか。	일반 상식을 갖고 있습니까?
少女	しょうじょ	소녀	사람	N3	少女が私の前に現れた。	しょうじょがわたしのまえにあらわれた。	소녀가 제 앞에 나타났습니다.
症状	しょうじょう	증상	사물	N3	この症状が出たのはいつですか。	このしょうじょうがでたのはいつですか。	이 증상이 나타난 것은 언제입니까?
生じる	しょうじる	생기다	동사	N3	生じた利息は貯金口座に入金されます。	しょうじたりそくはちょきんこうざににゅうきんされます。	생긴 이자는 저축 계좌에 입금됩니다.
状態	じょうたい	상태	사물	N3	両国は今、平和な状態にあります。	りょうこくはいま、へいわなじょうたいにあります。	양국은 지금 평화로운 상태에 있습니다.
上達	じょうたつ	향상	사물	N3	彼の上達ぶりに満足しています。	かれのじょうたつぶりにまんぞくしています。	그의 향상된 모습에 만족하고 있습니다.
冗談	じょうだん	농담	사물	N3	彼は冗談を全然理解できない。	かれはじょうだんをぜんぜんりかいできない。	그는 농담을 전혀 이해하지 못합니다.
上等	じょうとう	고급	형용사	N3	ぼくのペンは君のペンほど上等ではない。	ぼくのペンはきみのペンほどじょうとうではない。	제 펜은 당신 펜만큼 고급은 아닙니다.
衝突	しょうとつ	충돌	사물	N3	大型船が漁船に衝突しました。	おおがたせんがぎょせんにしょうとつしました。	대형선이 어선에 충돌했습니다.
商人	しょうにん	상인	사람	N3	彼らは商人ではなくて、農場主です。	かれらはしょうにんではなくて、のうじょうおもです。	그들은 상인이 아니라 농장주입니다.
承認	しょうにん	승인	사물	N3	あなたのプランを承認します。	あなたのプランをしょうにんします。	당신의 계획을 승인합니다.
少年	しょうねん	소년	사람	N3	泳いでいる少年は私の弟です。	およいでいるしょうねんはわたしのおとうとです。	헤엄치고 있는 소년은 제 남동생입니다.
商売	しょうばい	장사	사물	N3	彼の願望は商売を始める事です。	かれのがんぼうはしょうばいをはじめることです。	그의 소망은 장사를 시작하는 것입니다.
消費	しょうひ	소비	사물	N3	値段には消費税を含みます。	ねだんにはしょうひぜいをふくみます。	가격에는 소비세를 포함합니다.
賞品	しょうひん	상품	사물	N3	先生はジョンに賞品を与えた。	せんせいはジョンにしょうひんをあたえた。	선생님은 존에게 상품을 주었습니다.
消防	しょうぼう	소방	사물	N3	地元の消防局からお知らせを受け取った。	じもとのしょうぼうきょくからおしらせをうけとった。	지역 소방서에서 안내를 받았습니다.
情報	じょうほう	정보	사물	N3	この情報は私たちにとってとても重要です。	このじょうほうはわたしたちにとってとてもじゅうようです。	이 정보는 저희에게 매우 중요합니다.
証明	しょうめい	증명	사물	N3	彼のむじつを証明できますか。	かれのむじつをしょうめいできますか。	그의 무죄를 증명할 수 있습니까?
省略	しょうりゃく	생략	사물	N3	その文からこの言葉を省略すべきです。	そのぶんからこのことばをしょうりゃくすべきです。	그 문장에서 이 말을 생략해야 합니다.
女王	じょおう	여왕	사람	N3	女王のクラウンは黄金でできています。	じょおうのクラウンはおうごんでできています。	여왕의 왕관은 황금으로 되어 있습니다.
職	しょく	직업	사물	N3	彼は職を探している。	かれはしょくをさがしている。	그는 일자리를 찾고 있습니다.
職業	しょくぎょう	직업	사물	N3	お父さんの職業はなんですか。	おとうさんのしょくぎょうはなんですか。	아버지의 직업은 무엇입니까?
食卓	しょくたく	식탁	사물	N3	母が私に食卓の用意をするよう頼んできた。	ははがわたしにしょくたくのよういをするようたのんできた。	어머니가 저에게 식탁 준비를 하라고 부탁했습니다.
食品	しょくひん	식품	음식	N3	インスタント食品は塩分が多い。	インスタントしょくひんはえんぶんがおおい。	인스턴트식품은 염분이 많습니다.
植物	しょくぶつ	식물	자연	N3	植物はみな水と光を必要とします。	しょくぶつはみなすいとひかりをひつようとします。	식물은 모두 물과 빛을 필요로 합니다.
食物	しょくもつ	음식물	음식	N3	日本で食物が高いと思います。	にほんでしょくもつがたかいとおもいます。	일본에서 음식물이 비싸다고 생각합니다.
食料	しょくりょう	식료	음식	N3	私達は食料を調達するため店に入った。	わたしたちはしょくりょうをちょうたつするためみせにはいった。	저희는 식료를 조달하러 가게에 들어갔습니다.
食糧	しょくりょう	식량	음식	N3	赤十字は難民たちに食糧を配った。	せきじゅうじはなんみんたちにしょくりょうをくばった。	적십자는 난민들에게 식량을 나눠 주었습니다.
書斎	しょさい	서재	장소	N3	この書斎は私の父のです。	このしょさいはわたしのちちのです。	이 서재는 제 아버지의 것입니다.
女子	じょし	여자	사람	N3	このクラスは女子が男子より多いです。	このクラスはじょしがだんしよりおおいです。	이 반은 여자가 남자보다 많습니다.
助手	じょしゅ	조수	사람	N3	トムはメアリーの助手なんです。	トムはメアリーのじょしゅなんです。	톰은 메리의 조수입니다.
署名	しょめい	서명	사물	N3	この書類に署名していただけますか。	このしょるいにしょめいしていただけますか。	이 서류에 서명해 주시겠습니까?
書物	しょもつ	서적	사물	N3	書物から大きな楽しみが得られます。	しょもつからおおきなたのしみがえられます。	서적에서 큰 즐거움을 얻을 수 있습니다.
女優	じょゆう	여배우	사람	N3	彼女の望みは女優になることです。	かのじょののぞみはじょゆうになることです。	그녀의 소망은 여배우가 되는 것입니다.
処理	しょり	처리	사물	N3	すぐに処理します。	すぐにしょりします。	바로 처리하겠습니다.
知らせ	しらせ	소식	사물	N3	彼はその知らせを聞いてがっかりした。	かれはそのしらせをきいてがっかりした。	그는 그 소식을 듣고 실망했습니다.
尻	しり	엉덩이	사람	N3	椅子から尻が滑りました。	いすからしりがすべりました。	의자에서 엉덩이가 미끄러졌습니다.
印	しるし	표시	사물	N3	この印はどういうものですか。	このしるしはどういうものですか。	이 표시는 어떤 것입니까?
城	しろ	성	장소	N3	ここは、私たちが先週訪れた城です。	ここは、わたしたちがせんしゅうおとずれたしろです。	여기는 저희가 지난주에 방문한 성입니다.
進学	しんがく	진학	사물	N3	大学院に進学するつもりです。	だいがくいんにしんがくするつもりです。	대학원에 진학할 생각입니다.
神経	しんけい	신경	사람	N3	神経痛ではないかと思うのです。	しんけいつうではないかとおもうのです。	신경통이 아닐까 생각합니다.
真剣	しんけん	진지함	형용사	N3	真剣に学び続けた人こそが人生の勝利者であります。	しんけんにまなびつづけたひとこそがじんせいのしょうりしゃであります。	진지하게 계속 배운 사람이야말로 인생의 승리자입니다.
信仰	しんこう	신앙	사물	N3	ばあばは、信仰深い人なんです。	ばあばは、しんこうふかいひとなんです。	할머니는 신앙심이 깊은 분입니다.
信号	しんごう	신호	사물	N3	信号が変わるのを待ってます。	しんごうがかわるのをまってます。	신호가 바뀌기를 기다리고 있습니다.
人工	じんこう	인공	사물	N3	うちの子は、人工乳で育てています。	うちのこは、じんこうちちでそだてています。	저희 아이는 분유로 키우고 있습니다.
深刻	しんこく	심각함	형용사	N3	何か深刻なことなのですか。	なにかしんこくなことなのですか。	뭔가 심각한 일입니까?
診察	しんさつ	진찰	사물	N3	診察券は要らないんですか。	しんさつけんはいらないんですか。	진찰권은 필요 없습니까?
人種	じんしゅ	인종	사람	N3	世界にはいろいろな人種がいる。	せかいにはいろいろなじんしゅがいる。	세계에는 여러 인종이 있습니다.
信じる	しんじる	믿다	동사	N3	私は神の存在を信じない。	わたしはかみのそんざいをしんじない。	저는 신의 존재를 믿지 않습니다.
人生	じんせい	인생	사물	N3	幸せな人生を送りたいんです。	しあわせなじんせいをおくりたいんです。	행복한 인생을 보내고 싶습니다.
親戚	しんせき	친척	사람	N3	あなたは長島さん一家と親戚ですか。	あなたはながしまさんいっかとしんせきですか。	당신은 나가시마 씨 일가와 친척입니까?
新鮮	しんせん	신선함	형용사	N3	新鮮な果物はあなたの健康に良いです。	しんせんなくだものはあなたのけんこうによいです。	신선한 과일은 당신의 건강에 좋습니다.
心臓	しんぞう	심장	사람	N3	心臓がバクバクし始めたんです。	しんぞうがバクバクしはじめたんです。	심장이 쿵쾅거리기 시작했습니다.
身体	しんたい	신체	사람	N3	彼は身体が持ち上げられるのを感じた。	かれはしんたいがもちあげられるのをかんじた。	그는 몸이 들어 올려지는 것을 느꼈습니다.
身長	しんちょう	신장	사람	N3	選手達の平均身長はどのくらいですか。	せんしゅたちのへいきんしんちょうはどのくらいですか。	선수들의 평균 신장은 어느 정도입니까?
慎重	しんちょう	신중함	형용사	N3	彼は慎重に仕事をするひとです。	かれはしんちょうにしごとをするひとです。	그는 신중하게 일을 하는 사람입니다.
審判	しんぱん	심판	사람	N3	その審判は自国の肩をもった。	そのしんぱんはじこくのかたをもった。	그 심판은 자기 나라 편을 들었습니다.
人物	じんぶつ	인물	사람	N3	登場人物の名前はハムレットです。	とうじょうじんぶつのなまえはハムレットです。	등장인물의 이름은 햄릿입니다.
進歩	しんぽ	진보	사물	N3	彼の進歩ぶりに満足しています。	かれのしんぽぶりにまんぞくしています。	그의 진보한 모습에 만족하고 있습니다.
親友	しんゆう	친한 친구	사람	N3	私たち、昔からの親友なんです。	わたしたち、むかしからのしんゆうなんです。	저희는 오래된 친한 친구입니다.
信用	しんよう	신용	사물	N3	トムは口が固いので信用できます。	トムはくちがかたいのでしんようできます。	톰은 입이 무거워서 신용할 수 있습니다.
信頼	しんらい	신뢰	사물	N3	トムのことを信頼していますか。	トムのことをしんらいしていますか。	톰을 신뢰하고 있습니까?
心理	しんり	심리	사물	N3	私の母は心理学の先生です。	わたしのはははしんりがくのせんせいです。	제 어머니는 심리학 선생님입니다.
人類	じんるい	인류	사람	N3	平和は人類にとって大事な生存条件です。	へいわはじんるいにとってだいじなせいぞんじょうけんです。	평화는 인류에게 중요한 생존 조건입니다.
巣	す	둥지	자연	N3	鳥は巣作りをする。	とりはすづくりをする。	새는 둥지를 짓습니다.
酢	す	식초	음식	N3	お酢と油を持ってきてください。	おすとあぶらをもってきてください。	식초와 기름을 가져다주세요.
図	ず	그림	사물	N3	地下鉄の路線図はありますか。	ちかてつのろせんずはありますか。	지하철 노선도는 있습니까?
水準	すいじゅん	수준	사물	N3	私たちは豊かな生活水準を当然のことと思っています。	わたしたちはゆたかなせいかつすいじゅんをとうぜんのこととおもっています。	저희는 풍족한 생활 수준을 당연하게 여기고 있습니다.
推薦	すいせん	추천	사물	N3	このレストランは推薦できます。	このレストランはすいせんできます。	이 레스토랑은 추천할 수 있습니다.
スイッチ	スイッチ	스위치	사물	N3	テレビのスイッチを入れて下さい。	テレビのスイッチをいれてください。	텔레비전 스위치를 켜 주세요.
睡眠	すいみん	수면	사물	N3	睡眠中は、体温が数度下がります。	すいみんちゅうは、たいおんがすうどさがります。	수면 중에는 체온이 몇 도 내려갑니다.
数	すう	수	사물	N3	生徒の数がだんだん減ってきた。	せいとのかずがだんだんへってきた。	학생 수가 점점 줄어들었습니다.
数字	すうじ	숫자	사물	N3	私は、数字を操るのがへたです。	わたしは、すうじをあやつるのがへたです。	저는 숫자를 다루는 것이 서툽니다.
スープ	スープ	수프	음식	N3	すみません、スープに髪の毛が入っていたんですけど。	すみません、スープにかみのけがはいっていたんですけど。	죄송한데 수프에 머리카락이 들어 있었습니다.
末	すえ	말	시간	N3	今週末、何か計画はありますか。	こんしゅうまつ、なにかけいかくはありますか。	이번 주말에 뭔가 계획은 있습니까?
姿	すがた	모습	사물	N3	向こうに警官の姿が見えますか。	むこうにけいかんのすがたがみえますか。	건너편에 경찰관의 모습이 보입니까?
スキー	スキー	스키	사물	N3	しょっちゅうスキーに行きます。	しょっちゅうスキーにいきます。	자주 스키 타러 갑니다.
救う	すくう	구하다	동사	N3	トムを救うにはどうすればいいのですか。	トムをすくうにはどうすればいいのですか。	톰을 구하려면 어떻게 해야 합니까?
すくなくとも	すくなくとも	적어도	부사	N3	すくなくとも一度は会いたいです。	すくなくともいちどはあいたいです。	적어도 한 번은 만나고 싶습니다.
優れる	すぐれる	뛰어나다	동사	N3	トムは優れたテニスプレイヤーです。	トムはすぐれたテニスプレイヤーです。	톰은 뛰어난 테니스 선수입니다.
スケート	スケート	스케이트	사물	N3	トムはフィギュアスケートを習っている。	トムはフィギュアスケートをならっている。	톰은 피겨스케이트를 배우고 있습니다.
スケジュール	スケジュール	스케줄	사물	N3	スケジュールを確認してみます。	スケジュールをかくにんしてみます。	스케줄을 확인해 보겠습니다.
過ごす	すごす	보내다	동사	N3	トムはますます多くの時間をボストンで過ごしている。	トムはますますおおくのじかんをボストンですごしている。	톰은 점점 더 많은 시간을 보스턴에서 보내고 있습니다.
筋	すじ	근육	사람	N3	筋トレするのが好きなんです。	すじトレするのがすきなんです。	근력 운동 하는 것을 좋아합니다.
進める	すすめる	진행하다	동사	N3	私の責任においてこの計画を進めます。	わたしのせきにんにおいてこのけいかくをすすめます。	제 책임 아래 이 계획을 진행하겠습니다.
勧める	すすめる	권하다	동사	N3	彼は早く出発することを勧めた。	かれははやくしゅっぱつすることをすすめた。	그는 일찍 출발할 것을 권했습니다.
スター	スター	스타	사람	N3	映画のスターに会いました。	えいがのスターにあいました。	영화 스타를 만났습니다.
スタイル	スタイル	스타일	사물	N3	私はスタイルがまあまあです。	わたしはスタイルがまあまあです。	저는 스타일이 그럭저럭입니다.
スタンド	スタンド	스탠드	사물	N3	ここで電気スタンドは売っていますか。	ここででんきスタンドはうっていますか。	여기서 전기 스탠드는 팔고 있습니까?
頭痛	ずつう	두통	사물	N3	トムは頭痛に悩まされている。	トムはずつうになやまされている。	톰은 두통에 시달리고 있습니다.
ずっと	ずっと	훨씬	부사	N3	私はトムよりずっと若いです。	わたしはトムよりずっとわかいです。	저는 톰보다 훨씬 젊습니다.
すっぱい	すっぱい	시다	형용사	N3	そのリンゴはすっぱい味がします。	そのリンゴはすっぱいあじがします。	그 사과는 신맛이 납니다.
すてき	すてき	멋짐	형용사	N3	私の父の自動車はとてもすてきです。	わたしのちちのじどうしゃはとてもすてきです。	제 아버지의 자동차는 아주 멋집니다.
既に	すでに	이미	부사	N3	彼女はもう既に結婚しています。	かのじょはもうすでにけっこんしています。	그녀는 이미 결혼했습니다.
すなわち	すなわち	즉	부사	N3	彼はすごい知識を持った人です。すなわち、生き字引です。	かれはすごいちしきをもったひとです。すなわち、いきじびきです。	그는 굉장한 지식을 가진 사람입니다. 즉 살아 있는 사전입니다.
スピーチ	スピーチ	연설	사물	N3	私はスピーチの下書きを書いています。	わたしはスピーチのしたがきをかいています。	저는 연설 초고를 쓰고 있습니다.
全て	すべて	전부	사물	N3	後であなたに全てを説明します。	あとであなたにすべてをせつめいします。	나중에 당신에게 전부를 설명하겠습니다.
墨	すみ	먹	사물	N3	習字の授業で手が墨だらけになった。	しゅうじのじゅぎょうでてがぼくだらけになった。	서예 수업에서 손이 먹투성이가 되었습니다.
澄む	すむ	맑아지다	동사	N3	空は高く、青く澄んで、頭の上に広がっています。	そらはたかく、あおくすんで、あたまのうえにひろがっています。	하늘은 높고 푸르게 맑아 머리 위에 펼쳐져 있습니다.
為る	する	하다	동사	N3	今日、東京はとても寒く為るでしょう。	きょう、とうきょうはとてもさむくなるでしょう。	오늘 도쿄는 아주 추워질 겁니다.
すれ違う	すれちがう	스쳐 지나가다	동사	N3	最近すれ違ってばかりで、なかなか彼に会えないんです。	さいきんすれちがってばかりで、なかなかかれにあえないんです。	요즘 엇갈리기만 해서 좀처럼 그를 만날 수 없습니다.
ずれる	ずれる	어긋나다	동사	N3	その答はピントがずれている。	そのこたえはピントがずれている。	그 답은 초점이 어긋나 있습니다.
正	せい	정	사물	N3	正はやさしい声をしている。	せいはやさしいこえをしている。	다다시는 부드러운 목소리를 갖고 있습니다.
生	せい	삶	사물	N3	生と死について考えます。	なまとしについてかんがえます。	삶과 죽음에 대해 생각합니다.
性	せい	성	사물	N3	その人は回復する可能性がありません。	そのひとはかいふくするかのうせいがありません。	그 사람은 회복할 가능성이 없습니다.
姓	せい	성	사물	N3	あなたの姓はどう発音するのですか。	あなたのせいはどうはつおんするのですか。	당신의 성은 어떻게 발음합니까?
所為	せい	탓	사물	N3	それは実際君の所為である。	それはじっさいきみのしょいである。	그것은 실제로 당신 탓입니다.
税	ぜい	세금	사물	N3	この品には税がかかりますか。	このしなにはぜいがかかりますか。	이 물건에는 세금이 붙습니까?
性格	せいかく	성격	사람	N3	彼女は内気な性格の持ち主です。	かのじょはうちきなせいかくのもちぬしです。	그녀는 내성적인 성격의 소유자입니다.
正確	せいかく	정확함	형용사	N3	この時計は正確な時を刻みます。	このとけいはせいかくなときをきざみます。	이 시계는 정확한 시간을 새깁니다.
世紀	せいき	세기	시간	N3	この寺院は七世紀からのものです。	このじいんはななせいきからのものです。	이 사원은 7세기의 것입니다.
請求	せいきゅう	청구	사물	N3	ご請求次第カタログをお送りします。	ごせいきゅうしだいカタログをおおくりします。	요청하시는 대로 카탈로그를 보내드리겠습니다.
税金	ぜいきん	세금	사물	N3	どんな品物に税金がかかりますか。	どんなしなものにぜいきんがかかりますか。	어떤 물건에 세금이 붙습니까?
清潔	せいけつ	청결함	형용사	N3	日本人は清潔好きな国民です。	にほんじんはせいけつすきなこくみんです。	일본인은 청결을 좋아하는 국민입니다.
制限	せいげん	제한	사물	N3	彼女は食事制限してるんです。	かのじょはしょくじせいげんしてるんです。	그녀는 식사 제한을 하고 있습니다.
成功	せいこう	성공	사물	N3	私は、あなたが成功すると信じています。	わたしは、あなたがせいこうするとしんじています。	저는 당신이 성공할 거라고 믿고 있습니다.
正式	せいしき	정식	형용사	N3	どの程度正式なのですか。	どのていどせいしきなのですか。	어느 정도 정식입니까?
性質	せいしつ	성질	사물	N3	ゼラチンは、冷えると固まる性質があります。	ゼラチンは、ひえるとかたまるせいしつがあります。	젤라틴은 식으면 굳는 성질이 있습니다.
精神	せいしん	정신	사물	N3	彼は強固な精神の持ち主です。	かれはきょうこなせいしんのもちぬしです。	그는 강인한 정신의 소유자입니다.
成人	せいじん	성인	사람	N3	トムには成人した娘がいます。	トムにはせいじんしたむすめがいます。	톰에게는 성인이 된 딸이 있습니다.
成績	せいせき	성적	사물	N3	私は試験の成績を心配しています。	わたしはしけんのせいせきをしんぱいしています。	저는 시험 성적을 걱정하고 있습니다.
製造	せいぞう	제조	사물	N3	この会社はテレビを製造しています。	このかいしゃはテレビをせいぞうしています。	이 회사는 텔레비전을 제조하고 있습니다.
贅沢	ぜいたく	사치	사물	N3	これは身分不相応な贅沢なものだ。	これはみぶんふそうおうなぜいたくなものだ。	이것은 분수에 맞지 않는 사치스러운 것입니다.
成長	せいちょう	성장	사물	N3	スキル向上は個人の成長に直結します。	スキルこうじょうはこじんのせいちょうにちょっけつします。	기술 향상은 개인의 성장에 직결됩니다.
制度	せいど	제도	사물	N3	今教育制度が見直されています。	こんきょういくせいどがみなおされています。	지금 교육 제도가 재검토되고 있습니다.
青年	せいねん	청년	사람	N3	一男は大望を抱いた青年です。	いちなんはたいぼうをだいたせいねんです。	가즈오는 큰 뜻을 품은 청년입니다.
生年月日	せいねんがっぴ	생년월일	시간	N3	あなたの生年月日を書きなさい。	あなたのせいねんがっぴをかきなさい。	당신의 생년월일을 쓰세요.
政府	せいふ	정부	사람	N3	郵政事業は政府の独占事業です。	ゆうせいじぎょうはせいふのどくせんじぎょうです。	우편 사업은 정부의 독점 사업입니다.
生物	せいぶつ	생물	자연	N3	最近変わった海洋生物が発見された。	さいきんかわったかいようせいぶつがはっけんされた。	최근 특이한 해양 생물이 발견되었습니다.
生命	せいめい	생명	사물	N3	私は生命保険に入っています。	わたしはせいめいほけんにはいっています。	저는 생명보험에 들어 있습니다.
整理	せいり	정리	사물	N3	理由を整理すると次の通りです。	りゆうをせいりするとつぎのとおりです。	이유를 정리하면 다음과 같습니다.
咳	せき	기침	사물	N3	咳止めとアスピリンが必要です。	せきとめとアスピリンがひつようです。	기침약과 아스피린이 필요합니다.
石炭	せきたん	석탄	자연	N3	彼らは今石炭を船に積み込んでいます。	かれらはこんせきたんをふねにつみこんでいます。	그들은 지금 석탄을 배에 싣고 있습니다.
責任	せきにん	책임	사물	N3	彼女の責任ではない。	かのじょのせきにんではない。	그녀의 책임이 아닙니다.
石油	せきゆ	석유	자연	N3	列車は石油で走らせるのですか。	れっしゃはせきゆではしらせるのですか。	열차는 석유로 달리게 하는 겁니까?
世間	せけん	세상	사물	N3	世間を知るように新聞を読んでいます。	せけんをしるようにしんぶんをよんでいます。	세상을 알려고 신문을 읽고 있습니다.
説	せつ	설	사물	N3	その説は一般に認められるだろう。	そのせつはいっぱんにみとめられるだろう。	그 설은 일반적으로 인정받을 겁니다.
設計	せっけい	설계	사물	N3	ご自分で設計なさったのですか。	ごじぶんでせっけいなさったのですか。	직접 설계하셨습니까?
絶対	ぜったい	절대	부사	N3	試験、絶対に合格しろよ。	しけん、ぜったいにごうかくしろよ。	시험, 절대로 합격해라.
セット	セット	세트	사물	N3	シャンプーとセットをお願いします。	シャンプーとセットをおねがいします。	샴푸와 세팅을 부탁합니다.
愛	あい	사랑	사물	N3	愛より尊い物はない。	あいよりとうといものはない。	사랑보다 귀한 것은 없습니다.
愛情	あいじょう	애정	사물	N3	子供には愛情が必要です。	こどもにはあいじょうがひつようです。	아이에게는 애정이 필요합니다.
合図	あいず	신호	사물	N3	合図するまで、なかにいなさい。	あいずするまで、なかにいなさい。	신호할 때까지 안에 있으세요.
アイスクリーム	アイスクリーム	아이스크림	음식	N3	アイスクリームが大好きです。	アイスクリームがだいすきです。	아이스크림을 아주 좋아합니다.
愛する	あいする	사랑하다	동사	N3	川を愛することは、私たちにとってとても大切です。	かわをあいすることは、わたしたちにとってとてもたいせつです。	강을 사랑하는 것은 저희에게 아주 중요합니다.
あいにく	あいにく	공교롭게도	부사	N3	あいにくですが、彼は外出中です。	あいにくですが、かれはがいしゅつちゅうです。	공교롭게도 그는 외출 중입니다.
遭う	あう	당하다	동사	N3	強盗に遭ったことがありますか。	ごうとうにあったことがありますか。	강도를 당한 적이 있습니까?
アウト	アウト	아웃	사물	N3	チェックアウトは何時ですか。	チェックアウトはなんじですか。	체크아웃은 몇 시입니까?
明かり	あかり	불빛	사물	N3	あの明かりは何を意味しているのですか。	あのあかりはなにをいみしているのですか。	저 불빛은 무엇을 뜻하는 겁니까?
空き	あき	빈자리	사물	N3	空き部屋はありますか。	あきへやはありますか。	빈방은 있습니까?
飽きる	あきる	질리다	동사	N3	私はテレビを見るのに飽きています。	わたしはテレビをみるのにあきています。	저는 텔레비전 보는 데 질렸습니다.
握手	あくしゅ	악수	사물	N3	握手してください。	あくしゅしてください。	악수해 주세요.
悪魔	あくま	악마	사물	N3	悪魔が出てくる映画を見ました。	あくまがでてくるえいがをみました。	악마가 나오는 영화를 봤습니다.
明ける	あける	밝다	동사	N3	明けましておめでとう。	あけましておめでとう。	새해 복 많이 받으세요.
揚げる	あげる	튀기다	동사	N3	彼女は魚をサラダ油で揚げた。	かのじょはさかなをさらだゆであげた。	그녀는 생선을 샐러드유로 튀겼습니다.
挙げる	あげる	올리다	동사	N3	私は先月結婚式を挙げました。	わたしはせんげつけっこんしきをあげました。	저는 지난달 결혼식을 올렸습니다.
預かる	あずかる	맡다	동사	N3	これを預かってもらえますか。	これをあずかってもらえますか。	이것을 맡아 주시겠습니까?
汗	あせ	땀	사람	N3	このパジャマはよく汗を吸収します。	このパジャマはよくあせをきゅうしゅうします。	이 파자마는 땀을 잘 흡수합니다.
温かい	あたたかい	따뜻하다	형용사	N3	私が今欲しいのは温かいコーヒーだ。	わたしがいまほしいのはあたたかいコーヒーだ。	제가 지금 원하는 것은 따뜻한 커피입니다.
暖まる	あたたまる	따뜻해지다	동사	N3	火が燃えている間に暖まれ。	ひがもえているまにあたたまれ。	불이 타는 동안에 몸을 녹이세요.
温まる	あたたまる	데워지다	동사	N3	スープが温まるまで待ちなさい。	スープがあたたまるまでまちなさい。	수프가 데워질 때까지 기다리세요.
暖める	あたためる	덥히다	동사	N3	彼は指に息を吹きかけて暖めた。	かれはゆびにいきをふきかけてあたためた。	그는 손가락에 입김을 불어 덥혔습니다.
温める	あたためる	데우다	동사	N3	寒い夜には、温かい飲み物で体を温めると良いです。	さむいよるには、あたたかいのみものでからだをあたためるとよいです。	추운 밤에는 따뜻한 음료로 몸을 데우면 좋습니다.
辺り	あたり	근처	장소	N3	この辺りは交通量が多いです。	このあたりはこうつうりょうがおおいです。	이 근처는 교통량이 많습니다.
当たり前	あたりまえ	당연함	형용사	N3	人として当たり前のことをしたまでです。	ひととしてあたりまえのことをしたまでです。	사람으로서 당연한 일을 했을 뿐입니다.
当たる	あたる	맞다	동사	N3	天気予報が当たったよ。	てんきよほうがあたったよ。	일기예보가 맞았어요.
あちこち	あちこち	여기저기	장소	N3	あちこちに、美しい湖があります。	あちこちに、うつくしいみずうみがあります。	여기저기에 아름다운 호수가 있습니다.
集まり	あつまり	모임	사물	N3	私たちは毎週金曜日に集まります。	わたしたちはまいしゅうきんようびにあつまります。	저희는 매주 금요일에 모입니다.
当てる	あてる	맞히다	동사	N3	値段を当てられますか。	ねだんをあてられますか。	가격을 맞힐 수 있습니까?
跡	あと	자취	사물	N3	ここは城の跡です。	ここはしろのあとです。	여기는 성터입니다.
穴	あな	구멍	사물	N3	靴下に穴が空きました。	くつしたにあながあきました。	양말에 구멍이 났습니다.
油	あぶら	기름	음식	N3	オリーブの実から油が取れます。	オリーブのみからあぶらがとれます。	올리브 열매에서 기름을 얻습니다.
脂	あぶら	지방	사물	N3	肌が脂っぽいのです。	はだがあぶらっぽいのです。	피부가 기름집니다.
誤り	あやまり	잘못	사물	N3	私たちは英語で少なからず誤りを犯します。	わたしたちはえいごですくなからずあやまりをおかします。	저희는 영어에서 적잖은 잘못을 저지릅니다.
粗	あら	흠	사물	N3	トムっていつも私の粗探しばかりするの。	トムっていつもわたしのあらさがしばかりするの。	톰은 늘 제 흠만 찾아요.
嵐	あらし	폭풍	자연	N3	嵐になる恐れがあります。	あらしになるおそれがあります。	폭풍이 될 우려가 있습니다.
争う	あらそう	다투다	동사	N3	先を争って人が出口に殺到した。	さきをあらそってひとがでぐちにさっとうした。	앞다투어 사람이 출구로 몰렸습니다.
新た	あらた	새로움	형용사	N3	生産性をあげるため新たなツールを探してます。	せいさんせいをあげるためあらたなツールをさがしてます。	생산성을 올리기 위해 새로운 도구를 찾고 있습니다.
あらゆる	あらゆる	모든	부사	N3	あらゆることがうまくいっていると思います。	あらゆることがうまくいっているとおもいます。	모든 것이 잘되고 있다고 생각합니다.
表す	あらわす	나타내다	동사	N3	このしるしは何を表していますか。	このしるしはなにをあらわしていますか。	이 표시는 무엇을 나타내고 있습니까?
現す	あらわす	드러내다	동사	N3	ご自分の栄光を現された。	ごじぶんのえいこうをあらわされた。	자신의 영광을 드러내셨습니다.
著す	あらわす	저술하다	동사	N3	有名作家はまたベストセラー書を著した。	ゆうめいさっかはまたベストセラーしょをあらわした。	유명 작가는 또 베스트셀러를 저술했습니다.
現れ	あらわれ	나타남	사물	N3	涙は悲しみの現れです。	なみだはかなしみのあらわれです。	눈물은 슬픔의 표현입니다.
現れる	あらわれる	나타나다	동사	N3	少女が私の前に現れた。	しょうじょがわたしのまえにあらわれた。	소녀가 제 앞에 나타났습니다.
或	ある	어떤	부사	N3	君に或る物を見せましょう。	きみにあるるものをみせましょう。	당신에게 어떤 물건을 보여드리겠습니다.
あるいは	あるいは	혹은	부사	N3	ガスで調理しますか、あるいは電気ですか。	ガスでちょうりしますか、あるいはでんきですか。	가스로 조리합니까, 혹은 전기입니까?
アルバム	アルバム	앨범	사물	N3	ここには私のアルバムがあります。	ここにはわたしのアルバムがあります。	여기에는 제 앨범이 있습니다.
泡	あわ	거품	사물	N3	石鹸の泡で手を洗います。	せっけんのあわでてをあらいます。	비누 거품으로 손을 씻습니다.
合わせる	あわせる	맞추다	동사	N3	トムとは毎日顔を合わせてます。	トムとはまいにちがおをあわせてます。	톰과는 매일 얼굴을 마주합니다.
慌てる	あわてる	당황하다	동사	N3	ここが彼が慌てて入った部屋だ。	ここがかれがあわててはいったへやだ。	여기가 그가 당황해서 들어간 방입니다.
哀れ	あわれ	가엾음	형용사	N3	哀れな老人が寒さに震えている。	あわれなろうじんがさむさにふるえている。	가엾은 노인이 추위에 떨고 있습니다.
案	あん	안	사물	N3	どちらの案がよりよいと思いますか。	どちらのあんがよりよいとおもいますか。	어느 안이 더 좋다고 생각합니까?
暗記	あんき	암기	사물	N3	せりふを早く暗記する何か良い方法がありますか。	せりふをはやくあんきするなにかよいほうほうがありますか。	대사를 빨리 암기할 좋은 방법이 있습니까?
安定	あんてい	안정	사물	N3	兄は、うまい、安定したレイアップができます。	あには、うまい、あんていしたレイアップができます。	형은 능숙하고 안정된 레이업을 할 수 있습니다.
あんなに	あんなに	저렇게	부사	N3	彼女があんなに怒っている理由がわかりますか。	かのじょがあんなにおこっているりゆうがわかりますか。	그녀가 저렇게 화가 난 이유를 아십니까?
あんまり	あんまり	별로	부사	N3	最近あんまり食欲がないんです。	さいきんあんまりしょくよくがないんです。	요즘 별로 식욕이 없습니다.
胃	い	위	사람	N3	食事の後に胃が痛くなるんです。	しょくじののちにいがいたくなるんです。	식사 후에 위가 아파집니다.
委員	いいん	위원	사람	N3	君はあの委員会のメンバーですか。	きみはあのいいんかいのメンバーですか。	당신은 그 위원회의 멤버입니까?
意外	いがい	의외	형용사	N3	この映画、意外に面白かったよ。	このえいが、いがいにおもしろかったよ。	이 영화, 의외로 재미있었어요.
行き	いき	가는 길	시간	N3	毎週日曜、礼拝に行きます。	まいしゅうにちよう、れいはいにいきます。	매주 일요일 예배에 갑니다.
息	いき	숨	사람	N3	息を止めてください。	いきをとめてください。	숨을 멈춰 주세요.
勢い	いきおい	기세	사물	N3	彼は飛ぶ鳥を落とす勢いである。	かれはとぶとりをおとすいきおいである。	그는 나는 새를 떨어뜨릴 기세입니다.
生き物	いきもの	생물	자연	N3	火星には何か生き物はいますか。	かせいにはなにかいきものはいますか。	화성에는 뭔가 생물이 있습니까?
医師	いし	의사	사람	N3	ブラジルには、もっと医師が必要です。	ブラジルには、もっといしがひつようです。	브라질에는 의사가 더 필요합니다.
意思	いし	의사	사물	N3	情報収集力は適切な意思決定に必要です。	じょうほうしゅうしゅうりょくはてきせつないしけっていにひつようです。	정보 수집력은 적절한 의사 결정에 필요합니다.
意志	いし	의지	사물	N3	こいつは意志薄弱な男です。	こいつはいしはくじゃくなおとこです。	이 사람은 의지가 약한 남자입니다.
維持	いじ	유지	사물	N3	私は毎朝ジョギングをして健康を維持しています。	わたしはまいあさジョギングをしてけんこうをいじしています。	저는 매일 아침 조깅을 해서 건강을 유지하고 있습니다.
意識	いしき	의식	사물	N3	お二人のプロ意識に敬意を表します。	おふたりのプロいしきにけいいをあらわします。	두 분의 프로 의식에 경의를 표합니다.
異常	いじょう	이상	사물	N3	受信異常があったのだと思います。	じゅしんいじょうがあったのだとおもいます。	수신 이상이 있었다고 생각합니다.
意地悪	いじわる	심술궂음	형용사	N3	意地悪ではありませんが、やさしくもないです。	いじわるではありませんが、やさしくもないです。	심술궂지는 않지만 상냥하지도 않습니다.
泉	いずみ	샘	자연	N3	村の真ん中には、泉があります。	むらのまんなかには、いずみがあります。	마을 한가운데에는 샘이 있습니다.
いずれ	いずれ	어느 쪽	부사	N3	いずれにせよ、私は明日出発します。	いずれにせよ、わたしはあしたしゅっぱつします。	어쨌든 저는 내일 출발합니다.
以前	いぜん	이전	시간	N3	これが以前よく訪れたお寺です。	これがいぜんよくおとずれたおてらです。	이것이 이전에 자주 찾던 절입니다.
板	いた	판자	사물	N3	板は床を作るために使われます。	いたはゆかをつくるためにつかわれます。	판자는 바닥을 만들기 위해 쓰입니다.
偉大	いだい	위대함	형용사	N3	彼が偉大な芸術家であることははっきりしている。	かれがいだいなげいじゅつかであることははっきりしている。	그가 위대한 예술가인 것은 분명합니다.
抱く	いだく	품다	동사	N3	私は美術に非常な関心を抱いています。	わたしはびじゅつにひじょうなかんしんをだいています。	저는 미술에 대단한 관심을 품고 있습니다.
いたずら	いたずら	장난	사물	N3	彼はいたずらな少年です。	かれはいたずらなしょうねんです。	그는 장난기 많은 소년입니다.
痛み	いたみ	통증	사물	N3	腰に強い痛みがあるんです。	こしにつよいいたみがあるんです。	허리에 심한 통증이 있습니다.
至る	いたる	이르다	동사	N3	至る所でフラミンゴに出会います。	いたるところでフラミンゴにであいます。	이르는 곳마다 플라밍고를 만납니다.
位置	いち	위치	장소	N3	プエルトリコの位置を地図の上に示しなさい。	プエルトリコのいちをちずのうえにしめしなさい。	푸에르토리코의 위치를 지도 위에 표시하세요.
一時	いちじ	일시	시간	N3	ほんの一時的な処置です。	ほんのいちじてきなしょちです。	그저 일시적인 조치입니다.
市場	いちば	시장	장소	N3	この新しいモデルは市場で入手可能ですか。	このあたらしいモデルはしじょうでにゅうしゅかのうですか。	이 새 모델은 시장에서 구할 수 있습니까?
いつか	いつか	언젠가	시간	N3	いつかテレビに出たいです。	いつかテレビにでたいです。	언젠가 텔레비전에 나오고 싶습니다.
一家	いっか	일가	사람	N3	トムは音楽一家の出身なんです。	トムはおんがくいっかのしゅっしんなんです。	톰은 음악가 집안 출신입니다.
一種	いっしゅ	일종	사물	N3	これは一種のスイカです。	これはいっしゅのスイカです。	이것은 일종의 수박입니다.
一瞬	いっしゅん	한순간	시간	N3	彼は答える前に一瞬ためらった。	かれはこたえるまえにいっしゅんためらった。	그는 대답하기 전에 한순간 망설였습니다.
一生	いっしょう	평생	시간	N3	九死に一生を得ました。	きゅうしにいっしょうをえました。	구사일생으로 살아났습니다.
一層	いっそう	한층	부사	N3	青年の顔は、一層あからんだ。	せいねんのかおは、いっそうあからんだ。	청년의 얼굴은 한층 붉어졌습니다.
一体	いったい	도대체	부사	N3	一体何を彼にあげたのですか。	いったいなにをかれにあげたのですか。	도대체 무엇을 그에게 주었습니까?
一致	いっち	일치	사물	N3	私はあなたと意見が一致しています。	わたしはあなたといけんがいっちしています。	저는 당신과 의견이 일치합니다.
いつのまにか	いつのまにか	어느새	부사	N3	いつのまにか最下位になってた。	いつのまにかさいかいになってた。	어느새 꼴찌가 되어 있었습니다.
一般	いっぱん	일반	사물	N3	一般的に言えば、日本の気候は温和だ。	いっぱんてきにいえば、にほんのきこうはおんわだ。	일반적으로 말하면 일본의 기후는 온화합니다.
一方	いっぽう	한편	부사	N3	後で読むといいながらたまる一方です。	あとでよむといいながらたまるいっぽうです。	나중에 읽는다고 하면서 쌓이기만 합니다.
移動	いどう	이동	사물	N3	警察は私が車を移動するように求めた。	けいさつはわたしがくるまをいどうするようにもとめた。	경찰은 제가 차를 옮기도록 요구했습니다.
従兄弟	いとこ	사촌	사람	N3	彼らは、私の従兄弟です。	かれらは、わたしのいとこです。	그들은 제 사촌입니다.
従姉妹	いとこ	사촌	사람	N3	従姉妹の連絡先を教えられなくてごめん。	いとこのれんらくさきをおしえられなくてごめん。	사촌의 연락처를 알려주지 못해서 미안해요.
稲	いね	벼	자연	N3	稲は温暖な地域で育ちます。	いねはおんだんなちいきでそだちます。	벼는 온난한 지역에서 자랍니다.
居眠り	いねむり	졸음	사물	N3	ホーマーも時には居眠りをする。	ホーマーもときにはいねむりをする。	호머도 때로는 졸음에 빠집니다.
命	いのち	목숨	사물	N3	あなたは死後の命があることを信じますか。	あなたはしごのいのちがあることをしんじますか。	당신은 사후의 생명이 있다고 믿습니까?
違反	いはん	위반	사물	N3	それはルール違反です。	それはルールいはんです。	그것은 규칙 위반입니다.
衣服	いふく	의복	사물	N3	衣服を使い古したらそれをどうしますか。	いふくをつかいふるしたらそれをどうしますか。	의복을 다 쓰면 그것을 어떻게 합니까?
居間	いま	거실	장소	N3	彼らは居間でお茶を飲んでいます。	かれらはいまでおちゃをのんでいます。	그들은 거실에서 차를 마시고 있습니다.
今に	いまに	머지않아	부사	N3	今にバチがあたるぞ。	いまにバチがあたるぞ。	머지않아 벌을 받을 겁니다.
イメージ	イメージ	이미지	사물	N3	自分のイメージを変えたいんです。	じぶんのイメージをかえたいんです。	자신의 이미지를 바꾸고 싶습니다.
否	いや	아니	부사	N3	座るや否や、眠り込んでしまった。	すわるやいなや、ねむりこんでしまった。	앉자마자 잠들어 버렸습니다.
以来	いらい	이래	시간	N3	先週の土曜日以来ずっと雨です。	せんしゅうのどようびいらいずっとあめです。	지난 토요일 이래 계속 비입니다.
依頼	いらい	의뢰	사물	N3	私は彼の依頼でそうしたのです。	わたしはかれのいらいでそうしたのです。	저는 그의 의뢰로 그렇게 한 것입니다.
いらいら	いらいら	초조함	부사	N3	本当にいらいらします。	ほんとうにいらいらします。	정말 초조합니다.
いらっしゃい	いらっしゃい	어서 오세요	인사	N3	いらっしゃいませ。	いらっしゃいませ。	어서 오세요.
医療	いりょう	의료	사물	N3	医療保険には入っていますか。	いりょうほけんにははいっていますか。	의료보험에는 들어 있습니까?
祝い	いわい	축하	인사	N3	私達は毎年クリスマスを祝います。	わたしたちはまいとしクリスマスをいわいます。	저희는 매년 크리스마스를 축하합니다.
祝う	いわう	축하하다	동사	N3	その国ではクリスマスを祝うのですか。	そのくにではクリスマスをいわうのですか。	그 나라에서는 크리스마스를 축하합니까?
言わば	いわば	말하자면	부사	N3	その老人は言わば生き字引だ。	そのろうじんはいわばいきじびきだ。	그 노인은 말하자면 살아 있는 사전입니다.
いわゆる	いわゆる	이른바	부사	N3	彼等はいわゆる暴走族です。	かれらはいわゆるぼうそうぞくです。	그들은 이른바 폭주족입니다.
インク	インク	잉크	사물	N3	インクで書かなければだめですか。	インクでかかなければだめですか。	잉크로 써야 합니까?
印刷	いんさつ	인쇄	사물	N3	すぐ印刷します。	すぐいんさつします。	바로 인쇄하겠습니다.
印象	いんしょう	인상	사물	N3	第一印象は大切だ。	だいいちいんしょうはたいせつだ。	첫인상은 중요합니다.
引退	いんたい	은퇴	사물	N3	祖父は、再来年引退する予定です。	そふは、さらいねんいんたいするよていです。	할아버지는 내후년에 은퇴할 예정입니다.
インタビュー	インタビュー	인터뷰	사물	N3	彼は首相にインタビューした。	かれはしゅしょうにインタビューした。	그는 총리를 인터뷰했습니다.
引用	いんよう	인용	사물	N3	彼はよくミルトンの言葉を引用する。	かれはよくミルトンのことばをいんようする。	그는 자주 밀턴의 말을 인용합니다.
ウイスキー	ウイスキー	위스키	음식	N3	トムはウイスキーを飲んでいます。	トムはウイスキーをのんでいます。	톰은 위스키를 마시고 있습니다.
受け取る	うけとる	받다	동사	N3	どこで荷物を受け取るのですか。	どこでにもつをうけとるのですか。	어디서 짐을 받습니까?
動かす	うごかす	움직이다	동사	N3	あなたの車を動かしてもいいですか。	あなたのくるまをうごかしてもいいですか。	당신 차를 옮겨도 됩니까?
兎	うさぎ	토끼	자연	N3	公園で兎を見ました。	こうえんでうさぎをみました。	공원에서 토끼를 봤습니다.
牛	うし	소	자연	N3	あれは牛ですか水牛ですか。	あれはうしですかすいぎゅうですか。	저것은 소입니까 물소입니까?
失う	うしなう	잃다	동사	N3	彼女は意識を失っています。	かのじょはいしきをうしなっています。	그녀는 의식을 잃었습니다.
疑う	うたがう	의심하다	동사	N3	なぜあなたは私を疑うのですか。	なぜあなたはわたしをうたがうのですか。	왜 당신은 저를 의심합니까?
宇宙	うちゅう	우주	자연	N3	宇宙は広いです。	うちゅうはひろいです。	우주는 넓습니다.
討つ	うつ	치다	동사	N3	昔の物語で敵を討つ話です。	むかしのものがたりでてきをうつはなしです。	옛이야기에서 적을 치는 이야기입니다.
撃つ	うつ	쏘다	동사	N3	的を撃つ練習をします。	まとをうつれんしゅうをします。	과녁을 쏘는 연습을 합니다.
うっかり	うっかり	깜빡	부사	N3	皆が私のうっかりした間違いを責めるのです。	みながわたしのうっかりしたまちがいをせめるのです。	모두가 제 깜빡한 실수를 탓합니다.
映す	うつす	비추다	동사	N3	山が湖に影を映している。	やまがみずうみにかげをうつしている。	산이 호수에 그림자를 비추고 있습니다.
写る	うつる	찍히다	동사	N3	家族全員が写ってる写真は、これ一枚です。	かぞくぜんいんがうつってるしゃしんは、これいちまいです。	가족 전원이 찍혀 있는 사진은 이 한 장입니다.
映る	うつる	비치다	동사	N3	なんて小さなテレビなんでしょう。本当に映るのですか。	なんてちいさなテレビなんでしょう。ほんとうにうつるのですか。	정말 작은 텔레비전이네요. 정말 나옵니까?
うなる	うなる	으르렁거리다	동사	N3	いぬは見知らぬ男に向かってうなった。	いぬはみしらぬおとこにむかってうなった。	개는 낯선 남자를 향해 으르렁거렸습니다.
奪う	うばう	빼앗다	동사	N3	試合で一位を奪いました。	しあいでいちいをうばいました。	시합에서 1위를 빼앗았습니다.
馬	うま	말	자연	N3	あの馬ね、話ができるんだよ。	あのうまね、はなしができるんだよ。	저 말은 말을 할 수 있습니다.
生まれ	うまれ	출생	사물	N3	京都で生まれました。	きょうとでうまれました。	교토에서 태어났습니다.
有無	うむ	유무	사물	N3	一部の言語は呼気の有無が意味弁別の機能を果たします。	いちぶのげんごはこきのうむがいみべんべつのきのうをはたします。	일부 언어는 날숨의 유무가 의미 변별 기능을 합니다.
梅	うめ	매화	자연	N3	梅一輪一輪ほどの暖かさ。	うめいちりんいちりんほどのあたたかさ。	매화 한 송이만큼의 따뜻함.
埋める	うめる	묻다	동사	N3	庭に種を埋めました。	にわにたねをうめました。	정원에 씨앗을 묻었습니다.
裏切る	うらぎる	배신하다	동사	N3	その結果は私の期待を裏切った。	そのけっかはわたしのきたいをうらぎった。	그 결과는 제 기대를 저버렸습니다.
羨ましい	うらやましい	부럽다	형용사	N3	多くの人が羨ましがるでしょう。	おおくのひとがうらやましがるでしょう。	많은 사람이 부러워할 겁니다.
売れる	うれる	팔리다	동사	N3	この雑誌はよく売れるんです。	このざっしはよくうれるんです。	이 잡지는 잘 팔립니다.
噂	うわさ	소문	사물	N3	お噂はかねがね伺っております。	おうわさはかねがねうかがっております。	소문은 익히 듣고 있습니다.
運	うん	운	사물	N3	とても運がよかったって、先生たちは言ってるよ。	とてもうんがよかったって、せんせいたちはいってるよ。	아주 운이 좋았다고 선생님들은 말합니다.
柄	え	자루	사물	N3	あの言語は私の職業柄有用だ。	あのげんごはわたしのしょくぎょうがらゆうようだ。	저 언어는 제 직업상 유용합니다.
永遠	えいえん	영원	시간	N3	私は、あなたを永遠に愛します。	わたしは、あなたをえいえんにあいします。	저는 당신을 영원히 사랑합니다.
永久	えいきゅう	영구	시간	N3	私は永久に生きたいのです。	わたしはえいきゅうにいきたいのです。	저는 영원히 살고 싶습니다.
影響	えいきょう	영향	사물	N3	太陽の光は肌に影響を与えます。	たいようのひかりははだにえいきょうをあたえます。	햇빛은 피부에 영향을 줍니다.
営業	えいぎょう	영업	사물	N3	営業時間は十時から七時までです。	えいぎょうじかんはじゅうじからしちじまでです。	영업시간은 10시부터 7시까지입니다.
衛星	えいせい	위성	자연	N3	火星には二つの天然衛星があります。	かせいにはふたつのてんねんえいせいがあります。	화성에는 두 개의 천연 위성이 있습니다.
笑顔	えがお	웃는 얼굴	사람	N3	君の笑顔、好きだよ。	きみのえがお、すきだよ。	네 웃는 얼굴, 좋아해.
描く	えがく	그리다	동사	N3	最近また絵を描くのが楽しくなってきた。	さいきんまたえをえがくのがたのしくなってきた。	요즘 다시 그림 그리는 게 즐거워졌습니다.
餌	えさ	먹이	사물	N3	毎日朝と夜、猫に餌を与えています。	まいにちあさとよる、ねこにえさをあたえています。	매일 아침과 저녁에 고양이에게 먹이를 줍니다.
エネルギー	エネルギー	에너지	사물	N3	私たちはエネルギーの使用を減らすことができます。	わたしたちはエネルギーのしようをへらすことができます。	저희는 에너지 사용을 줄일 수 있습니다.
得る	える	얻다	동사	N3	無料でそれが得られる。	むりょうでそれがえられる。	무료로 그것을 얻을 수 있습니다.
延期	えんき	연기	사물	N3	もし雨が降れば私は出発を延期します。	もしあめがふればわたしはしゅっぱつをえんきします。	만약 비가 오면 저는 출발을 연기하겠습니다.
演技	えんぎ	연기	사물	N3	彼女の演技はプロ並みです。	かのじょのえんぎはプロなみです。	그녀의 연기는 프로 수준입니다.
援助	えんじょ	원조	사물	N3	いつでも彼の援助を求められます。	いつでもかれのえんじょをもとめられます。	언제든 그의 원조를 구할 수 있습니다.
エンジン	エンジン	엔진	사물	N3	エンジンから、煙がもくもく出てたよ。	エンジンから、けむりがもくもくでてたよ。	엔진에서 연기가 뭉게뭉게 났어요.
演説	えんぜつ	연설	사물	N3	トムの演説はよかった。	トムのえんぜつはよかった。	톰의 연설은 좋았습니다.
演奏	えんそう	연주	사물	N3	女の子たちが演奏しています。	おんなのこたちがえんそうしています。	여자아이들이 연주하고 있습니다.
老い	おい	늙음	시간	N3	日本では老いも若きも正月を祝います。	にほんではおいもわかきもしょうがつをいわいます。	일본에서는 노소를 막론하고 설을 축하합니다.
追い付く	おいつく	따라잡다	동사	N3	すぐに追い付くから先に行ってて。	すぐにおいつくからさきにいってて。	곧 따라잡을 테니 먼저 가.
王	おう	왕	사람	N3	王の言うことは常に絶対です。	おうのいうことはつねにぜったいです。	왕이 하는 말은 늘 절대적입니다.
追う	おう	쫓다	동사	N3	彼は何を追っているのですか。	かれはなにをおっているのですか。	그는 무엇을 쫓고 있습니까?
応援	おうえん	응원	사물	N3	大した力にはならないかもしれませんけど、応援します。	たいしたちからにはならないかもしれませんけど、おうえんします。	큰 힘은 되지 않을지 모르지만 응원하겠습니다.
王様	おうさま	임금님	사람	N3	ライオンはジャングルの王様です。	ライオンはジャングルのおうさまです。	사자는 정글의 왕입니다.
王子	おうじ	왕자	사람	N3	彼女はある王子と恋に落ちた。	かのじょはあるおうじとこいにおちた。	그녀는 어느 왕자와 사랑에 빠졌습니다.
横断	おうだん	횡단	사물	N3	その横断歩道を渡った先が公園です。	そのおうだんほどうをわたったさきがこうえんです。	그 횡단보도를 건넌 곳이 공원입니다.
終える	おえる	끝내다	동사	N3	いつあなたは仕事を終えますか。	いつあなたはしごとをおえますか。	언제 당신은 일을 끝냅니까?
大いに	おおいに	크게	부사	N3	私は彼を大いに尊敬しています。	わたしはかれをおおいにそんけいしています。	저는 그를 크게 존경하고 있습니다.
覆う	おおう	덮다	동사	N3	その山は一年中雪で覆われています。	そのやまはいちねんじゅうゆきでおおわれています。	그 산은 일 년 내내 눈으로 덮여 있습니다.
大家	おおや	대가	사람	N3	あの人は物理学の大家です。	あのひとはぶつりがくのおおやです。	저 사람은 물리학의 대가입니다.
丘	おか	언덕	자연	N3	丘の上からなら、海が見えるよ。	おかのうえからなら、うみがみえるよ。	언덕 위에서라면 바다가 보여요.
沖	おき	앞바다	자연	N3	風がやんだら沖まで船を出そう。	かぜがやんだらおきまでふねをだそう。	바람이 그치면 앞바다까지 배를 냅시다.
奥	おく	안쪽	장소	N3	奥の席をお願いします。	おくのせきをおねがいします。	안쪽 자리를 부탁합니다.
贈る	おくる	보내다	동사	N3	結婚のお祝いに、これをお贈りします。	けっこんのおいわいに、これをおおくりします。	결혼 축하로 이것을 보내드립니다.
起こる	おこる	일어나다	동사	N3	いったい何が起こっているのか。	いったいなにがおこっているのか。	도대체 무슨 일이 일어나고 있는 겁니까?
幼い	おさない	어리다	형용사	N3	彼には妻と幼い子供がいます。	かれにはつまとおさないこどもがいます。	그에게는 아내와 어린 아이가 있습니다.
収める	おさめる	거두다	동사	N3	ペンも引き出しに収めました。	ペンもひきだしにおさめました。	펜도 서랍에 넣었습니다.
納める	おさめる	넣다	동사	N3	ペンチを道具箱に納めといて。	ペンチをどうぐばこにおさめといて。	펜치를 공구함에 넣어 둬.
治める	おさめる	다스리다	동사	N3	王は自分の王国を公正に治めた。	おうはじぶんのおうこくをこうせいにおさめた。	왕은 자신의 왕국을 공정하게 다스렸습니다.
お辞儀	おじぎ	절	사물	N3	彼は通りすがりにお辞儀をした。	かれはとおりすがりにおじぎをした。	그는 지나가면서 인사를 했습니다.
お洒落	おしゃれ	멋부림	형용사	N3	お洒落しなくてもいいのよ。	おしゃれしなくてもいいのよ。	멋 부리지 않아도 괜찮아요.
お喋り	おしゃべり	수다	사물	N3	お喋りをやめて、聞いて下さい。	おしゃべりをやめて、きいてください。	수다를 멈추고 들어 주세요.
汚染	おせん	오염	사물	N3	この川は汚染されていない。	このかわはおせんされていない。	이 강은 오염되지 않았습니다.
恐れる	おそれる	두려워하다	동사	N3	動物はなぜ火を恐れると思いますか。	どうぶつはなぜひをおそれるとおもいますか。	동물은 왜 불을 두려워한다고 생각합니까?
教わる	おそわる	배우다	동사	N3	学校では、読んだり、書いたり、計算することを教わります。	がっこうでは、よんだり、かいたり、けいさんすることをおそわります。	학교에서는 읽고 쓰고 계산하는 것을 배웁니다.
お互い	おたがい	서로	사물	N3	私たちはお互いに愛し合うべきです。	わたしたちはおたがいにあいしあうべきです。	저희는 서로 사랑해야 합니다.
穏やか	おだやか	온화함	형용사	N3	日本は気候が穏やかである。	にほんはきこうがおだやかである。	일본은 기후가 온화합니다.
大人しい	おとなしい	얌전하다	형용사	N3	ちょっと大人しくしといて。	ちょっとおとなしくしといて。	좀 얌전히 있어 줘.
劣る	おとる	뒤떨어지다	동사	N3	ジェーンは姉に劣らず美しい少女です。	ジェーンはあねにおとらずうつくしいしょうじょです。	제인은 언니 못지않게 아름다운 소녀입니다.
鬼	おに	도깨비	사람	N3	来年のことを言うと鬼が笑う。	らいねんのことをいうとおにがわらう。	내년 이야기를 하면 도깨비가 웃습니다.
帯	おび	띠	사물	N3	毎日働く時間帯が違うんです。	まいにちはたらくじかんおびがちがうんです。	매일 일하는 시간대가 다릅니다.
お昼	おひる	점심	음식	N3	お昼はサンドイッチでいいですか。	おひるはサンドイッチでいいですか。	점심은 샌드위치로 괜찮습니까?
オフィス	オフィス	사무실	장소	N3	彼女は、オフィスレディーです。	かのじょは、オフィスレディーです。	그녀는 사무직 여성입니다.
溺れる	おぼれる	빠지다	동사	N3	川で溺れないように気をつけます。	かわでおぼれないようにきをつけます。	강에서 빠지지 않도록 조심합니다.
お前	おまえ	너	사람	N3	お前には関係ないだろ。	おまえにはかんけいないだろ。	너와는 관계없잖아.
おめでとう	おめでとう	축하합니다	인사	N3	あけましておめでとうございます。	あけましておめでとうございます。	새해 복 많이 받으세요.
思い付く	おもいつく	떠오르다	동사	N3	そんなアイディアをどのようにして思い付いたのですか。	そんなアイディアをどのようにしておもいついたのですか。	그런 아이디어를 어떻게 떠올렸습니까?
思い出	おもいで	추억	사물	N3	この家には、楽しい思い出がいっぱい詰まっています。	このいえには、たのしいおもいでがいっぱいつまっています。	이 집에는 즐거운 추억이 가득 차 있습니다.
思わず	おもわず	무심코	부사	N3	思わず笑わずにいられなかった。	おもわずわらわずにいられなかった。	무심코 웃지 않을 수 없었습니다.
泳ぎ	およぎ	수영	사물	N3	泳ぎに行けるほど暑いですか。	およぎにいけるほどあついですか。	수영하러 갈 만큼 덥습니까?
およそ	およそ	대략	부사	N3	およそどれくらいの価値がありますか。	およそどれくらいのかちがありますか。	대략 어느 정도의 가치가 있습니까?
及ぼす	およぼす	미치다	동사	N3	運動不足が健康に害を及ぼすかもしれない。	うんどうふそくがけんこうにがいをおよぼすかもしれない。	운동 부족이 건강에 해를 미칠지도 모릅니다.
下す	おろす	내리다	동사	N3	私が、その決断を下した者です。	わたしが、そのけつだんをくだしたものです。	제가 그 결단을 내린 사람입니다.
降ろす	おろす	내려주다	동사	N3	図書館で私を降ろしてくれますか。	としょかんでわたしをおろしてくれますか。	도서관에서 저를 내려 주시겠습니까?
卸す	おろす	도매하다	동사	N3	いやいや、そうは問屋が卸さないだろ。	いやいや、そうはとんやがおろさないだろ。	아니, 그렇게는 안 될 겁니다.
恩	おん	은혜	사물	N3	このご恩は一生忘れません。	このごおんはいっしょうわすれません。	이 은혜는 평생 잊지 않겠습니다.
温暖	おんだん	온난함	형용사	N3	オレンジは温暖な国で育ちます。	オレンジはおんだんなくにでそだちます。	오렌지는 온난한 나라에서 자랍니다.
温度	おんど	온도	자연	N3	温度計は温度を測る器具です。	おんどけいはおんどをはかるきぐです。	온도계는 온도를 재는 기구입니다.
可	か	가능	사물	N3	このビルは男女宿泊可のカプセルホテルです。	このビルはだんじょしゅくはくかのカプセルホテルです。	이 빌딩은 남녀 숙박 가능한 캡슐 호텔입니다.
蚊	か	모기	자연	N3	マラリアは蚊が運ぶ病気です。	マラリアはかがはこぶびょうきです。	말라리아는 모기가 옮기는 병입니다.
課	か	과	사물	N3	この課で何か質問がありますか。	このかでなにかしつもんがありますか。	이 과에서 뭔가 질문이 있습니까?
カー	カー	자동차	사물	N3	トムはハイブリッドカーを買った。	トムはハイブリッドカーをかった。	톰은 하이브리드 자동차를 샀습니다.
カード	カード	카드	사물	N3	この電話はカードが使えますか。	このでんわはカードがつかえますか。	이 전화는 카드를 쓸 수 있습니까?
貝	かい	조개	자연	N3	私が手にしてるのは貝の化石です。	わたしがてにしてるのはかいのかせきです。	제가 들고 있는 것은 조개 화석입니다.
害	がい	해	사물	N3	テレビは子供に害があると思いますか。	テレビはこどもにがいがあるとおもいますか。	텔레비전은 아이에게 해가 있다고 생각합니까?
会員	かいいん	회원	사람	N3	トムは読書クラブの会員です。	トムはどくしょクラブのかいいんです。	톰은 독서 클럽 회원입니다.
絵画	かいが	회화	사물	N3	私は、現代絵画に熱中しています。	わたしは、げんだいかいがにねっちゅうしています。	저는 현대 회화에 열중하고 있습니다.
海外	かいがい	해외	장소	N3	最近は海外へ行く学生が増えている。	さいきんはかいがいへいくがくせいがふえている。	최근에는 해외에 가는 학생이 늘고 있습니다.
会計	かいけい	회계	사물	N3	お会計はレジでお願いします。	おかいけいはレジでおねがいします。	계산은 계산대에서 부탁합니다.
解決	かいけつ	해결	사물	N3	どうすれば、この問題を解決できるのだろうか。	どうすれば、このもんだいをかいけつできるのだろうか。	어떻게 하면 이 문제를 해결할 수 있을까요?
会合	かいごう	회합	사물	N3	今夜の会合には出席されますか。	こんやのかいごうにはしゅっせきされますか。	오늘 밤 회합에는 참석하십니까?
外交	がいこう	외교	사물	N3	彼はアメリカ大使館の外交官です。	かれはあめりかたいしかんのがいこうかんです。	그는 미국 대사관의 외교관입니다.
開始	かいし	개시	사물	N3	小雨になりました。開始できます。	こさめになりました。かいしできます。	가랑비가 되었습니다. 개시할 수 있습니다.
解釈	かいしゃく	해석	사물	N3	この文章をどう解釈しますか。	このぶんしょうをどうかいしゃくしますか。	이 문장을 어떻게 해석합니까?
外出	がいしゅつ	외출	사물	N3	トムはただ今外出しております。	トムはただいまがいしゅつしております。	톰은 지금 외출 중입니다.
改善	かいぜん	개선	사물	N3	あなたが状況をすぐに改善できる事を願っています。	あなたがじょうきょうをすぐにかいぜんできることをねがっています。	당신이 상황을 곧 개선할 수 있기를 바랍니다.
快適	かいてき	쾌적함	형용사	N3	私達は新居で快適に暮らしています。	わたしたちはしんきょでかいてきにくらしています。	저희는 새집에서 쾌적하게 지내고 있습니다.
回復	かいふく	회복	사물	N3	彼女はまもなく病気から回復するでしょう。	かのじょはまもなくびょうきからかいふくするでしょう。	그녀는 곧 병에서 회복할 겁니다.
飼う	かう	기르다	동사	N3	日本にはペンギンを飼っている人がいるらしい。	にほんにはペンギンをかっているひとがいるらしい。	일본에는 펭귄을 기르는 사람이 있는 것 같습니다.
帰す	かえす	돌려보내다	동사	N3	子供を家に帰します。	こどもをいえにかえします。	아이를 집에 돌려보냅니다.
代える	かえる	대신하다	동사	N3	真の友情は千金にも代え難い。	しんのゆうじょうはせんきんにもかえがたい。	참된 우정은 천금과도 바꾸기 어렵습니다.
替える	かえる	바꾸다	동사	N3	部屋を替えていただけますか。	へやをかえていただけますか。	방을 바꿔 주시겠습니까?
換える	かえる	교환하다	동사	N3	これを現金に換えてもらえますか。	これをげんきんにかえてもらえますか。	이것을 현금으로 바꿔 주시겠습니까?
画家	がか	화가	사람	N3	彼女は国際的に著名な画家です。	かのじょはこくさいてきにちょめいながかです。	그녀는 국제적으로 저명한 화가입니다.
抱える	かかえる	안다	동사	N3	医者は困難な問題を抱えています。	いしゃはこんなんなもんだいをかかえています。	의사는 어려운 문제를 안고 있습니다.
価格	かかく	가격	사물	N3	価格を値引きする店もあります。	かかくをねびきするみせもあります。	가격을 깎아주는 가게도 있습니다.
化学	かがく	화학	사물	N3	私は数学や化学などが好きです。	わたしはすうがくやかがくなどがすきです。	저는 수학이나 화학 등을 좋아합니다.
輝く	かがやく	빛나다	동사	N3	今夜、空には星がとても明るく輝いている。	こんや、そらにはほしがとてもあかるくかがやいている。	오늘 밤 하늘에는 별이 아주 밝게 빛나고 있습니다.
係	かかり	담당	사람	N3	彼女はクラブの会計係をしています。	かのじょはクラブのかいけいがかりをしています。	그녀는 클럽의 회계 담당을 하고 있습니다.
罹る	かかる	걸리다	동사	N3	食中毒に罹ったことはありますか。	しょくちゅうどくにかかったことはありますか。	식중독에 걸린 적이 있습니까?
限る	かぎる	한하다	동사	N3	こんな時は、迎え酒に限ります。	こんなときは、むかえざけにかぎります。	이럴 때는 해장술이 최고입니다.
掻く	かく	긁다	동사	N3	背中を掻いてください。	せなかをかいてください。	등을 긁어 주세요.
嗅ぐ	かぐ	맡다	동사	N3	その犬は地面をくんくん嗅いだ。	そのいぬはじめんをくんくんかいだ。	그 개는 땅을 킁킁 맡았습니다.
学	がく	학문	사물	N3	彼は京都大学で学んでおります。	かれはきょうとだいがくでまなんでおります。	그는 교토대학에서 배우고 있습니다.
額	がく	액수	사물	N3	合計額を調べてはどうですか。	ごうけいがくをしらべてはどうですか。	합계액을 확인해 보면 어떻습니까?
覚悟	かくご	각오	사물	N3	私はすでに覚悟はできています。	わたしはすでにかくごはできています。	저는 이미 각오는 되어 있습니다.
確実	かくじつ	확실함	형용사	N3	彼が来ることは確実です。	かれがくることはかくじつです。	그가 오는 것은 확실합니다.
学者	がくしゃ	학자	사람	N3	彼は、生物学者なんです。	かれは、せいぶつがくしゃなんです。	그는 생물학자입니다.
学習	がくしゅう	학습	사물	N3	これが彼の英語学習法です。	これがかれのえいごがくしゅうほうです。	이것이 그의 영어 학습법입니다.
隠す	かくす	숨기다	동사	N3	家のスペアキーは外に隠してあります。	いえのスペアキーはそとにかくしてあります。	집 여분 열쇠는 밖에 숨겨 두었습니다.
拡大	かくだい	확대	사물	N3	当社の第一目標は南米市場を拡大することです。	とうしゃのだいいちもくひょうはなんべいしじょうをかくだいすることです。	저희 회사의 첫째 목표는 남미 시장을 확대하는 것입니다.
確認	かくにん	확인	사물	N3	これ確認してみて。	これかくにんしてみて。	이거 확인해 봐.
学問	がくもん	학문	사물	N3	政治に対する私の関心は専ら学問上のものです。	せいじにたいするわたしのかんしんはもっぱらがくもんじょうのものです。	정치에 대한 제 관심은 오로지 학문적인 것입니다.
隠れる	かくれる	숨다	동사	N3	今は雲で隠れてしまっています。	いまはくもでかくれてしまっています。	지금은 구름에 가려져 있습니다.
影	かげ	그림자	사물	N3	その木は道路に影を投げていた。	そのきはどうろにかげをなげていた。	그 나무는 도로에 그림자를 드리우고 있었습니다.
陰	かげ	그늘	장소	N3	ドアの陰から変な音が聞こえた。	ドアのかげからへんなおとがきこえた。	문 뒤에서 이상한 소리가 들렸습니다.
欠ける	かける	모자라다	동사	N3	何かが欠けてます。	なにかがかけてます。	뭔가가 모자랍니다.
加減	かげん	가감	사물	N3	しゃべるのもいい加減にしたら。	しゃべるのもいいかげんにしたら。	말하는 것도 적당히 하지 그래.
籠	かご	바구니	사물	N3	彼は花でいっぱいの大きな籠を持っています。	かれははなでいっぱいのおおきなかごをもっています。	그는 꽃으로 가득한 큰 바구니를 들고 있습니다.
囲む	かこむ	둘러싸다	동사	N3	日本は海に囲まれています。	にほんはうみにかこまれています。	일본은 바다로 둘러싸여 있습니다.
火災	かさい	화재	사물	N3	今週は火災予防週間です。	こんしゅうはかさいよぼうしゅうかんです。	이번 주는 화재 예방 주간입니다.
重なる	かさなる	겹치다	동사	N3	今度の祭日は日曜日と重なります。	こんどのさいじつはにちようびとかさなります。	이번 명절은 일요일과 겹칩니다.
重ねる	かさねる	거듭하다	동사	N3	あなたと一緒に歳を重ねたいです。	あなたといっしょにとしをかさねたいです。	당신과 함께 나이를 먹고 싶습니다.
飾り	かざり	장식	사물	N3	新しいデザインのポスターを飾りたい。	あたらしいデザインのポスターをかざりたい。	새 디자인의 포스터를 걸고 싶습니다.
貸し	かし	빌려줌	사물	N3	君の車を貸してください。	きみのくるまをかしてください。	당신 차를 빌려주세요.
菓子	かし	과자	음식	N3	この菓子を自由にお取り下さい。	このかしをじゆうにおとりください。	이 과자를 자유롭게 가져가 주세요.
家事	かじ	집안일	사물	N3	私は毎日母の家事を手伝います。	わたしはまいにちははのかじをてつだいます。	저는 매일 어머니의 집안일을 돕습니다.
歌手	かしゅ	가수	사람	N3	彼は日本で有名な流行歌手です。	かれはにほんでゆうめいなりゅうこうかしゅです。	그는 일본에서 유명한 유행가 가수입니다.
稼ぐ	かせぐ	벌다	동사	N3	彼は毎月お金をいくら稼ぎますか。	かれはまいつきおかねをいくらかせぎますか。	그는 매달 돈을 얼마나 법니까?
数える	かぞえる	세다	동사	N3	星の数を数えました。	ほしのかずをかぞえました。	별의 수를 셌습니다.
型	かた	형	사물	N3	特にお望みの型はございますか。	とくにおのぞみのかたはございますか。	특별히 원하시는 형이 있습니까?
肩	かた	어깨	사람	N3	今肩慣らししているところです。	こんかたならししているところです。	지금 어깨를 풀고 있는 중입니다.
堅い	かたい	단단하다	형용사	N3	ダイヤモンドは本来堅いものだ。	ダイヤモンドはほんらいかたいものだ。	다이아몬드는 본래 단단한 것입니다.
片付く	かたづく	정리되다	동사	N3	いざこざも全部片付いて、やれやれです。	いざこざもぜんぶかたづいて、やれやれです。	말썽도 다 정리되어 다행입니다.
刀	かたな	칼	사물	N3	二人の刀がガチッと切りあった。	ふたりのかたながガチッときりあった。	두 사람의 칼이 쨍하고 부딪쳤습니다.
語る	かたる	이야기하다	동사	N3	自分のことを語るのは苦手です。	じぶんのことをかたるのはにがてです。	제 이야기를 하는 것은 서툽니다.
勝ち	かち	승리	사물	N3	どちらのチームが勝ちそうですか。	どちらのチームがかちそうですか。	어느 팀이 이길 것 같습니까?
価値	かち	가치	사물	N3	彼の新しい小説は読む価値がある。	かれのあたらしいしょうせつはよむかちがある。	그의 새 소설은 읽을 가치가 있습니다.
がっかり	がっかり	실망	부사	N3	彼はその知らせを聞いてがっかりした。	かれはそのしらせをきいてがっかりした。	그는 그 소식을 듣고 실망했습니다.
活気	かっき	활기	사물	N3	彼は活気のある人です。	かれはかっきのあるひとです。	그는 활기가 있는 사람입니다.
楽器	がっき	악기	사물	N3	好きな楽器は、ハーモニカです。	すきながっきは、ハーモニカです。	좋아하는 악기는 하모니카입니다.
学期	がっき	학기	시간	N3	まもなく新学期が始まります。	まもなくしんがっきがはじまります。	곧 새 학기가 시작됩니다.
活動	かつどう	활동	사물	N3	クラブ活動は毎日ありますか。	クラブかつどうはまいにちありますか。	클럽 활동은 매일 있습니까?
活躍	かつやく	활약	사물	N3	元気で活躍していることと思います。	げんきでかつやくしていることとおもいます。	건강하게 활약하고 있으리라 생각합니다.
活用	かつよう	활용	사물	N3	この動詞の活用は難しいです。	このどうしのかつようはむずかしいです。	이 동사의 활용은 어렵습니다.
仮定	かてい	가정	사물	N3	それが真実であると仮定しよう。	それがしんじつであるとかていしよう。	그것이 진실이라고 가정합시다.
過程	かてい	과정	사물	N3	過程が大切です。	かていがたいせつです。	과정이 중요합니다.
課程	かてい	교육과정	사물	N3	私は高校の全課程を修了した。	わたしはこうこうのぜんかていをしゅうりょうした。	저는 고등학교의 전 과정을 마쳤습니다.
悲しむ	かなしむ	슬퍼하다	동사	N3	私はそのことで悲しんでいます。	わたしはそのことでかなしんでいます。	저는 그 일로 슬퍼하고 있습니다.
必ずしも	かならずしも	반드시	부사	N3	うわさは、必ずしも事実ではない事がわかります。	うわさは、かならずしもじじつではないことがわかります。	소문은 반드시 사실은 아니라는 것을 알 수 있습니다.
かなり	かなり	꽤	부사	N3	毎晩、かなり遅くまで起きてます。	まいばん、かなりおそくまでおきてます。	매일 밤 꽤 늦게까지 깨어 있습니다.
金	かね	돈	사물	N3	彼はたくさんの金を持っている。	かれはたくさんのきんをもっている。	그는 많은 돈을 갖고 있습니다.
鐘	かね	종	사물	N3	これがビッグベンと呼ばれる鐘です。	これがビッグベンとよばれるかねです。	이것이 빅벤이라고 불리는 종입니다.
可能	かのう	가능	형용사	N3	この新しいモデルは市場で入手可能ですか。	このあたらしいモデルはしじょうでにゅうしゅかのうですか。	이 새 모델은 시장에서 구할 수 있습니까?
株	かぶ	주식	사물	N3	田中さん、株を持っていますか。	たなかさん、かぶをもっていますか。	다나카 씨, 주식을 갖고 있습니까?
被る	かぶる	쓰다	동사	N3	常時ヘルメットを被っています。	じょうじヘルメットをこうむっています。	늘 헬멧을 쓰고 있습니다.
我慢	がまん	참음	사물	N3	彼らの我慢も限界だった。	かれらのがまんもげんかいだった。	그들의 인내도 한계였습니다.
神	かみ	신	사람	N3	私は神の存在を信じない。	わたしはかみのそんざいをしんじない。	저는 신의 존재를 믿지 않습니다.
雷	かみなり	천둥	자연	N3	うちの犬、雷を怖がるんですよ。	うちのいぬ、かみなりをこわがるんですよ。	저희 개는 천둥을 무서워합니다.
髪の毛	かみのけ	머리카락	사람	N3	すみません、スープに髪の毛が入っていたんですけど。	すみません、スープにかみのけがはいっていたんですけど。	죄송한데 수프에 머리카락이 들어 있었습니다.
科目	かもく	과목	사물	N3	数学は彼の最も得意な科目です。	すうがくはかれのもっともとくいなかもくです。	수학은 그의 가장 자신 있는 과목입니다.
かゆい	かゆい	가렵다	형용사	N3	背中がかゆいです。	せなかがかゆいです。	등이 가렵습니다.
歌謡	かよう	가요	사물	N3	最近は皆が歌えるような歌謡曲を聞くこともなくなった。	さいきんはみながうたえるようなかようきょくをきくこともなくなった。	요즘은 모두가 부를 만한 가요를 듣는 일도 없어졌습니다.
殻	から	껍데기	사물	N3	飲み物はヤシの実の殻に入れてあった。	のみものはヤシのみのからにいれてあった。	음료는 야자 열매 껍데기에 담겨 있었습니다.
刈る	かる	깎다	동사	N3	彼女は髪を短く刈ってもらった。	かのじょはかみをみじかくかってもらった。	그녀는 머리를 짧게 깎았습니다.
河	かわ	강	자연	N3	この河はとても広いです。	このかわはとてもひろいです。	이 강은 아주 넓습니다.
皮	かわ	껍질	음식	N3	ジャガイモとニンジンの皮をむいてください。	ジャガイモとニンジンのかわをむいてください。	감자와 당근의 껍질을 벗겨 주세요.
革	かわ	가죽	사물	N3	このバッグは革でできています。	このバッグはかわでできています。	이 가방은 가죽으로 되어 있습니다.
可愛らしい	かわいらしい	귀엽다	형용사	N3	あれは可愛らしい少女の学校です。	あれはかわいらしいしょうじょのがっこうです。	저것은 귀여운 소녀들의 학교입니다.
乾かす	かわかす	말리다	동사	N3	洗濯物を乾かします。	せんたくぶつをかわかします。	빨래를 말립니다.
渇く	かわく	목마르다	동사	N3	いつものどが渇いています。	いつものどがかわいています。	늘 목이 마릅니다.
代る	かわる	대신하다	동사	N3	彼女に代ってその会に出席した。	かのじょにかわってそのかいにしゅっせきした。	그녀를 대신해 그 모임에 참석했습니다.
缶	かん	캔	사물	N3	缶ビールをもう一本いただけますか。	かんビールをもういっぽんいただけますか。	캔맥주를 한 병 더 주시겠습니까?
勘	かん	직감	사물	N3	私の勘は正しかったんだ。	わたしのかんはただしかったんだ。	제 직감은 옳았습니다.
考え	かんがえ	생각	사물	N3	トムは次なる行動をじっくり考えた。	トムはつぎなるこうどうをじっくりかんがえた。	톰은 다음 행동을 곰곰이 생각했습니다.
感覚	かんかく	감각	사물	N3	つま先の感覚がない。	つまさきのかんかくがない。	발끝의 감각이 없습니다.
間隔	かんかく	간격	사물	N3	バスはどれくらいの間隔で走っていますか。	バスはどれくらいのかんかくではしっていますか。	버스는 어느 정도 간격으로 다니고 있습니까?
歓迎	かんげい	환영	사물	N3	歓迎いたします。	かんげいいたします。	환영합니다.
観光	かんこう	관광	사물	N3	ここは人気の観光スポットです。	ここはにんきのかんこうスポットです。	여기는 인기 있는 관광 명소입니다.
観察	かんさつ	관찰	사물	N3	野鳥を観察しているところです。	やちょうをかんさつしているところです。	들새를 관찰하고 있는 중입니다.
感じ	かんじ	느낌	사물	N3	柔らかい感じの布です。	やわらかいかんじのぬのです。	부드러운 느낌의 천입니다.
感謝	かんしゃ	감사	사물	N3	例年、うちでは感謝祭の日に七面鳥を食べるんだ。	れいねん、うちではかんしゃさいのひにしちめんちょうをたべるんだ。	해마다 저희 집에서는 추수감사절에 칠면조를 먹습니다.
患者	かんじゃ	환자	사람	N3	病院に患者が多いです。	びょういんにかんじゃがおおいです。	병원에 환자가 많습니다.
勘定	かんじょう	계산	사물	N3	自分の勘定は自分で払います。	じぶんのかんじょうはじぶんではらいます。	제 계산은 제가 내겠습니다.
感情	かんじょう	감정	사물	N3	たまに感情的になることがあります。	たまにかんじょうてきになることがあります。	가끔 감정적이 될 때가 있습니다.
感じる	かんじる	느끼다	동사	N3	最近、ストレスを感じます。	さいきん、ストレスをかんじます。	요즘 스트레스를 느낍니다.
感心	かんしん	감탄	사물	N3	私は君の仕事に非常に感心しています。	わたしはきみのしごとにひじょうにかんしんしています。	저는 당신의 일에 매우 감탄하고 있습니다.
関心	かんしん	관심	사물	N3	彼は、他人の言葉に無関心です。	かれは、たにんのことばにむかんしんです。	그는 남의 말에 무관심합니다.
関する	かんする	관하다	동사	N3	君の関する事柄ではない。	きみのかんすることがらではない。	당신에 관한 일이 아닙니다.
完成	かんせい	완성	사물	N3	私の仕事はまだ未完成です。	わたしのしごとはまだみかんせいです。	제 일은 아직 미완성입니다.
完全	かんぜん	완전함	형용사	N3	私たちは完全な文を求めています。	わたしたちはかんぜんなぶんをもとめています。	저희는 완전한 문장을 원합니다.
乾燥	かんそう	건조	사물	N3	今日は空気が乾燥しています。	きょうはくうきがかんそうしています。	오늘은 공기가 건조합니다.
感想	かんそう	감상	사물	N3	あくまでも個人の感想です。	あくまでもこじんのかんそうです。	어디까지나 개인의 감상입니다.
感動	かんどう	감동	사물	N3	あの映画はとても感動的だった。	あのえいがはとてもかんどうてきだった。	저 영화는 매우 감동적이었습니다.
監督	かんとく	감독	사람	N3	彼には映画監督になるという夢があります。	かれにはえいがかんとくになるというゆめがあります。	그에게는 영화감독이 되겠다는 꿈이 있습니다.
管理	かんり	관리	사물	N3	君のアパートは管理がいいですか。	きみのアパートはかんりがいいですか。	당신 아파트는 관리가 좋습니까?
完了	かんりょう	완료	사물	N3	いつごろ完了の通知が来ますか。	いつごろかんりょうのつうちがきますか。	언제쯤 완료 통지가 옵니까?
関連	かんれん	관련	사물	N3	コンピューター関連の仕事をしています。	コンピューターかんれんのしごとをしています。	컴퓨터 관련 일을 하고 있습니다.
議員	ぎいん	의원	사람	N3	私もまた、議員の一人です。	わたしもまた、ぎいんのひとりです。	저도 또한 의원 중 한 사람입니다.
記憶	きおく	기억	사물	N3	弟は記憶力がいいです。	おとうとはきおくりょくがいいです。	남동생은 기억력이 좋습니다.
器械	きかい	기계	사물	N3	血圧計が大切な検査器械です。	けつあつけいがたいせつなけんさきかいです。	혈압계가 중요한 검사 기계입니다.
議会	ぎかい	의회	사물	N3	議会が最初に生まれたのはいつだか知っていますか。	ぎかいがさいしょにうまれたのはいつだかしっていますか。	의회가 처음 생긴 것이 언제인지 아십니까?
機関	きかん	기관	사물	N3	交通機関は何を使うんですか。	こうつうきかんはなにをつかうんですか。	교통기관은 무엇을 씁니까?
企業	きぎょう	기업	사물	N3	大企業が業界を支配しています。	だいきぎょうがぎょうかいをしはいしています。	대기업이 업계를 지배하고 있습니다.
効く	きく	듣다	동사	N3	その薬はすぐに効きますか。	そのくすりはすぐにききますか。	그 약은 바로 듣습니까?
機嫌	きげん	기분	사물	N3	だから機嫌が良さそうなんだね。	だからきげんがよさそうなんだね。	그래서 기분이 좋아 보이는군요.
岸	きし	기슭	자연	N3	ボートは岸へ打ち上げられた。	ボートはきしへうちあげられた。	보트는 기슭으로 떠밀려 왔습니다.
生地	きじ	천	사물	N3	この生地はあの生地よりも上質です。	このきじはあのきじよりもじょうしつです。	이 천은 저 천보다 질이 좋습니다.
記事	きじ	기사	사물	N3	学校新聞に記事を書いています。	がっこうしんぶんにきじをかいています。	학교 신문에 기사를 쓰고 있습니다.
技師	ぎし	기사	사람	N3	彼は技師になりたく思っています。	かれはぎしになりたくおもっています。	그는 기사가 되고 싶어 합니다.
記者	きしゃ	기자	사람	N3	なぜなら新聞記者だったからです。	なぜならしんぶんきしゃだったからです。	왜냐하면 신문기자였기 때문입니다.
傷	きず	상처	사물	N3	トムは右目の下に独特の傷がある。	トムはみぎめのしたにどくとくのきずがある。	톰은 오른쪽 눈 아래에 독특한 상처가 있습니다.
期待	きたい	기대	사물	N3	彼女に期待することが出来ます。	かのじょにきたいすることができます。	그녀에게 기대할 수 있습니다.
気体	きたい	기체	자연	N3	水は温められると、気体になる。	みずはあたためられると、きたいになる。	물은 데워지면 기체가 됩니다.
帰宅	きたく	귀가	사물	N3	できればもう帰宅したいのですが。	できればもうきたくしたいのですが。	가능하면 이제 귀가하고 싶습니다만.
貴重	きちょう	귀중함	형용사	N3	貴重品を預かってもらえますか。	きちょうひんをあずかってもらえますか。	귀중품을 맡아 주시겠습니까?
議長	ぎちょう	의장	사람	N3	議長は辞職します。	ぎちょうはじしょくします。	의장은 사직합니다.
きちんと	きちんと	제대로	부사	N3	外国語の授業ではきちんと出席する事が大切です。	がいこくごのじゅぎょうではきちんとしゅっせきすることがたいせつです。	외국어 수업에서는 제대로 출석하는 것이 중요합니다.
きつい	きつい	힘들다	형용사	N3	きつい仕事でとても疲れています。	きついしごとでとてもつかれています。	힘든 일이라 아주 지쳐 있습니다.
気付く	きづく	알아차리다	동사	N3	先生は生徒の間違いに気付いた。	せんせいはせいとのまちがいにきづいた。	선생님은 학생의 실수를 알아차렸습니다.
気に入る	きにいる	마음에 들다	동사	N3	この家が本当に気に入ってます。	このいえがほんとうにきにいってます。	이 집이 정말 마음에 듭니다.
記入	きにゅう	기입	사물	N3	このカードに記入していただけますか。	このカードにきにゅうしていただけますか。	이 카드에 기입해 주시겠습니까?
記念	きねん	기념	사물	N3	部長から記念品を頂きました。	ぶちょうからきねんひんをいただきました。	부장님께 기념품을 받았습니다.
機能	きのう	기능	사물	N3	私の知る限り、そのような機能はないと思います。	わたしのしるかぎり、そのようなきのうはないとおもいます。	제가 아는 한 그런 기능은 없다고 생각합니다.
寄付	きふ	기부	사물	N3	新しい病院に寄付をお願いいたします。	あたらしいびょういんにきふをおねがいいたします。	새 병원에 기부를 부탁드립니다.
希望	きぼう	희망	사물	N3	弟は海外留学を希望してるんです。	おとうとはかいがいりゅうがくをきぼうしてるんです。	남동생은 해외 유학을 희망하고 있습니다.
基本	きほん	기본	사물	N3	基本的にあなたの意見に賛成です。	きほんてきにあなたのいけんにさんせいです。	기본적으로 당신 의견에 찬성합니다.
決まり	きまり	규칙	사물	N3	服装の決まりはありますか。	ふくそうのきまりはありますか。	복장 규칙은 있습니까?
気味	きみ	기미	사물	N3	彼は人の名前を忘れ気味である。	かれはひとのなまえをわすれぎみである。	그는 사람 이름을 잊는 기미가 있습니다.
奇妙	きみょう	기묘함	형용사	N3	これはとても奇妙な手紙です。	これはとてもきみょうなてがみです。	이것은 매우 기묘한 편지입니다.
義務	ぎむ	의무	사물	N3	あなたを助けるのが私の義務です。	あなたをたすけるのがわたしのぎむです。	당신을 돕는 것이 제 의무입니다.
疑問	ぎもん	의문	사물	N3	子供には疑問がたくさんあります。	こどもにはぎもんがたくさんあります。	아이에게는 의문이 많이 있습니다.
逆	ぎゃく	반대	사물	N3	しかし、逆もまた真である。	しかし、ぎゃくもまたしんである。	그러나 반대 또한 참입니다.
キャプテン	キャプテン	주장	사람	N3	彼はフットボールチームのキャプテンです。	かれはフットボールチームのキャプテンです。	그는 축구팀의 주장입니다.
キャンプ	キャンプ	캠프	사물	N3	これが初めてのキャンプです。	これがはじめてのキャンプです。	이것이 첫 캠프입니다.
旧	きゅう	옛	사물	N3	官僚は旧法規の改正に関して、成り行きを見守っています。	かんりょうはきゅうほうきのかいせいにかんして、なりゆきをみまもっています。	관료는 옛 법규의 개정에 관해 추이를 지켜보고 있습니다.
級	きゅう	급	사물	N3	日本語検定の二級に受かった。	にほんごけんていのにきゅうにうかった。	일본어 검정 2급에 합격했습니다.
球	きゅう	공	사물	N3	頭部と手以外なところに球に打たれると失格されます。	とうぶとていがいなところにたまにうたれるとしっかくされます。	머리와 손 이외의 곳에 공을 맞으면 실격됩니다.
休暇	きゅうか	휴가	시간	N3	トムは今日休暇を取っています。	トムはきょうきゅうかをとっています。	톰은 오늘 휴가를 냈습니다.
休憩	きゅうけい	휴식	사물	N3	休憩していいよ。	きゅうけいしていいよ。	쉬어도 됩니다.
急激	きゅうげき	급격함	형용사	N3	その人口は急激に増加しました。	そのじんこうはきゅうげきにぞうかしました。	그 인구는 급격히 증가했습니다.
吸収	きゅうしゅう	흡수	사물	N3	ラグは音を吸収します。	ラグはおとをきゅうしゅうします。	러그는 소리를 흡수합니다.
救助	きゅうじょ	구조	사물	N3	私たちは彼女の救助に出かけた。	わたしたちはかのじょのきゅうじょにでかけた。	저희는 그녀의 구조에 나섰습니다.
急速	きゅうそく	급속함	형용사	N3	子供時代は、急速な成長の時期です。	こどもじだいは、きゅうそくなせいちょうのじきです。	어린 시절은 급속한 성장의 시기입니다.
休息	きゅうそく	휴식	사물	N3	今私たちに必要なのは休息です。	いまわたしたちにひつようなのはきゅうそくです。	지금 저희에게 필요한 것은 휴식입니다.
給料	きゅうりょう	급료	사물	N3	給料のほかに、彼は投資からも金が入ってくる。	きゅうりょうのほかに、かれはとうしからもきむがはいってくる。	급료 외에 그는 투자에서도 돈이 들어옵니다.
器用	きよう	손재주 있음	형용사	N3	トムはとっても手先が器用だ。	トムはとってもてさきがきようだ。	톰은 아주 손재주가 좋습니다.
教科書	きょうかしょ	교과서	사물	N3	教科書を開いてください。	きょうかしょをひらいてください。	교과서를 펴 주세요.
競技	きょうぎ	경기	사물	N3	ナンシーは屋内競技が好きです。	ナンシーはおくないきょうぎがすきです。	낸시는 실내 경기를 좋아합니다.
行儀	ぎょうぎ	예의범절	사물	N3	その少年は行儀作法を知らない。	そのしょうねんはぎょうぎさほうをしらない。	그 소년은 예의범절을 모릅니다.
供給	きょうきゅう	공급	사물	N3	現在、医薬品の供給が難しくなっています。	げんざい、いやくひんのきょうきゅうがむずかしくなっています。	현재 의약품 공급이 어려워지고 있습니다.
教授	きょうじゅ	교수	사람	N3	教授は英会話を教えている。	きょうじゅはえいかいわをおしえている。	교수는 영어회화를 가르치고 있습니다.
強調	きょうちょう	강조	사물	N3	ぼくはこの点を特に強調したい。	ぼくはこのてんをとくにきょうちょうしたい。	저는 이 점을 특히 강조하고 싶습니다.
共通	きょうつう	공통	사물	N3	私たちには共通点があります。	わたしたちにはきょうつうてんがあります。	저희에게는 공통점이 있습니다.
共同	きょうどう	공동	사물	N3	一戸建より共同住宅に住む世帯の増加率の方が高い。	いちこけんよりきょうどうじゅうたくにすむせたいのぞうかりつのほうがたかい。	단독주택보다 공동주택에 사는 세대의 증가율이 더 높습니다.
恐怖	きょうふ	공포	사물	N3	あなたの最大の恐怖は何ですか。	あなたのさいだいのきょうふはなんですか。	당신의 가장 큰 공포는 무엇입니까?
協力	きょうりょく	협력	사물	N3	協力者に対しては賞金が出ます。	きょうりょくしゃにたいしてはしょうきんがでます。	협력자에게는 상금이 나옵니다.
強力	きょうりょく	강력함	형용사	N3	彼らはより強力な武器を作った。	かれらはよりきょうりょくなぶきをつくった。	그들은 더 강력한 도구를 만들었습니다.
許可	きょか	허가	사물	N3	上司に許可を取ってきます。	じょうしにきょかをとってきます。	상사에게 허가를 받아 오겠습니다.
局	きょく	국	장소	N3	駅の前に郵便局があります。	えきのまえにゆうびんきょくがあります。	역 앞에 우체국이 있습니다.
巨大	きょだい	거대함	형용사	N3	あの巨大な建物はなんですか。	あのきょだいなたてものはなんですか。	저 거대한 건물은 무엇입니까?
嫌う	きらう	싫어하다	동사	N3	トムはあなたのことを嫌っています。	トムはあなたのことをきらっています。	톰은 당신을 싫어합니다.
霧	きり	안개	자연	N3	今日は霧がかかっています。	きょうはきりがかかっています。	오늘은 안개가 끼어 있습니다.
切れ	きれ	조각	사물	N3	布の切れを集めています。	ぬののきれをあつめています。	천 조각을 모으고 있습니다.
切れる	きれる	끊어지다	동사	N3	バッテリーが切れた。	バッテリーがきれた。	배터리가 다 됐습니다.
議論	ぎろん	논의	사물	N3	中絶問題で議論が二分しています。	ちゅうぜつもんだいでぎろんがにぶんしています。	낙태 문제로 논의가 둘로 갈리고 있습니다.
銀	ぎん	은	사물	N3	銀とブリキの区別がつきますか。	ぎんとブリキのくべつがつきますか。	은과 양철의 구별이 됩니까?
禁煙	きんえん	금연	사물	N3	禁煙席はありますか。	きんえんせきはありますか。	금연석은 있습니까?
金額	きんがく	금액	사물	N3	金額はいくらでもいいんです。	きんがくはいくらでもいいんです。	금액은 얼마든 괜찮습니다.
金庫	きんこ	금고	사물	N3	トムは金庫を開けてパスポートを取り出した。	トムはきんこをあけてパスポートをとりだした。	톰은 금고를 열고 여권을 꺼냈습니다.
禁止	きんし	금지	사물	N3	ここは水泳禁止となっています。	ここはすいえいきんしとなっています。	여기는 수영 금지로 되어 있습니다.
金銭	きんせん	금전	사물	N3	彼は金銭にむとんじゃくである。	かれはきんせんにむとんじゃくである。	그는 금전에 무심합니다.
金属	きんぞく	금속	사물	N3	ニッケルは硬い銀白色の金属です。	ニッケルはかたいぎんはくしょくのきんぞくです。	니켈은 단단한 은백색 금속입니다.
近代	きんだい	근대	시간	N3	近代的方法で産業は向上した。	きんだいてきほうほうでさんぎょうはこうじょうした。	근대적 방법으로 산업은 향상되었습니다.
緊張	きんちょう	긴장	사물	N3	緊張しています。	きんちょうしています。	긴장하고 있습니다.
筋肉	きんにく	근육	사람	N3	体中の筋肉が痛いです。	からだちゅうのきんにくがいたいです。	온몸의 근육이 아픕니다.
金融	きんゆう	금융	사물	N3	国際金融で仕事を続けるつもりです。	こくさいきんゆうでしごとをつづけるつもりです。	국제 금융에서 일을 계속할 생각입니다.
句	く	구	사물	N3	この句はどう意味ですか。	このくはどういみですか。	이 구는 무슨 뜻입니까?
食う	くう	먹다	동사	N3	トムのことが気に食わなかった。	トムのことがきにくわなかった。	톰이 마음에 들지 않았습니다.
偶然	ぐうぜん	우연	사물	N3	この物語には偶然が多いです。	このものがたりにはぐうぜんがおおいです。	이 이야기에는 우연이 많습니다.
臭い	くさい	냄새나다	형용사	N3	台所はひどく不快な臭いがします。	だいどころはひどくふかいなにおいがします。	부엌은 몹시 불쾌한 냄새가 납니다.
鎖	くさり	사슬	사물	N3	ジョージはその犬に鎖をつけた。	ジョージはそのいぬにくさりをつけた。	조지는 그 개에게 사슬을 채웠습니다.
腐る	くさる	썩다	동사	N3	肉が腐ったのは暑さのためです。	にくがくさったのはあつさのためです。	고기가 썩은 것은 더위 때문입니다.
癖	くせ	버릇	사물	N3	それがまさに彼女の癖です。	それがまさにかのじょのくせです。	그것이 바로 그녀의 버릇입니다.
管	くだ	관	사물	N3	下水管がつまっている。	げすいかんがつまっている。	하수관이 막혀 있습니다.
具体	ぐたい	구체	사물	N3	それはとても具体的な質問です。	それはとてもぐたいてきなしつもんです。	그것은 아주 구체적인 질문입니다.
下り	くだり	내려감	사물	N3	川下りでびしょびしょになった。	かわくだりでびしょびしょになった。	강 하류 타기로 흠뻑 젖었습니다.
苦痛	くつう	고통	사물	N3	医学の革新は苦痛から私たちを取り除く最良の方法です。	いがくのかくしんはくつうからわたしたちをとりのぞくさいりょうのほうほうです。	의학의 혁신은 고통에서 저희를 벗어나게 하는 최선의 방법입니다.
ぐっすり	ぐっすり	푹	부사	N3	ぐっすり寝てね、ティミー坊や。	ぐっすりねてね、ティミーぼうや。	푹 자렴, 티미야.
区別	くべつ	구별	사물	N3	良い英語と、悪い英語はどのようにして区別できますか。	よいえいごと、わるいえいごはどのようにしてくべつできますか。	좋은 영어와 나쁜 영어는 어떻게 구별할 수 있습니까?
組	くみ	반	사람	N3	パーシーという人が君の組にいますか。	パーシーというひとがきみのくみにいますか。	퍼시라는 사람이 당신 반에 있습니까?
組合	くみあい	조합	사물	N3	労働組合はストを呼びかけた。	ろうどうくみあいはストをよびかけた。	노동조합은 파업을 호소했습니다.
組む	くむ	짜다	동사	N3	あまった生徒は先生と組みます。	あまったせいとはせんせいとくみます。	남은 학생은 선생님과 짝을 짓습니다.
汲む	くむ	긷다	동사	N3	バケツに水を汲んでくるよ。	バケツにみずをくんでくるよ。	양동이에 물을 길어 올게요.
悔しい	くやしい	분하다	형용사	N3	彼は事業の失敗を悔しがった。	かれはじぎょうのしっぱいをくやしがった。	그는 사업 실패를 분해했습니다.
位	くらい	정도	사물	N3	どれ位かかりますか。	どれいかかりますか。	어느 정도 걸립니까?
暮らし	くらし	생활	사물	N3	トムとメアリーは、スマートハウスで暮らしています。	トムとメアリーは、スマートハウスでくらしています。	톰과 메리는 스마트하우스에서 살고 있습니다.
クラシック	クラシック	클래식	사물	N3	クラシック音楽が好きなんです。	クラシックおんがくがすきなんです。	클래식 음악을 좋아합니다.
暮らす	くらす	살다	동사	N3	トムとメアリーは、スマートホームで暮らしています。	トムとメアリーは、スマートホームでくらしています。	톰과 메리는 스마트홈에서 살고 있습니다.
グラス	グラス	잔	사물	N3	グラスワインの赤をお願いします。	グラスワインのあかをおねがいします。	와인 잔으로 레드를 부탁합니다.
グランド	グランド	그랜드	사물	N3	グランドホテルまでの送迎バス乗り場はどこですか。	グランドホテルまでのそうげいバスのりばはどこですか。	그랜드 호텔까지 가는 셔틀버스 정류장은 어디입니까?
クリーム	クリーム	크림	음식	N3	コーヒーにクリームはいかがですか。	コーヒーにクリームはいかがですか。	커피에 크림은 어떠십니까?
繰り返す	くりかえす	되풀이하다	동사	N3	そのようなことがまた繰り返されると思いますか。	そのようなことがまたくりかえされるとおもいますか。	그런 일이 또 되풀이될 거라고 생각합니까?
クリスマス	クリスマス	크리스마스	시간	N3	クリスマスに家族と過ごします。	クリスマスにかぞくとすごします。	크리스마스에 가족과 보냅니다.
狂う	くるう	어긋나다	동사	N3	時計が狂っています。	とけいがくるっています。	시계가 어긋나 있습니다.
グループ	グループ	그룹	사람	N3	学生のグループが一緒に歩きます。	がくせいのグループがいっしょにあるきます。	학생 그룹이 함께 걷습니다.
苦しい	くるしい	괴롭다	형용사	N3	彼の家族はかなり生活が苦しい。	かれのかぞくはかなりせいかつがくるしい。	그의 가족은 꽤 생활이 어렵습니다.
苦しむ	くるしむ	괴로워하다	동사	N3	私はまだ時差ぼけに苦しんでいます。	わたしはまだじさぼけにくるしんでいます。	저는 아직 시차 적응에 시달리고 있습니다.
暮れ	くれ	해질녘	시간	N3	毎日、信二は日が暮れてから散歩に出かけます。	まいにち、しんじはひがくれてからさんぽにでかけます。	매일 신지는 해가 진 뒤에 산책하러 나갑니다.
苦労	くろう	고생	사물	N3	トムはしばしば物を覚えるのに苦労する。	トムはしばしばものをおぼえるのにくろうする。	톰은 자주 무언가를 외우는 데 고생합니다.
加える	くわえる	더하다	동사	N3	千に百を加えると千百になる。	せんにひゃくをくわえるとせんひゃくになる。	천에 백을 더하면 천백이 됩니다.
加わる	くわわる	더해지다	동사	N3	トムがチームに加わった。	トムがチームにくわわった。	톰이 팀에 합류했습니다.
軍	ぐん	군	사람	N3	家から遠くないところにあるのは軍の病院です。	いえからとおくないところにあるのはぐんのびょういんです。	집에서 멀지 않은 곳에 있는 것은 군 병원입니다.
郡	ぐん	군	장소	N3	これは豊能郡の地図です。	これはとよのぐんのちずです。	이것은 도요노군의 지도입니다.
軍隊	ぐんたい	군대	사람	N3	軍隊に入りたいんです。	ぐんたいにはいりたいんです。	군대에 들어가고 싶습니다.
訓練	くんれん	훈련	사물	N3	あの学校で訓練を受けたんです。	あのがっこうでくんれんをうけたんです。	저 학교에서 훈련을 받았습니다.
計	けい	계	사물	N3	例えば、温度計や気圧計などの計器は器具です。	たとえば、おんどけいやきあつけいなどのけいきはきぐです。	예를 들어 온도계나 기압계 같은 계기는 기구입니다.
敬意	けいい	경의	사물	N3	どんな相手でも敬意を持って戦うだけです。	どんなあいてでもけいいをもってたたかうだけです。	어떤 상대라도 경의를 갖고 싸울 뿐입니다.
経営	けいえい	경영	사물	N3	私のおじは商社を経営しています。	わたしのおじはしょうしゃをけいえいしています。	제 삼촌은 상사를 경영하고 있습니다.
景気	けいき	경기	사물	N3	景気がよくなってきています。	けいきがよくなってきています。	경기가 좋아지고 있습니다.
傾向	けいこう	경향	사물	N3	日本の若者は流行に乗る傾向があります。	にほんのわかものはりゅうこうにのるけいこうがあります。	일본의 젊은이는 유행을 타는 경향이 있습니다.
警告	けいこく	경고	사물	N3	トムに警告します。	トムにけいこくします。	톰에게 경고합니다.
計算	けいさん	계산	사물	N3	ジョージは旅行にかかる費用を計算した。	ジョージはりょこうにかかるひようをけいさんした。	조지는 여행에 드는 비용을 계산했습니다.
掲示	けいじ	게시	사물	N3	この掲示はなんと書いてあるのですか。	このけいじはなんとかいてあるのですか。	이 게시는 뭐라고 쓰여 있습니까?
刑事	けいじ	형사	사람	N3	二人の刑事が容疑者をつけた。	ふたりのけいじがようぎしゃをつけた。	두 형사가 용의자를 미행했습니다.
芸術	げいじゅつ	예술	사물	N3	彼が偉大な芸術家であることははっきりしている。	かれがいだいなげいじゅつかであることははっきりしている。	그가 위대한 예술가인 것은 분명합니다.
契約	けいやく	계약	사물	N3	契約に関する大切なご案内です。	けいやくにかんするたいせつなごあんないです。	계약에 관한 중요한 안내입니다.
経由	けいゆ	경유	사물	N3	経由地はどこですか。	けいゆちはどこですか。	경유지는 어디입니까?
ケース	ケース	케이스	사물	N3	私がこのケースをあなたの所まで運びます。	わたしがこのケースをあなたのところまではこびます。	제가 이 케이스를 당신 있는 곳까지 옮기겠습니다.
ゲーム	ゲーム	게임	사물	N3	このゲームはフィクションです。	このゲームはフィクションです。	이 게임은 픽션입니다.
劇	げき	극	사물	N3	学生全員が劇に参加しています。	がくせいぜんいんがげきにさんかしています。	학생 전원이 극에 참가하고 있습니다.
劇場	げきじょう	극장	장소	N3	今夜は劇場にいくつもりですか。	こんやはげきじょうにいくつもりですか。	오늘 밤은 극장에 갈 생각입니까?
化粧	けしょう	화장	사물	N3	お肌の手入れ、お化粧で忙しいです。	おはだのていれ、おけしょうでいそがしいです。	피부 손질, 화장으로 바쁩니다.
けち	けち	인색함	형용사	N3	金持ちはけちであることが多い。	かねもちはけちであることがおおい。	부자는 인색한 경우가 많습니다.
血液	けつえき	혈액	사람	N3	血液検査の結果が気になります。	けつえきけんさのけっかがきになります。	혈액검사 결과가 신경 쓰입니다.
結果	けっか	결과	사물	N3	検査の結果が出たら電話します。	けんさのけっかがでたらでんわします。	검사 결과가 나오면 전화하겠습니다.
欠陥	けっかん	결함	사물	N3	現代の教育制度にはどんな欠陥が見られますか。	げんだいのきょういくせいどにはどんなけっかんがみられますか。	현대 교육 제도에는 어떤 결함이 보입니까?
決心	けっしん	결심	사물	N3	私は医者になる決心をした。	わたしはいしゃになるけっしんをした。	저는 의사가 되기로 결심했습니다.
欠席	けっせき	결석	사물	N3	今日の英語の授業は欠席します。	きょうのえいごのじゅぎょうはけっせきします。	오늘 영어 수업은 결석합니다.
決定	けってい	결정	사물	N3	ご決定には賛成いたしかねます。	ごけっていにはさんせいいたしかねます。	결정에는 찬성하기 어렵습니다.
欠点	けってん	결점	사물	N3	欠点があるけどやはり彼が好きです。	けってんがあるけどやはりかれがすきです。	결점이 있지만 역시 그를 좋아합니다.
結論	けつろん	결론	사물	N3	結論を出す前に、一度トムの意見を聞いておきたいな。	けつろんをだすまえに、いちどトムのいけんをきいておきたいな。	결론을 내리기 전에 한 번 톰의 의견을 들어 두고 싶네요.
煙	けむり	연기	사물	N3	エンジンから、煙がもくもく出てたよ。	エンジンから、けむりがもくもくでてたよ。	엔진에서 연기가 뭉게뭉게 났어요.
蹴る	ける	차다	동사	N3	ボールを強く蹴ります。	ボールをつよくけります。	공을 세게 찹니다.
券	けん	표	사물	N3	国内便の安い航空券はありますか。	こくないびんのやすいこうくうけんはありますか。	국내선 싼 항공권은 있습니까?
県	けん	현	장소	N3	千葉県の県庁所在地は千葉市です。	ちばけんのけんちょうしょざいちはちばしです。	지바현의 현청 소재지는 지바시입니다.
見解	けんかい	견해	사물	N3	私たちの見解は、全く違います。	わたしたちのけんかいは、まったくちがいます。	저희 견해는 전혀 다릅니다.
限界	げんかい	한계	사물	N3	これが私が読める限界です。	これがわたしがよめるげんかいです。	이것이 제가 읽을 수 있는 한계입니다.
言語	げんご	언어	사물	N3	言語が好きです。	げんごがすきです。	언어를 좋아합니다.
健康	けんこう	건강	사물	N3	健康上の理由で仕事を辞めます。	けんこうじょうのりゆうでしごとをやめます。	건강상의 이유로 일을 그만둡니다.
検査	けんさ	검사	사물	N3	検査していただきたいのです。	けんさしていただきたいのです。	검사를 받고 싶습니다.
現実	げんじつ	현실	사물	N3	まず最初に、現実をお話ししたいと思います。	まずさいしょに、げんじつをおはなししたいとおもいます。	우선 먼저 현실을 말씀드리고 싶습니다.
現象	げんしょう	현상	사물	N3	見たことない現象だ。	みたことないげんしょうだ。	본 적 없는 현상입니다.
現状	げんじょう	현상태	사물	N3	現状のままにしておきます。	げんじょうのままにしておきます。	현 상태 그대로 두겠습니다.
建設	けんせつ	건설	사물	N3	そのビルの建設は来年着工されます。	そのビルのけんせつはらいねんちゃっこうされます。	그 빌딩의 건설은 내년에 착공됩니다.
現代	げんだい	현대	시간	N3	この建物は現代的に見える。	このたてものはげんだいてきにみえる。	이 건물은 현대적으로 보입니다.
建築	けんちく	건축	사물	N3	この建築物はモスクです。	このけんちくぶつはモスクです。	이 건축물은 모스크입니다.
見当	けんとう	짐작	사물	N3	彼の言うことは見当違いのようです。	かれのいうことはけんとうちがいのようです。	그가 하는 말은 짐작이 빗나간 것 같습니다.
検討	けんとう	검토	사물	N3	ご検討の程、ありがとうございます。	ごけんとうのほど、ありがとうございます。	검토해 주셔서 감사합니다.
憲法	けんぽう	헌법	사물	N3	日本国憲法を読んだことがありますか。	にほんこっけんほうをよんだことがありますか。	일본국 헌법을 읽은 적이 있습니까?
権利	けんり	권리	사물	N3	全ての権利を保有します。	すべてのけんりをほゆうします。	모든 권리를 보유합니다.
碁	ご	바둑	사물	N3	父は碁をやります。	ちちはごをやります。	아버지는 바둑을 둡니다.
恋	こい	사랑	사물	N3	彼女は恋をしたことがありますか。	かのじょはこいをしたことがありますか。	그녀는 사랑을 한 적이 있습니까?
恋人	こいびと	연인	사람	N3	恋愛の悩みは恋人に相談するのが一番だよ。	れんあいのなやみはこいびとにそうだんするのがいちばんだよ。	연애 고민은 연인에게 상담하는 것이 최고입니다.
幸運	こううん	행운	사물	N3	幸運をお祈りいたします。	こううんをおいのりいたします。	행운을 빕니다.
講演	こうえん	강연	사물	N3	その講演を聞き逃して残念です。	そのこうえんをききのがしてざんねんです。	그 강연을 놓쳐서 유감입니다.
効果	こうか	효과	사물	N3	この薬は男性にのみ効果があります。	このくすりはだんせいにのみこうかがあります。	이 약은 남성에게만 효과가 있습니다.
硬貨	こうか	동전	사물	N3	電話をかけるため、ポケットに手を入れて硬貨を捜した。	でんわをかけるため、ポケットにてをいれてこうかをさがした。	전화를 걸려고 주머니에 손을 넣어 동전을 찾았습니다.
高価	こうか	고가	형용사	N3	それは高価ではない。	それはこうかではない。	그것은 비싸지 않습니다.
豪華	ごうか	호화로움	형용사	N3	豪華キャンペーンとなっております。	ごうかキャンペーンとなっております。	호화 캠페인이 되고 있습니다.
合格	ごうかく	합격	사물	N3	田中さんは試験に合格したみたいです。	たなかさんはしけんにごうかくしたみたいです。	다나카 씨는 시험에 합격한 것 같습니다.
交換	こうかん	교환	사물	N3	彼女は外国からの交換学生です。	かのじょはがいこくからのこうかんがくせいです。	그녀는 외국에서 온 교환학생입니다.
航空	こうくう	항공	사물	N3	航空便だといくらかかりますか。	こうくうびんだといくらかかりますか。	항공편이면 얼마나 듭니까?
光景	こうけい	광경	사물	N3	その光景を見て私はぞっとした。	そのこうけいをみてわたしはぞっとした。	그 광경을 보고 저는 오싹했습니다.
合計	ごうけい	합계	사물	N3	合計でいくらですか。	ごうけいでいくらですか。	합계로 얼마입니까?
攻撃	こうげき	공격	사물	N3	どちらの側が攻撃しているのですか。	どちらのがわがこうげきしているのですか。	어느 쪽이 공격하고 있습니까?
貢献	こうけん	공헌	사물	N3	彼は新しい技術を開発し、社会に貢献したいと考えています。	かれはあたらしいぎじゅつをかいはつし、しゃかいにこうけんしたいとかんがえています。	그는 새 기술을 개발해 사회에 공헌하고 싶어 합니다.
広告	こうこく	광고	사물	N3	私はその求人広告に応募したいと思います。	わたしはそのきゅうじんこうこくにおうぼしたいとおもいます。	저는 그 구인 광고에 응모하고 싶습니다.
交際	こうさい	교제	사물	N3	その老人は人と交際しなかった。	そのろうじんはひととこうさいしなかった。	그 노인은 사람과 교제하지 않았습니다.
校舎	こうしゃ	교사	장소	N3	新しい校舎が建設中です。	あたらしいこうしゃがけんせつちゅうです。	새 교사가 건설 중입니다.
後者	こうしゃ	후자	사물	N3	このうち大事なのは後者の方です。	このうちだいじなのはこうしゃのほうです。	이 중에 중요한 것은 후자 쪽입니다.
公正	こうせい	공정함	형용사	N3	公正に見れば彼は勤勉で親切だ。	こうせいにみればかれはきんべんでしんせつだ。	공정하게 보면 그는 근면하고 친절합니다.
構成	こうせい	구성	사물	N3	委員会は十名で構成されている。	いいんかいはじゅうめいでこうせいされている。	위원회는 열 명으로 구성되어 있습니다.
高速	こうそく	고속	사물	N3	昨日、高速道路で事故があった。	きのう、こうそくどうろでじこがあった。	어제 고속도로에서 사고가 있었습니다.
行動	こうどう	행동	사물	N3	今必要なのは言葉ではなく行動だ。	こんひつようなのはことばではなくこうどうだ。	지금 필요한 것은 말이 아니라 행동입니다.
強盗	ごうとう	강도	사람	N3	警察は強盗を捜しています。	けいさつはごうとうをさがしています。	경찰은 강도를 찾고 있습니다.
後輩	こうはい	후배	사람	N3	トムは高校の後輩です。	トムはこうこうのこうはいです。	톰은 고등학교 후배입니다.
幸福	こうふく	행복	사물	N3	私たちは幸福です。	わたしたちはこうふくです。	저희는 행복합니다.
公平	こうへい	공평함	형용사	N3	橋本先生は私たちに公平です。	はしもとせんせいはわたしたちにこうへいです。	하시모토 선생님은 저희에게 공평합니다.
候補	こうほ	후보	사람	N3	その候補者は私達が尊敬できるような人です。	そのこうほしゃはわたしたちがそんけいできるようなひとです。	그 후보자는 저희가 존경할 만한 사람입니다.
考慮	こうりょ	고려	사물	N3	インフレを考慮した数値です。	インフレをこうりょしたすうちです。	인플레이션을 고려한 수치입니다.
越える	こえる	넘다	동사	N3	明日中には国境を越えます。	あしたなかにはこっきょうをこえます。	내일 중에는 국경을 넘습니다.
超える	こえる	넘다	동사	N3	あなたの車は制限速度を超えた。	あなたのくるまはせいげんそくどをこえた。	당신 차는 제한 속도를 넘었습니다.
コーチ	コーチ	코치	사람	N3	そして、私があなた達のコーチです。	そして、わたしがあなたたちのコーチです。	그리고 제가 여러분의 코치입니다.
コード	コード	코드	사물	N3	最終結果には結果コードが含まれます。	さいしゅうけっかにはけっかコードがふくまれます。	최종 결과에는 결과 코드가 포함됩니다.
氷	こおり	얼음	자연	N3	飲み物に氷を入れます。	のみものにこおりをいれます。	음료에 얼음을 넣습니다.
凍る	こおる	얼다	동사	N3	水が凍ったとき、それを何と呼びますか。	みずがこおったとき、それをなんとよびますか。	물이 얼었을 때 그것을 뭐라고 부릅니까?
ゴール	ゴール	골	사물	N3	彼女が最後にゴールした人です。	かのじょがさいごにゴールしたひとです。	그녀가 마지막으로 골인한 사람입니다.
誤解	ごかい	오해	사물	N3	私のことを誤解しないでください。	わたしのことをごかいしないでください。	저를 오해하지 마세요.
語学	ごがく	어학	사물	N3	この文は、語学学習者には役に立たないよ。	このぶんは、ごがくがくしゅうしゃにはやくにたたないよ。	이 문장은 어학 학습자에게는 도움이 되지 않습니다.
呼吸	こきゅう	호흡	사물	N3	この装置で人間が水中で呼吸できます。	このそうちでにんげんがすいちゅうでこきゅうできます。	이 장치로 인간이 물속에서 호흡할 수 있습니다.
故郷	こきょう	고향	장소	N3	アンドロメダ銀河は故郷です。	アンドロメダぎんがはこきょうです。	안드로메다 은하는 고향입니다.
国語	こくご	국어	사물	N3	あなたは英語と国語どちらが好きですか。	あなたはえいごとこくごどちらがすきですか。	당신은 영어와 국어 중 어느 쪽을 좋아합니까?
国籍	こくせき	국적	사물	N3	彼の国籍はどこですか。	かれのこくせきはどこですか。	그의 국적은 어디입니까?
黒板	こくばん	칠판	사물	N3	黒板は何が書かれたのですか。	こくばんはなにがかかれたのですか。	칠판에는 무엇이 쓰여 있었습니까?
克服	こくふく	극복	사물	N3	円高克服は大問題です。	えんだかこくふくはだいもんだいです。	엔고 극복은 큰 문제입니다.
国民	こくみん	국민	사람	N3	あの政治家は職権乱用で国民の反感を買った。	あのせいじかはしょっけんらんようでこくみんのはんかんをかった。	저 정치인은 직권 남용으로 국민의 반감을 샀습니다.
穀物	こくもつ	곡물	음식	N3	穀物を作るのに必要な材料はありますか。	こくもつをつくるのにひつようなざいりょうはありますか。	곡물을 만드는 데 필요한 재료는 있습니까?
腰	こし	허리	사람	N3	腰に強い痛みがあるんです。	こしにつよいいたみがあるんです。	허리에 심한 통증이 있습니다.
胡椒	こしょう	후추	음식	N3	塩胡椒で味を調えます。	しおこしょうであじをととのえます。	소금과 후추로 맛을 냅니다.
個人	こじん	개인	사람	N3	トムのことは個人的に知ってますよ。	トムのことはこじんてきにしってますよ。	톰은 개인적으로 알고 있습니다.
越す	こす	넘다	동사	N3	ぜひまたお越しください。	ぜひまたおこしください。	꼭 또 와 주세요.
超す	こす	넘다	동사	N3	それに超したことはない。	それにこしたことはない。	그보다 더 나은 것은 없습니다.
国家	こっか	국가	사물	N3	台湾は国家です。	たいわんはこっかです。	대만은 국가입니다.
国会	こっかい	국회	사물	N3	国会は閉会して夏休みに入った。	こっかいはへいかいしてなつやすみにはいった。	국회는 폐회하고 여름휴가에 들어갔습니다.
国境	こっきょう	국경	장소	N3	この家はマレーシアとインドネシアの国境の近くにあります。	このいえはマレーシアとインドネシアのこっきょうのちかくにあります。	이 집은 말레이시아와 인도네시아 국경 근처에 있습니다.
骨折	こっせつ	골절	사물	N3	骨折したことはありますか。	こっせつしたことはありますか。	골절된 적이 있습니까?
小包	こづつみ	소포	사물	N3	これを小包郵便で送るのですか。	これをこづつみゆうびんでおくるのですか。	이것을 소포 우편으로 보내는 겁니까?
琴	こと	거문고	사물	N3	彼女は琴を弾くことがとても好きだ。	かのじょはきんをひくことがとてもすきだ。	그녀는 고토 켜는 것을 아주 좋아합니다.
異なる	ことなる	다르다	동사	N3	これは、通常の値引きとは異なります。	これは、つうじょうのねびきとはことなります。	이것은 통상적인 할인과는 다릅니다.
諺	ことわざ	속담	사물	N3	ウェールズに諺があります。	ウェールズにことわざがあります。	웨일스에 속담이 있습니다.
粉	こな	가루	음식	N3	彼らは小麦をひいて粉にします。	かれらはこむぎをひいてこなにします。	그들은 밀을 빻아서 가루로 만듭니다.
好み	このみ	취향	사물	N3	これは私の好みにぴったりです。	これはわたしのこのみにぴったりです。	이것은 제 취향에 딱 맞습니다.
好む	このむ	좋아하다	동사	N3	私は飛行機の方を好みます。	わたしはひこうきのほうをこのみます。	저는 비행기 쪽을 좋아합니다.
こぼす	こぼす	흘리다	동사	N3	うどんをゆでるとよくふきこぼす。	うどんをゆでるとよくふきこぼす。	우동을 삶으면 자주 넘쳐 흐릅니다.
こぼれる	こぼれる	넘치다	동사	N3	そんな運び方じゃ絶対こぼれるって。	そんなはこびかたじゃぜったいこぼれるって。	그렇게 옮기면 분명 넘칠 거예요.
塵	ごみ	먼지	사물	N3	塵も積もれば山となる。	ちりもつもればやまとなる。	티끌 모아 태산.
小麦	こむぎ	밀	음식	N3	いつ小麦の取り入れをするのですか。	いつこむぎのとりいれをするのですか。	언제 밀을 수확합니까?
ごめんなさい	ごめんなさい	미안합니다	인사	N3	遅刻してごめんなさい。	ちこくしてごめんなさい。	늦어서 미안합니다.
小屋	こや	오두막	장소	N3	ダムの底に水車小屋があった。	ダムのそこにすいしゃこやがあった。	댐 바닥에 물레방앗간이 있었습니다.
これら	これら	이것들	사물	N3	これらの中から選ぶわけですか。	これらのなかからえらぶわけですか。	이것들 중에서 고르는 겁니까?
殺す	ころす	죽이다	동사	N3	虫を殺さないでください。	むしをころさないでください。	벌레를 죽이지 마세요.
転ぶ	ころぶ	넘어지다	동사	N3	転んだ時、手首を折った。	ころんだとき、てくびをおった。	넘어졌을 때 손목이 부러졌습니다.
今回	こんかい	이번	시간	N3	今回は信じてたのに完全に失望したよ。	こんかいはしんじてたのにかんぜんにしつぼうしたよ。	이번에는 믿었는데 완전히 실망했습니다.
今後	こんご	앞으로	시간	N3	今後は、フランス語で話します。	こんごは、ふらんすごではなします。	앞으로는 프랑스어로 말하겠습니다.
混雑	こんざつ	혼잡	사물	N3	いつもこんなに混雑しているのですか。	いつもこんなにこんざつしているのですか。	늘 이렇게 혼잡합니까?
こんなに	こんなに	이렇게	부사	N3	こんなにかかるとは思っていなかった。	こんなにかかるとはおもっていなかった。	이렇게 들 줄은 생각 못 했습니다.
困難	こんなん	곤란	사물	N3	もうわたしはとても年をとったから歩くことが困難だ。	もうわたしはとてもとしをとったからあるくことがこんなんだ。	이제 저는 아주 나이가 들어서 걷는 것이 곤란합니다.
婚約	こんやく	약혼	사물	N3	ご婚約おめでとうございます。	ごこんやくおめでとうございます。	약혼 축하드립니다.
混乱	こんらん	혼란	사물	N3	ちょっと混乱しています。	ちょっとこんらんしています。	조금 혼란스럽습니다.
差	さ	차이	사물	N3	各社、対応に大きな差があります。	かくしゃ、たいおうにおおきなさがあります。	각 회사마다 대응에 큰 차이가 있습니다.
サービス	サービス	서비스	사물	N3	こちらはサービスでございます。	こちらはサービスでございます。	이쪽은 서비스입니다.
際	さい	때	시간	N3	言語を学ぶ際に間違うことを恐れてはいけないのです。	げんごをまなぶさいにまちがうことをおそれてはいけないのです。	언어를 배울 때 틀리는 것을 두려워해서는 안 됩니다.
最高	さいこう	최고	형용사	N3	これが断然最高の方法です。	これがだんぜんさいこうのほうほうです。	이것이 단연 최고의 방법입니다.
財産	ざいさん	재산	사물	N3	私達はこの財産の権利はあなたにあると認めます。	わたしたちはこのざいさんのけんりはあなたにあるとみとめます。	저희는 이 재산의 권리가 당신에게 있다고 인정합니다.
最終	さいしゅう	최종	사물	N3	今日は私たちの最終学日です。	きょうはわたしたちのさいしゅうがくびです。	오늘은 저희의 마지막 등교일입니다.
最中	さいちゅう	한창	시간	N3	彼は遊びの最中です。	かれはあそびのさいちゅうです。	그는 놀이가 한창입니다.
最低	さいてい	최저	사물	N3	チェコの最低賃金はいくらですか。	チェコのさいていちんぎんはいくらですか。	체코의 최저임금은 얼마입니까?
才能	さいのう	재능	사물	N3	メグには語学の才能があります。	メグにはごがくのさいのうがあります。	메그에게는 어학 재능이 있습니다.
裁判	さいばん	재판	사물	N3	裁判の結果を待っています。	さいばんのけっかをまっています。	재판 결과를 기다리고 있습니다.
幸い	さいわい	다행	형용사	N3	もう少しお待ちいただけると幸いです。	もうすこしおまちいただけるとさいわいです。	조금 더 기다려 주시면 다행이겠습니다.
サイン	サイン	사인	사물	N3	彼はペンを取り出して小切手にサインした。	かれはペンをとりだしてこぎってにサインした。	그는 펜을 꺼내 수표에 사인했습니다.
境	さかい	경계	장소	N3	ドイツはフランスと境を接している。	ドイツはフランスとさかいをせっしている。	독일은 프랑스와 경계를 접하고 있습니다.
逆らう	さからう	거스르다	동사	N3	お父さんに逆らってはいけない。	おとうさんにさからってはいけない。	아버지를 거슬러서는 안 됩니다.
盛り	さかり	한창	시간	N3	どんな人でも盛りの時はある。	どんなひとでももりのときはある。	어떤 사람이든 한창때는 있습니다.
作業	さぎょう	작업	사물	N3	私の父はガレージ作業が好きです。	わたしのちちはガレージさぎょうがすきです。	제 아버지는 차고 작업을 좋아합니다.
裂く	さく	찢다	동사	N3	彼はその新聞を半分に裂いた。	かれはそのしんぶんをはんぶんにさいた。	그는 그 신문을 반으로 찢었습니다.
昨	さく	어제	시간	N3	おじは私に昨日本をくれました。これがその本です。	おじはわたしにさくにほんをくれました。これがそのほんです。	삼촌은 저에게 어제 책을 주었습니다. 이것이 그 책입니다.
作品	さくひん	작품	사물	N3	ミルトンの作品を読んだことがありますか。	ミルトンのさくひんをよんだことがありますか。	밀턴의 작품을 읽은 적이 있습니까?
作物	さくもつ	작물	자연	N3	作物には雨が必要だ。	さくもつにはあめがひつようだ。	작물에는 비가 필요합니다.
桜	さくら	벚꽃	자연	N3	桜の季節が大好きです。	さくらのきせつがだいすきです。	벚꽃 계절을 아주 좋아합니다.
酒	さけ	술	음식	N3	早くお酒飲める歳になりたいなあ。	はやくおさけのめるとしになりたいなあ。	빨리 술 마실 수 있는 나이가 되고 싶네요.
叫ぶ	さけぶ	외치다	동사	N3	そんなに叫ばなくても聞こえます。	そんなにさけばなくてもきこえます。	그렇게 외치지 않아도 들립니다.
避ける	さける	피하다	동사	N3	ストレスを避けることが必要です。	ストレスをさけることがひつようです。	스트레스를 피하는 것이 필요합니다.
刺さる	ささる	박히다	동사	N3	指にとげが刺さって取れないんだ。	ゆびにとげがささってとれないんだ。	손가락에 가시가 박혀서 빠지지 않습니다.
刺す	さす	쏘다	동사	N3	あの虫たちは刺しますか。	あのむしたちはさしますか。	저 벌레들은 쏩니까?
指す	さす	가리키다	동사	N3	人を指すのは失礼です。	ひとをさすのはしつれいです。	사람을 가리키는 것은 실례입니다.
挿す	さす	꽂다	동사	N3	テレビのコンセントを挿して。	テレビのコンセントをさして。	텔레비전 콘센트를 꽂아 줘.
注す	さす	치다	동사	N3	車輪には油を注したばかりだ。	しゃりんにはあぶらをさしたばかりだ。	바퀴에는 기름을 막 쳤습니다.
射す	さす	비치다	동사	N3	木が多すぎると家に光が射さない。	きがおおすぎるといえにひかりがささない。	나무가 너무 많으면 집에 빛이 들지 않습니다.
座席	ざせき	좌석	사물	N3	座席の背を倒してもいいですか。	ざせきのせをたおしてもいいですか。	좌석 등받이를 젖혀도 됩니까?
誘う	さそう	권하다	동사	N3	明日の朝八時に誘いに行きます。	あしたのあさはちじにさそいにいきます。	내일 아침 8시에 부르러 가겠습니다.
札	さつ	표	사물	N3	私は各生徒用に番号札を使います。	わたしはかくせいとようにばんごうさつをつかいます。	저는 각 학생용으로 번호표를 씁니다.
作家	さっか	작가	사람	N3	私の夢は作家になることです。	わたしのゆめはさっかになることです。	제 꿈은 작가가 되는 것입니다.
作曲	さっきょく	작곡	사물	N3	作曲をしています。	さっきょくをしています。	작곡을 하고 있습니다.
ざっと	ざっと	대충	부사	N3	彼は、雑誌にざっと目を通した。	かれは、ざっしにざっとめをとおした。	그는 잡지를 대충 훑어봤습니다.
さっぱり	さっぱり	산뜻함	부사	N3	彼女はさっぱりした服装をしている。	かのじょはさっぱりしたふくそうをしている。	그녀는 산뜻한 옷차림을 하고 있습니다.
さて	さて	그런데	부사	N3	さて、あなたの意見はどうですか。	さて、あなたのいけんはどうですか。	그런데 당신 의견은 어떻습니까?
砂漠	さばく	사막	자연	N3	ラクダは、いわば砂漠の船です。	ラクダは、いわばさばくのふねです。	낙타는 말하자면 사막의 배입니다.
差別	さべつ	차별	사물	N3	性別による差別は禁じられています。	せいべつによるさべつはきんじられています。	성별에 의한 차별은 금지되어 있습니다.
ママ	ママ	엄마	사람	N3	メアリーはワーキングママです。	メアリーはワーキングママです。	메리는 워킹맘입니다.
豆	まめ	콩	음식	N3	豆が大好きです。	まめがだいすきです。	콩을 아주 좋아합니다.
丸	まる	동그라미	사물	N3	彼女はかわいらしい丸顔をしています。	かのじょはかわいらしいまるがおをしています。	그녀는 귀여운 동그란 얼굴을 하고 있습니다.
まるで	まるで	마치	부사	N3	まるで悪夢を見ているようです。	まるであくむをみているようです。	마치 악몽을 꾸고 있는 것 같습니다.
万一	まんいち	만일	부사	N3	万一彼が来たら、この書類を渡して欲しい。	まんいちかれがきたら、このしょるいをわたしてほしい。	만일 그가 오면 이 서류를 건네줬으면 합니다.
満足	まんぞく	만족	사물	N3	毎日の生活に満足していますか。	まいにちのせいかつにまんぞくしていますか。	매일의 생활에 만족하고 있습니까?
身	み	몸	사람	N3	それは身に余る光栄でございます。	それはみにあまるこうえいでございます。	그것은 분에 넘치는 영광입니다.
実	み	열매	자연	N3	メアリーはトムの実の母です。	メアリーはトムのみのははです。	메리는 톰의 친어머니입니다.
見送り	みおくり	배웅	사물	N3	友人を見送りに行ってきた所です。	ゆうじんをみおくりにいってきたところです。	친구를 배웅하러 갔다 온 참입니다.
味方	みかた	편	사람	N3	彼女は貧しい人達の味方です。	かのじょはまずしいひとたちのみかたです。	그녀는 가난한 사람들의 편입니다.
ミス	ミス	실수	사물	N3	実は、私のミスだったんです。	じつは、わたしのミスだったんです。	사실 제 실수였습니다.
満ちる	みちる	가득 차다	동사	N3	愛と幸せに満ちた家庭にしたいと思います。	あいとしあわせにみちたかていにしたいとおもいます。	사랑과 행복이 가득한 가정으로 만들고 싶습니다.
密	みつ	빽빽함	형용사	N3	からだ全体が密に毛でおおわれている。	からだぜんたいがみつにけでおおわれている。	몸 전체가 빽빽하게 털로 덮여 있습니다.
見舞い	みまい	문병	사물	N3	友人を見舞いに行く所です。	ゆうじんをみまいにいくところです。	친구를 문병하러 가는 참입니다.
土産	みやげ	기념품	사물	N3	これは北海道からのお土産です。	これはほっかいどうからのおみやげです。	이것은 홋카이도에서 온 기념품입니다.
妙	みょう	묘함	형용사	N3	あなたのは初めて耳にする妙なお話です。	あなたのははじめてみみにするみょうなおはなしです。	당신 이야기는 처음 듣는 묘한 이야기입니다.
魅力	みりょく	매력	사물	N3	彼女は魅力的だ。	かのじょはみりょくてきだ。	그녀는 매력적입니다.
診る	みる	진찰하다	동사	N3	医者に診てもらいたいのです。	いしゃにみてもらいたいのです。	의사에게 진찰받고 싶습니다.
ミルク	ミルク	우유	음식	N3	メアリーはミルクが大好きです。	メアリーはミルクがだいすきです。	메리는 우유를 아주 좋아합니다.
無	む	무	사물	N3	トムは無病状です。	トムはむびょうじょうです。	톰은 무증상입니다.
向かい	むかい	맞은편	장소	N3	学校はうちの向かいにあります。	がっこうはうちのむかいにあります。	학교는 저희 집 맞은편에 있습니다.
迎え	むかえ	마중	사물	N3	バスはどこに迎えに来るのですか。	バスはどこにむかえにくるのですか。	버스는 어디로 마중 나옵니까?
向く	むく	맞다	동사	N3	彼は教師に向いていない。	かれはきょうしにむいていない。	그는 교사에 맞지 않습니다.
剥く	むく	벗기다	동사	N3	トムはリンゴの皮を剥いた。	トムはリンゴのかわをむいた。	톰은 사과 껍질을 벗겼습니다.
向ける	むける	향하게 하다	동사	N3	人は悪い事に目を向けがちだと思います。	ひとはわるいことにめをむけがちだとおもいます。	사람은 나쁜 일에 눈을 돌리기 쉽다고 생각합니다.
無視	むし	무시	사물	N3	私達は単にトムを無視することにしてるの。	わたしたちはたんにトムをむしすることにしてるの。	저희는 그저 톰을 무시하기로 하고 있습니다.
蒸し暑い	むしあつい	무덥다	형용사	N3	めっちゃ蒸し暑くてやる気なし。	めっちゃむしあつくてやるきなし。	엄청 무더워서 의욕이 없습니다.
虫歯	むしば	충치	사람	N3	この歯が虫歯になっています。	このはがむしばになっています。	이 이가 충치가 되어 있습니다.
蒸す	むす	찌다	동사	N3	バナナ蒸しパンを食べます。	バナナむしパンをたべます。	바나나 찐빵을 먹습니다.
結ぶ	むすぶ	묶다	동사	N3	その小包はひもで結んであった。	そのこづつみはひもでむすんであった。	그 소포는 끈으로 묶여 있었습니다.
無駄	むだ	헛됨	형용사	N3	そのことをはなしても無駄です。	そのことをはなしてもむだです。	그 일을 이야기해도 헛됩니다.
夢中	むちゅう	열중	사물	N3	トムは、音楽に夢中です。	トムは、おんがくにむちゅうです。	톰은 음악에 열중해 있습니다.
胸	むね	가슴	사람	N3	胸の痛みがあるんです。	むねのいたみがあるんです。	가슴 통증이 있습니다.
無料	むりょう	무료	사물	N3	無料でそれが得られる。	むりょうでそれがえられる。	무료로 그것을 얻을 수 있습니다.
芽	め	싹	자연	N3	チューリップが芽を出し始めた。	チューリップがめをだしはじめた。	튤립이 싹을 틔우기 시작했습니다.
明確	めいかく	명확함	형용사	N3	明確さが一番大事です。	めいかくさがいちばんだいじです。	명확함이 가장 중요합니다.
名詞	めいし	명사	사물	N3	役割語とは男性語や女性語などの日本語の集合名詞である。	やくわりごとはだんせいごやじょせいごなどのにほんごのしゅうごうめいしである。	역할어란 남성어나 여성어 같은 일본어의 집합명사입니다.
命じる	めいじる	명하다	동사	N3	彼は駐日アメリカ大使に命じられたばかりです。	かれはちゅうにちアメリカたいしにめいじられたばかりです。	그는 주일 미국 대사로 임명된 참입니다.
名人	めいじん	명인	사람	N3	料理にかけては、彼女は名人だ。	りょうりにかけては、かのじょはめいじんだ。	요리에 관해서는 그녀는 명인입니다.
命令	めいれい	명령	사물	N3	あの仕事は上司の命令でやった。	あのしごとはじょうしのめいれいでやった。	저 일은 상사의 명령으로 했습니다.
迷惑	めいわく	폐	사물	N3	皆様にご迷惑をおかけしております。	みなさまにごめいわくをおかけしております。	여러분께 폐를 끼치고 있습니다.
目上	めうえ	윗사람	사람	N3	目上の人のすることについて話す時、尊敬語を使います。	めうえのひとのすることについてはなすとき、そんけいごをつかいます。	윗사람이 하는 일에 대해 말할 때 존경어를 씁니다.
飯	めし	밥	음식	N3	まかない飯は新商品のテストをかねてます。	まかないめしはしんしょうひんのテストをかねてます。	식사 담당 밥은 신상품 테스트를 겸하고 있습니다.
滅多に	めったに	좀처럼	부사	N3	コーヒーを飲むことは滅多に無いですね。	コーヒーをのむことはめったにないですね。	커피를 마시는 일은 좀처럼 없네요.
メモ	メモ	메모	사물	N3	あのメモはどこにあるのですか。	あのメモはどこにあるのですか。	그 메모는 어디에 있습니까?
面	めん	면	사물	N3	その子の肯定的な面を見よう。	そのこのこうていてきなめんをみよう。	그 아이의 긍정적인 면을 봅시다.
綿	めん	면	사물	N3	上質の綿でできています。	じょうしつのめんでできています。	고급 면으로 되어 있습니다.
免許	めんきょ	면허	사물	N3	年内には運転免許を取ります。	ねんないにはうんてんめんきょをとります。	연내에는 운전면허를 딸 겁니다.
面接	めんせつ	면접	사물	N3	来週面接においでいただけますか。	らいしゅうめんせつにおいでいただけますか。	다음 주 면접에 와 주시겠습니까?
メンバー	メンバー	멤버	사람	N3	チームのメンバーを信じてます。	チームのメンバーをしんじてます。	팀 멤버를 믿고 있습니다.
申し込む	もうしこむ	신청하다	동사	N3	彼はあなたに結婚を申し込んだのですか。	かれはあなたにけっこんをもうしこんだのですか。	그는 당신에게 결혼을 신청했습니까?
申し訳	もうしわけ	변명	사물	N3	申し訳ありません。	もうしわけありません。	죄송합니다.
毛布	もうふ	담요	사물	N3	毛布を貸していただけますか。	もうふをかしていただけますか。	담요를 빌려주시겠습니까?
燃える	もえる	타다	동사	N3	トムの家が燃えていた。	トムのいえがもえていた。	톰의 집이 타고 있었습니다.
目的	もくてき	목적	사물	N3	ついにケンは目的を果たした。	ついにケンはもくてきをはたした。	마침내 켄은 목적을 이뤘습니다.
目標	もくひょう	목표	사물	N3	彼女は目標に到達するために努力した。	かのじょはもくひょうにとうたつするためにどりょくした。	그녀는 목표에 도달하기 위해 노력했습니다.
文字	もじ	문자	사물	N3	象形文字を読むのは難しいです。	しょうけいもじをよむのはむずかしいです。	상형문자를 읽는 것은 어렵습니다.
もしも	もしも	만약	부사	N3	このお金は、もしものときの備えです。	このおかねは、もしものときのそなえです。	이 돈은 만약을 위한 대비입니다.
持ち上げる	もちあげる	들어올리다	동사	N3	彼は身体が持ち上げられるのを感じた。	かれはしんたいがもちあげられるのをかんじた。	그는 몸이 들어 올려지는 것을 느꼈습니다.
用いる	もちいる	쓰다	동사	N3	塩は料理の味付けに用いられます。	しおはりょうりのあじつけにもちいられます。	소금은 요리의 간을 맞추는 데 쓰입니다.
もったいない	もったいない	아깝다	형용사	N3	それは、お金がもったいないよ。	それは、おかねがもったいないよ。	그건 돈이 아까워요.
元	もと	근원	사물	N3	これが混乱の元です。	これがこんらんのもとです。	이것이 혼란의 근원입니다.
基	もと	바탕	사물	N3	先ず人生、朝に勝つということが勝利の基なのであります。	まずじんせい、あさにかつということがしょうりのもとなのであります。	우선 인생, 아침에 이기는 것이 승리의 바탕입니다.
素	もと	본바탕	사물	N3	どうやら、さっきのは演技ではなく、素だったらしい。	どうやら、さっきのはえんぎではなく、もとだったらしい。	아무래도 아까 그건 연기가 아니라 본모습이었던 것 같습니다.
戻す	もどす	되돌리다	동사	N3	倒した座席の背を少し戻していただけますか。	たおしたざせきのせをすこしもどしていただけますか。	젖힌 좌석 등받이를 조금 되돌려 주시겠습니까?
者	もの	사람	사람	N3	彼女は開発者ですか。	かのじょはかいはつしゃですか。	그녀는 개발자입니까?
物音	ものおと	소리	사물	N3	その物音をいつ聞いたのですか。	そのものおとをいつきいたのですか。	그 소리를 언제 들었습니까?
物語	ものがたり	이야기	사물	N3	これは英語で書かれた物語です。	これはえいごでかかれたものがたりです。	이것은 영어로 쓰인 이야기입니다.
物事	ものごと	사물	사물	N3	物事は、ありのまま見るのではなく、自分自身をそこに見る。	ものごとは、ありのままみるのではなく、じぶんじしんをそこにみる。	사물은 있는 그대로 보는 것이 아니라 자기 자신을 거기서 봅니다.
燃やす	もやす	태우다	동사	N3	プラスチックを燃やすと有毒ガスが発生する場合があります。	プラスチックをもやすとゆうどくガスがはっせいするばあいがあります。	플라스틱을 태우면 유독가스가 발생하는 경우가 있습니다.
模様	もよう	무늬	사물	N3	天気は荒れ模様です。	てんきはあれもようです。	날씨는 험한 모양입니다.
文句	もんく	불평	사물	N3	これが彼の決まり文句です。	これがかれのきまりもんくです。	이것이 그의 상투적인 문구입니다.
やがて	やがて	머지않아	부사	N3	やがて万物は死に絶えます。	やがてばんぶつはしにたえます。	머지않아 만물은 죽어 없어집니다.
役	やく	역할	사물	N3	私の辞書はとても役にたちます。	わたしのじしょはとてもやくにたちます。	제 사전은 아주 도움이 됩니다.
約	やく	약	부사	N3	生徒は全部で約千人です。	せいとはぜんぶでやくせんにんです。	학생은 전부 약 천 명입니다.
訳す	やくす	번역하다	동사	N3	トム用にその手紙フランス語に訳しといたよ。	トムようにそのてがみふらんすごにやくしといたよ。	톰을 위해 그 편지를 프랑스어로 번역해 뒀어요.
役割	やくわり	역할	사물	N3	現代社会での大学の役割は何ですか。	げんだいしゃかいでのだいがくのやくわりはなんですか。	현대 사회에서 대학의 역할은 무엇입니까?
家賃	やちん	집세	사물	N3	このアパートは家賃が高いです。	このアパートはやちんがたかいです。	이 아파트는 집세가 비쌉니다.
厄介	やっかい	성가심	형용사	N3	税金を払うのは厄介です。	ぜいきんをはらうのはやっかいです。	세금을 내는 것은 성가십니다.
宿	やど	숙소	장소	N3	温泉の宿に泊まりました。	おんせんのやどにとまりました。	온천 숙소에 묵었습니다.
雇う	やとう	고용하다	동사	N3	英語を話せる人を雇います。	えいごをはなせるひとをやといます。	영어를 할 수 있는 사람을 고용합니다.
屋根	やね	지붕	사물	N3	その木は屋根と同じ高さです。	そのきはやねとおなじたかさです。	그 나무는 지붕과 같은 높이입니다.
破る	やぶる	찢다	동사	N3	手紙を破って捨てました。	てがみをやぶってすてました。	편지를 찢어서 버렸습니다.
破れる	やぶれる	찢어지다	동사	N3	服が破れました。	ふくがやぶれました。	옷이 찢어졌습니다.
辞める	やめる	그만두다	동사	N3	彼女は彼に辞めるよう圧力をかけた。	かのじょはかれにやめるようあつりょくをかけた。	그녀는 그에게 그만두도록 압력을 넣었습니다.
やや	やや	약간	부사	N3	中古車にしてはこの値段はやや高い。	ちゅうこしゃにしてはこのねだんはややたかい。	중고차치고는 이 가격은 약간 비쌉니다.
唯一	ゆいいつ	유일	사물	N3	これが残された唯一のものです。	これがのこされたゆいいつのものです。	이것이 남겨진 유일한 것입니다.
勇気	ゆうき	용기	사물	N3	君が今一番必要なものは勇気です。	きみがこんいちばんひつようなものはゆうきです。	당신이 지금 가장 필요한 것은 용기입니다.
友好	ゆうこう	우호	사물	N3	両国は友好関係を打ち切った。	りょうこくはゆうこうかんけいをうちきった。	양국은 우호 관계를 끊었습니다.
優秀	ゆうしゅう	우수함	형용사	N3	トムはクラスで最も優秀な生徒です。	トムはクラスでもっともゆうしゅうなせいとです。	톰은 반에서 가장 우수한 학생입니다.
優勝	ゆうしょう	우승	사물	N3	どのチームが一番優勝しそうですか。	どのチームがいちばんゆうしょうしそうですか。	어느 팀이 가장 우승할 것 같습니까?
友情	ゆうじょう	우정	사물	N3	ご友情は私にはたいそう尊いものです。	ごゆうじょうはわたしにはたいそうとうといものです。	당신의 우정은 저에게 매우 귀한 것입니다.
友人	ゆうじん	친구	사람	N3	あなたは私の友人が好きですか。	あなたはわたしのゆうじんがすきですか。	당신은 제 친구를 좋아합니까?
有能	ゆうのう	유능함	형용사	N3	彼は有能な人だと思います。	かれはゆうのうなひとだとおもいます。	그는 유능한 사람이라고 생각합니다.
郵便	ゆうびん	우편	사물	N3	その本を郵便でお送りします。	そのほんをゆうびんでおおくりします。	그 책을 우편으로 보내드리겠습니다.
ユーモア	ユーモア	유머	사물	N3	トムにはユーモアのセンスがない。	トムにはユーモアのセンスがない。	톰에게는 유머 감각이 없습니다.
有利	ゆうり	유리함	형용사	N3	私たちの仲間に入るのが有利だ。	わたしたちのなかまにはいるのがゆうりだ。	저희 동료가 되는 것이 유리합니다.
床	ゆか	바닥	사물	N3	床に座ってください。	ゆかにすわってください。	바닥에 앉아 주세요.
愉快	ゆかい	유쾌함	형용사	N3	マユコはつきあって愉快な子だ。	マユコはつきあってゆかいなこだ。	마유코는 어울리기에 유쾌한 아이입니다.
譲る	ゆずる	양보하다	동사	N3	お年寄りに席を譲ることは確かに親切です。	おとしよりにせきをゆずることはたしかにしんせつです。	노인에게 자리를 양보하는 것은 분명 친절한 일입니다.
茹でる	ゆでる	삶다	동사	N3	私は固茹で卵が大好きです。	わたしはかたゆでたまごがだいすきです。	저는 완숙 달걀을 아주 좋아합니다.
夜明け	よあけ	새벽	시간	N3	トムは夜明けとともに起きます。	トムはよあけとともにおきます。	톰은 새벽과 함께 일어납니다.
酔う	よう	취하다	동사	N3	あまり多くの乗り物に乗ると酔います。	あまりおおくののりものにのるとよいます。	너무 여러 탈것을 타면 멀미합니다.
容易	ようい	용이함	형용사	N3	君はその意味が容易に理解できますか。	きみはそのいみがよういにりかいできますか。	당신은 그 뜻을 쉽게 이해할 수 있습니까?
容器	ようき	용기	사물	N3	空の容器は一番音を立てる。	そらのようきはいちばんおとをたてる。	빈 그릇이 가장 소리를 냅니다.
陽気	ようき	쾌활함	형용사	N3	私は女の子は陽気なのが好きです。	わたしはおんなのこはようきなのがすきです。	저는 여자아이는 쾌활한 편을 좋아합니다.
要求	ようきゅう	요구	사물	N3	彼は金を要求した。	かれはきんをようきゅうした。	그는 돈을 요구했습니다.
用心	ようじん	조심	사물	N3	足元に御用心願います。	あしもとにごようじんねがいます。	발밑을 조심해 주세요.
様子	ようす	모습	사물	N3	今のあなたのお困りの様子がいつも私の気がかりです。	いまのあなたのおこまりのようすがいつもわたしのきがかりです。	지금 당신이 곤란해하는 모습이 늘 제 걱정거리입니다.
要するに	ようするに	요컨대	부사	N3	要するに彼が間違っていたのです。	ようするにかれがまちがっていたのです。	요컨대 그가 틀렸던 것입니다.
要素	ようそ	요소	사물	N3	新しい家を買う時の主な要素はお金です。	あたらしいいえをかうときのおもなようそはおかねです。	새집을 살 때의 주된 요소는 돈입니다.
要点	ようてん	요점	사물	N3	彼の説明は要点を外れています。	かれのせつめいはようてんをはずれています。	그의 설명은 요점을 벗어나 있습니다.
曜日	ようび	요일	시간	N3	あ、そっか、今日日曜日か。曜日感覚完全になくなってるわ。	あ、そっか、きょうにちようびか。ようびかんかくかんぜんになくなってるわ。	아, 그렇지, 오늘 일요일이구나. 요일 감각이 완전히 없어졌네.
ヨーロッパ	ヨーロッパ	유럽	장소	N3	いつヨーロッパへ行くのですか。	いつヨーロッパへいくのですか。	언제 유럽에 갑니까?
予期	よき	예기	사물	N3	わたしはその事業がうまくやれると予期しております。	わたしはそのじぎょうがうまくやれるとよきしております。	저는 그 사업이 잘될 거라고 예기하고 있습니다.
横切る	よこぎる	가로지르다	동사	N3	ちょうど、キツネが道路を横切るのが見えたんだ。	ちょうど、キツネがどうろをよこぎるのがみえたんだ。	마침 여우가 도로를 가로지르는 것이 보였습니다.
汚す	よごす	더럽히다	동사	N3	タバコの煙は部屋の空気を汚す。	タバコのけむりはへやのくうきをけがす。	담배 연기는 방의 공기를 더럽힙니다.
予算	よさん	예산	사물	N3	予算が限られています。	よさんがかぎられています。	예산이 한정되어 있습니다.
止す	よす	그만두다	동사	N3	じゃぁ、行くのは止しとこう。	じゃぁ、いくのはよしとこう。	그럼 가는 것은 그만두죠.
寄せる	よせる	모으다	동사	N3	新加入の選手に期待を寄せています。	しんかにゅうのせんしゅにきたいをよせています。	새로 들어온 선수에게 기대를 걸고 있습니다.
予測	よそく	예측	사물	N3	今年の冬は非常に寒くなることが予測されます。	ことしのふゆはひじょうにさむくなることがよそくされます。	올해 겨울은 매우 추워질 것으로 예측됩니다.
ヨット	ヨット	요트	사물	N3	このヨットほど速く走るヨットはない。	このヨットほどはやくはしるヨットはない。	이 요트만큼 빨리 달리는 요트는 없습니다.
夜中	よなか	한밤중	시간	N3	夜中に熱が出るのです。	やちゅうにねつがでるのです。	한밤중에 열이 납니다.
世の中	よのなか	세상	장소	N3	世の中、捨て猫がいっぱいいるようです。	よのなか、すてねこがいっぱいいるようです。	세상에 버려진 고양이가 많이 있는 것 같습니다.
余分	よぶん	여분	사물	N3	いつも冬には余分な毛布が必要だ。	いつもふゆにはよぶんなもうふがひつようだ。	늘 겨울에는 여분의 담요가 필요합니다.
予報	よほう	예보	사물	N3	天気予報が当たったよ。	てんきよほうがあたったよ。	일기예보가 맞았어요.
予防	よぼう	예방	사물	N3	病気を予防することはできますか。	びょうきをよぼうすることはできますか。	병을 예방할 수 있습니까?
読み	よみ	읽기	사물	N3	いつも、その本を読みたいんです。	いつも、そのほんをよみたいんです。	늘 그 책을 읽고 싶습니다.
嫁	よめ	며느리	사람	N3	息子の嫁は看護師です。	むすこのよめはかんごしです。	아들의 며느리는 간호사입니다.
余裕	よゆう	여유	사물	N3	新車を買う余裕がありますか。	しんしゃをかうよゆうがありますか。	새 차를 살 여유가 있습니까?
より	より	보다	부사	N3	学校までバスより電車のほうがはやいと思います。	がっこうまでバスよりでんしゃのほうがはやいとおもいます。	학교까지 버스보다 전철이 빠르다고 생각합니다.
喜び	よろこび	기쁨	사물	N3	喜びの反意語は悲しみです。	よろこびのはんいごはかなしみです。	기쁨의 반의어는 슬픔입니다.
ライター	ライター	라이터	사물	N3	ライターをお持ちですか。	ライターをおもちですか。	라이터를 갖고 계십니까?
楽	らく	편함	형용사	N3	この空港はバスで楽に行けます。	このくうこうはバスでらくにいけます。	이 공항은 버스로 편하게 갈 수 있습니다.
ラケット	ラケット	라켓	사물	N3	このラケットはいくらですか。	このラケットはいくらですか。	이 라켓은 얼마입니까?
利益	りえき	이익	사물	N3	利益は税金抜きですか。	りえきはぜいきんぬきですか。	이익은 세금 별도입니까?
理解	りかい	이해	사물	N3	理解できないところもある。	りかいできないところもある。	이해할 수 없는 곳도 있습니다.
陸	りく	육지	자연	N3	陸と水で地球の表面は出来ている。	りくとみずでちきゅうのひょうめんはできている。	육지와 물로 지구의 표면은 이루어져 있습니다.
利口	りこう	영리함	형용사	N3	確かに彼は利口な少年だ。	たしかにかれはりこうなしょうねんだ。	확실히 그는 영리한 소년입니다.
離婚	りこん	이혼	사물	N3	次号では離婚について特集します。	じごうではりこんについてとくしゅうします。	다음 호에서는 이혼에 대해 특집합니다.
理想	りそう	이상	사물	N3	彼は私にとって理想の夫です。	かれはわたしにとってりそうのおっとです。	그는 저에게 이상적인 남편입니다.
率	りつ	비율	사물	N3	一戸建より共同住宅に住む世帯の増加率の方が高い。	いちこけんよりきょうどうじゅうたくにすむせたいのぞうかりつのほうがたかい。	단독주택보다 공동주택에 사는 세대의 증가율이 더 높습니다.
留学	りゅうがく	유학	사물	N3	アメリカで留学したいなら、学生ビザが必要です。	アメリカでりゅうがくしたいなら、がくせいビザがひつようです。	미국에서 유학하고 싶다면 학생 비자가 필요합니다.
流行	りゅうこう	유행	사물	N3	パリでは何が流行していますか。	パリではなにがりゅうこうしていますか。	파리에서는 무엇이 유행하고 있습니까?
量	りょう	양	사물	N3	この辺は、交通量が多いです。	このあたりは、こうつうりょうがおおいです。	이 근처는 교통량이 많습니다.
寮	りょう	기숙사	장소	N3	みんな同じ寮で生活してます。	みんなおなじりょうでせいかつしてます。	모두 같은 기숙사에서 생활하고 있습니다.
両替	りょうがえ	환전	사물	N3	どこで円をドルに両替できますか。	どこでえんをドルにりょうがえできますか。	어디서 엔을 달러로 환전할 수 있습니까?
料金	りょうきん	요금	사물	N3	このバスの料金はいくらですか。	このバスのりょうきんはいくらですか。	이 버스 요금은 얼마입니까?
例	れい	예	사물	N3	彼は例のスキャンダルと関係があると思う。	かれはれいのスキャンダルとかんけいがあるとおもう。	그는 그 스캔들과 관계가 있다고 생각합니다.
礼	れい	예	사물	N3	私は彼に本を借りた礼を言った。	わたしはかれにほんをかりたれいをいった。	저는 그에게 책을 빌린 인사를 했습니다.
例外	れいがい	예외	사물	N3	例外があることをお忘れなく。	れいがいがあることをおわすれなく。	예외가 있다는 것을 잊지 마세요.
礼儀	れいぎ	예의	사물	N3	日本人は一体に礼儀正しいです。	にほんじんはいったいにれいぎただしいです。	일본인은 대체로 예의 바릅니다.
冷静	れいせい	냉정함	형용사	N3	あなたは冷静を保った。えらい。	あなたはれいせいをたもった。えらい。	당신은 냉정을 유지했습니다. 훌륭합니다.
列	れつ	줄	사물	N3	彼女が列の先頭です。	かのじょがれつのせんとうです。	그녀가 줄의 맨 앞입니다.
列車	れっしゃ	열차	사물	N3	列車に乗り遅れるな。	れっしゃにのりおくれるな。	열차를 놓치지 마세요.
レベル	レベル	레벨	사물	N3	私の英語レベルは、中級です。	わたしのえいごレベルは、ちゅうきゅうです。	제 영어 레벨은 중급입니다.
連想	れんそう	연상	사물	N3	夏といえば何を連想しますか。	なつといえばなにをれんそうしますか。	여름이라고 하면 무엇을 연상합니까?
連続	れんぞく	연속	사물	N3	人生は全て活動の連続である。	じんせいはすべてかつどうのれんぞくである。	인생은 전부 활동의 연속입니다.
老人	ろうじん	노인	사람	N3	公園に老人が座っています。	こうえんにろうじんがすわっています。	공원에 노인이 앉아 있습니다.
労働	ろうどう	노동	사물	N3	この会社では肉体労働が必要です。	このかいしゃではにくたいろうどうがひつようです。	이 회사에서는 육체노동이 필요합니다.
ロケット	ロケット	로켓	사물	N3	私たちのロケットは今建造中だ。	わたしたちのロケットはこんけんぞうちゅうだ。	저희 로켓은 지금 건조 중입니다.
論じる	ろんじる	논하다	동사	N3	その問題はいま論じられている。	そのもんだいはいまろんじられている。	그 문제는 지금 논의되고 있습니다.
論争	ろんそう	논쟁	사물	N3	その論争は完全に片が付いた。	そのろんそうはかんぜんにへんがついた。	그 논쟁은 완전히 결말이 났습니다.
論文	ろんぶん	논문	사물	N3	論文のまとめを書いています。	ろんぶんのまとめをかいています。	논문 정리를 쓰고 있습니다.
輪	わ	고리	사물	N3	共通の友人を通じて輪を広げる。	きょうつうのゆうじんをつうじてわをひろげる。	공통의 친구를 통해 인맥을 넓힙니다.
ワイン	ワイン	와인	음식	N3	ワインかビールを買います。	ワインかビールをかいます。	와인이나 맥주를 삽니다.
わがまま	わがまま	제멋대로	형용사	N3	彼のわがままにも困ったものだ。	かれのわがままにもこまったものだ。	그의 제멋대로에도 곤란합니다.
別れ	わかれ	이별	사물	N3	明日ナンシーのお別れ会を開きます。	あしたナンシーのおわかれかいをひらきます。	내일 낸시의 송별회를 엽니다.
分かれる	わかれる	갈리다	동사	N3	課税問題で意見が分かれている。	かぜいもんだいでいけんがわかれている。	과세 문제로 의견이 갈리고 있습니다.
脇	わき	옆구리	사람	N3	彼女は白い本を脇に抱えていた。	かのじょはしろいほんをわきにかかえていた。	그녀는 흰 책을 옆구리에 끼고 있었습니다.
湧く	わく	솟다	동사	N3	いざとなれば勇気が湧いてくる。	いざとなればゆうきがわいてくる。	막상 닥치면 용기가 솟아납니다.
分ける	わける	나누다	동사	N3	このお金は分けましょう。	このおかねはわけましょう。	이 돈은 나눕시다.
わざと	わざと	일부러	부사	N3	わざとやったんじゃないんです。	わざとやったんじゃないんです。	일부러 한 것이 아닙니다.
僅か	わずか	겨우	부사	N3	その列車の乗客はほんの僅かしかいない。	そのれっしゃのじょうきゃくはほんのわずかしかいない。	그 열차의 승객은 겨우 몇 명밖에 없습니다.
話題	わだい	화제	사물	N3	ガルフポート中で話題のお店です。	ガルフポートちゅうでわだいのおみせです。	걸프포트에서 화제인 가게입니다.
笑い	わらい	웃음	사물	N3	ドラえもんがよくにっこり笑います。	どらえもんがよくにっこりわらいます。	도라에몽이 자주 방긋 웃습니다.
割る	わる	나누다	동사	N3	これはジョンに割られた窓です。	これはジョンにわられたまどです。	이것은 존이 깬 창문입니다.
悪口	わるくち	험담	사물	N3	人の悪口は言わない方がいいよ。	ひとのわるぐちはいわないほうがいいよ。	남의 험담은 하지 않는 게 좋아요.
湾	わん	만	자연	N3	その船はメキシコ湾行きである。	そのふねはメキシコわんいきである。	그 배는 멕시코만행입니다.
椀	わん	공기	사물	N3	みんなのお椀にスープを注いで。	みんなのおわんにスープをそそいで。	모두의 공기에 수프를 부어 줘.
悪	あく	악	사물	N3	悪が勝つということもあります。	あくがかつということもあります。	악이 이기는 경우도 있습니다.
アップ	アップ	향상	사물	N3	スキルを磨くことはキャリアアップにつながります。	スキルをみがくことはキャリアアップにつながります。	기술을 닦는 것은 커리어 향상으로 이어집니다.
アンケート	アンケート	설문	사물	N3	アンケート用紙が適当に配られた。	アンケートようしがてきとうにくばられた。	설문 용지가 적당히 배포되었습니다.
異	い	다름	사물	N3	異文化間のコミュニケーションはとてもむずかしいです。	いぶんかかんのコミュニケーションはとてもむずかしいです。	이문화 간의 소통은 아주 어렵습니다.
意	い	뜻	사물	N3	彼女は私の意にかなった女性です。	かのじょはわたしのいにかなったじょせいです。	그녀는 제 뜻에 맞는 여성입니다.
医院	いいん	의원	장소	N3	もしもし、山田医院です。	もしもし、やまだいいんです。	여보세요, 야마다 의원입니다.
怒り	いかり	분노	사물	N3	お怒りはごもっともです。	おいかりはごもっともです。	화내시는 것은 당연합니다.
粋	いき	멋	형용사	N3	今日の格好はとっても粋ですね。	きょうのかっこうはとってもいきですね。	오늘 차림은 아주 멋지네요.
意地	いじ	고집	사물	N3	意地の悪い動物もいます。	いじのわるいどうぶつもいます。	심술궂은 동물도 있습니다.
依然	いぜん	여전히	부사	N3	私の知る限りでは彼女は依然行方不明です。	わたしのしるかぎりではかのじょはいぜんゆくえふめいです。	제가 아는 한 그녀는 여전히 행방불명입니다.
傷める	いためる	다치게 하다	동사	N3	彼は氷の上で転んで脚を傷めた。	かれはこおりのうえでころんであしをいためた。	그는 얼음 위에서 넘어져 다리를 다쳤습니다.
炒める	いためる	볶다	동사	N3	ルーは、バターと小麦粉を炒めながら作ります。	ルーは、バターとこむぎこをいためながらつくります。	루는 버터와 밀가루를 볶으면서 만듭니다.
一帯	いったい	일대	장소	N3	この辺り一帯は遊泳禁止です。	このあたりいったいはゆうえいきんしです。	이 근처 일대는 유영 금지입니다.
衣料	いりょう	의류	사물	N3	その店ではくつと衣料が売られている。	そのみせではくつといりょうがうられている。	그 가게에서는 신발과 의류가 팔리고 있습니다.
埋まる	うまる	메워지다	동사	N3	公園のベンチは全部埋まっていた。	こうえんのベンチはぜんぶうまっていた。	공원 벤치는 전부 차 있었습니다.
産む	うむ	낳다	동사	N3	猫が子を産みました。	ねこがこをうみました。	고양이가 새끼를 낳았습니다.
縁	えん	인연	사물	N3	私は金をせびる男と縁を切ることにしています。	わたしはきんをせびるおとことえんをきることにしています。	저는 돈을 조르는 남자와 인연을 끊기로 하고 있습니다.
尾	お	꼬리	자연	N3	オールボールのように、この子猫にも尾がないのです。	オールボールのように、このこねこにもおがないのです。	올볼처럼 이 새끼 고양이에게도 꼬리가 없습니다.
負う	おう	지다	동사	N3	息子の失敗は私が責任を負います。	むすこのしっぱいはわたしがせきにんをおいます。	아들의 실패는 제가 책임을 집니다.
遅れ	おくれ	지연	사물	N3	バスが遅れているんだ。	バスがおくれているんだ。	버스가 늦어지고 있습니다.
教え	おしえ	가르침	사물	N3	トムはボストンでフランス語を教えている。	トムはボストンでふらんすごをおしえている。	톰은 보스턴에서 프랑스어를 가르치고 있습니다.
驚き	おどろき	놀라움	사물	N3	お宅に日本車があるなんて驚きですよ。	おたくににほんくるまがあるなんておどろきですよ。	댁에 일본 차가 있다니 놀랍네요.
織る	おる	짜다	동사	N3	布を織る仕事です。	ぬのをおるしごとです。	천을 짜는 일입니다.
欠く	かく	빠뜨리다	동사	N3	この建物は調和を欠いている。	このたてものはちょうわをかいている。	이 건물은 조화를 결여하고 있습니다.
核	かく	핵	사물	N3	日本で核の危機が起きたのは大変です。	にほんでかくのききがおきたのはたいへんです。	일본에서 핵 위기가 일어난 것은 큰일입니다.
学歴	がくれき	학력	사물	N3	給料は、経験と学歴に基づいて決まります。	きゅうりょうは、けいけんとがくれきにもとづいてきまります。	급료는 경험과 학력에 근거해 정해집니다.
駆ける	かける	달리다	동사	N3	ものすごい勢いで駆けていった。	ものすごいいきおいでかけていった。	엄청난 기세로 달려갔습니다.
賭ける	かける	걸다	동사	N3	私は彼女が試合に勝つと賭けた。	わたしはかのじょがしあいにかつとかけた。	저는 그녀가 시합에 이길 거라고 걸었습니다.
課題	かだい	과제	사물	N3	彼はきのう私が課題にした医者です。	かれはきのうわたしがかだいにしたいしゃです。	그는 어제 제가 과제로 삼은 의사입니다.
片付け	かたづけ	정리	사물	N3	あすの朝まっさきにそれを片付けます。	あすのあさまっさきにそれをかたづけます。	내일 아침 가장 먼저 그것을 처리하겠습니다.
借り	かり	빚	사물	N3	今日、車を借りてもいいですか。	きょう、くるまをかりてもいいですか。	오늘 차를 빌려도 됩니까?
狩り	かり	사냥	사물	N3	フクロウは昼間寝ていて夜間狩りをします。	フクロウはひるまねていてやかんかりをします。	올빼미는 낮에 자고 밤에 사냥합니다.
観	かん	관	사물	N3	人それぞれに世界観あります。	ひとそれぞれにせかいかんあります。	사람마다 각자 세계관이 있습니다.
癌	がん	암	사물	N3	癌の研究が進んでいます。	がんのけんきゅうがすすんでいます。	암 연구가 진전되고 있습니다.
刊行	かんこう	간행	사물	N3	ついに新しい小説が刊行された。	ついにあたらしいしょうせつがかんこうされた。	마침내 새 소설이 간행되었습니다.
慣行	かんこう	관행	사물	N3	その慣行は廃止すべきだ。	そのかんこうははいしすべきだ。	그 관행은 폐지해야 합니다.
歓声	かんせい	환성	사물	N3	彼の到着は歓声の声で迎えられた。	かれのとうちゃくはかんせいのこえでむかえられた。	그의 도착은 환성으로 맞이했습니다.
官僚	かんりょう	관료	사람	N3	官僚は旧法規の改正に関して、成り行きを見守っています。	かんりょうはきゅうほうきのかいせいにかんして、なりゆきをみまもっています。	관료는 옛 법규의 개정에 관해 추이를 지켜보고 있습니다.
器官	きかん	기관	사람	N3	私たちは内臓器官を調べるためにカエルを解剖した。	わたしたちはないぞうきかんをしらべるためにカエルをかいぼうした。	저희는 내장 기관을 조사하기 위해 개구리를 해부했습니다.
起源	きげん	기원	사물	N3	彼はアメリカのジャズの起源を研究している。	かれはアメリカのジャズのきげんをけんきゅうしている。	그는 미국 재즈의 기원을 연구하고 있습니다.
機構	きこう	기구	사물	N3	どこか機構が悪いに違いない。	どこかきこうがわるいにちがいない。	어딘가 기구가 나쁜 게 틀림없습니다.
築く	きずく	쌓다	동사	N3	彼はこのビジネスで名声を築いた。	かれはこのビジネスでめいせいをきずいた。	그는 이 사업에서 명성을 쌓았습니다.
規制	きせい	규제	사물	N3	食事は規制正しくとりなさい。	しょくじはきせいただしくとりなさい。	식사는 규칙적으로 하세요.
丘陵	きゅうりょう	구릉	자연	N3	飛行機から見ると、小さな丘陵は平地のように見える。	ひこうきからみると、ちいさなきゅうりょうはひらちのようにみえる。	비행기에서 보면 작은 구릉은 평지처럼 보입니다.
協議	きょうぎ	협의	사물	N3	この計画については現在協議中です。	このけいかくについてはげんざいきょうぎちゅうです。	이 계획에 대해서는 현재 협의 중입니다.
享受	きょうじゅ	향유	사물	N3	私たちは四十年以上平和を享受しています。	わたしたちはよんじゅうねんいじょうへいわをきょうじゅしています。	저희는 40년 이상 평화를 누리고 있습니다.
協調	きょうちょう	협조	사물	N3	トムは仕事はできるが、協調性がないからね。	トムはしごとはできるが、きょうちょうせいがないからね。	톰은 일은 잘하지만 협조성이 없어서요.
切り	きり	끝	사물	N3	私は毎月髪を切ります。	わたしはまいつきかみをきります。	저는 매달 머리를 자릅니다.
菌	きん	균	자연	N3	ねずみはペスト菌を運ぶ。	ねずみはペストきんをはこぶ。	쥐는 페스트균을 옮깁니다.
近視	きんし	근시	사물	N3	トムは近視だから遠くが見えないんだ。	トムはきんしだからとおくがみえないんだ。	톰은 근시라서 멀리가 안 보입니다.
苦	く	괴로움	사물	N3	食器を洗うのは苦にならない。	しょっきをあらうのはくにならない。	식기를 씻는 것은 괴롭지 않습니다.
群	ぐん	무리	사람	N3	この辞書は群を抜いてよい。	このじしょはぐんをぬいてよい。	이 사전은 무리 중에 뛰어납니다.
刑	けい	형	사물	N3	刑の重さを議論しています。	けいのおもさをぎろんしています。	형의 무게를 논의하고 있습니다.
経緯	けいい	경위	사물	N3	これが事故が発生した経緯です。	これがじこがはっせいしたけいいです。	이것이 사고가 발생한 경위입니다.
計器	けいき	계기	사물	N3	例えば、温度計や気圧計などの計器は器具です。	たとえば、おんどけいやきあつけいなどのけいきはきぐです。	예를 들어 온도계나 기압계 같은 계기는 기구입니다.
契機	けいき	계기	사물	N3	退職を契機に茶道を始めた。	たいしょくをけいきにさどうをはじめた。	퇴직을 계기로 다도를 시작했습니다.
形態	けいたい	형태	사물	N3	政治の形態にはいくつかある。	せいじのけいたいにはいくつかある。	정치의 형태에는 몇 가지가 있습니다.
血管	けっかん	혈관	사람	N3	目の血管が切れてしまった。	めのけっかんがきれてしまった。	눈의 혈관이 터져 버렸습니다.
決行	けっこう	결행	사물	N3	マラソン大会は雨天決行です。	マラソンたいかいはうてんけっこうです。	마라톤 대회는 우천에도 결행합니다.
件	けん	건	사물	N3	あの件、ありがとうございます。	あのけん、ありがとうございます。	그 건, 감사합니다.
減少	げんしょう	감소	사물	N3	今年は倒産が一割減少しています。	ことしはとうさんがいちわりげんしょうしています。	올해는 도산이 10퍼센트 감소하고 있습니다.
公演	こうえん	공연	사물	N3	この公演はもう終わりました。	このこうえんはもうおわりました。	이 공연은 이제 끝났습니다.
後悔	こうかい	후회	사물	N3	そのことを後悔しながら余生を送りたくない。	そのことをこうかいしながらよせいをおくりたくない。	그 일을 후회하면서 여생을 보내고 싶지 않습니다.
航海	こうかい	항해	사물	N3	その船は航海中です。	そのふねはこうかいちゅうです。	그 배는 항해 중입니다.
拘束	こうそく	구속	사물	N3	この決定は諸君全部を拘束するものではない。	このけっていはしょくんぜんぶをこうそくするものではない。	이 결정은 여러분 전부를 구속하는 것은 아닙니다.
荒廃	こうはい	황폐	사물	N3	その国は戦争で荒廃してしまった。	そのくにはせんそうでこうはいしてしまった。	그 나라는 전쟁으로 황폐해져 버렸습니다.
降伏	こうふく	항복	사물	N3	城が降伏しました。	しろがごうぶくしました。	성이 항복했습니다.
興奮	こうふん	흥분	사물	N3	そう興奮しないでお座り下さい。	そうこうふんしないでおすわりください。	그렇게 흥분하지 말고 앉아 주세요.
語句	ごく	어구	사물	N3	最重要語句は太字になっています。	さいじゅうようごくはふとじになっています。	가장 중요한 어구는 굵은 글씨로 되어 있습니다.
故人	こじん	고인	사람	N3	故人をしのんで、記念碑が建てられた。	こじんをしのんで、きねんひがたてられた。	고인을 기리며 기념비가 세워졌습니다.
小銭	こぜに	잔돈	사물	N3	小銭の持ち合わせはありますか。	こぜにのもちあわせはありますか。	잔돈 가진 것이 있습니까?
コンテスト	コンテスト	콘테스트	사물	N3	英語のスピーチコンテストに参加しますか。	えいごのスピーチコンテストにさんかしますか。	영어 말하기 대회에 참가합니까?
採集	さいしゅう	채집	사물	N3	昆虫採集にハマってます。	こんちゅうさいしゅうにはまってます。	곤충 채집에 빠져 있습니다.
作	さく	작품	사물	N3	この絵はモネの作とされている。	このえはモネのさくとされている。	이 그림은 모네의 작품으로 여겨집니다.
策	さく	방책	사물	N3	私は正直は最良の策だと思います。	わたしはしょうじきはさいりょうのさくだとおもいます。	저는 정직이 최선의 방책이라고 생각합니다.
設備	せつび	설비	사물	N3	諸設備の費用は払っていただきます。	しょせつびのひようははらっていただきます。	여러 설비의 비용은 내주셔야 합니다.
絶滅	ぜつめつ	멸종	사물	N3	その鳥は絶滅の恐れがあるといわれています。	そのとりはぜつめつのおそれがあるといわれています。	그 새는 멸종 우려가 있다고 합니다.
節約	せつやく	절약	사물	N3	こうすれば数時間の節約ができます。	こうすればかずじかんのせつやくができます。	이렇게 하면 몇 시간의 절약이 됩니다.
攻める	せめる	공격하다	동사	N3	なかなか攻めたデザインだな。	なかなかせめたデザインだな。	꽤 과감한 디자인이네요.
責める	せめる	탓하다	동사	N3	何故私を責めるのですか。	なぜわたしをせめるのですか。	왜 저를 탓합니까?
善	ぜん	선	사물	N3	美は善にまさる、と言う人がいます。	びはぜんにまさる、というひとがいます。	아름다움은 선보다 낫다고 말하는 사람이 있습니다.
全	ぜん	전	사물	N3	行動の全責任は私が負います。	こうどうのぜんせきにんはわたしがおいます。	행동의 전 책임은 제가 집니다.
全員	ぜんいん	전원	사람	N3	彼らは今週全員休日で留守です。	かれらはこんしゅうぜんいんきゅうじつでるすです。	그들은 이번 주 전원 휴일이라 자리에 없습니다.
来	らい	다음	시간	N3	来シーズンが楽しみです。	らいシーズンがたのしみです。	다음 시즌이 기대됩니다.
専攻	せんこう	전공	사물	N3	経済学を専攻しています。	けいざいがくをせんこうしています。	경제학을 전공하고 있습니다.
全国	ぜんこく	전국	장소	N3	これは全国学校図書館協議会選定図書です。	これはぜんこくがっこうとしょかんきょうぎかいせんていとしょです。	이것은 전국학교도서관협의회 선정 도서입니다.
洗剤	せんざい	세제	사물	N3	ランドリーには洗剤がありますか。	ランドリーにはせんざいがありますか。	세탁실에는 세제가 있습니까?
先日	せんじつ	일전	시간	N3	彼が先日あなたと会った人です。	かれがせんじつあなたとあったひとです。	그가 일전에 당신과 만난 사람입니다.
前者	ぜんしゃ	전자	사물	N3	ジョーンとジェーンは姉妹です。前者はピアニストです。	ジョーンとジェーンはしまいです。ぜんしゃはピアニストです。	존과 제인은 자매입니다. 전자는 피아니스트입니다.
全身	ぜんしん	전신	사람	N3	彼は全身ペンキだらけになった。	かれはぜんしんペンキだらけになった。	그는 온몸이 페인트투성이가 되었습니다.
前進	ぜんしん	전진	사물	N3	私には前進する勇気がなかった。	わたしにはぜんしんするゆうきがなかった。	저에게는 전진할 용기가 없었습니다.
センター	センター	센터	장소	N3	コールセンターで働いてます。	コールセンターではたらいてます。	콜센터에서 일하고 있습니다.
全体	ぜんたい	전체	사물	N3	この塔から町全体が見渡せます。	このとうからまちぜんたいがみわたせます。	이 탑에서 마을 전체를 내려다볼 수 있습니다.
選択	せんたく	선택	사물	N3	あなたは賢い選択をしたと思います。	あなたはかしこいせんたくをしたとおもいます。	당신은 현명한 선택을 했다고 생각합니다.
宣伝	せんでん	선전	사물	N3	彼らはテレビで新製品を宣伝した。	かれらはテレビでしんせいひんをせんでんした。	그들은 텔레비전에서 신제품을 선전했습니다.
象	ぞう	코끼리	자연	N3	象はとても大きな動物です。	ぞうはとてもおおきなどうぶつです。	코끼리는 아주 큰 동물입니다.
騒音	そうおん	소음	사물	N3	車の騒音に悩まされています。	くるまのそうおんになやまされています。	차 소음에 시달리고 있습니다.
増加	ぞうか	증가	사물	N3	一戸建より共同住宅に住む世帯の増加率の方が高い。	いちこけんよりきょうどうじゅうたくにすむせたいのぞうかりつのほうがたかい。	단독주택보다 공동주택에 사는 세대의 증가율이 더 높습니다.
操作	そうさ	조작	사물	N3	この機械はどうやって操作するのですか。	このきかいはどうやってそうさするのですか。	이 기계는 어떻게 조작합니까?
想像	そうぞう	상상	사물	N3	あの絵を見て何を想像しますか。	あのえをみてなにをそうぞうしますか。	저 그림을 보고 무엇을 상상합니까?
相続	そうぞく	상속	사물	N3	トムは父親の全財産を相続した。	トムはちちおやのぜんざいさんをそうぞくした。	톰은 아버지의 전 재산을 상속했습니다.
速度	そくど	속도	사물	N3	その車は制限速度を越している。	そのくるまはせいげんそくどをこしている。	그 차는 제한 속도를 넘고 있습니다.
底	そこ	바닥	장소	N3	ダムの底に水車小屋があった。	ダムのそこにすいしゃこやがあった。	댐 바닥에 물레방앗간이 있었습니다.
そこで	そこで	그래서	부사	N3	そこで何が起こったのですか。	そこでなにがおこったのですか。	거기서 무슨 일이 일어났습니까?
組織	そしき	조직	사물	N3	トムはこの組織の一員です。	トムはこのそしきのいちいんです。	톰은 이 조직의 일원입니다.
そして	そして	그리고	부사	N3	そして彼女はいつもやっかいものです。	そしてかのじょはいつもやっかいものです。	그리고 그녀는 늘 골칫거리입니다.
注ぐ	そそぐ	붓다	동사	N3	その川は湖に注いでいます。	そのかわはみずうみにそそいでいます。	그 강은 호수로 흘러들고 있습니다.
そっくり	そっくり	꼭 닮음	형용사	N3	みんなが私のこと、お父さんにそっくりだって言うの。	みんながわたしのこと、おとうさんにそっくりだっていうの。	모두가 저더러 아버지랑 꼭 닮았다고 해요.
そっと	そっと	살며시	부사	N3	トムはそっとドアを開けました。	トムはそっとドアをあけました。	톰은 살며시 문을 열었습니다.
袖	そで	소매	사물	N3	セーターの袖がほぐれ始めた。	セーターのそでがほぐれはじめた。	스웨터 소매가 풀리기 시작했습니다.
備える	そなえる	갖추다	동사	N3	彼女は美しさを備えています。	かのじょはうつくしさをそなえています。	그녀는 아름다움을 갖추고 있습니다.
そのうえ	そのうえ	게다가	부사	N3	そのうえ中国人は昼寝が好きなんだ。	そのうえちゅうごくじんはひるねがすきなんだ。	게다가 중국인은 낮잠을 좋아합니다.
そのうち	そのうち	머지않아	부사	N3	そのうち一緒に仕事ができるといいなと思っています。	そのうちいっしょにしごとができるといいなとおもっています。	머지않아 함께 일할 수 있으면 좋겠다고 생각합니다.
そのまま	そのまま	그대로	부사	N3	少しの間そのままでお願いします。	すこしのまそのままでおねがいします。	잠시 그대로 부탁드립니다.
蕎麦	そば	메밀국수	음식	N3	日本では大晦日に蕎麦を食べる習慣があります。	にほんではおおみそかにそばをたべるしゅうかんがあります。	일본에서는 섣달그믐에 메밀국수를 먹는 습관이 있습니다.
ソファー	ソファー	소파	사물	N3	このソファーはいくらですか。	このソファーはいくらですか。	이 소파는 얼마입니까?
粗末	そまつ	조잡함	형용사	N3	私の車はとてもお粗末な物です。	わたしのくるまはとてもおそまつなものです。	제 차는 아주 변변찮은 물건입니다.
それぞれ	それぞれ	각각	부사	N3	人それぞれに個性があります。	ひとそれぞれにこせいがあります。	사람마다 각자 개성이 있습니다.
それでも	それでも	그래도	부사	N3	明日雨が降ってもそれでもピクニックに行きますか。	あしたあめがふってもそれでもピクニックにいきますか。	내일 비가 와도 그래도 소풍에 갑니까?
それと	それと	그리고	부사	N3	それとこれとは別だと思うよ。	それとこれとはべつだとおもうよ。	그것과 이것은 별개라고 생각해요.
それとも	それとも	아니면	부사	N3	あれは猫ですか、それとも犬ですか。	あれはねこですか、それともいぬですか。	저것은 고양이입니까, 아니면 개입니까?
揃う	そろう	갖춰지다	동사	N3	みんな揃って海に飛び込んだ。	みんなそろってうみにとびこんだ。	모두 함께 바다에 뛰어들었습니다.
揃える	そろえる	갖추다	동사	N3	基本的な道具を揃えるだけで十万超える。	きほんてきなどうぐをそろえるだけでじゅうまんこえる。	기본적인 도구를 갖추는 것만으로 10만이 넘습니다.
損	そん	손해	사물	N3	今は、正直が、損をする時代です。	いまは、しょうじきが、そんをするじだいです。	지금은 정직이 손해를 보는 시대입니다.
損害	そんがい	손해	사물	N3	損害は千ドルと見積もりしています。	そんがいはせんドルとみつもりしています。	손해는 천 달러로 어림잡고 있습니다.
尊敬	そんけい	존경	사물	N3	まだトムさんを尊敬しています。	まだトムさんをそんけいしています。	아직 톰 씨를 존경하고 있습니다.
存在	そんざい	존재	사물	N3	そういうものは存在しないと思います。	そういうものはそんざいしないとおもいます。	그런 것은 존재하지 않는다고 생각합니다.
尊重	そんちょう	존중	사물	N3	彼はまったく他人の気持ちを尊重しないの。	かれはまったくたにんのきもちをそんちょうしないの。	그는 전혀 남의 기분을 존중하지 않습니다.
他	た	다른 것	사물	N3	あなたは他の言葉が話せますか。	あなたはたのことばがはなせますか。	당신은 다른 언어를 말할 수 있습니까?
対	たい	대	사물	N3	とにかく、三対一は不公平だ。	とにかく、さんたいいちはふこうへいだ。	어쨌든 3대 1은 불공평합니다.
大	だい	큰	사물	N3	わたしはベスと大の仲良しです。	わたしはベスとだいのなかよしです。	저는 베스와 아주 친합니다.
題	だい	제목	사물	N3	なぜその題を選んだのか。	なぜそのだいをえらんだのか。	왜 그 제목을 골랐습니까?
体育	たいいく	체육	사물	N3	体育の授業は全員が必修です。	たいいくのじゅぎょうはぜんいんがひっしゅうです。	체육 수업은 전원이 필수입니다.
体温	たいおん	체온	사람	N3	それでは、体温を測りますね。	それでは、たいおんをはかりますね。	그럼 체온을 재겠습니다.
大会	たいかい	대회	사물	N3	私は水泳大会に参加するつもりです。	わたしはすいえいたいかいにさんかするつもりです。	저는 수영 대회에 참가할 생각입니다.
大気	たいき	대기	자연	N3	高く昇るにつれて大気は薄くなる。	たかくのぼるにつれてたいきはうすくなる。	높이 오를수록 대기는 옅어집니다.
代金	だいきん	대금	사물	N3	品物は代金引換でお送りいたします。	しなものはだいきんひきかえでおおくりいたします。	물건은 대금 상환으로 보내드리겠습니다.
退屈	たいくつ	지루함	형용사	N3	退屈で死にそう。	たいくつでしにそう。	지루해서 죽을 것 같습니다.
滞在	たいざい	체재	사물	N3	いまおじの家に滞在しています。	いまおじのいえにたいざいしています。	지금 삼촌 집에 머물고 있습니다.
大使	たいし	대사	사람	N3	大使は今夜日本をたつ予定です。	たいしはこんやにほんをたつよていです。	대사는 오늘 밤 일본을 떠날 예정입니다.
大した	たいした	대단한	형용사	N3	彼の賢さは大したものです。	かれのかしこさはたいしたものです。	그의 영리함은 대단합니다.
体重	たいじゅう	체중	사람	N3	体重にはとても気をつけます。	たいじゅうにはとてもきをつけます。	체중에는 아주 신경을 씁니다.
対象	たいしょう	대상	사물	N3	この本は子供を対象とした本です。	このほんはこどもをたいしょうとしたほんです。	이 책은 아이를 대상으로 한 책입니다.
対照	たいしょう	대조	사물	N3	春と秋とを比較対照してみよう。	はるとあきとをひかくたいしょうしてみよう。	봄과 가을을 비교 대조해 봅시다.
大臣	だいじん	대신	사람	N3	ここが総理大臣の住んでいる家です。	ここがそうりだいじんのすんでいるいえです。	여기가 총리대신이 살고 있는 집입니다.
対する	たいする	대하다	동사	N3	これらのティーカップは対になっている。	これらのティーカップはたいになっている。	이 찻잔들은 한 쌍으로 되어 있습니다.
大戦	たいせん	대전	사물	N3	再び世界大戦が起こりませんように。	ふたたびせかいたいせんがおこりませんように。	다시 세계대전이 일어나지 않기를 바랍니다.
態度	たいど	태도	사물	N3	彼女は上品な態度をしています。	かのじょはじょうひんなたいどをしています。	그녀는 품위 있는 태도를 하고 있습니다.
大統領	だいとうりょう	대통령	사람	N3	エルドアンはトルコの大統領です。	エルドアンはトルコのだいとうりょうです。	에르도안은 튀르키예의 대통령입니다.
大半	たいはん	대부분	사물	N3	一日の大半を読書して過ごした。	ついたちのたいはんをどくしょしてすごした。	하루의 대부분을 독서하며 보냈습니다.
代表	だいひょう	대표	사람	N3	トムさんは代表的な息子です。	トムさんはだいひょうてきなむすこです。	톰 씨는 대표적인 아들입니다.
タイプライター	タイプライター	타자기	사물	N3	電子タイプライターはありますか。	でんしタイプライターはありますか。	전자 타자기는 있습니까?
逮捕	たいほ	체포	사물	N3	あなたを逮捕します。	あなたをたいほします。	당신을 체포합니다.
題名	だいめい	제목	사물	N3	その映画の題名は覚えてないんだ。	そのえいがのだいめいはおぼえてないんだ。	그 영화의 제목은 기억 안 나요.
ダイヤ	ダイヤ	운행표	사물	N3	列車のダイヤが遅れています。	れっしゃのダイヤがおくれています。	열차 운행표가 늦어지고 있습니다.
平ら	たいら	평평함	형용사	N3	地球は平らだと信じられていた。	ちきゅうはたいらだとしんじられていた。	지구는 평평하다고 믿어졌습니다.
代理	だいり	대리	사물	N3	私は旅行代理店で働いています。	わたしはりょこうだいりてんではたらいています。	저는 여행 대리점에서 일하고 있습니다.
倒す	たおす	쓰러뜨리다	동사	N3	シート横にあるノブを前に動かし、シートを倒します。	シートよこにあるノブをまえにうごかし、シートをたおします。	시트 옆에 있는 손잡이를 앞으로 움직여 시트를 눕힙니다.
タオル	タオル	수건	사물	N3	そのタオルはきれいなはずです。	そのタオルはきれいなはずです。	그 수건은 깨끗할 겁니다.
だが	だが	하지만	부사	N3	だが宇宙は無限だ。	だがうちゅうはむげんだ。	하지만 우주는 무한합니다.
互い	たがい	서로	사물	N3	トムとメアリーが互いを好きだという事は明らかです。	トムとメアリーがたがいをすきだということはあきらかです。	톰과 메리가 서로 좋아한다는 것은 분명합니다.
高める	たかめる	높이다	동사	N3	それが自分を高めるコツです。	それがじぶんをたかめるコツです。	그것이 자신을 높이는 비결입니다.
宝	たから	보물	사물	N3	健康は大切な宝です。	けんこうはたいせつなたからです。	건강은 소중한 보물입니다.
宅	たく	댁	장소	N3	お宅の地下室にネズミがいます。	おたくのちかしつにネズミがいます。	댁의 지하실에 쥐가 있습니다.
炊く	たく	짓다	동사	N3	これがお米の炊き方です。	これがおべいのたきかたです。	이것이 쌀 짓는 법입니다.
焚く	たく	때다	동사	N3	寒かったので、私たちは火を焚きました。	さむかったので、わたしたちはひをたきました。	추워서 저희는 불을 피웠습니다.
だけど	だけど	하지만	부사	N3	だけど、それは非常に難しいことです。	だけど、それはひじょうにむずかしいことです。	하지만 그것은 매우 어려운 일입니다.
たしか	たしか	아마	부사	N3	たしか先週の金曜日だったと思います。	たしかせんしゅうのきんようびだったとおもいます。	아마 지난주 금요일이었다고 생각합니다.
確かめる	たしかめる	확인하다	동사	N3	トムは腕時計の時間を確かめた。	トムはうでどけいのじかんをたしかめた。	톰은 손목시계의 시간을 확인했습니다.
多少	たしょう	다소	부사	N3	多少、そわそわしています。	たしょう、そわそわしています。	다소 안절부절못하고 있습니다.
助かる	たすかる	도움이 되다	동사	N3	そうしてもらえると助かります。	そうしてもらえるとたすかります。	그렇게 해 주시면 도움이 됩니다.
助ける	たすける	돕다	동사	N3	私はどうしても彼女を助けなければならない気がした。	わたしはどうしてもかのじょをたすけなければならないきがした。	저는 아무래도 그녀를 도와야 한다는 생각이 들었습니다.
ただ	ただ	그저	부사	N3	ただの悪夢だった。	ただのあくむだった。	그저 악몽이었습니다.
只	ただ	공짜	사물	N3	この新聞は只です。	このしんぶんはただです。	이 신문은 공짜입니다.
唯	ただ	오직	부사	N3	マイクはその委員会で唯ひとりの男性です。	マイクはそのいいんかいでただひとりのだんせいです。	마이크는 그 위원회에서 오직 한 명의 남성입니다.
戦い	たたかい	싸움	사물	N3	ここが、その戦いのあった所です。	ここが、そのたたかいのあったところです。	여기가 그 싸움이 있었던 곳입니다.
戦う	たたかう	싸우다	동사	N3	私たちは最後まで戦います。	わたしたちはさいごまでたたかいます。	저희는 끝까지 싸웁니다.
叩く	たたく	두드리다	동사	N3	石橋を叩いて渡るような人間なんです。	いしばしをたたいてわたるようなにんげんなんです。	돌다리도 두드려 보고 건너는 사람입니다.
直ちに	ただちに	즉시	부사	N3	その件について直ちに調査すべきです。	そのけんについてただちにちょうさすべきです。	그 건에 대해 즉시 조사해야 합니다.
畳む	たたむ	개다	동사	N3	彼女はハンカチをきちんと畳んだ。	かのじょはハンカチをきちんとたたんだ。	그녀는 손수건을 가지런히 갰습니다.
立ち上がる	たちあがる	일어서다	동사	N3	会議に出るために立ち上がった。	かいぎにでるためにたちあがった。	회의에 나가기 위해 일어섰습니다.
立場	たちば	입장	사물	N3	私の立場なら、どうしますか。	わたしのたちばなら、どうしますか。	제 입장이라면 어떻게 하겠습니까?
建つ	たつ	서다	동사	N3	あたり一帯に超高層ビルが建っています。	あたりいったいにちょうこうそうビルがたっています。	근처 일대에 초고층 빌딩이 서 있습니다.
経つ	たつ	지나다	동사	N3	日本に住むようになって、どのくらい経ちますか。	にほんにすむようになって、どのくらいたちますか。	일본에 살게 된 지 얼마나 지났습니까?
達する	たっする	이르다	동사	N3	売れ行きは目標に達しなかった。	うれゆきはもくひょうにたっしなかった。	판매는 목표에 이르지 못했습니다.
だって	だって	그래도	부사	N3	日本人だって、日本語を話すときに間違えることはあるさ。	にほんじんだって、にほんごをはなすときにまちがえることはあるさ。	일본인이라도 일본어를 말할 때 틀리는 일은 있습니다.
たっぷり	たっぷり	충분히	부사	N3	まだたっぷり時間はあります。	まだたっぷりじかんはあります。	아직 시간은 충분히 있습니다.
たとえ	たとえ	비록	부사	N3	たとえ雨でも、彼はゴルフをします。	たとえあめでも、かれはゴルフをします。	비록 비라도 그는 골프를 칩니다.
谷	たに	골짜기	자연	N3	山に雪が降ると谷は寒くなります。	やまにゆきがふるとたにはさむくなります。	산에 눈이 내리면 골짜기는 추워집니다.
種	たね	씨	자연	N3	お茶の木はツバキの一種です。	おちゃのきはツバキのいちしゅです。	차나무는 동백의 일종입니다.
束	たば	다발	사물	N3	彼は古い手紙を束にした。	かれはふるいてがみをたばにした。	그는 옛 편지를 다발로 묶었습니다.
足袋	たび	버선	사물	N3	着物に足袋は欠かせません。	きものにたびはかかせません。	기모노에 버선은 빼놓을 수 없습니다.
旅	たび	여행	사물	N3	旅に出たら地酒を飲まなきゃ。	たびにでたらじざけをのまなきゃ。	여행을 떠나면 지역 술을 마셔야죠.
たびたび	たびたび	자주	부사	N3	彼からたびたび便りがありますか。	かれからたびたびたよりがありますか。	그에게서 자주 소식이 있습니까?
玉	たま	구슬	사물	N3	子供たちがシャボン玉遊びをしています。	こどもたちがシャボンだまあそびをしています。	아이들이 비눗방울 놀이를 하고 있습니다.
弾	たま	탄알	사물	N3	弾がヘルメットを通った。	たまがヘルメットをとおった。	탄알이 헬멧을 통과했습니다.
騙す	だます	속이다	동사	N3	世を騙したいなら、真実を言え。	よをだましたいなら、しんじつをいえ。	세상을 속이고 싶다면 진실을 말하세요.
たまらない	たまらない	견딜 수 없다	형용사	N3	君は彼女に会いたくてたまらないのですか。	きみはかのじょにあいたくてたまらないのですか。	당신은 그녀를 만나고 싶어 견딜 수 없습니까?
溜まる	たまる	쌓이다	동사	N3	やっと溜まってた家事が終わったわ。	やっとたまってたかじがおわったわ。	겨우 쌓였던 집안일이 끝났어요.
黙る	だまる	잠자코 있다	동사	N3	彼女はなぜあんなに黙っているのですか。	かのじょはなぜあんなにだまっているのですか。	그녀는 왜 저렇게 잠자코 있습니까?
試し	ためし	시험	사물	N3	彼はそれを試してみたが、上手くいかなかった。	かれはそれをためしてみたが、じょうずくいかなかった。	그는 그것을 시험해 봤지만 잘되지 않았습니다.
試す	ためす	시험하다	동사	N3	コーヒーの味を試します。	コーヒーのあじをためします。	커피 맛을 시험합니다.
溜める	ためる	모으다	동사	N3	彼女は目に涙を溜めながら話した。	かのじょはめになみだをためながらはなした。	그녀는 눈에 눈물을 머금고 이야기했습니다.
便り	たより	소식	사물	N3	ときたま彼から便りがあります。	ときたまかれからたよりがあります。	가끔 그에게서 소식이 있습니다.
頼る	たよる	의지하다	동사	N3	私はよく彼に頼っています。	わたしはよくかれにたよっています。	저는 자주 그에게 의지하고 있습니다.
段	だん	단	사물	N3	彼は並みの大学生より一段上だ。	かれはなみのだいがくせいよりいちだんじょうだ。	그는 보통 대학생보다 한 단 위입니다.
単位	たんい	단위	사물	N3	土地はエーカー単位で売っています。	とちはエーカーたんいでうっています。	땅은 에이커 단위로 팔고 있습니다.
単語	たんご	단어	사물	N3	この単語をもう一度読んでください。	このたんごをもういちどよんでください。	이 단어를 한 번 더 읽어 주세요.
男子	だんし	남자	사람	N3	向かって右が男子トイレ、左が女子トイレです。	むかってみぎがだんしトイレ、ひだりがじょしトイレです。	마주 보고 오른쪽이 남자 화장실, 왼쪽이 여자 화장실입니다.
誕生	たんじょう	탄생	사물	N3	明日は私の誕生日だ。	あしたはわたしのたんじょうびだ。	내일은 제 생일입니다.
ダンス	ダンス	댄스	사물	N3	ダンスを学びたい。	ダンスをまなびたい。	댄스를 배우고 싶습니다.
団体	だんたい	단체	사람	N3	サッカーは団体スポーツです。	サッカーはだんたいスポーツです。	축구는 단체 스포츠입니다.
担当	たんとう	담당	사물	N3	彼女が担当することになります。	かのじょがたんとうすることになります。	그녀가 담당하게 됩니다.
単なる	たんなる	단순한	형용사	N3	私は単なる普通のサラリーマンです。	わたしはたんなるふつうのサラリーマンです。	저는 단순한 평범한 회사원입니다.
単に	たんに	단지	부사	N3	あの人は実際の友達ではなく、単に知り合いです。	あのひとはじっさいのともだちではなく、たんにしりあいです。	저 사람은 실제 친구가 아니라 단지 아는 사이입니다.
地	ち	땅	자연	N3	この船の目的地はどこですか。	このふねのもくてきちはどこですか。	이 배의 목적지는 어디입니까?
地位	ちい	지위	사물	N3	彼は会社で高い地位にあります。	かれはかいしゃでたかいちいにあります。	그는 회사에서 높은 지위에 있습니다.
チーズ	チーズ	치즈	음식	N3	このチーズはイタリア産です。	このチーズはイタリアさんです。	이 치즈는 이탈리아산입니다.
チーム	チーム	팀	사람	N3	どのチームが勝つだろうか。	どのチームがかつだろうか。	어느 팀이 이길까요?
知恵	ちえ	지혜	사물	N3	年齢を重ねるとともに知恵がついてくるのです。	ねんれいをかさねるとともにちえがついてくるのです。	나이를 먹으면서 지혜가 붙는 것입니다.
違い	ちがい	차이	사물	N3	これとあれとの違いは何ですか。	これとあれとのちがいはなんですか。	이것과 저것의 차이는 무엇입니까?
近頃	ちかごろ	요즘	시간	N3	近頃どんな曲が流行ってますか。	ちかごろどんなきょくがはやってますか。	요즘 어떤 곡이 유행하고 있습니까?
地球	ちきゅう	지구	자연	N3	地球は太陽より小さいです。	ちきゅうはたいようよりちいさいです。	지구는 태양보다 작습니다.
地区	ちく	지구	장소	N3	この地区では三局受信できます。	このちくではさんきょくじゅしんできます。	이 지구에서는 세 방송국을 수신할 수 있습니다.
遅刻	ちこく	지각	사물	N3	朝寝坊して、危うく遅刻するところだったよ。	あさねぼうして、あやうくちこくするところだったよ。	늦잠을 자서 하마터면 지각할 뻔했어요.
知事	ちじ	지사	사람	N3	彼は知事と長年の付き合いです。	かれはちじとながねんのつきあいです。	그는 지사와 오랜 교분이 있습니다.
知識	ちしき	지식	사물	N3	私のドイツ語の知識は貧弱です。	わたしのドイツごのちしきはひんじゃくです。	제 독일어 지식은 빈약합니다.
父親	ちちおや	아버지	사람	N3	ブラウンさんは彼女の父親です。	ブラウンさんはかのじょのちちおやです。	브라운 씨는 그녀의 아버지입니다.
知能	ちのう	지능	사물	N3	イルカは非常に知能の高い動物です。	イルカはひじょうにちのうのたかいどうぶつです。	돌고래는 매우 지능이 높은 동물입니다.
地平線	ちへいせん	지평선	자연	N3	やがて月が地平線上に現れた。	やがてつきがちへいせんじょうにあらわれた。	이윽고 달이 지평선 위에 나타났습니다.
地方	ちほう	지방	장소	N3	米はこの地方の主な農作物です。	べいはこのちほうのおもなのうさくもつです。	쌀은 이 지방의 주된 농작물입니다.
茶	ちゃ	차	음식	N3	彼は茶の販売予定は十トンです。	かれはちゃのはんばいよていはじゅうトンです。	그의 차 판매 예정은 10톤입니다.
チャンス	チャンス	기회	사물	N3	もう一度チャンスをくれ。	もういちどチャンスをくれ。	한 번 더 기회를 줘.
ちゃんと	ちゃんと	제대로	부사	N3	この店ではちゃんとした身なりをしなさい。	このみせではちゃんとしたみなりをしなさい。	이 가게에서는 제대로 된 차림을 하세요.
注	ちゅう	주석	사물	N3	別紙の注文書の通り注文いたします。	べっしのちゅうぶんしょのとおりちゅうもんいたします。	별지 주문서대로 주문하겠습니다.
中央	ちゅうおう	중앙	장소	N3	市役所は市の中央に有ります。	しやくしょはしのちゅうおうにあります。	시청은 시의 중앙에 있습니다.
中学	ちゅうがく	중학	장소	N3	私は中学二年生です。	わたしはちゅうがくにねんせいです。	저는 중학교 2학년입니다.
中古	ちゅうこ	중고	사물	N3	トムの仕事は中古車の販売です。	トムのしごとはちゅうこしゃのはんばいです。	톰의 일은 중고차 판매입니다.
中止	ちゅうし	중지	사물	N3	もし雨なら遠足は中止です。	もしあめならえんそくはちゅうしです。	만약 비라면 소풍은 중지입니다.
駐車	ちゅうしゃ	주차	사물	N3	あそこに駐車するのは違法です。	あそこにちゅうしゃするのはいほうです。	저기에 주차하는 것은 불법입니다.
昼食	ちゅうしょく	점심	음식	N3	なぜ毎日昼食を抜くのですか。	なぜまいにちちゅうしょくをぬくのですか。	왜 매일 점심을 거릅니까?
中心	ちゅうしん	중심	장소	N3	ここがこの都市の中心部です。	ここがこのとしのちゅうしんぶです。	여기가 이 도시의 중심부입니다.
注目	ちゅうもく	주목	사물	N3	これは注目に値することです。	これはちゅうもくにあたいすることです。	이것은 주목할 만한 일입니다.
注文	ちゅうもん	주문	사물	N3	私は電話でピザを注文した。	わたしはでんわでピザをちゅうもんした。	저는 전화로 피자를 주문했습니다.
長期	ちょうき	장기	시간	N3	試験を無事に終えたら長期の休みをとります。	しけんをぶじにおえたらちょうきのやすみをとります。	시험을 무사히 마치면 장기 휴가를 내겠습니다.
調査	ちょうさ	조사	사물	N3	警察はそれを調査しています。	けいさつはそれをちょうさしています。	경찰은 그것을 조사하고 있습니다.
調子	ちょうし	상태	사물	N3	今朝は体の調子がよい。	けさはからだのちょうしがよい。	오늘 아침은 몸 상태가 좋습니다.
頂上	ちょうじょう	정상	장소	N3	私はその山の頂上を見ることができます。	わたしはそのやまのちょうじょうをみることができます。	저는 그 산의 정상을 볼 수 있습니다.
ちょうだい	ちょうだい	주세요	인사	N3	おにいさん、お酒を一杯ちょうだい。	おにいさん、おさけをいっぱいちょうだい。	저기요, 술 한 잔 주세요.
貯金	ちょきん	저금	사물	N3	トムに貯金箱を買ってあげたいです。	トムにちょきんばこをかってあげたいです。	톰에게 저금통을 사 주고 싶습니다.
直接	ちょくせつ	직접	부사	N3	彼女に直接言ったらどうですか。	かのじょにちょくせついったらどうですか。	그녀에게 직접 말하면 어떻습니까?
著者	ちょしゃ	저자	사람	N3	私はその著者の名前を知っています。	わたしはそのちょしゃのなまえをしっています。	저는 그 저자의 이름을 알고 있습니다.
散らす	ちらす	흩뜨리다	동사	N3	両替人の金を散らし、その台を倒した。	りょうがえじんのきんをちらし、そのだいをたおした。	환전상의 돈을 흩뜨리고 그 상을 엎었습니다.
散る	ちる	지다	동사	N3	ほとんどの葉が散ってしまった。	ほとんどのはがちってしまった。	대부분의 잎이 져 버렸습니다.
遂に	ついに	마침내	부사	N3	遂に彼は目的を達した。	ついにかれはもくてきをたっした。	마침내 그는 목적을 달성했습니다.
通過	つうか	통과	사물	N3	その列車は元町駅を通過します。	そのれっしゃはもとまちえきをつうかします。	그 열차는 모토마치역을 통과합니다.
通貨	つうか	통화	사물	N3	もう仮想通貨には手を出さない。	もうかそうつうかにはてをださない。	이제 가상통화에는 손대지 않겠습니다.
通学	つうがく	통학	사물	N3	彼はバスで通学しています。	かれはバスでつうがくしています。	그는 버스로 통학하고 있습니다.
通勤	つうきん	통근	사물	N3	トムは自転車通勤をしています。	トムはじてんしゃつうきんをしています。	톰은 자전거 통근을 하고 있습니다.
通行	つうこう	통행	사물	N3	イギリスには左側に通行します。	イギリスにはひだりがわにつうこうします。	영국에서는 왼쪽으로 통행합니다.
通じる	つうじる	통하다	동사	N3	あなたの英語は人に通じますか。	あなたのえいごはひとにつうじますか。	당신의 영어는 남에게 통합니까?
通信	つうしん	통신	사물	N3	通信業界はいとも簡単に手中におさめることができます。	つうしんぎょうかいはいともかんたんにしゅちゅうにおさめることができます。	통신 업계는 아주 쉽게 손에 넣을 수 있습니다.
通訳	つうやく	통역	사람	N3	トムは私たちの通訳です。	トムはわたしたちのつうやくです。	톰은 저희 통역입니다.
捕まる	つかまる	잡히다	동사	N3	警察に捕まるような恐れがあるのですか。	けいさつにつかまるようなおそれがあるのですか。	경찰에 잡힐 우려가 있습니까?
掴む	つかむ	잡다	동사	N3	ジムはジュリーの腕をぐいと掴んだ。	ジムはジュリーのうでをぐいとつかんだ。	짐은 줄리의 팔을 확 잡았습니다.
疲れ	つかれ	피로	사물	N3	なぜあなたは今日そんなに疲れているのですか。	なぜあなたはきょうそんなにつかれているのですか。	왜 당신은 오늘 그렇게 지쳐 있습니까?
付き合い	つきあい	교제	사물	N3	私は彼女とは長い付き合いだ。	わたしはかのじょとはながいつきあいだ。	저는 그녀와는 오랜 교제입니다.
付く	つく	붙다	동사	N3	付いて行ってもいいですか。	ついていってもいいですか。	따라가도 됩니까?
就く	つく	종사하다	동사	N3	どんな職業に就いていますか。	どんなしょくぎょうについていますか。	어떤 직업에 종사하고 있습니까?
突く	つく	찌르다	동사	N3	もうすぐ、トムの貯金が底を突く。	もうすぐ、トムのちょきんがそこをつく。	곧 톰의 저금이 바닥납니다.
次ぐ	つぐ	다음가다	동사	N3	この次いつ集まればよいのか彼に聞いてください。	このついつあつまればよいのかかれにきいてください。	다음에 언제 모이면 좋을지 그에게 물어봐 주세요.
付ける	つける	켜다	동사	N3	テレビを付けてもいいですか。	テレビをつけてもいいですか。	텔레비전을 켜도 됩니까?
着ける	つける	닿다	동사	N3	この道を行けば空港に着けます。	このみちをいけばくうこうにつけます。	이 길로 가면 공항에 닿을 수 있습니다.
伝わる	つたわる	전해지다	동사	N3	その土地は彼の家族に伝わった。	そのとちはかれのかぞくにつたわった。	그 땅은 그의 가족에게 전해졌습니다.
土	つち	흙	자연	N3	彼らはこぢんまりとした土壁の家で暮らしていました。	かれらはこぢんまりとしたどかべのいえでくらしていました。	그들은 아담한 흙벽 집에서 살고 있었습니다.
続き	つづき	계속	사물	N3	どれくらいこの寒い天気は続きますか。	どれくらいこのさむいてんきはつづきますか。	얼마나 이 추운 날씨가 계속됩니까?
包み	つつみ	꾸러미	사물	N3	包みを持ち上げるのを手伝って。	つつみをもちあげるのをてつだって。	꾸러미를 들어 올리는 것을 도와줘.
勤め	つとめ	근무	사물	N3	私は、旅行会社に勤めています。	わたしは、りょこうかいしゃにつとめています。	저는 여행사에 근무하고 있습니다.
務め	つとめ	임무	사물	N3	姉がブライズメイドを務めます。	あねがブライズメイドをつとめます。	누나가 들러리를 맡습니다.
繋がる	つながる	이어지다	동사	N3	ネットに繋がらなかった。	ネットにつながらなかった。	인터넷에 연결되지 않았습니다.
繋ぐ	つなぐ	잇다	동사	N3	手を繋ぎたいです。	てをつなぎたいです。	손을 잡고 싶습니다.
繋げる	つなげる	연결하다	동사	N3	このパソコンをインターネットに繋げています。	このパソコンをインターネットにつなげています。	이 컴퓨터를 인터넷에 연결하고 있습니다.
常に	つねに	늘	부사	N3	世界平和を常に祈っている。	せかいへいわをつねにいのっている。	세계 평화를 늘 빌고 있습니다.
翼	つばさ	날개	사물	N3	時の翼に乗って悲しみは飛び去る。	ときのつばさにのってかなしみはとびさる。	시간의 날개를 타고 슬픔은 날아갑니다.
罪	つみ	죄	사물	N3	罪を認めて謝りました。	つみをみとめてあやまりました。	죄를 인정하고 사과했습니다.
積む	つむ	쌓다	동사	N3	結婚する前に、キャリアを積んでおきたいです。	けっこんするまえに、キャリアをつんでおきたいです。	결혼하기 전에 경력을 쌓아 두고 싶습니다.
詰める	つめる	채우다	동사	N3	それらをその箱に詰めなさい。	それらをそのはこにつめなさい。	그것들을 그 상자에 채우세요.
積もる	つもる	쌓이다	동사	N3	雪はあたり一面に積もっていた。	ゆきはあたりいちめんにつもっていた。	눈은 근처 온통 쌓여 있었습니다.
梅雨	つゆ	장마	자연	N3	明日から梅雨前線が活発になります。	あしたからつゆぜんせんがかっぱつになります。	내일부터 장마 전선이 활발해집니다.
釣	つり	낚시	사물	N3	私は父と釣に行くのが好きです。	わたしはちちとつりにいくのがすきです。	저는 아버지와 낚시하러 가는 것을 좋아합니다.
連れ	つれ	일행	사람	N3	病院へ連れて行って下さい。	びょういんへつれていってください。	병원에 데려가 주세요.
出	で	나옴	사물	N3	いつかテレビに出たいです。	いつかテレビにでたいです。	언젠가 텔레비전에 나오고 싶습니다.
出会い	であい	만남	사물	N3	私たちは時折クラブで彼に出会います。	わたしたちはときおりクラブでかれにであいます。	저희는 이따금 클럽에서 그를 만납니다.
出会う	であう	마주치다	동사	N3	ちょうど今、彼と出会ったのです。	ちょうどいま、かれとであったのです。	바로 지금 그와 마주쳤습니다.
提案	ていあん	제안	사물	N3	あなたはその提案に賛成ですか。	あなたはそのていあんにさんせいですか。	당신은 그 제안에 찬성입니까?
定期	ていき	정기	사물	N3	あなたは車の定期点検をすべきです。	あなたはくるまのていきてんけんをすべきです。	당신은 차의 정기 점검을 해야 합니다.
抵抗	ていこう	저항	사물	N3	このビタミンは病気に対する抵抗力を強めます。	このビタミンはびょうきにたいするていこうりょくをつよめます。	이 비타민은 병에 대한 저항력을 강하게 합니다.
提出	ていしゅつ	제출	사물	N3	いつレポートを提出するのですか。	いつレポートをていしゅつするのですか。	언제 리포트를 제출합니까?
停電	ていでん	정전	사물	N3	停電が場内の混乱の一因となった。	ていでんがじょうないのこんらんのいちいんとなった。	정전이 장내 혼란의 한 원인이 되었습니다.
程度	ていど	정도	사물	N3	どの程度まで彼を信用していますか。	どのていどまでかれをしんようしていますか。	어느 정도까지 그를 신용하고 있습니까?
停留所	ていりゅうじょ	정류장	장소	N3	近くにバスの停留所があります。	ちかくにバスのていりゅうじょがあります。	근처에 버스 정류장이 있습니다.
デート	デート	데이트	사물	N3	トムとデートしたいな。	トムとデートしたいな。	톰과 데이트하고 싶네요.
敵	てき	적	사람	N3	物語の敵はとても強いです。	ものがたりのてきはとてもつよいです。	이야기의 적은 아주 강합니다.
出来事	できごと	사건	사물	N3	最新の出来事は以上です。	さいしんのできごとはいじょうです。	최신 사건은 이상입니다.
適切	てきせつ	적절함	형용사	N3	これは適切な例だと思います。	これはてきせつなれいだとおもいます。	이것은 적절한 예라고 생각합니다.
適度	てきど	적당함	형용사	N3	私はいつも適度なスピードで運転しています。	わたしはいつもてきどなスピードでうんてんしています。	저는 늘 적당한 속도로 운전하고 있습니다.
適用	てきよう	적용	사물	N3	この規則は外国人にのみ適用されます。	このきそくはがいこくじんにのみてきようされます。	이 규칙은 외국인에게만 적용됩니다.
手品	てじな	마술	사물	N3	私のいとこは手品が得意です。	わたしのいとこはてじながとくいです。	제 사촌은 마술을 잘합니다.
ですから	ですから	그러니까	부사	N3	ですから、玲子。アンタは慌てることはありません。	ですから、れいこ。アンタはあわてることはありません。	그러니까 레이코. 당신은 서두를 필요가 없습니다.
鉄	てつ	철	사물	N3	彼女鉄の意志を持ってるからね。	かのじょてつのいしをもってるからね。	그녀는 철의 의지를 갖고 있으니까요.
哲学	てつがく	철학	사물	N3	私は哲学者になるつもりでいた。	わたしはてつがくしゃになるつもりでいた。	저는 철학자가 될 생각이었습니다.
手伝い	てつだい	도움	사물	N3	夕方は母の手伝いをしています。	ゆうがたはははのてつだいをしています。	저녁에는 어머니를 돕고 있습니다.
徹底	てってい	철저	사물	N3	ささいな情報でも確認を徹底すること。	ささいなじょうほうでもかくにんをてっていすること。	사소한 정보라도 확인을 철저히 할 것.
鉄道	てつどう	철도	사물	N3	父は鉄道関係の仕事をしています。	ちちはてつどうかんけいのしごとをしています。	아버지는 철도 관계 일을 하고 있습니다.
徹夜	てつや	밤샘	사물	N3	弟はよく徹夜をする。	おとうとはよくてつやをする。	남동생은 자주 밤을 샙니다.
手間	てま	품	사물	N3	これは主婦の手間を省く便利な器具です。	これはしゅふのてまをはぶくべんりなきぐです。	이것은 주부의 품을 덜어주는 편리한 기구입니다.
デモ	デモ	시위	사물	N3	人はデモと聞くと学生を連想したものです。	ひとはデモときくとがくせいをれんそうしたものです。	사람은 시위라고 들으면 학생을 연상하곤 했습니다.
典型	てんけい	전형	사물	N3	典型的な英国の食事は何ですか。	てんけいてきなえいこくのしょくじはなんですか。	전형적인 영국 식사는 무엇입니까?
天候	てんこう	날씨	자연	N3	天候が許せば、私は出発します。	てんこうがゆるせば、わたしはしゅっぱつします。	날씨가 허락하면 저는 출발하겠습니다.
電子	でんし	전자	사물	N3	電子タイプライターはありますか。	でんしタイプライターはありますか。	전자 타자기는 있습니까?
テント	テント	텐트	사물	N3	ここ、テントを張るのに良さそう。	ここ、テントをはるのによさそう。	여기 텐트를 치기 좋아 보여요.
伝統	でんとう	전통	사물	N3	日本酒は日本の伝統的なお酒です。	にほんさけはにほんのでんとうてきなおさけです。	일본 술은 일본의 전통적인 술입니다.
天然	てんねん	천연	자연	N3	この石けんには天然香料が入っている。	このせっけんにはてんねんこうりょうがはいっている。	이 비누에는 천연 향료가 들어 있습니다.
問い	とい	물음	사물	N3	その問いに答えるのは容易だ。	そのといにこたえるのはよういだ。	그 물음에 답하는 것은 쉽습니다.
党	とう	당	사물	N3	彼女は根っからのコーヒー党です。	かのじょはねっからのコーヒーとうです。	그녀는 뼛속까지 커피파입니다.
塔	とう	탑	장소	N3	村のまん中に古い塔があります。	むらのまんなかにふるいとうがあります。	마을 한가운데에 오래된 탑이 있습니다.
答案	とうあん	답안	사물	N3	あなたの答案には間違いが多すぎます。	あなたのとうあんにはまちがいがおおすぎます。	당신의 답안에는 실수가 너무 많습니다.
同一	どういつ	동일	사물	N3	ほとんどの場合、近代化は西欧化と同一のものとみなされる。	ほとんどのばあい、きんだいかはせいおうかとどういつのものとみなされる。	대부분의 경우 근대화는 서구화와 동일한 것으로 간주됩니다.
銅貨	どうか	동전	사물	N3	ここの数枚の銅貨がある。	ここのすうまいのどうかがある。	여기 몇 장의 동전이 있습니다.
動詞	どうし	동사	사물	N3	この動詞の変化を言えますか。	このどうしのへんかをいえますか。	이 동사의 변화를 말할 수 있습니까?
同時	どうじ	동시	시간	N3	妹と出発が同時でしたか。	いもうととしゅっぱつがどうじでしたか。	여동생과 출발이 동시였습니까?
どうしても	どうしても	아무래도	부사	N3	ケンはどうしても私のいうことを聞こうとしなかった。	ケンはどうしてもわたしのいうことをきこうとしなかった。	켄은 아무래도 제 말을 들으려 하지 않았습니다.
到着	とうちゃく	도착	사물	N3	列車は、すでに到着しています。	れっしゃは、すでにとうちゃくしています。	열차는 이미 도착해 있습니다.
道徳	どうとく	도덕	사물	N3	私の祖父は道徳的な生活をした。	わたしのそふはどうとくてきなせいかつをした。	제 할아버지는 도덕적인 생활을 했습니다.
投票	とうひょう	투표	사물	N3	ポーランドでは今日が投票日です。	ポーランドではきょうがとうひょうびです。	폴란드에서는 오늘이 투표일입니다.
東洋	とうよう	동양	장소	N3	彼は東洋芸術のかなりの専門家だ。	かれはとうようげいじゅつのかなりのせんもんかだ。	그는 동양 예술의 상당한 전문가입니다.
同様	どうよう	마찬가지	사물	N3	彼は英語と同様数学も教えます。	かれはえいごとどうようすうがくもおしえます。	그는 영어와 마찬가지로 수학도 가르칩니다.
童謡	どうよう	동요	사물	N3	彼は、オペラはもちろんのこと、童謡すら歌えない。	かれは、オペラはもちろんのこと、どうようすらうたえない。	그는 오페라는 물론이고 동요조차 부르지 못합니다.
道路	どうろ	도로	장소	N3	この道路はとても広いです。	このどうろはとてもひろいです。	이 도로는 아주 넓습니다.
通す	とおす	통과시키다	동사	N3	済みません。通してくれますか。	すみません。とおしてくれますか。	죄송합니다. 지나가게 해 주시겠습니까?
通り過ぎる	とおりすぎる	지나가다	동사	N3	一台の車が全速力で通り過ぎた。	いちだいのくるまがぜんそくりょくでとおりすぎた。	차 한 대가 전속력으로 지나갔습니다.
解く	とく	풀다	동사	N3	どうやってこの問題を解くのですか。	どうやってこのもんだいをとくのですか。	어떻게 이 문제를 풉니까?
退く	どく	물러나다	동사	N3	退くのは無理、だって私の本質だ。	しりぞくのはむり、だってわたしのほんしつだ。	물러나는 것은 무리, 그게 제 본질이니까요.
毒	どく	독	사물	N3	この手のキノコには、毒があります。	このてのキノコには、どくがあります。	이런 종류의 버섯에는 독이 있습니다.
得意	とくい	자신 있음	형용사	N3	テニスはあまり得意ではないです。	テニスはあまりとくいではないです。	테니스는 그다지 자신 없습니다.
読書	どくしょ	독서	사물	N3	読書が大好きです。	どくしょがだいすきです。	독서를 아주 좋아합니다.
独身	どくしん	독신	사물	N3	私の一番上の兄は独身なんです。	わたしのいちばんじょうのあにはどくしんなんです。	제 맏형은 독신입니다.
特徴	とくちょう	특징	사물	N3	緑色である事がその種のりんごの特徴なのです。	りょくしょくであることがそのたねのりんごのとくちょうなのです。	녹색인 것이 그 종류 사과의 특징입니다.
特長	とくちょう	장점	사물	N3	割と安いのもこの店の特長。	わりとやすいのもこのみせのとくちょう。	비교적 싼 것도 이 가게의 장점입니다.
独特	どくとく	독특함	형용사	N3	この調理法は中国独特のものだ。	このちょうりほうはちゅうごくどくとくのものだ。	이 조리법은 중국 특유의 것입니다.
独立	どくりつ	독립	사물	N3	今日は独立記念日です。	きょうはどくりつきねんびです。	오늘은 독립기념일입니다.
溶ける	とける	녹다	동사	N3	春が来ると雪は溶けてしまった。	はるがくるとゆきはとけてしまった。	봄이 오자 눈은 녹아 버렸습니다.
解ける	とける	풀리다	동사	N3	先生でさえその問題は解けなかった。	せんせいでさえそのもんだいはとけなかった。	선생님조차 그 문제는 풀지 못했습니다.
ところが	ところが	그런데	부사	N3	ところが実はどうすることもできないのです。	ところがじつはどうすることもできないのです。	그런데 실은 어쩔 도리가 없습니다.
ところで	ところで	그런데	부사	N3	ところで、君の住所はどこですか。	ところで、きみのじゅうしょはどこですか。	그런데 당신 주소는 어디입니까?
登山	とざん	등산	사물	N3	こういう危険があるのに登山は大流行です。	こういうきけんがあるのにとざんはだいりゅうこうです。	이런 위험이 있는데도 등산은 대유행입니다.
都市	とし	도시	장소	N3	あなたは都市に住んでいますか。	あなたはとしにすんでいますか。	당신은 도시에 살고 있습니까?
年月	としつき	세월	시간	N3	年月が過ぎるのは早い。	としつきがすぎるのははやい。	세월이 지나는 것은 빠릅니다.
図書	としょ	도서	사물	N3	これは全国学校図書館協議会選定図書です。	これはぜんこくがっこうとしょかんきょうぎかいせんていとしょです。	이것은 전국학교도서관협의회 선정 도서입니다.
閉じる	とじる	닫다	동사	N3	目を閉じて歩けますか。	めをとじてあるけますか。	눈을 감고 걸을 수 있습니까?
途端	とたん	찰나	시간	N3	家に着いた途端、電話が鳴った。	いえについたとたん、でんわがなった。	집에 도착한 순간 전화가 울렸습니다.
土地	とち	토지	장소	N3	トムがこの土地を所有しています。	トムがこのとちをしょゆうしています。	톰이 이 토지를 소유하고 있습니다.
トップ	トップ	톱	사물	N3	彼女はクラスでトップです。	かのじょはクラスでトップです。	그녀는 반에서 톱입니다.
とにかく	とにかく	어쨌든	부사	N3	とにかく行ってみよう。	とにかくいってみよう。	어쨌든 가 봅시다.
飛ばす	とばす	건너뛰다	동사	N3	飛ばし読みをしてはいけません。	とばしよみをしてはいけません。	건너뛰며 읽어서는 안 됩니다.
飛び出す	とびだす	튀어나오다	동사	N3	ここの軟骨が飛び出しています。	ここのなんこつがとびだしています。	여기 연골이 튀어나와 있습니다.
留める	とめる	멈추다	동사	N3	彼が言ったことなど気に留めるな。	かれがいったことなどきにとめるな。	그가 말한 것 따위 마음에 두지 마세요.
泊める	とめる	재우다	동사	N3	一晩泊めてもらいたいんだけど。	いちばんとめてもらいたいんだけど。	하룻밤 재워 주셨으면 하는데요.
友	とも	벗	사람	N3	犬は人間の最良の友です。	いぬはにんげんのさいりょうのともです。	개는 인간의 가장 좋은 벗입니다.
共に	ともに	함께	부사	N3	あなたと共に生きていきたいです。	あなたとともにいきていきたいです。	당신과 함께 살아가고 싶습니다.
虎	とら	호랑이	자연	N3	万一虎がおりから出てきたらどうしますか。	まんいちとらがおりからでてきたらどうしますか。	만일 호랑이가 우리에서 나오면 어떻게 하겠습니까?
ドライブ	ドライブ	드라이브	사물	N3	ドライブするのはどうですか。	ドライブするのはどうですか。	드라이브하는 것은 어떻습니까?
トラック	トラック	트럭	사물	N3	彼は別のトラックにいるんです。	かれはべつのトラックにいるんです。	그는 다른 트랙에 있습니다.
ドラマ	ドラマ	드라마	사물	N3	どのドラマが一番好きですか。	どのドラマがいちばんすきですか。	어느 드라마를 가장 좋아합니까?
トランプ	トランプ	카드	사물	N3	トランプをするのはどうですか。	トランプをするのはどうですか。	카드놀이를 하는 것은 어떻습니까?
取り上げる	とりあげる	다루다	동사	N3	これが雑誌で大きく取り上げられている歌手達の写真です。	これがざっしでおおきくとりあげられているかしゅたちのしゃしんです。	이것이 잡지에서 크게 다뤄지고 있는 가수들의 사진입니다.
努力	どりょく	노력	사물	N3	彼女は目標に到達するために努力した。	かのじょはもくひょうにとうたつするためにどりょくした。	그녀는 목표에 도달하기 위해 노력했습니다.
トレーニング	トレーニング	훈련	사물	N3	娘はトイレトレーニング中です。	むすめはトイレトレーニングちゅうです。	딸은 배변 훈련 중입니다.
ドレス	ドレス	드레스	사물	N3	あのドレスは彼女によく似合う。	あのドレスはかのじょによくにあう。	저 드레스는 그녀에게 잘 어울립니다.
取れる	とれる	떨어지다	동사	N3	やってはみたんだけど、連絡は取れなかったよ。	やってはみたんだけど、れんらくはとれなかったよ。	해 보긴 했는데 연락은 되지 않았어요.
泥	どろ	진흙	자연	N3	彼はドアの泥をこすり落とした。	かれはドアのどろをこすりおとした。	그는 문의 진흙을 문질러 떨어뜨렸습니다.
トン	トン	톤	사물	N3	彼は茶の販売予定は十トンです。	かれはちゃのはんばいよていはじゅうトンです。	그의 차 판매 예정은 10톤입니다.
どんなに	どんなに	아무리	부사	N3	どんなに高くても、あの古い時計を買います。	どんなにたかくても、あのふるいとけいをかいます。	아무리 비싸도 저 오래된 시계를 사겠습니다.
トンネル	トンネル	터널	장소	N3	車はそのトンネルの中を通ります。	くるまはそのトンネルのなかをとおります。	차는 그 터널 안을 지나갑니다.
名	な	이름	사물	N3	ユーザー名にハイフンが使えたらいいのに。	ユーザーめいにハイフンがつかえたらいいのに。	사용자 이름에 하이픈을 쓸 수 있으면 좋을 텐데.
内容	ないよう	내용	사물	N3	料理の内容を見せてもらえますか。	りょうりのないようをみせてもらえますか。	요리 내용을 보여 주시겠습니까?
なお	なお	여전히	부사	N3	そして私はここにいて今なお生きています。	そしてわたしはここにいていまなおいきています。	그리고 저는 여기에 있고 지금도 살아 있습니다.
仲	なか	사이	사물	N3	彼女は友達というより知り合いの仲です。	かのじょはともだちというよりしりあいのなかです。	그녀는 친구라기보다 아는 사이입니다.
流す	ながす	흘려보내다	동사	N3	トムは人に流されやすい人です。	トムはひとにながされやすいひとです。	톰은 남에게 휩쓸리기 쉬운 사람입니다.
半ば	なかば	절반	사물	N3	始まりがうまければ半ばうまくいったもおなじ。	はじまりがうまければなかばうまくいったもおなじ。	시작이 좋으면 절반은 잘된 것과 같습니다.
仲間	なかま	동료	사람	N3	サリーは職場の仲間です。	サリーはしょくばのなかまです。	샐리는 직장 동료입니다.
中身	なかみ	내용물	사물	N3	引出しの中身をからにしなさい。	ひきだしのなかみをからにしなさい。	서랍의 내용물을 비우세요.
眺め	ながめ	경치	자연	N3	眺めのよい部屋をお願いします。	ながめのよいへやをおねがいします。	경치 좋은 방을 부탁합니다.
眺める	ながめる	바라보다	동사	N3	彼は鳥が頭上を飛んでいくのを眺めるのが好きです。	かれはとりがずじょうをとんでいくのをながめるのがすきです。	그는 새가 머리 위를 날아가는 것을 바라보는 걸 좋아합니다.
流れ	ながれ	흐름	사물	N3	流れを整理すると下記の通りです。	ながれをせいりするとかきのとおりです。	흐름을 정리하면 아래와 같습니다.
流れる	ながれる	흐르다	동사	N3	手をかざすと水が流れます。	てをかざすとみずがながれます。	손을 갖다 대면 물이 흐릅니다.
亡くす	なくす	여의다	동사	N3	夫を亡くした婦人は、未亡人です。	おっとをなくしたふじんは、みぼうじんです。	남편을 여읜 부인은 미망인입니다.
殴る	なぐる	때리다	동사	N3	人を殴ってはいけません。	ひとをなぐってはいけません。	사람을 때리면 안 됩니다.
無し	なし	없음	사물	N3	これは種無しのブドウです。	これはたねなしのブドウです。	이것은 씨 없는 포도입니다.
なぜなら	なぜなら	왜냐하면	부사	N3	なぜなら彼が招待したからです。	なぜならかれがしょうたいしたからです。	왜냐하면 그가 초대했기 때문입니다.
謎	なぞ	수수께끼	사물	N3	その謎を解く何か手がかりがありますか。	そのなぞをとくなにかてがかりがありますか。	그 수수께끼를 풀 뭔가 단서가 있습니까?
納得	なっとく	납득	사물	N3	彼女からの返事は納得できないものだった。	かのじょからのへんじはなっとくできないものだった。	그녀에게서 온 답장은 납득할 수 없는 것이었습니다.
鍋	なべ	냄비	사물	N3	私は大きな鍋でスープを作ります。	わたしはおおきななべでスープをつくります。	저는 큰 냄비로 수프를 만듭니다.
怠ける	なまける	게으르다	동사	N3	彼が失敗したのは怠けたせいだ。	かれがしっぱいしたのはなまけたせいだ。	그가 실패한 것은 게으름을 피운 탓입니다.
涙	なみだ	눈물	사람	N3	彼女の目は涙でいっぱいだった。	かのじょのめはなみだでいっぱいだった。	그녀의 눈은 눈물로 가득했습니다.
鳴らす	ならす	울리다	동사	N3	トムは指をパチンと鳴らした。	トムはゆびをパチンとならした。	톰은 손가락을 딱 하고 울렸습니다.
縄	なわ	밧줄	사물	N3	泥棒を捕まえて縄をなう。	どろぼうをつかまえてなわをなう。	도둑을 잡고 나서 밧줄을 꼽니다.
何で	なんで	무엇으로	부사	N3	それらは何でできていますか。	それらはなんでできていますか。	그것들은 무엇으로 되어 있습니까?
何でも	なんでも	무엇이든	부사	N3	私は彼のためなら何でもします。	わたしはかれのためならなんでもします。	저는 그를 위해서라면 무엇이든 하겠습니다.
何とか	なんとか	그럭저럭	부사	N3	私は薄給で何とか暮らしています。	わたしははっきゅうでなんとかくらしています。	저는 박봉으로 그럭저럭 살고 있습니다.
似合う	にあう	어울리다	동사	N3	あのドレスは彼女によく似合う。	あのドレスはかのじょによくにあう。	저 드레스는 그녀에게 잘 어울립니다.
煮える	にえる	삶아지다	동사	N3	この野菜はなかなか煮えない。	このやさいはなかなかにえない。	이 채소는 좀처럼 삶아지지 않습니다.
苦手	にがて	서투름	형용사	N3	人前で歌うのは苦手です。	ひとまえでうたうのはにがてです。	남 앞에서 노래하는 것은 서툽니다.
握る	にぎる	쥐다	동사	N3	それは、手に汗握る試合だった。	それは、てにあせにぎるしあいだった。	그것은 손에 땀을 쥐는 시합이었습니다.
日常	にちじょう	일상	시간	N3	私たちは新聞で日常の出来事を知ります。	わたしたちはしんぶんでにちじょうのできごとをしります。	저희는 신문으로 일상의 사건을 압니다.
日光	にっこう	햇빛	자연	N3	日光へ行ったことがありますか。	にっこうへいったことがありますか。	닛코에 간 적이 있습니까?
にっこり	にっこり	방긋	부사	N3	ドラえもんがよくにっこり笑います。	どらえもんがよくにっこりわらいます。	도라에몽이 자주 방긋 웃습니다.
日本	にっぽん	일본	장소	N3	八月に私の彼女と一緒に日本へ行きます。	はちがつにわたしのかのじょといっしょににほんへいきます。	8월에 제 여자친구와 함께 일본에 갑니다.
入場	にゅうじょう	입장	사물	N3	三歳未満の子供は入場無料です。	さんさいみまんのこどもはにゅうじょうむりょうです。	세 살 미만 아이는 입장 무료입니다.
煮る	にる	삶다	동사	N3	トマトは生でも、煮ても、焼いてもおいしい食材です。	トマトはなまでも、にても、やいてもおいしいしょくざいです。	토마토는 생으로도 삶아도 구워도 맛있는 식재료입니다.
人気	にんき	인기	사물	N3	人気者は、大変だね。	にんきしゃは、たいへんだね。	인기인은 힘들겠네요.
人間	にんげん	인간	사람	N3	私たちは、人間です。	わたしたちは、にんげんです。	저희는 인간입니다.
抜く	ぬく	뽑다	동사	N3	神経を抜く必要があります。	しんけいをぬくひつようがあります。	신경을 뽑을 필요가 있습니다.
抜ける	ぬける	빠지다	동사	N3	森を抜ける小道があります。	もりをぬけるこみちがあります。	숲을 빠져나가는 오솔길이 있습니다.
布	ぬの	천	사물	N3	この布は値段の割に品質が良い。	このぬのはねだんのわりにひんしつがよい。	이 천은 값에 비해 품질이 좋습니다.
濡らす	ぬらす	적시다	동사	N3	彼はタオルを水で濡らした。	かれはタオルをみずでぬらした。	그는 수건을 물로 적셨습니다.
根	ね	뿌리	자연	N3	彼は、根は親切な男です。	かれは、ねはしんせつなおとこです。	그는 본바탕은 친절한 남자입니다.
値	ね	값	사물	N3	ラズベリーって、すごく値が張るんだよ。	ラズベリーって、すごくねがはるんだよ。	산딸기는 값이 아주 비싸요.
願い	ねがい	소원	사물	N3	願いは一つだけ。	ねがいはひとつだけ。	소원은 하나뿐입니다.
願う	ねがう	바라다	동사	N3	彼がすぐに良くなるように、心から願っています。	かれがすぐによくなるように、こころからねがっています。	그가 곧 좋아지기를 진심으로 바라고 있습니다.
鼠	ねずみ	쥐	자연	N3	うさぎは一般に鼠より大きいです。	うさぎはいっぱんにねずみよりおおきいです。	토끼는 일반적으로 쥐보다 큽니다.
熱帯	ねったい	열대	자연	N3	あの島は熱帯性気候です。	あのしまはねったいせいきこうです。	저 섬은 열대성 기후입니다.
熱中	ねっちゅう	열중	사물	N3	私は、現代絵画に熱中しています。	わたしは、げんだいかいがにねっちゅうしています。	저는 현대 회화에 열중하고 있습니다.
年間	ねんかん	연간	시간	N3	彼は東京に一年間ずっといます。	かれはとうきょうにいちねんかんずっといます。	그는 도쿄에 1년간 계속 있습니다.
年中	ねんじゅう	연중	시간	N3	その店は年中無休です。	そのみせはねんじゅうむきゅうです。	그 가게는 연중무휴입니다.
年代	ねんだい	연대	시간	N3	私は年代物の切手を持っている。	わたしはねんだいぶつのきってをもっている。	저는 오래된 우표를 갖고 있습니다.
年齢	ねんれい	연령	사람	N3	自分の年齢がわからない。	じぶんのねんれいがわからない。	자기 나이를 모릅니다.
野	の	들	자연	N3	ここに野の花がたくさんある。	ここにののはながたくさんある。	여기에 들꽃이 많이 있습니다.
能	のう	능력	사물	N3	能天気なやつめ。	のうてんきなやつめ。	철없는 녀석 같으니.
農家	のうか	농가	사람	N3	彼は農家から卵と牛乳を買った。	かれはのうかからたまごとぎゅうにゅうをかった。	그는 농가에서 달걀과 우유를 샀습니다.
農業	のうぎょう	농업	사물	N3	海外向け食品の輸出は農業関連産業の柱の一つです。	かいがいむけしょくひんのゆしゅつはのうぎょうかんれんさんぎょうのはしらのひとつです。	해외용 식품 수출은 농업 관련 산업의 기둥 중 하나입니다.
農民	のうみん	농민	사람	N3	農民はしばしば収入を補うために副業をします。	のうみんはしばしばしゅうにゅうをおぎなうためにふくぎょうをします。	농민은 자주 수입을 보충하기 위해 부업을 합니다.
能力	のうりょく	능력	사물	N3	あなたも能力試験に失敗しますか。	あなたものうりょくしけんにしっぱいしますか。	당신도 능력시험에 실패합니까?
ノー	ノー	노	인사	N3	イエスかノーかはっきりしろ。	イエスかノーかはっきりしろ。	예스냐 노냐 분명히 하세요.
残す	のこす	남기다	동사	N3	一つだけ残して全部のクレジットカードを止めた。	ひとつだけのこしてぜんぶのクレジットカードをとめた。	하나만 남기고 모든 신용카드를 정지했습니다.
残り	のこり	나머지	사물	N3	残りの夏休みは働くつもりです。	のこりのなつやすみははたらくつもりです。	남은 여름방학은 일할 생각입니다.
乗せる	のせる	태우다	동사	N3	駅まであなたの車に乗せてって下さいますか。	えきまであなたのくるまにのせてってくださいますか。	역까지 당신 차에 태워 주시겠습니까?
載せる	のせる	싣다	동사	N3	彼の演説の要約が新聞に載せられた。	かれのえんぜつのようやくがしんぶんにのせられた。	그의 연설 요약이 신문에 실렸습니다.
覗く	のぞく	엿보다	동사	N3	雲間から太陽が覗いています。	くもまからたいようがのぞいています。	구름 사이로 태양이 엿보고 있습니다.
除く	のぞく	제외하다	동사	N3	月曜日を除いて毎日開いています。	げつようびをのぞいてまいにちひらいています。	월요일을 제외하고 매일 열려 있습니다.
望み	のぞみ	바람	사물	N3	お目にかかれることを望みます。	おめにかかれることをのぞみます。	뵙게 되기를 바랍니다.
望む	のぞむ	바라다	동사	N3	君が早く回復することを望みます。	きみがはやくかいふくすることをのぞみます。	당신이 빨리 회복하기를 바랍니다.
ノック	ノック	노크	사물	N3	トイレに入る時はノックしてね。	トイレにはいるときはノックしてね。	화장실에 들어갈 때는 노크해 줘.
伸ばす	のばす	늘리다	동사	N3	委員会の目的は子供の音楽の才能を伸ばすことにあります。	いいんかいのもくてきはこどものおんがくのさいのうをのばすことにあります。	위원회의 목적은 아이의 음악 재능을 키우는 데 있습니다.
延ばす	のばす	미루다	동사	N3	ひどい雨のために私たちは出発を延ばさねばならなかった。	ひどいあめのためにわたしたちはしゅっぱつをのばさねばならなかった。	심한 비 때문에 저희는 출발을 미뤄야 했습니다.
伸びる	のびる	늘다	동사	N3	最近、売り上げが伸びています。	さいきん、うりあげがのびています。	요즘 매출이 늘고 있습니다.
延びる	のびる	뻗다	동사	N3	道路はここから北へ延びている。	どうろはここからきたへのびている。	도로는 여기서 북쪽으로 뻗어 있습니다.
述べる	のべる	말하다	동사	N3	これについてまず感じたことを述べます。	これについてまずかんじたことをのべます。	이에 대해 우선 느낀 것을 말하겠습니다.
上る	のぼる	오르다	동사	N3	その階段を上ってはいけません。	そのかいだんをのぼってはいけません。	그 계단을 올라서는 안 됩니다.
昇る	のぼる	떠오르다	동사	N3	天にも昇るような気持ちです。	てんにものぼるようなきもちです。	하늘에라도 오를 듯한 기분입니다.
載る	のる	실리다	동사	N3	この辞書に載っている単語は、全て重要です。	このじしょにのっているたんごは、すべてじゅうようです。	이 사전에 실려 있는 단어는 모두 중요합니다.
のんびり	のんびり	느긋하게	부사	N3	日曜日はのんびりしています。	にちようびはのんびりしています。	일요일은 느긋하게 지내고 있습니다.
場	ば	장	장소	N3	トムは場を和ませようとした。	トムはばをなごませようとした。	톰은 분위기를 풀려고 했습니다.
パーセント	パーセント	퍼센트	사물	N3	この組織は百パーセント寄付に頼っている。	このそしきはひゃくパーセントきふにたよっている。	이 조직은 100퍼센트 기부에 의존하고 있습니다.
灰	はい	재	사물	N3	その古い家は焼けて灰になった。	そのふるいいえはやけてはいになった。	그 오래된 집은 타서 재가 되었습니다.
バイオリン	バイオリン	바이올린	사물	N3	彼女はバイオリンが大変上手です。	かのじょはバイオリンがたいへんじょうずです。	그녀는 바이올린을 아주 잘합니다.
ハイキング	ハイキング	하이킹	사물	N3	天気のよい日にはよくハイキングに行ったものです。	てんきのよいひにはよくハイキングにいったものです。	날씨가 좋은 날에는 자주 하이킹을 가곤 했습니다.
配達	はいたつ	배달	사물	N3	これを配達してもらえますか。	これをはいたつしてもらえますか。	이것을 배달해 주시겠습니까?
パイプ	パイプ	파이프	사물	N3	パイプ屋は通りの向こう側です。	パイプやはとおりのむこうがわです。	파이프 가게는 길 건너편입니다.
俳優	はいゆう	배우	사람	N3	彼らは俳優です。	かれらははいゆうです。	그들은 배우입니다.
パイロット	パイロット	파일럿	사람	N3	彼らはパイロットです。	かれらはパイロットです。	그들은 파일럿입니다.
生える	はえる	나다	동사	N3	この店の店長はひげが生えています。	このみせのてんちょうはひげがはえています。	이 가게 점장은 수염이 나 있습니다.
墓	はか	무덤	장소	N3	お墓には供花が供えられていた。	おはかにはきょうかがそなえられていた。	무덤에는 헌화가 바쳐져 있었습니다.
馬鹿	ばか	바보	사람	N3	私を馬鹿だと思っているのですか。	わたしをばかだとおもっているのですか。	저를 바보라고 생각하십니까?
博士	はかせ	박사	사람	N3	ホワイト博士につないで下さい。	ホワイトはかせにつないでください。	화이트 박사에게 연결해 주세요.
計る	はかる	꾀하다	동사	N3	事を計るは人、事を成すは神。	ことをはかるはひと、ことをなすはかみ。	일을 꾀하는 것은 사람, 일을 이루는 것은 하늘.
量る	はかる	달다	동사	N3	この重さを量ってもらえませんか。	このおもさをはかってもらえませんか。	이 무게를 달아 주시겠습니까?
測る	はかる	재다	동사	N3	それでは、体温を測りますね。	それでは、たいおんをはかりますね。	그럼 체온을 재겠습니다.
掃く	はく	쓸다	동사	N3	お前は床を掃きさえすればよい。	おまえはゆかをはきさえすればよい。	당신은 바닥을 쓸기만 하면 됩니다.
吐く	はく	토하다	동사	N3	ひどく気分が悪い。吐きそうだ。	ひどくきぶんがわるい。はきそうだ。	몹시 속이 안 좋습니다. 토할 것 같습니다.
拍手	はくしゅ	박수	사물	N3	拍手をお願いします。	はくしゅをおねがいします。	박수를 부탁합니다.
莫大	ばくだい	막대함	형용사	N3	ジョンは莫大な財産を相続した。	ジョンはばくだいなざいさんをそうぞくした。	존은 막대한 재산을 상속했습니다.
爆発	ばくはつ	폭발	사물	N3	その爆発の原因は何ですか。	そのばくはつのげんいんはなんですか。	그 폭발의 원인은 무엇입니까?
博物館	はくぶつかん	박물관	장소	N3	この道をでたら博物館にでます。	このみちをでたらはくぶつかんにでます。	이 길로 나가면 박물관이 나옵니다.
はさみ	はさみ	가위	사물	N3	はさみを貸してくださいますか。	はさみをかしてくださいますか。	가위를 빌려주시겠습니까?
破産	はさん	파산	사물	N3	会社が破産しました。	かいしゃがはさんしました。	회사가 파산했습니다.
端	はし	끝	장소	N3	その部屋はホールの端にあります。	そのへやはホールのはじにあります。	그 방은 홀 끝에 있습니다.
始まり	はじまり	시작	시간	N3	学校は四月十日から始まります。	がっこうはしがつとおかからはじまります。	학교는 4월 10일부터 시작됩니다.
パス	パス	패스	사물	N3	お前、検査にパスしないかも。	おまえ、けんさにパスしないかも。	너, 검사에 통과 못 할지도 몰라.
外す	はずす	풀다	동사	N3	田中は今、席を外しております。	たなかはいま、せきをはずしております。	다나카는 지금 자리를 비웠습니다.
パスポート	パスポート	여권	사물	N3	これが私のパスポートです。	これがわたしのパスポートです。	이것이 제 여권입니다.
外れる	はずれる	벗어나다	동사	N3	彼の説明は要点を外れています。	かれのせつめいはようてんをはずれています。	그의 설명은 요점을 벗어나 있습니다.
旗	はた	깃발	사물	N3	旗は国民のシンボルです。	はたはこくみんのシンボルです。	깃발은 국민의 상징입니다.
肌	はだ	피부	사람	N3	オリオンの女性は肌が緑色です。	オリオンのじょせいははだがりょくしょくです。	오리온의 여성은 피부가 녹색입니다.
裸	はだか	알몸	사람	N3	赤ちゃんが裸で寝ています。	あかちゃんがはだかでねています。	아기가 알몸으로 자고 있습니다.
畑	はたけ	밭	자연	N3	私は芸術畑で働いています。	わたしはげいじゅつはたけではたらいています。	저는 예술 분야에서 일하고 있습니다.
働き	はたらき	일함	사물	N3	働き続けなさい。	はたらきつづけなさい。	계속 일하세요.
バッグ	バッグ	가방	사물	N3	レジ袋はたたんでバッグに入れておきます。	レジぶくろはたたんでバッグにいれておきます。	비닐봉투는 접어서 가방에 넣어 둡니다.
発見	はっけん	발견	사물	N3	最近変わった海洋生物が発見された。	さいきんかわったかいようせいぶつがはっけんされた。	최근 특이한 해양 생물이 발견되었습니다.
発行	はっこう	발행	사물	N3	これは今日発行の朝日新聞ですか。	これはきょうはっこうのあさひしんぶんですか。	이것은 오늘 발행된 아사히신문입니까?
発車	はっしゃ	발차	사물	N3	発車ホームはどちらですか。	はっしゃホームはどちらですか。	발차 승강장은 어느 쪽입니까?
発射	はっしゃ	발사	사물	N3	ロケットを発射しました。	ロケットをはっしゃしました。	로켓을 발사했습니다.
罰する	ばっする	벌하다	동사	N3	危険な運転は罰せられるべきだ。	きけんなうんてんはばっせられるべきだ。	위험한 운전은 벌해야 합니다.
発達	はったつ	발달	사물	N3	台風は発達しながら九州方面に向かっています。	たいふうははったつしながらきゅうしゅうほうめんにむかっています。	태풍은 발달하면서 규슈 방면으로 향하고 있습니다.
ばったり	ばったり	딱	부사	N3	彼は駅でばったり彼女に会った。	かれはえきでばったりかのじょにあった。	그는 역에서 딱 그녀를 만났습니다.
発展	はってん	발전	사물	N3	私達の関係が発展することを希望しています。	わたしたちのかんけいがはってんすることをきぼうしています。	저희 관계가 발전하기를 희망하고 있습니다.
発表	はっぴょう	발표	사물	N3	発表の時間は三十分でお願いします。	はっぴょうのじかんはさんじゅっぷんでおねがいします。	발표 시간은 30분으로 부탁합니다.
発明	はつめい	발명	사물	N3	電話を発明したのはだれですか。	でんわをはつめいしたのはだれですか。	전화를 발명한 것은 누구입니까?
話し合う	はなしあう	의논하다	동사	N3	会議では下記を話し合うつもりです。	かいぎではかきをはなしあうつもりです。	회의에서는 아래를 의논할 생각입니다.
離す	はなす	떼다	동사	N3	トムから目を離さない方がいいぞ。	トムからめをはなさないほうがいいぞ。	톰에게서 눈을 떼지 않는 게 좋아.
放す	はなす	놓아주다	동사	N3	その犬を放してはいけない。	そのいぬをはなしてはいけない。	그 개를 놓아주어서는 안 됩니다.
離れる	はなれる	떠나다	동사	N3	月曜日にボストンを離れます。	げつようびにボストンをはなれます。	월요일에 보스턴을 떠납니다.
羽	はね	날개	자연	N3	二羽のからすが空を飛んでいます。	にわのからすがそらをとんでいます。	까마귀 두 마리가 하늘을 날고 있습니다.
羽根	はね	깃털	자연	N3	この扇風機の羽根、折れてるよ。	このせんぷうきのはね、おれてるよ。	이 선풍기 날개, 부러졌어요.
幅	はば	폭	사물	N3	この川の幅はどのぐらいですか。	このかわのはばはどのぐらいですか。	이 강의 폭은 어느 정도입니까?
母親	ははおや	어머니	사람	N3	大声で泣きながら、女の子は母親を探していた。	おおごえでなきながら、おんなのこはははおやをさがしていた。	큰 소리로 울면서 여자아이는 어머니를 찾고 있었습니다.
省く	はぶく	덜다	동사	N3	これは主婦の手間を省く便利な器具です。	これはしゅふのてまをはぶくべんりなきぐです。	이것은 주부의 품을 덜어주는 편리한 기구입니다.
場面	ばめん	장면	사물	N3	特にこの場面が好きですねえ。	とくにこのばめんがすきですねえ。	특히 이 장면이 좋네요.
流行る	はやる	유행하다	동사	N3	今インフルエンザが流行ってます。	こんインフルエンザがはやってます。	지금 독감이 유행하고 있습니다.
腹	はら	배	사람	N3	こういうわけで彼は君に腹を立てたのです。	こういうわけでかれはきみにはらをたてたのです。	이런 이유로 그는 당신에게 화를 낸 것입니다.
原	はら	들판	자연	N3	最高裁は原判決をくつがえしました。	さいこうさいはげんはんけつをくつがえしました。	대법원은 원심 판결을 뒤집었습니다.
バランス	バランス	균형	사물	N3	トムはバランスを取り戻した。	トムはバランスをとりもどした。	톰은 균형을 되찾았습니다.
範囲	はんい	범위	사물	N3	それは人知の範囲を超えている。	それはじんちのはんいをこえている。	그것은 사람 지혜의 범위를 넘어섭니다.
反抗	はんこう	반항	사물	N3	なぜ彼女はあなたに反抗したのですか。	なぜかのじょはあなたにはんこうしたのですか。	왜 그녀는 당신에게 반항했습니까?
犯罪	はんざい	범죄	사물	N3	警察が犯罪を調べています。	けいさつがはんざいをしらべています。	경찰이 범죄를 조사하고 있습니다.
ハンサム	ハンサム	잘생김	형용사	N3	私はハンサムだと思いますか。	わたしはハンサムだとおもいますか。	제가 잘생겼다고 생각하십니까?
反省	はんせい	반성	사물	N3	キリスト教にとって、復活祭は反省のための時間です。	キリストきょうにとって、ふっかつさいははんせいのためのじかんです。	기독교에서 부활절은 반성을 위한 시간입니다.
判断	はんだん	판단	사물	N3	あなたの判断にお任せします。	あなたのはんだんにおまかせします。	당신의 판단에 맡기겠습니다.
犯人	はんにん	범인	사람	N3	犯人は現在も逃亡中です。	はんにんはげんざいもとうぼうちゅうです。	범인은 현재도 도주 중입니다.
販売	はんばい	판매	사물	N3	日本に販売代理店をお持ちですか。	にほんにはんばいだいりてんをおもちですか。	일본에 판매 대리점을 갖고 계십니까?
灯	ひ	등불	사물	N3	出かける時は必ず灯かりを消してくれ。	でかけるときはかならずあかりかりをけしてくれ。	나갈 때는 반드시 불을 꺼 줘.
ビール	ビール	맥주	음식	N3	ワインかビールを買います。	ワインかビールをかいます。	와인이나 맥주를 삽니다.
被害	ひがい	피해	사물	N3	彼らはいわゆる戦争の被害者だ。	かれらはいわゆるせんそうのひがいしゃだ。	그들은 이른바 전쟁의 피해자입니다.
比較	ひかく	비교	사물	N3	あれとこれとを比較するとどちらがいいですか。	あれとこれとをひかくするとどちらがいいですか。	저것과 이것을 비교하면 어느 쪽이 좋습니까?
ピクニック	ピクニック	소풍	사물	N3	私たちはピクニックが大好きです。	わたしたちはピクニックがだいすきです。	저희는 소풍을 아주 좋아합니다.
悲劇	ひげき	비극	사물	N3	私は悲劇より喜劇の方が好きです。	わたしはひげきよりきげきのほうがすきです。	저는 비극보다 희극 쪽을 좋아합니다.
飛行	ひこう	비행	사물	N3	ボストンまで飛行時間はどれぐらいかかりますか。	ボストンまでひこうじかんはどれぐらいかかりますか。	보스턴까지 비행시간은 어느 정도 걸립니까?
膝	ひざ	무릎	사람	N3	膝痛めたから、今日練習に行かないよ。	ひざいためたから、きょうれんしゅうにいかないよ。	무릎을 다쳐서 오늘 연습에 안 갑니다.
非常	ひじょう	비상	사물	N3	あのヘビは非常に危険なんです。	あのヘビはひじょうにきけんなんです。	저 뱀은 매우 위험합니다.
美人	びじん	미인	사람	N3	彼女はとても美人です。	かのじょはとてもびじんです。	그녀는 아주 미인입니다.
日付	ひづけ	날짜	시간	N3	その手紙の日付はいつですか。	そのてがみのひづけはいつですか。	그 편지의 날짜는 언제입니까?
引越し	ひっこし	이사	사물	N3	小さな家に引越し、はや九ヶ月が過ぎさりました。	ちいさないえにひっこし、はやきゅうかげつがすぎさりました。	작은 집으로 이사하고 벌써 9개월이 지났습니다.
必死	ひっし	필사적	형용사	N3	トムは必死に笑いをこらえていた。	トムはひっしにわらいをこらえていた。	톰은 필사적으로 웃음을 참고 있었습니다.
ぴったり	ぴったり	딱	부사	N3	このドレスは私にぴったりです。	このドレスはわたしにぴったりです。	이 드레스는 저에게 딱 맞습니다.
引っ張る	ひっぱる	당기다	동사	N3	彼女は私のシャツを引っ張った。	かのじょはわたしのシャツをひっぱった。	그녀는 제 셔츠를 당겼습니다.
否定	ひてい	부정	사물	N3	君はそこに行ったことを否定するのですか。	きみはそこにいったことをひていするのですか。	당신은 거기에 간 것을 부정합니까?
ビデオ	ビデオ	비디오	사물	N3	ビデオゲームをやっています。	ビデオゲームをやっています。	비디오 게임을 하고 있습니다.
一言	ひとこと	한마디	사물	N3	何か一言お願いします。	なにかいちげんおねがいします。	뭔가 한마디 부탁합니다.
人込み	ひとごみ	인파	사물	N3	私は人込みを押し分けて進んだ。	わたしはひとごみをおしわけてすすんだ。	저는 인파를 헤치고 나아갔습니다.
等しい	ひとしい	같다	형용사	N3	どれも等しく重要です。	どれもひとしくじゅうようです。	모두 똑같이 중요합니다.
独り	ひとり	홀로	사물	N3	その老人は独りで暮らしていた。	そのろうじんはひとりでくらしていた。	그 노인은 혼자서 살고 있었습니다.
批判	ひはん	비판	사물	N3	他人の仕事を批判するのは簡単だ。	たにんのしごとをひはんするのはかんたんだ。	남의 일을 비판하는 것은 간단합니다.
批評	ひひょう	비평	사물	N3	彼は地元紙の本の批評家です。	かれはじもとしのほんのひひょうかです。	그는 지역 신문의 책 비평가입니다.
秘密	ひみつ	비밀	사물	N3	それは秘密です。	それはひみつです。	그것은 비밀입니다.
微妙	びみょう	미묘함	형용사	N3	どちらに転ぶか、微妙なところです。	どちらにころぶか、びみょうなところです。	어느 쪽으로 굴러갈지 미묘한 부분입니다.
紐	ひも	끈	사물	N3	彼は衣服を紐で束ねた。	かれはいふくをひもでたばねた。	그는 옷을 끈으로 묶었습니다.
冷やす	ひやす	식히다	동사	N3	リンゴは冷やすと甘みが増します。	リンゴはひやすとあまみがまします。	사과는 차게 하면 단맛이 늘어납니다.
費用	ひよう	비용	사물	N3	ジョージは旅行にかかる費用を計算した。	ジョージはりょこうにかかるひようをけいさんした。	조지는 여행에 드는 비용을 계산했습니다.
秒	びょう	초	시간	N3	一秒は一分の六十分の一です。	いちびょうはいっぷんのろくじゅうぶんのいちです。	1초는 1분의 60분의 1입니다.
評価	ひょうか	평가	사물	N3	彼女は歌手として高く評価されていますか。	かのじょはかしゅとしてたかくひょうかされていますか。	그녀는 가수로서 높이 평가받고 있습니까?
表現	ひょうげん	표현	사물	N3	その美しさは言葉では表現できない。	そのうつくしさはことばではひょうげんできない。	그 아름다움은 말로는 표현할 수 없습니다.
表情	ひょうじょう	표정	사람	N3	上司の表情は険しかった。	じょうしのひょうじょうはけわしかった。	상사의 표정은 험했습니다.
評判	ひょうばん	평판	사물	N3	あなたは大金持ちと評判です。	あなたはおおがねもちとひょうばんです。	당신은 큰 부자라고 평판이 나 있습니다.
広がる	ひろがる	퍼지다	동사	N3	そのにおいは学校中に広がった。	そのにおいはがっこうちゅうにひろがった。	그 냄새는 학교 안에 퍼졌습니다.
広げる	ひろげる	넓히다	동사	N3	テレビは私たちの知識を広げてくれます。	テレビはわたしたちのちしきをひろげてくれます。	텔레비전은 저희 지식을 넓혀 줍니다.
広める	ひろめる	퍼뜨리다	동사	N3	私たちは、この言葉を広める必要があります。	わたしたちは、このことばをひろめるひつようがあります。	저희는 이 말을 퍼뜨릴 필요가 있습니다.
瓶	びん	병	사물	N3	あなたはその瓶を持っていますか。	あなたはそのびんをもっていますか。	당신은 그 병을 갖고 있습니까?
便	びん	편	사물	N3	次の便に乗ることができますか。	つぎのびんにのることができますか。	다음 편을 탈 수 있습니까?
ピン	ピン	핀	사물	N3	おっしゃる意味がピンときません。	おっしゃるいみがピンときません。	말씀하시는 뜻이 잘 와닿지 않습니다.
不	ふ	불	사물	N3	不良品ではないかと思います。	ふりょうひんではないかとおもいます。	불량품이 아닐까 생각합니다.
不安	ふあん	불안	사물	N3	社会的不安を取り除くことが大切です。	しゃかいてきふあんをとりのぞくことがたいせつです。	사회적 불안을 없애는 것이 중요합니다.
風景	ふうけい	풍경	자연	N3	日本の農村風景は大きく変わったといわれています。	にほんののうそんふうけいはおおきくかわったといわれています。	일본의 농촌 풍경은 크게 바뀌었다고 합니다.
夫婦	ふうふ	부부	사람	N3	トムとメアリーはまだ夫婦です。	トムとメアリーはまだふうふです。	톰과 메리는 아직 부부입니다.
笛	ふえ	피리	사물	N3	笛が鳴るとレースが始まります。	ふえがなるとレースがはじまります。	호루라기가 울리면 레이스가 시작됩니다.
不可	ふか	불가	사물	N3	結果は可もなく不可もなしと言ったところです。	けっかはかもなくふかもなしといったところです。	결과는 가도 불가도 아니라고 할 수 있습니다.
深まる	ふかまる	깊어지다	동사	N3	学んだことを人に説明すると理解が深まる。	まなんだことをひとにせつめいするとりかいがふかまる。	배운 것을 남에게 설명하면 이해가 깊어집니다.
武器	ぶき	무기	사물	N3	それは武器です。	それはぶきです。	그것은 무기입니다.
拭く	ふく	닦다	동사	N3	ぬれた髪の毛をタオルで拭いた。	ぬれたかみのけをタオルでふいた。	젖은 머리카락을 수건으로 닦았습니다.
服装	ふくそう	복장	사물	N3	彼女はさっぱりした服装をしている。	かのじょはさっぱりしたふくそうをしている。	그녀는 산뜻한 복장을 하고 있습니다.
含める	ふくめる	포함시키다	동사	N3	チケットは買った日を含め、二日間のみ有効です。	チケットはかったひをふくめ、ふつかかんのみゆうこうです。	티켓은 산 날을 포함해 이틀간만 유효합니다.
袋	ふくろ	봉투	사물	N3	レジ袋はたたんでバッグに入れておきます。	レジぶくろはたたんでバッグにいれておきます。	비닐봉투는 접어서 가방에 넣어 둡니다.
不幸	ふこう	불행	사물	N3	彼女は会う人すべてに自分の不幸な身の上話をする。	かのじょはあうひとすべてにじぶんのふこうなみのうえばなしをする。	그녀는 만나는 사람 모두에게 자신의 불행한 신세 이야기를 합니다.
節	ふし	마디	사물	N3	今日は、中秋節です。	きょうは、ちゅうしゅうぶしです。	오늘은 중추절입니다.
無事	ぶじ	무사	사물	N3	ご無事で帰られることを祈ります。	ごぶじでかえられることをいのります。	무사히 돌아오시기를 빕니다.
不思議	ふしぎ	이상함	형용사	N3	ケンがわれわれに同意しないのは不思議です。	ケンがわれわれにどういしないのはふしぎです。	켄이 저희에게 동의하지 않는 것은 이상합니다.
不自由	ふじゆう	부자유	사물	N3	なんの不自由もなく使えてます。	なんのふじゆうもなくつかえてます。	아무 불편 없이 쓰고 있습니다.
夫人	ふじん	부인	사람	N3	スミス夫人は年配の女性です。	スミスふじんはねんぱいのじょせいです。	스미스 부인은 나이 든 여성입니다.
婦人	ふじん	부인	사람	N3	こちらが昨日お話ししたご婦人です。	こちらがきのうおはなししたごふじんです。	이쪽이 어제 말씀드린 부인입니다.
不正	ふせい	부정	사물	N3	ときどき不正出血があります。	ときどきふせいしゅっけつがあります。	가끔 부정 출혈이 있습니다.
防ぐ	ふせぐ	막다	동사	N3	予防運転は事故を防ぎます。	よぼううんてんはじこをふせぎます。	예방 운전은 사고를 막습니다.
不足	ふそく	부족	사물	N3	その件については勉強不足です。	そのけんについてはべんきょうふそくです。	그 건에 대해서는 공부가 부족합니다.
舞台	ぶたい	무대	장소	N3	舞台には有名な音楽家がいますか。	ぶたいにはゆうめいなおんがくかがいますか。	무대에는 유명한 음악가가 있습니까?
双子	ふたご	쌍둥이	사람	N3	トムとメアリーは双子です。	トムとメアリーはふたごです。	톰과 메리는 쌍둥이입니다.
再び	ふたたび	다시	부사	N3	私のビジネスは再び回復しつつあります。	わたしのビジネスはふたたびかいふくしつつあります。	제 사업은 다시 회복되고 있습니다.
不通	ふつう	불통	사물	N3	交通が全く不通になっている。	こうつうがまったくふつうになっている。	교통이 완전히 불통이 되어 있습니다.
物価	ぶっか	물가	사물	N3	めちゃくちゃ物価が高い国です。	めちゃくちゃぶっかがたかいくにです。	엄청나게 물가가 비싼 나라입니다.
ぶつかる	ぶつかる	부딪치다	동사	N3	木にぶつかったんです。	きにぶつかったんです。	나무에 부딪쳤습니다.
ぶつける	ぶつける	부딪히다	동사	N3	ビリさんは顔を窓によくぶつける。	ビリさんはかおをまどによくぶつける。	빌리 씨는 얼굴을 창문에 자주 부딪칩니다.
物質	ぶっしつ	물질	사물	N3	これらの物質の混合は危険です。	これらのぶっしつのこんごうはきけんです。	이 물질들의 혼합은 위험합니다.
物理	ぶつり	물리	사물	N3	物理は私が一番好きな教科です。	ぶつりはわたしがいちばんすきなきょうかです。	물리는 제가 가장 좋아하는 과목입니다.
筆	ふで	붓	사물	N3	彼女に一筆書いてみたらどうですか。	かのじょにいちぴつかいてみたらどうですか。	그녀에게 한 줄 써 보면 어떻습니까?
ふと	ふと	문득	부사	N3	彼は良い考えがふと思い付いた。	かれはよいかんがえがふとおもいついた。	그는 좋은 생각이 문득 떠올랐습니다.
部分	ぶぶん	부분	사물	N3	日本の家屋は大部分が木造です。	にほんのかおくはだいぶぶんがもくぞうです。	일본의 가옥은 대부분이 목조입니다.
不平	ふへい	불평	사물	N3	彼女は不平ばかり言っています。	かのじょはふへいばかりいっています。	그녀는 불평만 말하고 있습니다.
不満	ふまん	불만	사물	N3	これについてはとても不満です。	これについてはとてもふまんです。	이에 대해서는 아주 불만입니다.
増やす	ふやす	늘리다	동사	N3	体力を増やすように努めなさい。	たいりょくをふやすようにつとめなさい。	체력을 늘리도록 힘쓰세요.
プラス	プラス	플러스	사물	N3	これからはプラス思考でがんばって行こうと思います。	これからはプラスしこうでがんばっていこうとおもいます。	앞으로는 긍정적 사고로 힘내 가려고 생각합니다.
プラスチック	プラスチック	플라스틱	사물	N3	これらの箱はプラスチック製です。	これらのはこはプラスチックせいです。	이 상자들은 플라스틱 제품입니다.
プラン	プラン	플랜	사물	N3	びっくりしちゃうプランがあるんです。	びっくりしちゃうプランがあるんです。	깜짝 놀랄 플랜이 있습니다.
不利	ふり	불리함	형용사	N3	この条件は私に不利です。	このじょうけんはわたしにふりです。	이 조건은 저에게 불리합니다.
振る	ふる	흔들다	동사	N3	彼女は箱を振るのが好きです。	かのじょははこをふるのがすきです。	그녀는 상자를 흔드는 것을 좋아합니다.
震える	ふるえる	떨리다	동사	N3	手が震えることがあるんです。	てがふるえることがあるんです。	손이 떨릴 때가 있습니다.
ブレーキ	ブレーキ	브레이크	사물	N3	彼は急にブレーキに足をかけた。	かれはきゅうにブレーキにあしをかけた。	그는 갑자기 브레이크에 발을 올렸습니다.
触れる	ふれる	닿다	동사	N3	あの電線に触れると感電するよ。	あのでんせんにふれるとかんでんするよ。	저 전선에 닿으면 감전돼요.
プロ	プロ	프로	사람	N3	トムはプロ野球選手です。	トムはプロやきゅうせんしゅです。	톰은 프로 야구 선수입니다.
文	ぶん	문장	사물	N3	私たちは完全な文を求めています。	わたしたちはかんぜんなぶんをもとめています。	저희는 완전한 문장을 원합니다.
雰囲気	ふんいき	분위기	사물	N3	ゆるい雰囲気の作品が好きです。	ゆるいふんいきのさくひんがすきです。	편안한 분위기의 작품을 좋아합니다.
分析	ぶんせき	분석	사물	N3	私はあなたの分析に全く賛成です。	わたしはあなたのぶんせきにまったくさんせいです。	저는 당신의 분석에 전적으로 찬성입니다.
文明	ぶんめい	문명	사물	N3	われわれは文明社会に生きている。	われわれはぶんめいしゃかいにいきている。	저희는 문명사회에 살고 있습니다.
分野	ぶんや	분야	사물	N3	私の専門の研究分野は社会学です。	わたしのせんもんのけんきゅうぶんやはしゃかいがくです。	제 전문 연구 분야는 사회학입니다.
塀	へい	담	사물	N3	二人のこどもが塀に座っています。	ふたりのこどもがへいにすわっています。	두 아이가 담에 앉아 있습니다.
平均	へいきん	평균	사물	N3	選手達の平均身長はどのくらいですか。	せんしゅたちのへいきんしんちょうはどのくらいですか。	선수들의 평균 신장은 어느 정도입니까?
平和	へいわ	평화	사물	N3	世界平和を常に祈っている。	せかいへいわをつねにいのっている。	세계 평화를 늘 빌고 있습니다.
別に	べつに	따로	부사	N3	別にサービス料を申し受けます。	べつにサービスりょうをもうしうけます。	따로 서비스 요금을 받습니다.
減らす	へらす	줄이다	동사	N3	体重を減らさなくてはいけないのでダイエット中です。	たいじゅうをへらさなくてはいけないのでダイエットちゅうです。	체중을 줄여야 해서 다이어트 중입니다.
ベルト	ベルト	벨트	사물	N3	革のベルトを買いたいんです。	かわのベルトをかいたいんです。	가죽 벨트를 사고 싶습니다.
変化	へんか	변화	사물	N3	社会が変化している。	しゃかいがへんかしている。	사회가 변화하고 있습니다.
ペンキ	ペンキ	페인트	사물	N3	その壁は明日トムがペンキを塗ってくれます。	そのかべはあしたトムがペンキをぬってくれます。	그 벽은 내일 톰이 페인트를 칠해 줍니다.
変更	へんこう	변경	사물	N3	この切符の出発日を変更できますか。	このきっぷのしゅっぱつびをへんこうできますか。	이 표의 출발일을 변경할 수 있습니까?
ベンチ	ベンチ	벤치	사물	N3	彼はまだベンチに座っている。	かれはまだベンチにすわっている。	그는 아직 벤치에 앉아 있습니다.
法	ほう	법	사물	N3	これが彼の英語学習法です。	これがかれのえいごがくしゅうほうです。	이것이 그의 영어 학습법입니다.
棒	ぼう	막대	사물	N3	私はあなたのために一生を棒にふるのはいやです。	わたしはあなたのためにいっしょうをぼうにふるのはいやです。	저는 당신을 위해 일생을 헛되이 하는 것은 싫습니다.
冒険	ぼうけん	모험	사물	N3	彼は冒険が好きです。	かれはぼうけんがすきです。	그는 모험을 좋아합니다.
方向	ほうこう	방향	사물	N3	公園はどちらの方向にありますか。	こうえんはどちらのほうこうにありますか。	공원은 어느 방향에 있습니까?
報告	ほうこく	보고	사물	N3	彼の報告はある程度信じられます。	かれのほうこくはあるていどしんじられます。	그의 보고는 어느 정도 믿을 수 있습니다.
宝石	ほうせき	보석	사물	N3	これはなんと言う宝石ですか。	これはなんというほうせきですか。	이것은 뭐라고 하는 보석입니까?
包装	ほうそう	포장	사물	N3	美しい包装紙に包んでもらえますか。	うつくしいほうそうしにつつんでもらえますか。	아름다운 포장지에 싸 주시겠습니까?
豊富	ほうふ	풍부함	형용사	N3	ミカンは、ビタミンが豊富です。	ミカンは、ビタミンがほうふです。	귤은 비타민이 풍부합니다.
方法	ほうほう	방법	사물	N3	それが私が英語を学んだ方法です。	それがわたしがえいごをまなんだほうほうです。	그것이 제가 영어를 배운 방법입니다.
訪問	ほうもん	방문	사물	N3	なぜ、英国を訪問するのですか。	なぜ、えいこくをほうもんするのですか。	왜 영국을 방문합니까?
吠える	ほえる	짖다	동사	N3	それは彼女に吠えますか。	それはかのじょにほえますか。	그것은 그녀에게 짖습니까?
ボーイ	ボーイ	보이	사람	N3	ボーイとは、男の子のことです。	ボーイとは、おとこのこのことです。	보이란 남자아이를 말합니다.
ボート	ボート	보트	사물	N3	私はボートが欲しい。	わたしはボートがほしい。	저는 보트를 갖고 싶습니다.
ホーム	ホーム	홈	장소	N3	トムとメアリーは、スマートホームに住んでいます。	トムとメアリーは、スマートホームにすんでいます。	톰과 메리는 스마트홈에 살고 있습니다.
ボール	ボール	공	사물	N3	ここにボールがいくつかあります。	ここにボールがいくつかあります。	여기에 공이 몇 개 있습니다.
誇り	ほこり	자부심	사물	N3	全員が仕事に誇りを持っています。	ぜんいんがしごとにほこりをもっています。	전원이 일에 자부심을 갖고 있습니다.
埃	ほこり	먼지	사물	N3	このあたり、やけに埃っぽいな。	このあたり、やけにほこりっぽいな。	이 근처, 유난히 먼지가 많네.
保証	ほしょう	보증	사물	N3	この時計は、一年間の保証付です。	このとけいは、いちねんかんのほしょうづけです。	이 시계는 1년간 보증이 붙어 있습니다.
保存	ほぞん	보존	사물	N3	この冷凍食品はどのくらい保存できますか。	このれいとうしょくひんはどのくらいほぞんできますか。	이 냉동식품은 어느 정도 보존할 수 있습니까?
歩道	ほどう	보도	장소	N3	その横断歩道を渡った先が公園です。	そのおうだんほどうをわたったさきがこうえんです。	그 횡단보도를 건넌 곳이 공원입니다.
仏	ほとけ	부처	사람	N3	倒れていた老人は、実は仏様だったのです。	たおれていたろうじんは、じつはふつさまだったのです。	쓰러져 있던 노인은 사실 부처님이었습니다.
骨	ほね	뼈	사람	N3	骨がくっつけば、ギプスは取られます。	ほねがくっつけば、ギプスはとられます。	뼈가 붙으면 깁스는 벗깁니다.
炎	ほのお	불꽃	자연	N3	アトピー性皮膚炎で悩んでいます。	アトピーせいひふえんでなやんでいます。	아토피성 피부염으로 고민하고 있습니다.
頬	ほほ	볼	사람	N3	トムはメアリーの頬をつついた。	トムはメアリーのほおをつついた。	톰은 메리의 볼을 콕 찔렀습니다.
ほぼ	ほぼ	거의	부사	N3	ほぼ毎日フランス語を使います。	ほぼまいにちふらんすごをつかいます。	거의 매일 프랑스어를 씁니다.
微笑む	ほほえむ	미소짓다	동사	N3	どうか私に微笑みかけておくれ。	どうかわたしにほほえみかけておくれ。	부디 저에게 미소 지어 주세요.
本物	ほんもの	진품	사물	N3	このダイヤは本物ですか。	このダイヤはほんものですか。	이 다이아몬드는 진품입니까?
ぼんやり	ぼんやり	멍하니	부사	N3	彼はぼんやりした表情をしていた。	かれはぼんやりしたひょうじょうをしていた。	그는 멍한 표정을 하고 있었습니다.
まあ	まあ	그럭저럭	부사	N3	私は体力がまあまああります。	わたしはたいりょくがまあまああります。	저는 체력이 그럭저럭 있습니다.
マーケット	マーケット	마켓	장소	N3	フリーマーケットをやっている場所がありますか。	フリーマーケットをやっているばしょがありますか。	벼룩시장을 하는 장소가 있습니까?
マイク	マイク	마이크	사물	N3	マイクさんいらっしゃいますか。	マイクさんいらっしゃいますか。	마이크 씨 계십니까?
迷子	まいご	미아	사람	N3	トムって、よく迷子になるよね。	トムって、よくまいごになるよね。	톰은 자주 길을 잃네요.
マイナス	マイナス	마이너스	사물	N3	経済はマイナス成長を記録した。	けいざいはマイナスせいちょうをきろくした。	경제는 마이너스 성장을 기록했습니다.
巻く	まく	감다	동사	N3	時計のネジを巻くのを忘れたので、止まってしまったんです。	とけいのネジをまくのをわすれたので、とまってしまったんです。	시계 태엽을 감는 것을 잊어서 멈춰 버렸습니다.
蒔く	まく	뿌리다	동사	N3	農夫が畑に種を蒔いている。	のうふがはたけにたねをまいている。	농부가 밭에 씨를 뿌리고 있습니다.
撒く	まく	뿌리다	동사	N3	農業家が小麦の種を畑に撒いた。	のうぎょうかがこむぎのたねをはたけにまいた。	농부가 밀 씨를 밭에 뿌렸습니다.
幕	まく	막	사물	N3	その物語は彼の死で幕を閉じる。	そのものがたりはかれのしでまくをとじる。	그 이야기는 그의 죽음으로 막을 내립니다.
負け	まけ	패배	사물	N3	私は勝っても負けても満足です。	わたしはかってもまけてもまんぞくです。	저는 이기든 지든 만족합니다.
孫	まご	손자	사람	N3	孫は医者を目指しています。	まごはいしゃをめざしています。	손자는 의사를 목표로 하고 있습니다.
まさか	まさか	설마	부사	N3	まさかそんなことまで言う気はない。	まさかそんなことまでいうきはない。	설마 그런 것까지 말할 생각은 없습니다.
まさに	まさに	바로	부사	N3	まさにこれが欲しかったんです。	まさにこれがほしかったんです。	바로 이것을 원했습니다.
混ざる	まざる	섞이다	동사	N3	油と水は混ざらないんだ。	あぶらとみずはまざらないんだ。	기름과 물은 섞이지 않습니다.
混じる	まじる	섞이다	동사	N3	喜びは悲しみと混じり合った。	よろこびはかなしみとまじりあった。	기쁨은 슬픔과 섞였습니다.
交じる	まじる	섞이다	동사	N3	父の髪に白髪が交じるようになった。	ちちのかみにはくはつがまじるようになった。	아버지 머리에 흰머리가 섞이게 되었습니다.
増す	ます	늘다	동사	N3	日ごとに寒さが増しております。	にちごとにさむさがましております。	날마다 추위가 더해지고 있습니다.
マスター	マスター	마스터	사물	N3	英語を短期間にマスターすることは不可能です。	えいごをたんきかんにマスターすることはふかのうです。	영어를 단기간에 마스터하는 것은 불가능합니다.
混ぜる	まぜる	섞다	동사	N3	油と水を混ぜる事は出来ない。	あぶらとみずをまぜることはできない。	기름과 물을 섞는 것은 불가능합니다.
街	まち	거리	장소	N3	この街が好きなんだ。	このまちがすきなんだ。	이 거리를 좋아합니다.
間違い	まちがい	실수	사물	N3	よくある間違いだから気にしないで。	よくあるまちがいだからきにしないで。	흔한 실수니까 신경 쓰지 마세요.
松	まつ	소나무	자연	N3	山道に松が並んでいます。	やまみちにまつがならんでいます。	산길에 소나무가 늘어서 있습니다.
真っ赤	まっか	새빨감	형용사	N3	トムがね、真っ赤になったんだ。	トムがね、まっかになったんだ。	톰이 새빨개졌어요.
全く	まったく	전혀	부사	N3	彼はわたしには全くの他人です。	かれはわたしにはまったくのたにんです。	그는 저에게는 완전한 타인입니다.
祭	まつり	축제	사물	N3	復活祭、おめでとうございます。	ふっかつさい、おめでとうございます。	부활절 축하합니다.
まとまる	まとまる	정리되다	동사	N3	よし、これで取引はまとまった。	よし、これでとりひきはまとまった。	좋아, 이걸로 거래는 성사됐습니다.
まとめる	まとめる	정리하다	동사	N3	まとめて洗濯していいですか。	まとめてせんたくしていいですか。	한꺼번에 세탁해도 됩니까?
学ぶ	まなぶ	배우다	동사	N3	漢字を学ぶのは難しいです。	かんじをまなぶのはむずかしいです。	한자를 배우는 것은 어렵습니다.
真似	まね	흉내	사물	N3	子どもは親よりも友達の真似をするのです。	こどもはおやよりもともだちのまねをするのです。	아이는 부모보다 친구를 흉내 냅니다.
招く	まねく	초대하다	동사	N3	彼は私を食事に招いてくれた。	かれはわたしをしょくじにまねいてくれた。	그는 저를 식사에 초대해 주었습니다.
まぶしい	まぶしい	눈부시다	형용사	N3	父はまぶしそうに母を見た。	ちちはまぶしそうにははをみた。	아버지는 눈부신 듯 어머니를 봤습니다.
柵	さく	울타리	사물	N3	二人の子供たちが柵の上に座っています。	ふたりのこどもたちがしがらみのうえにすわっています。	두 아이가 울타리 위에 앉아 있습니다.
裂ける	さける	찢어지다	동사	N3	めじりが裂けるほど目を見張る。	めじりがさけるほどめをみはる。	눈꼬리가 찢어질 만큼 눈을 크게 떴습니다.
裁く	さばく	재판하다	동사	N3	御子を信じるものは裁かれない。	みこをしんじるものはさばかれない。	아들을 믿는 자는 심판받지 않습니다.
酸化	さんか	산화	사물	N3	抗酸化物質を含む食べ物を食べることは健康に良いです。	こうさんかぶっしつをふくむたべものをたべることはけんこうによいです。	항산화 물질을 포함한 음식을 먹는 것은 건강에 좋습니다.
死	し	죽음	사물	N3	生と死は自然の一部です。	なまとしはしぜんのいちぶです。	삶과 죽음은 자연의 일부입니다.
資格	しかく	자격	사물	N3	トムは宅建の資格を持っている。	トムはたくけんのしかくをもっている。	톰은 공인중개사 자격을 갖고 있습니다.
視覚	しかく	시각	사물	N3	その舞台は観客の視覚に訴えるものである。	そのぶたいはかんきゃくのしかくにうったえるものである。	그 무대는 관객의 시각에 호소하는 것입니다.
指揮	しき	지휘	사물	N3	トムは世界的に有名な指揮者です。	トムはせかいてきにゆうめいなしきしゃです。	톰은 세계적으로 유명한 지휘자입니다.
磁気	じき	자기	사물	N3	その機械装置は、磁気の力で動く。	そのきかいそうちは、じきのちからでうごく。	그 기계 장치는 자기의 힘으로 움직입니다.
自己	じこ	자기	사람	N3	彼女に自己紹介する機会がなかった。	かのじょにじこしょうかいするきかいがなかった。	그녀에게 자기소개할 기회가 없었습니다.
辞退	じたい	사양	사물	N3	お心付けはご辞退いたします。	おこころづけはごじたいいたします。	팁은 사양하겠습니다.
視点	してん	시점	사물	N3	全体を見渡す視点が大事。	ぜんたいをみわたすしてんがだいじ。	전체를 내려다보는 시점이 중요합니다.
脂肪	しぼう	지방	사물	N3	トムは、低脂肪・高タンパク質ダイエットをしています。	トムは、ていしぼう・こうたんぱくしつダイエットをしています。	톰은 저지방 고단백 식단을 하고 있습니다.
志望	しぼう	지망	사물	N3	本学を志望する理由は何ですか。	ほんがくをしぼうするりゆうはなんですか。	본교를 지망하는 이유는 무엇입니까?
修飾	しゅうしょく	수식	사물	N3	名詞を修飾するものは、形容詞または形容詞相当語句です。	めいしをしゅうしょくするものは、けいようしまたはけいようしそうとうごくです。	명사를 수식하는 것은 형용사 또는 형용사 상당 어구입니다.
私用	しよう	개인용	사물	N3	私用の新しい傘を買おっと。	しようのあたらしいかさをかおっと。	개인용 새 우산을 사야지.
仕様	しよう	사양	사물	N3	この時計は防水仕様です。	このとけいはぼうすいしようです。	이 시계는 방수 사양입니다.
情	じょう	정	사물	N3	情にほだされて思わず涙を流した。	じょうにほだされておもわずなみだをながした。	정에 이끌려 나도 모르게 눈물을 흘렸습니다.
生涯	しょうがい	생애	시간	N3	夫婦は生涯助け合うべきです。	ふうふはしょうがいたすけあうべきです。	부부는 평생 서로 도와야 합니다.
正体	しょうたい	정체	사물	N3	彼らは彼の正体を警察にばらした。	かれらはかれのしょうたいをけいさつにばらした。	그들은 그의 정체를 경찰에 알렸습니다.
照明	しょうめい	조명	사물	N3	彼は十一時に全ての照明を消した。	かれはじゅういちじにすべてのしょうめいをけした。	그는 11시에 모든 조명을 껐습니다.
女史	じょし	여사	사람	N3	コブ女史が帰ってくる日が待ち遠しいよ。ほんとに。	コブじょしがかえってくるひがまちどおしいよ。ほんとに。	코브 여사가 돌아오는 날이 기다려집니다. 정말로.
ショック	ショック	충격	사물	N3	彼がショックから立ち直るのに数週間かかった。	かれがショックからたちなおるのにかずしゅうかんかかった。	그가 충격에서 회복하는 데 몇 주 걸렸습니다.
進行	しんこう	진행	사물	N3	その作業は現在進行中です。	そのさぎょうはげんざいしんこうちゅうです。	그 작업은 현재 진행 중입니다.
新興	しんこう	신흥	사물	N3	大本教は日本の新興宗教の一つに数えられる。	おおもときょうはにほんのしんこうしゅうきょうのひとつにかぞえられる。	오모토교는 일본의 신흥 종교 중 하나로 꼽힙니다.
振興	しんこう	진흥	사물	N3	政府は工業の振興計画を開始した。	せいふはこうぎょうのしんこうけいかくをかいしした。	정부는 공업 진흥 계획을 시작했습니다.
申告	しんこく	신고	사물	N3	申告する物はありますか。	しんこくするものはありますか。	신고할 물건은 있습니까?
真理	しんり	진리	사물	N3	真理愛さんは世界的に有名な芸術家です。	しんりあいさんはせかいてきにゆうめいなげいじゅつかです。	마리아 씨는 세계적으로 유명한 예술가입니다.
水洗	すいせん	수세	사물	N3	今はほとんどのトイレが水洗ですよ。	いまはほとんどのトイレがすいせんですよ。	지금은 대부분의 화장실이 수세식입니다.
ストレス	ストレス	스트레스	사물	N3	最近、ストレスを感じます。	さいきん、ストレスをかんじます。	요즘 스트레스를 느낍니다.
擦る	する	문지르다	동사	N3	傷口を擦らないでください。	きずぐちをこすらないでください。	상처를 문지르지 마세요.
精巧	せいこう	정교함	형용사	N3	その機械は精巧に出来ているので、すぐ壊れる。	そのきかいはせいこうにできているので、すぐこわれる。	그 기계는 정교하게 만들어져 있어서 금방 고장 납니다.
精算	せいさん	정산	사물	N3	彼は精算をしてホテルを出た。	かれはせいさんをしてホテルをでた。	그는 정산을 하고 호텔을 나섰습니다.
成年	せいねん	성년	시간	N3	彼はいつ成年に達したのですか。	かれはいつせいねんにたっしたのですか。	그는 언제 성년이 되었습니까?
声明	せいめい	성명	사물	N3	それはとても強い声明です。	それはとてもつよいせいめいです。	그것은 아주 강한 성명입니다.
姓名	せいめい	성명	사물	N3	あなたの姓名を教えてください。	あなたのせいめいをおしえてください。	당신의 성명을 알려 주세요.
生理	せいり	생리	사물	N3	生理は規則正しくあります。	せいりはきそくただしくあります。	생리는 규칙적으로 있습니다.
膳	ぜん	밥상	사물	N3	でも、お箸、一膳しかないの。どうしよう・・・。	でも、おはし、いちぜんしかないの。どうしよう・・・。	그런데 젓가락, 한 벌밖에 없어. 어떡하지.
禅	ぜん	선	사물	N3	禅は私たちの心を鍛練するといわれる。	ぜんはわたしたちのこころをたんれんするといわれる。	선은 저희 마음을 단련한다고 합니다.
選挙	せんきょ	선거	사물	N3	彼が選挙に勝つ見込みはありますか。	かれがせんきょにかつみこみはありますか。	그가 선거에 이길 가망은 있습니까?
先行	せんこう	선행	사물	N3	稲光は雷の音に先行する。	いなびかりはかみなりのおとにせんこうする。	번개는 천둥소리에 선행합니다.
選考	せんこう	전형	사물	N3	職員の選考に関する規則を次のように定める。	しょくいんのせんこうにかんするきそくをつぎのようにさだめる。	직원 전형에 관한 규칙을 다음과 같이 정합니다.
相	そう	모습	사물	N3	ライオンは餌を求めて相争った。	ライオンはえさをもとめてあいあらそった。	사자는 먹이를 두고 서로 다퉜습니다.
沿う	そう	따르다	동사	N3	ご希望に沿うように努力します。	ごきぼうにそうようにどりょくします。	희망에 부응하도록 노력하겠습니다.
添う	そう	곁들다	동사	N3	ご期待に添いかねます。	ごきたいにそいかねます。	기대에 부응하기 어렵습니다.
僧	そう	승려	사람	N3	その僧は子供たちの遊びに参加した。	そのそうはこどもたちのあそびにさんかした。	그 승려는 아이들의 놀이에 참가했습니다.
像	ぞう	상	사물	N3	この像は大理石でできています。	このぞうはだいりせきでできています。	이 상은 대리석으로 되어 있습니다.
捜査	そうさ	수사	사물	N3	容疑者は捜査官にうそを言った。	ようぎしゃはそうさかんにうそをいった。	용의자는 수사관에게 거짓말을 했습니다.
操縦	そうじゅう	조종	사물	N3	実際に飛行機を操縦したのですか。	じっさいにひこうきをそうじゅうしたのですか。	실제로 비행기를 조종했습니까?
創造	そうぞう	창조	사물	N3	神は天と地を創造した。	かみはてんとちをそうぞうした。	신은 하늘과 땅을 창조했습니다.
隊	たい	대	사람	N3	兄はレスキュー隊のメンバーだ。	あにはレスキューたいのメンバーだ。	형은 구조대 멤버입니다.
退学	たいがく	퇴학	사물	N3	トムは校則を破って退学になった。	トムはこうそくをやぶってたいがくになった。	톰은 교칙을 어겨 퇴학당했습니다.
タイトル	タイトル	타이틀	사물	N3	その本のタイトルは何ですか。	そのほんのタイトルはなんですか。	그 책의 타이틀은 무엇입니까?
ダウン	ダウン	다운	사물	N3	ダウンタウンにたくさんのホテルがあります。	ダウンタウンにたくさんのホテルがあります。	다운타운에 많은 호텔이 있습니다.
高まる	たかまる	높아지다	동사	N3	社会不安の兆候が高まりつつある。	しゃかいふあんのちょうこうがたかまりつつある。	사회 불안의 징후가 높아지고 있습니다.
断つ	たつ	끊다	동사	N3	あなたの喫煙習慣を断つ努力をすべきです。	あなたのきつえんしゅうかんをたつどりょくをすべきです。	당신의 흡연 습관을 끊는 노력을 해야 합니다.
盾	たて	방패	사물	N3	盾の両面を見よ。	たてのりょうめんをみよ。	방패의 양면을 보세요.
例え	たとえ	예	사물	N3	人生はしばしば旅に例えられる。	じんせいはしばしばたびにたとえられる。	인생은 자주 여행에 비유됩니다.
チャイム	チャイム	차임	사물	N3	トムさんはチャイムを押しました。	トムさんはチャイムをおしました。	톰 씨는 초인종을 눌렀습니다.
挑戦	ちょうせん	도전	사물	N3	もう一回挑戦してみたいです。	もういっかいちょうせんしてみたいです。	한 번 더 도전해 보고 싶습니다.
治療	ちりょう	치료	사물	N3	どんな治療法を受けることになりますか。	どんなちりょうほうをうけることになりますか。	어떤 치료법을 받게 됩니까?
接ぐ	つぐ	접붙이다	동사	N3	枝が伸び、実が成ることを想定して接ぐ場所を選びましょう。	えだがのび、みがなることをそうていしてつぐばしょをえらびましょう。	가지가 자라고 열매가 열릴 것을 상정해 접붙일 곳을 고릅시다.
継ぐ	つぐ	잇다	동사	N3	お父さんが引退なさるときにはあの人が後を継ぐのです。	おとうさんがいんたいなさるときにはあのひとがごをつぐのです。	아버지가 은퇴하실 때는 그 사람이 뒤를 잇습니다.
摘む	つむ	따다	동사	N3	トムは花を摘んだ。	トムははなをつんだ。	톰은 꽃을 땄습니다.
露	つゆ	이슬	자연	N3	彼女は露語が話せます。	かのじょはろごがはなせます。	그녀는 러시아어를 할 수 있습니다.
強まる	つよまる	강해지다	동사	N3	夜になると歯の痛みがいっそう強まる。	よるになるとはのいたみがいっそうつよまる。	밤이 되면 이의 통증이 한층 강해집니다.
強める	つよめる	강화하다	동사	N3	活動家たちは反対運動を強めています。	かつどうかたちははんたいうんどうをつよめています。	활동가들은 반대 운동을 강화하고 있습니다.
データ	データ	데이터	사물	N3	このデータをアップデートしていただけますか。	このデータをアップデートしていただけますか。	이 데이터를 업데이트해 주시겠습니까?
デザイン	デザイン	디자인	사물	N3	ムダをそいだデザインが美しい。	ムダをそいだデザインがうつくしい。	군더더기를 덜어낸 디자인이 아름답습니다.
デザート	デザート	디저트	음식	N3	トムが私のデザート食べちゃったのよ。	トムがわたしのデザートたべちゃったのよ。	톰이 제 디저트를 먹어 버렸어요.
転校	てんこう	전학	사물	N3	転校したそうですね。	てんこうしたそうですね。	전학했다면서요.
伝言	でんごん	전언	사물	N3	ご伝言、うけたまわります。	ごでんごん、うけたまわります。	전언, 받겠습니다.
と	と	와	부사	N3	メアリーといいます。	メアリーといいます。	메리라고 합니다.
問う	とう	묻다	동사	N3	試合は晴雨を問わず行われます。	しあいはせいうをとわずおこなわれます。	시합은 맑든 비가 오든 열립니다.
棟	とう	동	사물	N3	トムは以前、私と同じ棟の同じ階に住んでました。	トムはいぜん、わたしとおなじむねのおなじかいにすんでました。	톰은 예전에 저와 같은 동 같은 층에 살았습니다.
倒産	とうさん	도산	사물	N3	今年は倒産が一割減少しています。	ことしはとうさんがいちわりげんしょうしています。	올해는 도산이 10퍼센트 감소하고 있습니다.
同士	どうし	끼리	사람	N3	私たち、いとこ同士なんです。	わたしたち、いとこどうしなんです。	저희는 사촌끼리입니다.
同志	どうし	동지	사람	N3	彼らは同志である。	かれらはどうしである。	그들은 동지입니다.
当然	とうぜん	당연	사물	N3	当然のことを言ったまでよ。	とうぜんのことをいったまでよ。	당연한 것을 말했을 뿐이에요.
動揺	どうよう	동요	사물	N3	彼女は今、動揺しています。	かのじょはいま、どうようしています。	그녀는 지금 동요하고 있습니다.
説く	とく	설명하다	동사	N3	彼は私達に健康の重要性を説いた。	かれはわたしたちにけんこうのじゅうようせいをといた。	그는 저희에게 건강의 중요성을 설명했습니다.
綴じる	とじる	철하다	동사	N3	紙を綴じるのにホチキスはとても便利です。	かみをとじるのにホチキスはとてもべんりです。	종이를 철하는 데 스테이플러는 아주 편리합니다.
供	とも	모심	사람	N3	最初に来た者が最初に食物を供される。	さいしょにきたものがさいしょにしょくもつをきょうされる。	처음 온 사람이 처음으로 음식을 대접받습니다.
並	なみ	보통	사물	N3	彼は学生並から言うと勤勉です。	かれはがくせいなみからいうときんべんです。	그는 학생 수준으로 말하면 근면합니다.
慣らす	ならす	길들이다	동사	N3	今肩慣らししているところです。	こんかたならししているところです。	지금 어깨를 풀고 있는 중입니다.
馴らす	ならす	길들이다	동사	N3	このライオンはよく飼い馴らされている。	このライオンはよくかいならされている。	이 사자는 잘 길들여져 있습니다.
難	なん	어려움	사물	N3	死んだフリして難をのがれたそうです。	しんだフリしてなんをのがれたそうです。	죽은 척해서 화를 면했다고 합니다.
年鑑	ねんかん	연감	사물	N3	この年鑑には美しい写真がたくさん載っている。	このねんかんにはうつくしいしゃしんがたくさんのっている。	이 연감에는 아름다운 사진이 많이 실려 있습니다.
脳	のう	뇌	사람	N3	私の脳の一部はかなり前から死んでいると思います。	わたしののうのいちぶはかなりまえからしんでいるとおもいます。	제 뇌의 일부는 꽤 전부터 죽어 있다고 생각합니다.
臨む	のぞむ	임하다	동사	N3	ファシズム勢力との総力戦に臨む。	ファシズムせいりょくとのそうりきせんにのぞむ。	파시즘 세력과의 총력전에 임합니다.
肺	はい	폐	사람	N3	深呼吸で肺に空気を入れます。	しんこきゅうではいにくうきをいれます。	심호흡으로 폐에 공기를 넣습니다.
映える	はえる	빛나다	동사	N3	夕空に映えて塔が美しく見える。	ゆうぞらにはえてとうがうつくしくみえる。	저녁 하늘에 비쳐 탑이 아름답게 보입니다.
図る	はかる	꾀하다	동사	N3	これからは経営の合理化を図りたいと思います。	これからはけいえいのごうりかをはかりたいとおもいます。	앞으로는 경영의 합리화를 꾀하고 싶습니다.
生やす	はやす	기르다	동사	N3	私は長いあごひげを生やしたあのドイツ人を知っています。	わたしはながいあごひげをはやしたあのドイツじんをしっています。	저는 긴 턱수염을 기른 저 독일인을 알고 있습니다.
班	はん	반	사람	N3	私の班はいつもにぎやかだ。	わたしのはんはいつもにぎやかだ。	제 반은 늘 활기찹니다.
判	はん	도장	사물	N3	この駐車券に判を押していただけますか。	このちゅうしゃけんにはんをおしていただけますか。	이 주차권에 도장을 찍어 주시겠습니까?
版	はん	판	사물	N3	この小説のフランス語版があります。	このしょうせつのふらんすごばんがあります。	이 소설의 프랑스어판이 있습니다.
碑	ひ	비석	사물	N3	これらは記念碑なのである。	これらはきねんひなのである。	이것들은 기념비입니다.
非行	ひこう	비행	사물	N3	青少年の非行が急速に増加している。	せいしょうねんのひこうがきゅうそくにぞうかしている。	청소년의 비행이 급속히 증가하고 있습니다.
票	ひょう	표	사물	N3	清き一票をお願いします。	きよきいちひょうをおねがいします。	깨끗한 한 표를 부탁합니다.
広まる	ひろまる	퍼지다	동사	N3	このサイトがもっと広まってほしいと思います。	このサイトがもっとひろまってほしいとおもいます。	이 사이트가 더 퍼졌으면 좋겠다고 생각합니다.
深める	ふかめる	깊게 하다	동사	N3	読書は知性を深めることができます。	どくしょはちせいをふかめることができます。	독서는 지성을 깊게 할 수 있습니다.
福	ふく	복	사물	N3	笑う門には福来る。	わらうもんにはふくくる。	웃는 문에 복이 옵니다.
振り	ふり	모양	사물	N3	市バスの混雑振りは大変なものです。	しばすのこんざつふりはたいへんなものです。	시내버스의 혼잡한 모양은 대단합니다.
経る	へる	거치다	동사	N3	年月を経て物事がどう変わっていくか見るのは面白そうだ。	としつきをへてものごとがどうかわっていくかみるのはおもしろそうだ。	세월을 거쳐 사물이 어떻게 변해 가는지 보는 것은 재미있을 것 같습니다.
保護	ほご	보호	사물	N3	このシステムには、保護回路が組み込まれています。	このシステムには、ほごかいろがくみこまれています。	이 시스템에는 보호 회로가 내장되어 있습니다.
保障	ほしょう	보장	사물	N3	彼女は自由を完全に保障された。	かのじょはじゆうをかんぜんにほしょうされた。	그녀는 자유를 완전히 보장받았습니다.
補償	ほしょう	보상	사물	N3	彼はお金でその事故の補償をした。	かれはおかねでそのじこのほしょうをした。	그는 돈으로 그 사고를 보상했습니다.
ほっと	ほっと	안심	부사	N3	あなたがご無事なのでほっとしています。	あなたがごぶじなのでほっとしています。	당신이 무사해서 마음이 놓입니다.
前もって	まえもって	미리	부사	N3	訪ねるときは前もって連絡します。	たずねるときはまえもってれんらくします。	찾아갈 때는 미리 연락하겠습니다.
マスコミ	マスコミ	매스컴	사물	N3	マスコミが何もかも大げさに言いたてたのです。	マスコミがなにもかもおおげさにいいたてたのです。	매스컴이 무엇이든 과장해서 떠들어댄 것입니다.
股	また	사타구니	사람	N3	自転車の乗り過ぎで股が痛いです。	じてんしゃののりすぎでまたがいたいです。	자전거를 너무 타서 사타구니가 아픕니다.
マッサージ	マッサージ	마사지	사물	N3	そのマッサージは心地良かった。	そのマッサージはここちよかった。	그 마사지는 기분 좋았습니다.
見掛ける	みかける	눈에 띄다	동사	N3	前に彼女を見掛けたことがあるよ。	まえにかのじょをみかけたことがあるよ。	전에 그녀를 본 적이 있어요.
メッセージ	メッセージ	메시지	사물	N3	君に届けてほしいメッセージがあるんだ。	きみにとどけてほしいメッセージがあるんだ。	당신에게 전해 주었으면 하는 메시지가 있습니다.
野党	やとう	야당	사람	N3	与党は野党非難のキャンペーンを展開しています。	よとうはやとうひなんのキャンペーンをてんかいしています。	여당은 야당 비난 캠페인을 벌이고 있습니다.
優	ゆう	우수	사물	N3	新任の取締役として江崎優を紹介いたします。	しんにんのとりしまりやくとしてえざきゆうをしょうかいいたします。	신임 이사로 에자키 유를 소개하겠습니다.
有機	ゆうき	유기	사물	N3	有機キウイです。どうぞご自由にお採り下さい。	ゆうきキウイです。どうぞごじゆうにおとりください。	유기농 키위입니다. 자유롭게 따 가세요.
世	よ	세상	장소	N3	それが世の習いです。	それがよのならいです。	그것이 세상의 이치입니다.
予想	よそう	예상	사물	N3	あなたはどんな結果を予想していますか。	あなたはどんなけっかをよそうしていますか。	당신은 어떤 결과를 예상하고 있습니까?
弱まる	よわまる	약해지다	동사	N3	彼の体力は弱まりつつある。	かれのたいりょくはよわまりつつある。	그의 체력은 약해지고 있습니다.
弱める	よわめる	약화시키다	동사	N3	時は友情を深めるが、恋愛を弱める。	ときはゆうじょうをふかめるが、れんあいをよわめる。	시간은 우정을 깊게 하지만 연애를 약화시킵니다.
ラベル	ラベル	라벨	사물	N3	私はラベルを読みます。	わたしはラベルをよみます。	저는 라벨을 읽습니다.
ルール	ルール	룰	사물	N3	まず、基本的なルールを説明します。	まず、きほんてきなルールをせつめいします。	우선 기본적인 룰을 설명하겠습니다.
枠	わく	틀	사물	N3	トムは窓枠を黄色に塗りました。	トムはまどわくをきいろにぬりました。	톰은 창틀을 노랗게 칠했습니다.
表示	ひょうじ	표시	사물	N3	製造年月日はふたに表示されています。	せいぞうねんがっぴはふたにひょうじされています。	제조 연월일은 뚜껑에 표시되어 있습니다.
園	えん	원	장소	N2	ボストンに動物園がありますか。	ボストンにどうぶつえんがありますか。	보스턴에 동물원이 있습니까?
化	か	화	사물	N2	今週の話題は地球温暖化です。	こんしゅうのわだいはちきゅうおんだんかです。	이번 주 화제는 지구 온난화입니다.
科	か	과	사물	N2	今、耳鼻科にかかっています。	いま、じびかにかかっています。	지금 이비인후과에 다니고 있습니다.
画	が	그림	사물	N2	これは彼によってかかれた画です。	これはかれによってかかれたがです。	이것은 그가 그린 그림입니다.
難い	がたい	어렵다	형용사	N2	あなたが言う事は全く信じ難いです。	あなたがいうことはまったくしんじがたいです。	당신이 하는 말은 전혀 믿기 어렵습니다.
がち	がち	하기 쉬움	사물	N2	私たちは間違いをしがちです。	わたしたちはまちがいをしがちです。	저희는 실수를 하기 쉽습니다.
巻	かん	권	사물	N2	この本は二巻物です。	このほんはにかんものです。	이 책은 두 권짜리입니다.
館	かん	관	장소	N2	この近くに映画館はありますか。	このちかくにえいがかんはありますか。	이 근처에 영화관은 있습니까?
感	かん	느낌	사물	N2	結果は別にして満足感ならあります。	けっかはべつにしてまんぞくかんならあります。	결과는 차치하고 만족감이라면 있습니다.
期	き	기	시간	N2	ここは、私が幼少期を過ごした場所です。	ここは、わたしがようしょうきをすごしたばしょです。	여기는 제가 어린 시절을 보낸 곳입니다.
器	き	기기	사물	N2	室内干しの場合は、乾燥機や除湿器を利用すると効率的です。	しつないほしのばあいは、かんそうきやじょしめうつわをりようするとこうりつてきです。	실내 건조의 경우는 건조기나 제습기를 이용하면 효율적입니다.
機	き	기계	사물	N2	掃除機を貸してもらえますか。	そうじきをかしてもらえますか。	청소기를 빌려주시겠습니까?
教	きょう	교	사물	N2	キリスト教にとって、復活祭は反省のための時間です。	キリストきょうにとって、ふっかつさいははんせいのためのじかんです。	기독교에서 부활절은 반성을 위한 시간입니다.
行	ぎょう	행	사물	N2	行と行の間をもっと空けなさい。	くだりとくだりのまをもっとあけなさい。	행과 행 사이를 더 띄우세요.
業	ぎょう	업	사물	N2	主人の仕事は、建築業で、作業服を着て、出勤します。	しゅじんのしごとは、けんちくぎょうで、さぎょうふくをきて、しゅっきんします。	남편의 일은 건축업이고 작업복을 입고 출근합니다.
きる	きる	다하다	동사	N2	彼の部屋はいつも整えがよくできっている。	かれのへやはいつもととのえがよくできっている。	그의 방은 늘 정돈이 잘되어 있습니다.
系	けい	계	사물	N2	メアリーはカトリック系の高等学校へ行きました。	メアリーはカトリックけいのこうとうがっこうへいきました。	메리는 가톨릭계 고등학교에 갔습니다.
圏	けん	권	장소	N2	首都圏でも燃料が不足している。	しゅとけんでもねんりょうがふそくしている。	수도권에서도 연료가 부족합니다.
校	こう	교	장소	N2	ボブのお父さんは女子校で教えています。	ボブのおとうさんはじょしこうでおしえています。	밥의 아버지는 여학교에서 가르치고 있습니다.
号	ごう	호	사물	N2	その雑誌の最新号は来週月曜日にでます。	そのざっしのさいしんごうはらいしゅうげつようびにでます。	그 잡지의 최신호는 다음 주 월요일에 나옵니다.
毎	ごと	마다	부사	N2	毎日曜日に教会に行きます。	まいにちようびにきょうかいにいきます。	일요일마다 교회에 갑니다.
産	さん	산	사물	N2	このバナナはエクアドル産です。	このバナナはエクアドルさんです。	이 바나나는 에콰도르산입니다.
史	し	사	사물	N2	彼は、アメリカ史を勉強します。	かれは、アメリカしをべんきょうします。	그는 미국사를 공부합니다.
室	しつ	실	장소	N2	職員室と体育館は、改装中です。	しょくいんしつとたいいくかんは、かいそうちゅうです。	교무실과 체육관은 개보수 중입니다.
社	しゃ	사	사물	N2	新聞社に知られないようにあなたとお話がしたいのです。	しんぶんしゃにしられないようにあなたとおはなしがしたいのです。	신문사에 알려지지 않게 당신과 이야기하고 싶습니다.
集	しゅう	집	사물	N2	この問題集、解説があまりに不親切だなぁ。	このもんだいしゅう、かいせつがあまりにふしんせつだなぁ。	이 문제집, 해설이 너무 불친절하네요.
省	しょう	성	사물	N2	フランスンの文化省の仕事を探しています。	フランスンのぶんかしょうのしごとをさがしています。	프랑스 문화성의 일을 찾고 있습니다.
商	しょう	상	사물	N2	食料品商をやっている。	しょくりょうひんしょうをやっている。	식료품상을 하고 있습니다.
勝	しょう	승	사물	N2	勝君はこの色が好きではない。	かつくんはこのいろがすきではない。	마사루 군은 이 색을 좋아하지 않습니다.
条	じょう	조	사물	N2	雲間から一条の光が漏れてきた。	くもまからいちじょうのひかりがもれてきた。	구름 사이로 한 줄기 빛이 새어 나왔습니다.
済	ずみ	완료	사물	N2	謝れば済むということではありせん。そこはお間違えなく。	あやまればすみむということではありせん。そこはおまちがえなく。	사과하면 끝나는 게 아닙니다. 그 점은 착각하지 마세요.
船	せん	선	사물	N2	船で旅行するのがとても好きです。	ふねでりょこうするのがとてもすきです。	배로 여행하는 것을 아주 좋아합니다.
戦	せん	전	사물	N2	私達は決勝戦に進出した。	わたしたちはけっしょうせんにしんしゅつした。	저희는 결승전에 진출했습니다.
沿い	そい	따라	장소	N2	川沿いを歩くのが好きなんです。	かわぞいをあるくのがすきなんです。	강가를 걷는 것을 좋아합니다.
艘	そう	척	사물	N2	湖の上に幾艘かのボートがあった。	みずうみのうえにいくそうかのボートがあった。	호수 위에 몇 척의 보트가 있었습니다.
だらけ	だらけ	투성이	사물	N2	アフリカは野生動物だらけです。	アフリカはやせいどうぶつだらけです。	아프리카는 야생동물 천지입니다.
団	だん	단	사람	N2	私たちはラニアケア超銀河団の中にいます。	わたしたちはラニアケアちょうぎんがだんのなかにいます。	저희는 라니아케아 초은하단 안에 있습니다.
着	ちゃく	착	사물	N2	ブルーのコートを着ている女の子は私の娘です。	ブルーのコートをきているおんなのこはわたしのむすめです。	파란색 코트를 입고 있는 여자아이는 제 딸입니다.
長	ちょう	장	사람	N2	今日は昼と夜の長さが同じです。	きょうはひるとよるのながさがおなじです。	오늘은 낮과 밤의 길이가 같습니다.
帳	ちょう	장부	사물	N2	この会話帳はとても役に立ちます。	このかいわちょうはとてもやくにたちます。	이 회화 책은 아주 도움이 됩니다.
通	つう	통	사물	N2	君に数十通の手紙が来ています。	きみにすうじゅうつうのてがみがきています。	당신에게 수십 통의 편지가 와 있습니다.
遣い	づかい	씀	사물	N2	言葉遣いにはいつも気をつけるべきです。	ことばづかいにはいつもきをつけるべきです。	말씨에는 늘 조심해야 합니다.
付	つき	딸림	사물	N2	彼は大学の近くに食事付のよい下宿を見つけた。	かれはだいがくのちかくにしょくじづけのよいげしゅくをみつけた。	그는 대학 근처에 식사 딸린 좋은 하숙을 찾았습니다.
滴	てき	방울	사물	N2	濡れたタオルから滴が垂れている。	ぬれたタオルからしずくがたれている。	젖은 수건에서 물방울이 떨어지고 있습니다.
等	とう	등	사물	N2	ご質問等ございましたら、お声がけください。	ごしつもんとうございましたら、おこえがけください。	질문 등 있으시면 말씀해 주세요.
ところ	ところ	참	시간	N2	どこに行くところですか。	どこにいくところですか。	어디에 가는 참입니까?
年生	ねんせい	학년	사람	N2	私は高校一年生です。	わたしはこうこういちねんせいです。	저는 고등학교 1학년입니다.
泊	はく	박	시간	N2	今晩から三泊、予約をしてあります。	こんばんからさんはく、よやくをしてあります。	오늘 밤부터 3박, 예약을 해 두었습니다.
発	はつ	발	사물	N2	次の電車は何時発ですか。	つぎのでんしゃはなんじはつですか。	다음 전철은 몇 시 발입니까?
番目	ばんめ	번째	사물	N2	一月は年の一番目の月です。	いちがつはとしのいちばんめのつきです。	1월은 한 해의 첫 번째 달입니다.
費	ひ	비	사물	N2	宿泊費込みの値段ですか。	しゅくはくひこみのねだんですか。	숙박비 포함 가격입니까?
病	びょう	병	사물	N2	病は気からとはうまく言ったものですね。	やまいはきからとはうまくいったものですね。	병은 마음에서 온다는 말은 잘 만든 말이네요.
部	ぶ	부	사람	N2	音楽部に入ってるんだ。	おんがくぶにはいってるんだ。	음악부에 들어가 있습니다.
弁	べん	사투리	사물	N2	関西弁ってほんま分からへんわ。	かんさいべんってほんまわからへんわ。	간사이 사투리는 정말 모르겠네.
歩	ほ	걸음	사물	N2	私は一歩一歩目標を達成するつもりです。	わたしはいちほいちほもくひょうをたっせいするつもりです。	저는 한 걸음 한 걸음 목표를 달성할 생각입니다.
ぽい	ぽい	스러움	사물	N2	彼はぽっちゃりした子が好きです。	かれはぽっちゃりしたこがすきです。	그는 통통한 아이를 좋아합니다.
みたい	みたい	같음	사물	N2	それはリンゴみたいです。	それはリンゴみたいです。	그것은 사과 같습니다.
向け	むけ	대상	사물	N2	これは子供向けの楽しい番組です。	これはこどもむけのたのしいばんぐみです。	이것은 어린이 대상의 즐거운 프로그램입니다.
もち	もち	지속	사물	N2	この天気は明日までもちますか。	このてんきはあしたまでもちますか。	이 날씨는 내일까지 갑니까?
問	もん	문제	사물	N2	過去問がもしあるならば一応目を通すほうがいいと思います。	かこといがもしあるならばいちおうめをとおすほうがいいとおもいます。	기출 문제가 만약 있다면 일단 훑어보는 게 좋다고 생각합니다.
流	りゅう	류	사물	N2	それがまさに彼女流だ。	それがまさにかのじょりゅうだ。	그것이 바로 그녀 방식입니다.
料	りょう	료	사물	N2	このホテルの宿泊料はいくらですか。	このホテルのしゅくはくりょうはいくらですか。	이 호텔의 숙박료는 얼마입니까?
領	りょう	영	장소	N2	あの大名は十万石を領している。	あのだいみょうはじゅうまんせきをりょうしている。	저 다이묘는 10만 석을 영유하고 있습니다.
論	ろん	론	사물	N2	トムは進化論を信じていない。	トムはしんかろんをしんじていない。	톰은 진화론을 믿지 않습니다.
アイデア	アイデア	아이디어	사물	N2	彼のアイデアなんです。	かれのアイデアなんです。	그의 아이디어입니다.
あいまい	あいまい	애매함	형용사	N2	彼は私にあいまいな返事をした。	かれはわたしにあいまいなへんじをした。	그는 저에게 애매한 대답을 했습니다.
青白い	あおじろい	창백하다	형용사	N2	あの青白く光っている星がシリウスです。	あのあおじろくひかっているほしがシリウスです。	저 창백하게 빛나는 별이 시리우스입니다.
呆れる	あきれる	어이없다	동사	N2	お前の厚かましさには呆れるよ。	おまえのあつかましさにはあきれるよ。	당신의 뻔뻔함에는 어이가 없습니다.
アクセント	アクセント	악센트	사물	N2	この語のアクセントはどこにあるか。	このかたりのアクセントはどこにあるか。	이 말의 악센트는 어디에 있습니까?
あくび	あくび	하품	사물	N2	トムはあくびした。	トムはあくびした。	톰은 하품했습니다.
飽くまで	あくまで	끝까지	부사	N2	彼はそうなっても飽くまで落胆しなかった。	かれはそうなってもあくまでらくたんしなかった。	그는 그렇게 되어도 끝까지 낙담하지 않았습니다.
明け方	あけがた	새벽녘	시간	N2	明け方近くは、ぐっと冷え込む。	あけがたちかくは、ぐっとひえこむ。	새벽녘 가까이는 훅 추워집니다.
憧れる	あこがれる	동경하다	동사	N2	彼は都会の生活に憧れている。	かれはとかいのせいかつにあこがれている。	그는 도시 생활을 동경하고 있습니다.
朝寝坊	あさねぼう	늦잠	시간	N2	朝寝坊して、危うく遅刻するところだったよ。	あさねぼうして、あやうくちこくするところだったよ。	늦잠을 자서 하마터면 지각할 뻔했어요.
足跡	あしあと	발자국	사물	N2	行方不明の子供の足跡はありますか。	ゆくえふめいのこどものあしあとはありますか。	행방불명된 아이의 발자국은 있습니까?
足元	あしもと	발밑	장소	N2	寝不足で足元がふわふわしています。	ねぶそくであしもとがふわふわしています。	잠이 부족해서 발밑이 붕 뜬 느낌입니다.
味わう	あじわう	맛보다	동사	N2	こんなおいしいスープを味わったことがありますか。	こんなおいしいスープをあじわったことがありますか。	이렇게 맛있는 수프를 맛본 적이 있습니까?
厚かましい	あつかましい	뻔뻔하다	형용사	N2	厚かましくも私に出て行けと言った。	あつかましくもわたしにでていけといった。	뻔뻔하게도 저에게 나가라고 했습니다.
圧縮	あっしゅく	압축	사물	N2	その気体は圧縮されてボンベに詰め込まれた。	そのきたいはあっしゅくされてボンベにつめこまれた。	그 기체는 압축되어 실린더에 채워졌습니다.
宛名	あてな	수신인	사물	N2	これが私の会社の宛名です。	これがわたしのかいしゃのあてなです。	이것이 제 회사의 수신인 주소입니다.
当てはまる	あてはまる	들어맞다	동사	N2	それは今、特に当てはまります。	それはいま、とくにあてはまります。	그것은 지금 특히 들어맞습니다.
当てはめる	あてはめる	적용하다	동사	N2	この規則を全てのケースに当てはめることはできません。	このきそくをすべてのケースにあてはめることはできません。	이 규칙을 모든 경우에 적용할 수는 없습니다.
暴れる	あばれる	날뛰다	동사	N2	部屋の中で暴れまわってはいけない。	へやのなかであばれまわってはいけない。	방 안에서 날뛰어서는 안 됩니다.
あぶる	あぶる	굽다	동사	N2	魚を火であぶります。	さかなをひであぶります。	생선을 불에 굽습니다.
あふれる	あふれる	넘치다	동사	N2	彼女は善意にあふれています。	かのじょはぜんいにあふれています。	그녀는 선의로 넘칩니다.
雨戸	あまど	덧문	사물	N2	この雨戸もそろそろ取り替え時ね。	このあまどもそろそろとりかえじね。	이 덧문도 슬슬 교체할 때네.
甘やかす	あまやかす	응석받이로 키우다	동사	N2	問題はその子供が甘やかされすぎていたということだ。	もんだいはそのこどもがあまやかされすぎていたということだ。	문제는 그 아이가 너무 응석받이로 자랐다는 것입니다.
余る	あまる	남다	동사	N2	それは私の力に余る仕事です。	それはわたしのちからにあまるしごとです。	그것은 제 힘에 부치는 일입니다.
編み物	あみもの	뜨개질	사물	N2	良子は編み物にたいへん熱心です。	りょうこはあみものにたいへんねっしんです。	요시코는 뜨개질에 대단히 열심입니다.
編む	あむ	뜨다	동사	N2	彼女はボーイフレンドにセーターを編んでいます。	かのじょはボーイフレンドにセーターをあんでいます。	그녀는 남자친구에게 스웨터를 뜨고 있습니다.
危うい	あやうい	위태롭다	형용사	N2	朝寝坊して、危うく遅刻するところだったよ。	あさねぼうして、あやうくちこくするところだったよ。	늦잠을 자서 하마터면 지각할 뻔했어요.
怪しい	あやしい	수상하다	형용사	N2	トムが来るかは怪しいもんだぞ。	トムがくるかはあやしいもんだぞ。	톰이 올지는 수상합니다.
荒い	あらい	거칠다	형용사	N2	彼女は言葉使いが荒い。	かのじょはことばづかいがあらい。	그녀는 말씨가 거칩니다.
粗い	あらい	거칠다	형용사	N2	その物体の表面はかなり粗い。	そのぶったいのひょうめんはかなりあらい。	그 물체의 표면은 꽤 거칩니다.
改めて	あらためて	새삼	부사	N2	日を改めてご連絡します。	ひをあらためてごれんらくします。	날을 바꿔 연락드리겠습니다.
改める	あらためる	고치다	동사	N2	どうして考えを改めたのですか。	どうしてかんがえをあらためたのですか。	어째서 생각을 바꿨습니까?
あらわす	あらわす	나타내다	동사	N2	地図上の赤い線は鉄道をあらわしています。	ちずじょうのあかいせんはてつどうをあらわしています。	지도상의 빨간 선은 철도를 나타내고 있습니다.
有難い	ありがたい	고맙다	형용사	N2	小さな情報であってもお知らせいただけると有難く存じます。	ちいさなじょうほうであってもおしらせいただけるとありがたくぞんじます。	작은 정보라도 알려 주시면 고맙겠습니다.
あれこれ	あれこれ	이것저것	부사	N2	彼らはあれこれと話をしています。	かれらはあれこれとはなしをしています。	그들은 이것저것 이야기를 하고 있습니다.
荒れる	あれる	거칠어지다	동사	N2	村への道路はとても荒れています。	むらへのどうろはとてもあれています。	마을로 가는 도로는 아주 거칩니다.
慌ただしい	あわただしい	분주하다	형용사	N2	彼は慌ただしい毎日を送っています。	かれはあわただしいまいにちをおくっています。	그는 분주한 나날을 보내고 있습니다.
安易	あんい	안이함	형용사	N2	そんなに安易に妥協しないでください。	そんなにあんいにだきょうしないでください。	그렇게 안이하게 타협하지 마세요.
アンテナ	アンテナ	안테나	사물	N2	アンテナの調子でも悪いのかな。	アンテナのちょうしでもわるいのかな。	안테나 상태가 나쁜 걸까요.
言い出す	いいだす	말을 꺼내다	동사	N2	これはだれかの言い出したことかい。	これはだれかのいいだしたことかい。	이것은 누군가가 꺼낸 이야기입니까?
意義	いぎ	의의	사물	N2	彼は重大な意義のある決定を下した。	かれはじゅうだいないぎのあるけっていをくだした。	그는 중대한 의의가 있는 결정을 내렸습니다.
生き生き	いきいき	생생하게	부사	N2	雨で木の葉が生き生きして見える。	あめでこのはがいきいきしてみえる。	비로 나뭇잎이 생생해 보입니다.
育児	いくじ	육아	사물	N2	育児ノイローゼになっちゃいそう。	いくじノイローゼになっちゃいそう。	육아 노이로제에 걸릴 것 같습니다.
幾分	いくぶん	다소	부사	N2	私は幾分疲れを感じています。	わたしはいくぶんつかれをかんじています。	저는 다소 피로를 느끼고 있습니다.
生け花	いけばな	꽃꽂이	사물	N2	生け花は日本の文化です。	いけばなはにほんのぶんかです。	꽃꽂이는 일본의 문화입니다.
以後	いご	이후	시간	N2	それ以後彼女に会っていません。	それいごかのじょにあっていません。	그 이후 그녀를 만나지 않았습니다.
イコール	イコール	이퀄	사물	N2	彼らは宗教イコール教会に行くことだと考えている。	かれらはしゅうきょうイコールきょうかいにいくことだとかんがえている。	그들은 종교는 곧 교회에 가는 것이라고 생각합니다.
勇ましい	いさましい	용감하다	형용사	N2	彼女は勇ましかった。	かのじょはいさましかった。	그녀는 용감했습니다.
衣食住	いしょくじゅう	의식주	사물	N2	衣食住は生活の基本です。	いしょくじゅうはせいかつのきほんです。	의식주는 생활의 기본입니다.
いちいち	いちいち	일일이	부사	N2	いちいち指示するの止めてよ。	いちいちしじするのとめてよ。	일일이 지시하는 것 좀 그만해요.
一応	いちおう	일단	부사	N2	一応聞きますが、なにをするつもりですか。	いちおうききますが、なにをするつもりですか。	일단 묻겠는데 무엇을 할 생각입니까?
一段と	いちだんと	한층	부사	N2	あら、一段と可愛くなったわね。	あら、いちだんとかわいくなったわね。	어머, 한층 귀여워졌네.
一流	いちりゅう	일류	사물	N2	トムは一流大学に行っています。	トムはいちりゅうだいがくにいっています。	톰은 일류 대학에 다니고 있습니다.
一昨年	いっさくねん	재작년	시간	N2	私は一昨年この山に登りました。	わたしはおととしこのやまにのぼりました。	저는 재작년에 이 산에 올랐습니다.
一斉	いっせい	일제	사물	N2	お彼岸が近くなると、不思議と彼岸花が一斉に咲き始めます。	おひがんがちかくなると、ふしぎとひがんばながいっせいにさきはじめます。	피안이 가까워지면 신기하게 상사화가 일제히 피기 시작합니다.
一旦	いったん	일단	부사	N2	列車は一旦停車した。	れっしゃはいったんていしゃした。	열차는 일단 정차했습니다.
一定	いってい	일정	사물	N2	金利自由化の方向性を一定するのはむずかしいことです。	きんりじゆうかのほうこうせいをいっていするのはむずかしいことです。	금리 자유화의 방향성을 일정하게 하는 것은 어려운 일입니다.
移転	いてん	이전	사물	N2	新しいビルへの移転にわくわくしてます。	あたらしいビルへのいてんにわくわくしてます。	새 빌딩으로의 이전에 설레고 있습니다.
井戸	いど	우물	사물	N2	これは枯れ井戸です。	これはかれいどです。	이것은 마른 우물입니다.
威張る	いばる	뽐내다	동사	N2	彼女には威張った様子がある。	かのじょにはいばったようすがある。	그녀에게는 뽐내는 모습이 있습니다.
嫌がる	いやがる	싫어하다	동사	N2	トムは野菜を食べることを嫌がります。	トムはやさいをたべることをいやがります。	톰은 채소 먹는 것을 싫어합니다.
いよいよ	いよいよ	드디어	부사	N2	雪が降り始め、いよいよ本格的な冬の到来を感じた。	ゆきがふりはじめ、いよいよほんかくてきなふゆのとうらいをかんじた。	눈이 내리기 시작해 드디어 본격적인 겨울이 왔음을 느꼈습니다.
煎る	いる	볶다	동사	N2	深煎りの濃いコーヒーが好きなんだ。	ふかいりのこいコーヒーがすきなんだ。	깊게 볶은 진한 커피를 좋아합니다.
インキ	インキ	잉크	사물	N2	ペンとインキで書きなさい。	ペンとインキでかきなさい。	펜과 잉크로 쓰세요.
引力	いんりょく	인력	사물	N2	ニュートンは引力の法則を確立した。	ニュートンはいんりょくのほうそくをかくりつした。	뉴턴은 인력의 법칙을 확립했습니다.
ウール	ウール	울	사물	N2	私はウールのセーターを買った。	わたしはウールのセーターをかった。	저는 울 스웨터를 샀습니다.
ウエートレス	ウエートレス	웨이트리스	사람	N2	ウエートレスはテーブルの上に白いテーブルクロスをかけた。	ウエートレスはテーブルのうえにしろいテーブルクロスをかけた。	웨이트리스는 테이블 위에 흰 식탁보를 깔았습니다.
植木	うえき	정원수	자연	N2	母は植木の世話をよくする人だ。	はははうえきのせわをよくするひとだ。	어머니는 정원수를 잘 돌보는 사람입니다.
飢える	うえる	굶주리다	동사	N2	世界では多くの人が飢えている。	せかいではおおくのひとがうえている。	세계에서는 많은 사람이 굶주리고 있습니다.
浮ぶ	うかぶ	뜨다	동사	N2	間もなく、彼女の首だけが、波の上に浮んで見えました。	まもなく、かのじょのくびだけが、なみのうえにうかんでみえました。	이윽고 그녀의 머리만 파도 위에 떠 보였습니다.
浮かべる	うかべる	띄우다	동사	N2	トムは満足げに笑みを浮かべた。	トムはまんぞくげにえみをうかべた。	톰은 만족스러운 듯 미소를 지었습니다.
浮く	うく	뜨다	동사	N2	目下のところ、計画は未だ宙に浮いたままです。	もっかのところ、けいかくはいまだちゅうにういたままです。	현재로서는 계획은 아직 붕 뜬 채입니다.
承る	うけたまわる	받들다	동사	N2	わかりました。お申し出を承ります。	わかりました。おもうしでをうけたまわります。	알겠습니다. 말씀을 받들겠습니다.
受取	うけとり	수취	사물	N2	手荷物受取所で待っています。	てにもつうけとりしょでまっています。	수하물 수취소에서 기다리고 있습니다.
受け持つ	うけもつ	맡다	동사	N2	費用を受け持つ者に決定権がある。	ひようをうけもつものにけっていけんがある。	비용을 맡는 사람에게 결정권이 있습니다.
薄暗い	うすぐらい	어둑하다	형용사	N2	薄暗い光の中で彼の顔を見た。	うすぐらいひかりのなかでかれのかおをみた。	어둑한 빛 속에서 그의 얼굴을 봤습니다.
薄める	うすめる	묽게 하다	동사	N2	薄めの青のネクタイをされてました。	うすめのあおのネクタイをされてました。	연한 파랑 넥타이를 하고 계셨습니다.
打ち消す	うちけす	부정하다	동사	N2	彼はうわさを打ち消したわよ。	かれはうわさをうちけしたわよ。	그는 소문을 부정했어요.
うどん	うどん	우동	음식	N2	うどんをゆでるとよくふきこぼす。	うどんをゆでるとよくふきこぼす。	우동을 삶으면 자주 넘쳐 흐릅니다.
うなずく	うなずく	끄덕이다	동사	N2	祖父は私に向かってうなずいた。	そふはわたしにむかってうなずいた。	할아버지는 저를 향해 고개를 끄덕였습니다.
敬う	うやまう	공경하다	동사	N2	お年寄りは敬わなければならない。	おとしよりはうやまわなければならない。	어르신은 공경해야 합니다.
裏返す	うらがえす	뒤집다	동사	N2	弟はシャツを裏返しに着ていた。	おとうとはシャツをうらがえしにきていた。	남동생은 셔츠를 뒤집어 입고 있었습니다.
裏口	うらぐち	뒷문	장소	N2	トムは裏口を通って出て行った。	トムはうらぐちをとおってでていった。	톰은 뒷문을 통해 나갔습니다.
占う	うらなう	점치다	동사	N2	私は運勢を占ってもらった。	わたしはうんせいをうらなってもらった。	저는 운세를 점쳐 봤습니다.
恨み	うらみ	원한	사물	N2	彼は父の死の恨みを晴らした。	かれはちちのしのうらみをはらした。	그는 아버지의 죽음에 대한 원한을 풀었습니다.
恨む	うらむ	원망하다	동사	N2	彼は君を恨んでいるよ。	かれはきみをうらんでいるよ。	그는 당신을 원망하고 있어요.
羨む	うらやむ	부러워하다	동사	N2	その不器用な男は彼女の非凡な才能を羨んだ。	そのぶきようなおとこはかのじょのひぼんなさいのうをうらやんだ。	그 서투른 남자는 그녀의 비범한 재능을 부러워했습니다.
売上	うりあげ	매출	사물	N2	売上が右肩上がりで好調を裏づけた。	うりあげがみぎかたあがりでこうちょうをうらづけた。	매출이 우상향으로 호조를 뒷받침했습니다.
売り上げ	うりあげ	매상	사물	N2	売り上げが減少しています。	うりあげがげんしょうしています。	매상이 감소하고 있습니다.
売り切れ	うりきれ	매진	사물	N2	切符はすべて売り切れです。	きっぷはすべてうりきれです。	표는 모두 매진입니다.
売り切れる	うりきれる	매진되다	동사	N2	ジーパンはみんな売り切れました。	ジーパンはみんなうりきれました。	청바지는 모두 매진되었습니다.
売行き	うれゆき	판매	사물	N2	彼女の本はかなりの売行きだ。	かのじょのほんはかなりのうれゆきだ。	그녀의 책은 꽤 잘 팔립니다.
売れ行き	うれゆき	판매 상황	사물	N2	ビールの売れ行きは天候しだいです。	ビールのうれゆきはてんこうしだいです。	맥주 판매는 날씨에 달려 있습니다.
うろうろ	うろうろ	어슬렁어슬렁	부사	N2	今日一日当ても無くうろうろした。	きょうついたちあてもなくうろうろした。	오늘 하루 목적 없이 어슬렁거렸습니다.
運河	うんが	운하	자연	N2	船はスエズ運河を通り抜けた。	ふねはスエズうんがをとおりぬけた。	배는 수에즈 운하를 빠져나갔습니다.
うんと	うんと	잔뜩	부사	N2	彼は金がうんとあって使えない。	かれはきんがうんとあってつかえない。	그는 돈이 잔뜩 있는데 쓰지 못합니다.
英文	えいぶん	영문	사물	N2	その教師は黒板に英文を書いた。	そのきょうしはこくばんにえいぶんをかいた。	그 교사는 칠판에 영문을 썼습니다.
英和	えいわ	영일	사물	N2	彼は机の上の英和辞典を取ろうと手を伸ばした。	かれはつくえのうえのえいわじてんをとろうとてをのばした。	그는 책상 위의 영일사전을 잡으려고 손을 뻗었습니다.
液体	えきたい	액체	사물	N2	お薬はお茶色の液体でありました。	おくすりはおちゃしょくのえきたいでありました。	약은 갈색 액체였습니다.
エチケット	エチケット	에티켓	사물	N2	それはエチケットの問題だ。	それはエチケットのもんだいだ。	그것은 에티켓의 문제입니다.
絵の具	えのぐ	물감	사물	N2	赤い絵の具に青い絵の具を混ぜなさい。	あかいえのぐにあおいえのぐをまぜなさい。	빨간 물감에 파란 물감을 섞으세요.
エプロン	エプロン	앞치마	사물	N2	エプロン買うほど料理しない。	エプロンかうほどりょうりしない。	앞치마를 살 만큼 요리하지 않습니다.
偉い	えらい	훌륭하다	형용사	N2	約束を守る人が人間として一番偉い人なのであります。	やくそくをまもるひとがにんげんとしていちばんえらいひとなのであります。	약속을 지키는 사람이 인간으로서 가장 훌륭한 사람입니다.
宴会	えんかい	연회	사물	N2	彼は宴会の事について触れた。	かれはえんかいのことについてふれた。	그는 연회 일에 대해 언급했습니다.
園芸	えんげい	원예	사물	N2	園芸がここ数年、流行しています。	えんげいがここすうねん、りゅうこうしています。	원예가 최근 몇 년 유행하고 있습니다.
演劇	えんげき	연극	사물	N2	私は日本演劇を勉強しています。	わたしはにほんえんげきをべんきょうしています。	저는 일본 연극을 공부하고 있습니다.
遠足	えんそく	소풍	사물	N2	家に帰るまでが遠足です。	いえにかえるまでがえんそくです。	집에 돌아갈 때까지가 소풍입니다.
延長	えんちょう	연장	사물	N2	今夜まででしたら延長できます。	こんやまででしたらえんちょうできます。	오늘 밤까지라면 연장할 수 있습니다.
煙突	えんとつ	굴뚝	사물	N2	この煙突はレンガで出来ている。	このえんとつはレンガでできている。	이 굴뚝은 벽돌로 되어 있습니다.
オーケストラ	オーケストラ	오케스트라	사람	N2	学校のオーケストラに入るつもりなのだ。	がっこうのオーケストラにはいるつもりなのだ。	학교 오케스트라에 들어갈 생각입니다.
オートメーション	オートメーション	자동화	사물	N2	オートメーションは必ず重要な社会的結果をもたらすだろう。	オートメーションはかならずじゅうようなしゃかいてきけっかをもたらすだろう。	자동화는 반드시 중요한 사회적 결과를 가져올 겁니다.
追いかける	おいかける	뒤쫓다	동사	N2	追いかけて来ないでください。	おいかけてこないでください。	뒤쫓아 오지 마세요.
追い越す	おいこす	추월하다	동사	N2	うさぎはかめに追い越された。	うさぎはかめにおいこされた。	토끼는 거북이에게 추월당했습니다.
オイル	オイル	오일	사물	N2	石油を輸送する船は、オイルタンカーと呼ばれています。	せきゆをゆそうするふねは、オイルタンカーとよばれています。	석유를 수송하는 배는 오일 탱커라고 불립니다.
王女	おうじょ	공주	사람	N2	一等賞は王女からのキスです。	いっとうしょうはおうじょからのキスです。	1등상은 공주에게서 받는 키스입니다.
応接	おうせつ	응접	사물	N2	数人の客が応接室で待っていた。	すうにんのきゃくがおうせつしつでまっていた。	몇 명의 손님이 응접실에서 기다리고 있었습니다.
応対	おうたい	응대	사물	N2	その客の応対は私がします。	そのきゃくのおうたいはわたしがします。	그 손님의 응대는 제가 하겠습니다.
往復	おうふく	왕복	사물	N2	そのバスは学校と駅の間を往復します。	そのバスはがっこうとえきのまをおうふくします。	그 버스는 학교와 역 사이를 왕복합니다.
欧米	おうべい	서양	장소	N2	欧米では犬を家族の一員とみなす。	おうべいではいぬをかぞくのいちいんとみなす。	서양에서는 개를 가족의 일원으로 봅니다.
応用	おうよう	응용	사물	N2	クイズを解いて応用力をアップしよう。	クイズをといておうようりょくをアップしよう。	퀴즈를 풀어 응용력을 높입시다.
大通り	おおどおり	큰길	장소	N2	大通りが、着物を着た女の子でいっぱいになります。	おおどおりが、きものをきたおんなのこでいっぱいになります。	큰길이 기모노를 입은 여자아이로 가득 찹니다.
おかず	おかず	반찬	음식	N2	今晩のおかずはもう決めてあります。	こんばんのおかずはもうきめてあります。	오늘 저녁 반찬은 이미 정해 두었습니다.
拝む	おがむ	절하다	동사	N2	毎日、拝んでます。	まいにち、おがんでます。	매일 절하고 있습니다.
屋外	おくがい	옥외	장소	N2	彼らは屋外スポーツに熱心である。	かれらはおくがいスポーツにねっしんである。	그들은 야외 스포츠에 열심입니다.
怠る	おこたる	게을리하다	동사	N2	彼女は職務を怠ったため解雇された。	かのじょはしょくむをおこたったためかいこされた。	그녀는 직무를 게을리해서 해고되었습니다.
押さえる	おさえる	누르다	동사	N2	私はドアを押さえてあけていた。	わたしはドアをおさえてあけていた。	저는 문을 누르고 열어 두었습니다.
お先に	おさきに	먼저	인사	N2	すみませんが、お先に失礼します。	すみませんが、おさきにしつれいします。	죄송하지만 먼저 실례하겠습니다.
叔父	おじ	작은아버지	사람	N2	あれらの家は私の叔父の家です。	あれらのいえはわたしのおじのいえです。	저 집들은 제 작은아버지의 집입니다.
惜しい	おしい	아깝다	형용사	N2	これはまだ捨てるには惜しい。	これはまだすてるにはおしい。	이것은 아직 버리기 아깝습니다.
叔父さん	おじさん	아저씨	사람	N2	叔父さんは明日青森に出張です。	おじさんはあしたあおもりにしゅっちょうです。	작은아버지는 내일 아오모리로 출장입니다.
脅かす	おどかす	위협하다	동사	N2	彼女は猫を脅かして追い払った。	かのじょはねこをおびやかしておいはらった。	그녀는 고양이를 위협해 쫓아냈습니다.
驚かす	おどろかす	놀라게 하다	동사	N2	彼の行動にはいつも驚かされる。	かれのこうどうにはいつもおどろかされる。	그의 행동에는 늘 놀라게 됩니다.
伯母	おば	큰어머니	사람	N2	私の伯母は書類を読むときにメガネをかけます。	わたしのおばはしょるいをよむときにメガネをかけます。	제 큰어머니는 서류를 읽을 때 안경을 씁니다.
叔母	おば	작은어머니	사람	N2	叔母は中国語も英語も話せます。	おばはちゅうごくごもえいごもはなせます。	작은어머니는 중국어도 영어도 할 수 있습니다.
お参り	おまいり	참배	사물	N2	初詣でとは新年に神社にお参りすることです。	はつもうででとはしんねんにじんじゃにおまいりすることです。	첫 참배란 새해에 신사에 참배하는 것입니다.
おめでたい	おめでたい	경사스럽다	형용사	N2	あいつは本当におめでたい人間だ。	あいつはほんとうにおめでたいにんげんだ。	저 녀석은 정말 속 편한 사람입니다.
思い切り	おもいきり	마음껏	부사	N2	彼女は彼を思い切りけとばした。	かのじょはかれをおもいきりけとばした。	그녀는 그를 마음껏 걷어찼습니다.
思い込む	おもいこむ	굳게 믿다	동사	N2	彼は自分が病人だと思い込んでいる。	かれはじぶんがびょうにんだとおもいこんでいる。	그는 자신이 환자라고 굳게 믿고 있습니다.
思いっきり	おもいっきり	실컷	부사	N2	試験日、思いっきり間違えたな。	しけんび、おもいっきりまちがえたな。	시험 날, 실컷 틀렸네.
重たい	おもたい	무겁다	형용사	N2	その箱は重たくて運べません。	そのはこはおもたくてはこべません。	그 상자는 무거워서 옮길 수 없습니다.
親指	おやゆび	엄지	사람	N2	針で親指を突いてしまった。	はりでおやゆびをついてしまった。	바늘로 엄지를 찔러 버렸습니다.
オルガン	オルガン	오르간	사물	N2	教会には普通オルガンがあります。	きょうかいにはふつうオルガンがあります。	교회에는 보통 오르간이 있습니다.
恩恵	おんけい	은혜	사물	N2	辞書といえば、私はいろいろな辞書の恩恵を受けています。	じしょといえば、わたしはいろいろなじしょのおんけいをうけています。	사전이라고 하면 저는 여러 사전의 은혜를 입고 있습니다.
温室	おんしつ	온실	장소	N2	私は温室でランを栽培している。	わたしはおんしつでランをさいばいしている。	저는 온실에서 난초를 재배하고 있습니다.
温泉	おんせん	온천	장소	N2	日本には、温泉がたくさんあります。	にほんには、おんせんがたくさんあります。	일본에는 온천이 많이 있습니다.
温帯	おんたい	온대	자연	N2	それらは、世界中の温帯、熱帯の海洋で見られます。	それらは、せかいじゅうのおんたい、ねったいのかいようでみられます。	그것들은 전 세계의 온대, 열대 바다에서 볼 수 있습니다.
カーブ	カーブ	커브	사물	N2	バイクがカーブを曲がりきれずに転倒。	バイクがカーブをまがりきれずにてんとう。	오토바이가 커브를 다 돌지 못하고 넘어졌습니다.
開会	かいかい	개회	사물	N2	開会式にはたくさんの客を招待するつもりです。	かいかいしきにはたくさんのきゃくをしょうたいするつもりです。	개회식에는 많은 손님을 초대할 생각입니다.
会館	かいかん	회관	장소	N2	学生会館は学生のためにある。	がくせいかいかんはがくせいのためにある。	학생회관은 학생을 위해 있습니다.
改札	かいさつ	개찰	사물	N2	改札口で切符をお見せください。	かいさつぐちできっぷをおみせください。	개찰구에서 표를 보여 주세요.
解散	かいさん	해산	사물	N2	あの人気グループが解散するそうだ。	あのにんきグループがかいさんするそうだ。	그 인기 그룹이 해산한다고 합니다.
海水浴	かいすいよく	해수욕	사물	N2	このバスは海水浴場に行きますか。	このバスはかいすいよくじょうにいきますか。	이 버스는 해수욕장에 갑니까?
回数	かいすう	횟수	사물	N2	彼の旅行は幅広く回数も多い。	かれのりょこうははばひろくかいすうもおおい。	그의 여행은 폭넓고 횟수도 많습니다.
改正	かいせい	개정	사물	N2	参議院はどんな改正案も通さなくても構わないようです。	さんぎいんはどんなかいせいあんもとおさなくてもかまわないようです。	참의원은 어떤 개정안도 통과시키지 않아도 되는 것 같습니다.
快晴	かいせい	쾌청	자연	N2	さっきまでの快晴がうそのようだ。	さっきまでのかいせいがうそのようだ。	아까까지의 쾌청이 거짓말 같습니다.
解説	かいせつ	해설	사물	N2	この人の解説はわかりやすくて好き。	このひとのかいせつはわかりやすくてすき。	이 사람의 해설은 알기 쉬워서 좋아요.
改造	かいぞう	개조	사물	N2	地下室を仕事場に改造した。	ちかしつをしごとばにかいぞうした。	지하실을 작업장으로 개조했습니다.
開通	かいつう	개통	사물	N2	不通区間の開通の見込みはまだない。	ふつうくかんのかいつうのみこみはまだない。	불통 구간의 개통 전망은 아직 없습니다.
回転	かいてん	회전	사물	N2	上の部分は右回りで回転しています。	うえのぶぶんはみぎまわりでかいてんしています。	위쪽 부분은 시계 방향으로 회전하고 있습니다.
解答	かいとう	해답	사물	N2	練習問題の解答は巻末にまとめてあります。	れんしゅうもんだいのかいとうはかんまつにまとめてあります。	연습 문제의 해답은 책 끝에 정리되어 있습니다.
回答	かいとう	회답	사물	N2	金曜日までに回答が必要です。	きんようびまでにかいとうがひつようです。	금요일까지 회답이 필요합니다.
外部	がいぶ	외부	장소	N2	外部からの助言が必要かもしれません。	がいぶからのじょげんがひつようかもしれません。	외부의 조언이 필요할지도 모릅니다.
解放	かいほう	해방	사물	N2	テロリストは人質を解放した。	テロリストはひとじちをかいほうした。	테러리스트는 인질을 풀어 주었습니다.
開放	かいほう	개방	사물	N2	この庭園は一般開放されています。	このていえんはいっぱんかいほうされています。	이 정원은 일반에 개방되어 있습니다.
海洋	かいよう	해양	자연	N2	最近変わった海洋生物が発見された。	さいきんかわったかいようせいぶつがはっけんされた。	최근 특이한 해양 생물이 발견되었습니다.
家屋	かおく	가옥	장소	N2	これは木造家屋です。	これはもくぞうかおくです。	이것은 목조 가옥입니다.
係わる	かかわる	관계되다	동사	N2	そんなことに係わり合いたくない。	そんなことにかかわりあいたくない。	그런 일에 얽히고 싶지 않습니다.
書留	かきとめ	등기	사물	N2	この手紙を書留にしてもらいたいのですが。	このてがみをかきとめにしてもらいたいのですが。	이 편지를 등기로 해 주셨으면 합니다.
垣根	かきね	울타리	사물	N2	父は庭のまわりに垣根を作った。	ちちはにわのまわりにかきねをつくった。	아버지는 정원 주위에 울타리를 만들었습니다.
限り	かぎり	한	사물	N2	よっぽどのことがない限り、トムが負けることはないと思う。	よっぽどのことがないかぎり、トムがまけることはないとおもう。	어지간한 일이 없는 한 톰이 질 일은 없다고 생각합니다.
架空	かくう	가공	사물	N2	このドラマの登場人物はすべて架空のものです。	このドラマのとうじょうじんぶつはすべてかくうのものです。	이 드라마의 등장인물은 모두 가공의 것입니다.
各自	かくじ	각자	사람	N2	各自運転するときは気をつけなければいけない。	かくじうんてんするときはきをつけなければいけない。	각자 운전할 때는 조심해야 합니다.
拡充	かくじゅう	확충	사물	N2	教育施設を拡充する金をもっと多くと望んでいる。	きょういくしせつをかくじゅうするきんをもっとおおくとのぞんでいる。	교육 시설을 확충할 돈을 더 많이 바라고 있습니다.
学術	がくじゅつ	학술	사물	N2	彼は学術会議に出席した。	かれはがくじゅつかいぎにしゅっせきした。	그는 학술 회의에 참석했습니다.
各地	かくち	각지	장소	N2	雪による事故が各地で相次いでいます。	ゆきによるじこがかくちであいついでいます。	눈에 의한 사고가 각지에서 잇따르고 있습니다.
拡張	かくちょう	확장	사물	N2	その会社では拡張の計画があります。	そのかいしゃではかくちょうのけいかくがあります。	그 회사에서는 확장 계획이 있습니다.
角度	かくど	각도	사물	N2	あらゆる角度から物事を見る。	あらゆるかくどからものごとをみる。	모든 각도에서 사물을 봅니다.
学年	がくねん	학년	시간	N2	私たちの新学年がスタートするのは四月です。	わたしたちのしんがくねんがスタートするのはしがつです。	저희 새 학년이 시작되는 것은 4월입니다.
格別	かくべつ	각별함	형용사	N2	夏に飲む冷たいビールは格別だ。	なつにのむつめたいビールはかくべつだ。	여름에 마시는 차가운 맥주는 각별합니다.
確率	かくりつ	확률	사물	N2	キャンセル待ちで乗れる確率はどれくらいですか。	キャンセルまちでのれるかくりつはどれくらいですか。	대기자로 탈 수 있는 확률은 어느 정도입니까?
掛け算	かけざん	곱셈	사물	N2	子供たちは掛け算を暗記している。	こどもたちはかけざんをあんきしている。	아이들은 곱셈을 암기하고 있습니다.
可決	かけつ	가결	사물	N2	法案はまず可決されないだろう。	ほうあんはまずかけつされないだろう。	법안은 우선 가결되지 않을 겁니다.
下降	かこう	하강	사물	N2	彼の人気は下降線をたどっている。	かれのにんきはかこうせんをたどっている。	그의 인기는 하강선을 타고 있습니다.
火山	かざん	화산	자연	N2	アイスランドには多くの火山があります。	アイスランドにはおおくのかざんがあります。	아이슬란드에는 많은 화산이 있습니다.
貸し出し	かしだし	대출	사물	N2	金利が低下したので銀行貸し出しが増加している。	きんりがていかしたのでぎんこうかしだしがぞうかしている。	금리가 떨어져서 은행 대출이 증가하고 있습니다.
過失	かしつ	과실	사물	N2	それはすべて私たちの過失です。	それはすべてわたしたちのかしつです。	그것은 전부 저희 과실입니다.
果実	かじつ	과실	음식	N2	果実は天日で乾燥させます。	かじつはてんじつでかんそうさせます。	과실은 햇볕에 건조시킵니다.
貸間	かしま	셋방	장소	N2	この部屋は貸間です。	このへやはかしまです。	이 방은 셋방입니다.
貸家	かしや	셋집	장소	N2	その家は貸家です。	そのいえはかしやです。	그 집은 셋집입니다.
箇所	かしょ	곳	장소	N2	この箇所が一番深いです。	このかしょがいちばんふかいです。	이 곳이 가장 깊습니다.
過剰	かじょう	과잉	사물	N2	あの人って、自意識過剰だよね。	あのひとって、じいしきかじょうだよね。	저 사람 자의식 과잉이지요.
かじる	かじる	갉다	동사	N2	彼はいまでも父親のすねかじりです。	かれはいまでもちちおやのすねかじりです。	그는 지금도 아버지에게 얹혀삽니다.
課税	かぜい	과세	사물	N2	課税品をお持ちですか。	かぜいひんをおもちですか。	과세 물품을 갖고 계십니까?
カセット	カセット	카세트	사물	N2	トムは古いカセットデッキを持っている。	トムはふるいカセットデッキをもっている。	톰은 오래된 카세트 데크를 갖고 있습니다.
下線	かせん	밑줄	사물	N2	下線を引いた語を正しい形にしなさい。	かせんをひいたかたりをただしいかたちにしなさい。	밑줄 친 단어를 올바른 형태로 만드세요.
加速	かそく	가속	사물	N2	ドライバーは車を加速させた。	ドライバーはくるまをかそくさせた。	운전자는 차를 가속시켰습니다.
かたづく	かたづく	정리되다	동사	N2	仕事の半分はかたづいた。	しごとのはんぶんはかたづいた。	일의 절반은 처리되었습니다.
塊	かたまり	덩어리	사물	N2	雲は空の蒸気の塊です。	くもはそらのじょうきのかたまりです。	구름은 하늘의 수증기 덩어리입니다.
固まる	かたまる	굳다	동사	N2	卵の白身はゆでれば固まります。	たまごのしろみはゆでればかたまります。	달걀 흰자는 삶으면 굳습니다.
片道	かたみち	편도	사물	N2	ボストンまでの片道切符をください。	ボストンまでのかたみちきっぷをください。	보스턴까지 편도 표를 주세요.
傾く	かたむく	기울다	동사	N2	その塔はわずかに左へ傾いていた。	そのとうはわずかにひだりへかたむいていた。	그 탑은 살짝 왼쪽으로 기울어 있었습니다.
学科	がっか	학과	사물	N2	あなたはどの学科が好きですか。	あなたはどのがっかがすきですか。	당신은 어느 학과를 좋아합니까?
学会	がっかい	학회	사물	N2	彼は熱心に研究を続け、その成果を学会で発表した。	かれはねっしんにけんきゅうをつづけ、そのせいかをがっかいではっぴょうした。	그는 열심히 연구를 계속해 그 성과를 학회에서 발표했습니다.
学級	がっきゅう	학급	사람	N2	私たちは同じ学級で英語を勉強します。	わたしたちはおなじがっきゅうでえいごをべんきょうします。	저희는 같은 학급에서 영어를 공부합니다.
担ぐ	かつぐ	메다	동사	N2	男は袋を肩に担いだ。	おとこはふくろをかたにかついだ。	남자는 자루를 어깨에 멨습니다.
括弧	かっこ	괄호	사물	N2	括弧に当てはまる単語を答えなさい。	かっこにあてはまるたんごをこたえなさい。	괄호에 들어맞는 단어를 답하세요.
活字	かつじ	활자	사물	N2	小さい活字がかすんで見えます。	ちいさいかつじがかすんでみえます。	작은 활자가 흐릿하게 보입니다.
活力	かつりょく	활력	사물	N2	この薬は活力を補給してくれます。	このくすりはかつりょくをほきゅうしてくれます。	이 약은 활력을 보충해 줍니다.
仮名	かな	가나	사물	N2	この漢字、送り仮名が間違ってるよ。	このかんじ、おくりかめいがまちがってるよ。	이 한자, 오쿠리가나가 틀렸어요.
仮名遣い	かなづかい	가나 표기	사물	N2	祖父は古い仮名遣いで書くことがあるの。	そふはふるいかなづかいでかくことがあるの。	할아버지는 옛 가나 표기로 쓸 때가 있어요.
加熱	かねつ	가열	사물	N2	電子レンジの加熱の時間、十秒伸びて季節知る。	でんしレンジのかねつのじかん、じゅうびょうのびてきせつしる。	전자레인지 가열 시간, 10초 늘어 계절을 압니다.
兼ねる	かねる	겸하다	동사	N2	ご要望にお応えし兼ねます。	ごようぼうにおこたえしかねます。	요청에 응하기 어렵습니다.
カバー	カバー	커버	사물	N2	買ったばかりのカバーなんだぞ。	かったばかりのカバーなんだぞ。	막 산 커버란 말이야.
過半数	かはんすう	과반수	사물	N2	彼らは国会で過半数を制した。	かれらはこっかいでかはんすうをせいした。	그들은 국회에서 과반수를 차지했습니다.
被せる	かぶせる	씌우다	동사	N2	彼は車にカバーを被せた。	かれはくるまにカバーをかぶせた。	그는 차에 커버를 씌웠습니다.
釜	かま	가마솥	사물	N2	きのう交差点でお釜を掘られちゃったよ。	きのうこうさてんでおかまをほられちゃったよ。	어제 교차로에서 추돌당했어요.
神様	かみさま	신	사람	N2	愛は、神様からの贈り物です。	あいは、かみさまからのおくりものです。	사랑은 신이 주신 선물입니다.
ガム	ガム	껌	음식	N2	靴の底にガムが付いてしまった。	くつのそこにガムがついてしまった。	신발 바닥에 껌이 붙어 버렸습니다.
貨物	かもつ	화물	사물	N2	今では多くの貨物が飛行機で輸送されている。	いまではおおくのかもつがひこうきでゆそうされている。	지금은 많은 화물이 비행기로 수송되고 있습니다.
カラー	カラー	컬러	사물	N2	カラーフィルムを一本ください。	カラーフィルムをいっぽんください。	컬러 필름을 한 통 주세요.
からかう	からかう	놀리다	동사	N2	上司を人前でからかうのは無礼なことです。	じょうしをひとまえでからかうのはぶれいなことです。	상사를 사람들 앞에서 놀리는 것은 무례한 일입니다.
空っぽ	からっぽ	텅 빔	형용사	N2	彼らは部屋が空っぽだとわかった。	かれらはへやがからっぽだとわかった。	그들은 방이 텅 비어 있다는 것을 알았습니다.
枯れる	かれる	시들다	동사	N2	その花は水がないために枯れた。	そのはなはみずがないためにかれた。	그 꽃은 물이 없어서 시들었습니다.
カロリー	カロリー	칼로리	사물	N2	これは、カロリーゼロです。	これは、カロリーゼロです。	이것은 칼로리가 영입니다.
可愛がる	かわいがる	예뻐하다	동사	N2	トムの両親は、私を可愛がってくれます。	トムのりょうしんは、わたしをかわいがってくれます。	톰의 부모님은 저를 예뻐해 주십니다.
為替	かわせ	환율	사물	N2	今日の為替相場はいくらですか。	きょうのかわせそうばはいくらですか。	오늘의 환율 시세는 얼마입니까?
換気	かんき	환기	사물	N2	ここは換気がとても悪いですね。	ここはかんきがとてもわるいですね。	여기는 환기가 아주 나쁘네요.
感激	かんげき	감격	사물	N2	トムは感激するだろう。	トムはかんげきするだろう。	톰은 감격할 겁니다.
関西	かんさい	간사이	장소	N2	彼のアクセントから判断すると、彼は関西の出身だ。	かれのアクセントからはんだんすると、かれはかんさいのしゅっしんだ。	그의 악센트로 판단하면 그는 간사이 출신입니다.
元日	がんじつ	설날	시간	N2	元日に神社へ参拝する日本人は多い。	がんじつにじんじゃへさんぱいするにほんじんはおおい。	설날에 신사에 참배하는 일본인은 많습니다.
鑑賞	かんしょう	감상	사물	N2	彼は、芸術に対する鑑賞力がある。	かれは、げいじゅつにたいするかんしょうりょくがある。	그는 예술에 대한 감상력이 있습니다.
感ずる	かんずる	느끼다	동사	N2	人生から非常な喜びを感ずる。	じんせいからひじょうなよろこびをかんずる。	인생에서 대단한 기쁨을 느낍니다.
間接	かんせつ	간접	사물	N2	税は直接税と間接税からなっている。	ぜいはちょくせつぜいとかんせつぜいからなっている。	세금은 직접세와 간접세로 이루어져 있습니다.
観測	かんそく	관측	사물	N2	今シーズン二番目の寒さを観測した。	こんシーズンにばんめのさむさをかんそくした。	이번 시즌 두 번째 추위를 관측했습니다.
勘違い	かんちがい	착각	사물	N2	なるほど。それは勘違いかもね。	なるほど。それはかんちがいかもね。	그렇군요. 그건 착각일지도 모르겠네요.
官庁	かんちょう	관청	장소	N2	彼は官庁で相当な職についている。	かれはかんちょうでそうとうなしょくについている。	그는 관청에서 상당한 직책에 있습니다.
缶詰	かんづめ	통조림	음식	N2	なしはこの工場で缶詰にされます。	なしはこのこうじょうでかんづめにされます。	배는 이 공장에서 통조림이 됩니다.
乾電池	かんでんち	건전지	사물	N2	この乾電池、わりと持つじゃん。	このかんでんち、わりともつじゃん。	이 건전지, 꽤 오래가네.
関東	かんとう	간토	장소	N2	先週、関東で大雪が降りました。	せんしゅう、かんとうでおおゆきがふりました。	지난주 간토에 폭설이 내렸습니다.
観念	かんねん	관념	사물	N2	年をとるほど、ますます固定観念にとらわれるものです。	としをとるほど、ますますこていかんねんにとらわれるものです。	나이를 먹을수록 점점 고정관념에 사로잡히는 법입니다.
乾杯	かんぱい	건배	인사	N2	この機会に乾杯すべきだ。	このきかいにかんぱいすべきだ。	이 기회에 건배해야 합니다.
看板	かんばん	간판	사물	N2	レストランには禁煙の看板があります。	レストランにはきんえんのかんばんがあります。	레스토랑에는 금연 간판이 있습니다.
看病	かんびょう	간병	사물	N2	彼女は病気の母を看病している。	かのじょはびょうきのははをかんびょうしている。	그녀는 병든 어머니를 간병하고 있습니다.
冠	かんむり	관	사물	N2	マユコは花の冠をつけていた。	マユコははなのかんむりをつけていた。	마유코는 꽃 화관을 쓰고 있었습니다.
漢和	かんわ	한일	사물	N2	漢和辞典で漢字の意味を調べたの。	かんわじてんでかんじのいみをしらべたの。	한일사전으로 한자의 뜻을 찾았습니다.
気圧	きあつ	기압	자연	N2	例えば、温度計や気圧計などの計器は器具です。	たとえば、おんどけいやきあつけいなどのけいきはきぐです。	예를 들어 온도계나 기압계 같은 계기는 기구입니다.
着替え	きがえ	갈아입기	사물	N2	ちょっと着替えてくるね。	ちょっときがえてくるね。	잠깐 갈아입고 올게.
着替える	きがえる	갈아입다	동사	N2	ちょっと着替えてくるね。	ちょっときがえてくるね。	잠깐 갈아입고 올게.
飢饉	ききん	기근	사물	N2	その長い干ばつの後に飢饉が起こった。	そのながいかんばつののちにききんがおこった。	그 긴 가뭄 뒤에 기근이 일어났습니다.
器具	きぐ	기구	사물	N2	温度計は温度を測る器具です。	おんどけいはおんどをはかるきぐです。	온도계는 온도를 재는 기구입니다.
記号	きごう	기호	사물	N2	使用できるのは半角英数字と記号です。	しようできるのははんかくえいすうじときごうです。	사용할 수 있는 것은 반각 영숫자와 기호입니다.
刻む	きざむ	새기다	동사	N2	この時計は正確に時を刻みます。	このとけいはせいかくにときをきざみます。	이 시계는 정확하게 시간을 새깁니다.
儀式	ぎしき	의식	사물	N2	儀式は彼の話から始まった。	ぎしきはかれのはなしからはじまった。	의식은 그의 이야기로 시작되었습니다.
基準	きじゅん	기준	사물	N2	この評論を優勝作品に選んだ基準は何ですか。	このひょうろんをゆうしょうさくひんにえらんだきじゅんはなんですか。	이 평론을 우승 작품으로 뽑은 기준은 무엇입니까?
起床	きしょう	기상	사물	N2	いつも何時に起床しますか。	いつもなんじにきしょうしますか。	늘 몇 시에 일어납니까?
着せる	きせる	입히다	동사	N2	ケイトは人形に服を着せている。	ケイトはにんぎょうにふくをきせている。	케이트는 인형에게 옷을 입히고 있습니다.
基礎	きそ	기초	사물	N2	基礎を固めることは大切です。	きそをかためることはたいせつです。	기초를 다지는 것은 중요합니다.
基地	きち	기지	장소	N2	昨日、彼は基地に帰らなかった。	きのう、かれはきちにかえらなかった。	어제 그는 기지로 돌아가지 않았습니다.
きっかけ	きっかけ	계기	사물	N2	彼等は彼に逃げるきっかけを与えた。	かれらはかれににげるきっかけをあたえた。	그들은 그에게 도망칠 계기를 주었습니다.
ぎっしり	ぎっしり	빽빽이	부사	N2	エレベーターにぎっしりいっぱいに乗った。	エレベーターにぎっしりいっぱいにのった。	엘리베이터에 빽빽이 가득 탔습니다.
基盤	きばん	기반	사물	N2	愛を基盤に生きている。	あいをきばんにいきている。	사랑을 기반으로 살고 있습니다.
客間	きゃくま	손님방	장소	N2	現在、客間は居間と呼ばれています。	げんざい、きゃくまはいまとよばれています。	현재 손님방은 거실이라고 불립니다.
ギャング	ギャング	갱	사람	N2	ギャングの一団が金を盗んだ。	ギャングのいちだんがきんをぬすんだ。	갱 일당이 돈을 훔쳤습니다.
キャンパス	キャンパス	캠퍼스	장소	N2	キャンパスを案内してもらえますか。	キャンパスをあんないしてもらえますか。	캠퍼스를 안내해 주시겠습니까?
休業	きゅうぎょう	휴업	사물	N2	その店は月曜日には休業です。	そのみせはげつようびにはきゅうぎょうです。	그 가게는 월요일에는 휴업입니다.
休講	きゅうこう	휴강	사물	N2	この授業は明日休講です。	このじゅぎょうはあしたきゅうこうです。	이 수업은 내일 휴강입니다.
給与	きゅうよ	급여	사물	N2	賃金や給料は定期的に受け取る給与のことです。	ちんぎんやきゅうりょうはていきてきにうけとるきゅうよのことです。	임금이나 급료는 정기적으로 받는 급여를 말합니다.
休養	きゅうよう	휴양	사물	N2	今私たちに必要なのは休養です。	いまわたしたちにひつようなのはきゅうようです。	지금 저희에게 필요한 것은 휴양입니다.
清い	きよい	맑다	형용사	N2	心の清い人たちは幸いである。	こころのきよいひとたちはさいわいである。	마음이 맑은 사람들은 복이 있습니다.
強化	きょうか	강화	사물	N2	営業活動を強化するために再編成する必要があります。	えいぎょうかつどうをきょうかするためにさいへんせいするひつようがあります。	영업 활동을 강화하기 위해 재편성할 필요가 있습니다.
境界	きょうかい	경계	장소	N2	空は地球と境界を接していますか。	そらはちきゅうときょうかいをせっしていますか。	하늘은 지구와 경계를 접하고 있습니까?
行事	ぎょうじ	행사	사물	N2	それはわくわくする夜の行事です。	それはわくわくするよるのぎょうじです。	그것은 설레는 밤 행사입니다.
恐縮	きょうしゅく	송구	사물	N2	お時間をとらせて恐縮です。	おじかんをとらせてきょうしゅくです。	시간을 뺏어서 송구합니다.
教養	きょうよう	교양	사물	N2	彼女はいわゆる教養のある女性です。	かのじょはいわゆるきょうようのあるじょせいです。	그녀는 이른바 교양 있는 여성입니다.
行列	ぎょうれつ	행렬	사물	N2	この時間帯はいつも行列ができてます。	このじかんおびはいつもぎょうれつができてます。	이 시간대는 늘 줄이 생깁니다.
漁業	ぎょぎょう	어업	사물	N2	その島の経済は漁業に依存している。	そのしまのけいざいはぎょぎょうにいぞんしている。	그 섬의 경제는 어업에 의존하고 있습니다.
曲線	きょくせん	곡선	사물	N2	本当の女性には曲線がある。	ほんとうのじょせいにはきょくせんがある。	진짜 여성에게는 곡선이 있습니다.
規律	きりつ	규율	사물	N2	学校の規律が乱れている。	がっこうのきりつがみだれている。	학교의 규율이 흐트러져 있습니다.
金魚	きんぎょ	금붕어	자연	N2	金魚を二匹飼っています。	きんぎょをにひきかっています。	금붕어를 두 마리 기르고 있습니다.
クーラー	クーラー	에어컨	사물	N2	クーラーを入れていただけますか。	クーラーをいれていただけますか。	에어컨을 켜 주시겠습니까?
区域	くいき	구역	장소	N2	この付近一帯は、喫煙制限区域です。	このふきんいったいは、きつえんせいげんくいきです。	이 부근 일대는 흡연 제한 구역입니다.
偶数	ぐうすう	짝수	사물	N2	あらゆる偶数は、二つの素数の和です。	あらゆるぐうすうは、ふたつのそすうのわです。	모든 짝수는 두 소수의 합입니다.
空想	くうそう	공상	사물	N2	トムは空想の世界に生きている。	トムはくうそうのせかいにいきている。	톰은 공상의 세계에 살고 있습니다.
空中	くうちゅう	공중	장소	N2	葉が空中でぐるぐる回っていた。	はがくうちゅうでぐるぐるまわっていた。	잎이 공중에서 빙글빙글 돌고 있었습니다.
釘	くぎ	못	사물	N2	その板に釘を打ってください。	そのいたにくぎをうってください。	그 판자에 못을 박아 주세요.
区切る	くぎる	구분하다	동사	N2	時間を区切って集中して取り組むと、効率は大きく向上する。	じかんをくぎってしゅうちゅうしてとりくむと、こうりつはおおきくこうじょうする。	시간을 나눠 집중해서 임하면 효율은 크게 향상됩니다.
櫛	くし	빗	사물	N2	外出する前に髪を櫛でときなさい。	がいしゅつするまえにかみをくしでときなさい。	외출하기 전에 머리를 빗으로 빗으세요.
くしゃみ	くしゃみ	재채기	사물	N2	よくくしゃみが出ます。	よくくしゃみがでます。	자주 재채기가 납니다.
苦情	くじょう	불평	사물	N2	私はあなたの苦情を言ったように書いています。	わたしはあなたのくじょうをいったようにかいています。	저는 당신의 불평을 말한 것처럼 쓰고 있습니다.
苦心	くしん	고심	사물	N2	その歌手はファンの群がる中を苦心して進んだ。	そのかしゅはファンのむらがるなかをくしんしてすすんだ。	그 가수는 팬이 몰려드는 가운데를 힘겹게 나아갔습니다.
屑	くず	부스러기	사물	N2	残飯の屑は害虫の住処になる。	ざんぱんのくずはがいちゅうのすみかになる。	남은 밥 찌꺼기는 해충의 서식처가 됩니다.
崩す	くずす	허물다	동사	N2	一万円札、崩してくれますか。	いちまんえんさつ、くずしてくれますか。	만 엔짜리, 잔돈으로 바꿔 주시겠습니까?
薬指	くすりゆび	약지	사람	N2	彼女は左手の薬指にダイヤの指輪をはめていた。	かのじょはひだりてのくすりゆびにダイヤのゆびわをはめていた。	그녀는 왼손 약지에 다이아 반지를 끼고 있었습니다.
崩れる	くずれる	무너지다	동사	N2	ダムが崩れ、水は谷を飲み込んだ。	ダムがくずれ、みずはたにをのみこんだ。	댐이 무너져 물은 골짜기를 삼켰습니다.
砕く	くだく	부수다	동사	N2	普通の甘さのチョコレートを細かく砕きます。	ふつうのあまさのチョコレートをこまかくくだきます。	보통 단맛의 초콜릿을 잘게 부숩니다.
砕ける	くだける	부서지다	동사	N2	コップが地面に落ちて砕けた。	コップがじめんにおちてくだけた。	컵이 땅에 떨어져 부서졌습니다.
くたびれる	くたびれる	지치다	동사	N2	トムはくたびれた服を着ていた。	トムはくたびれたふくをきていた。	톰은 낡은 옷을 입고 있었습니다.
くだらない	くだらない	하찮다	형용사	N2	くだらない話はもうたくさんだ。	くだらないはなしはもうたくさんだ。	하찮은 이야기는 이제 충분합니다.
唇	くちびる	입술	사람	N2	寒くて唇が乾きます。	さむくてくちびるがかわきます。	추워서 입술이 마릅니다.
口紅	くちべに	립스틱	사물	N2	学校で口紅は禁止されています。	がっこうでくちべにはきんしされています。	학교에서 립스틱은 금지되어 있습니다.
くっつく	くっつく	들러붙다	동사	N2	骨がくっつけば、ギプスは取られます。	ほねがくっつけば、ギプスはとられます。	뼈가 붙으면 깁스는 벗깁니다.
くっつける	くっつける	붙이다	동사	N2	彼はその破片をくっつけ合わした。	かれはそのはへんをくっつけあわした。	그는 그 조각들을 붙였습니다.
くどい	くどい	장황하다	형용사	N2	くどいよ君の質問は、もううるさい。	くどいよきみのしつもんは、もううるさい。	장황해요 당신 질문은, 이제 시끄러워요.
句読点	くとうてん	구두점	사물	N2	びっくりマークは句読点です。	びっくりマークはくとうてんです。	느낌표는 구두점입니다.
配る	くばる	나눠주다	동사	N2	無料で見本を配っています。	むりょうでみほんをくばっています。	무료로 견본을 나눠주고 있습니다.
工夫	くふう	궁리	사물	N2	これは私が工夫した計画です。	これはわたしがくふうしたけいかくです。	이것은 제가 궁리한 계획입니다.
区分	くぶん	구분	사물	N2	我が家の大きな土地を子供たちのために公平に区分する。	わがやのおおきなとちをこどもたちのためにこうへいにくぶんする。	저희 집의 큰 땅을 아이들을 위해 공평하게 구분합니다.
組み立てる	くみたてる	조립하다	동사	N2	メアリーはものを組み立てることが好きです。	メアリーはものをくみたてることがすきです。	메리는 무언가를 조립하는 것을 좋아합니다.
悔やむ	くやむ	후회하다	동사	N2	あいつは自分の過ちを悔やんでるんだ。	あいつはじぶんのあやまちをくやんでるんだ。	저 녀석은 자기 잘못을 후회하고 있습니다.
クリーニング	クリーニング	세탁	사물	N2	クリーニングをお願いできますか。	クリーニングをおねがいできますか。	세탁을 부탁드릴 수 있을까요?
くるむ	くるむ	감싸다	동사	N2	ブタのしっぽはくるんとしてる。	ブタのしっぽはくるんとしてる。	돼지 꼬리는 돌돌 말려 있습니다.
くれぐれも	くれぐれも	부디	부사	N2	夫からもくれぐれもよろしくとのことです。	おっとからもくれぐれもよろしくとのことです。	남편도 부디 안부 전해 달라고 합니다.
稽古	けいこ	연습	사물	N2	稽古が終わったばっかりで、今、ゴロゴロしてます。	けいこがおわったばっかりで、いま、ゴロゴロしてます。	연습이 막 끝나서 지금 뒹굴거리고 있습니다.
敬語	けいご	경어	사물	N2	日本語には敬語があります。	にほんごにはけいごがあります。	일본어에는 경어가 있습니다.
形式	けいしき	형식	사물	N2	人数が多いですから、今日は立食形式にしたんです。	にんずうがおおいですから、きょうはりっしょくけいしきにしたんです。	인원이 많으니 오늘은 입식 형식으로 했습니다.
継続	けいぞく	계속	사물	N2	開発の継続に寄付は大切です。	かいはつのけいぞくにきふはたいせつです。	개발 계속에 기부는 중요합니다.
毛糸	けいと	털실	사물	N2	毛糸がこんがらがってしまった。	けいとがこんがらがってしまった。	털실이 엉켜 버렸습니다.
経度	けいど	경도	사물	N2	この線は経度を表している。	このせんはけいどをあらわしている。	이 선은 경도를 나타내고 있습니다.
系統	けいとう	계통	사물	N2	電気系統に欠点があります。	でんきけいとうにけってんがあります。	전기 계통에 결함이 있습니다.
芸能	げいのう	예능	사물	N2	彼は芸能界に精通している。	かれはげいのうかいにせいつうしている。	그는 연예계에 정통합니다.
競馬	けいば	경마	사물	N2	彼は競馬で時間をむだに過ごした。	かれはけいばでじかんをむだにすごした。	그는 경마로 시간을 헛되이 보냈습니다.
警備	けいび	경비	사물	N2	その警備員は一晩中勤務だった。	そのけいびいんはいちばんちゅうきんむだった。	그 경비원은 밤새 근무였습니다.
形容詞	けいようし	형용사	사물	N2	これらの形容詞は全部が積極的です。	これらのけいようしはぜんぶがせっきょくてきです。	이 형용사들은 전부 긍정적입니다.
外科	げか	외과	사물	N2	フレッドは成長して外科医になった。	フレッドはせいちょうしてげかいになった。	프레드는 자라서 외과의사가 되었습니다.
毛皮	けがわ	모피	사물	N2	毛皮のコートが特売中です。	けがわのコートがとくばいちゅうです。	모피 코트가 특가 판매 중입니다.
下車	げしゃ	하차	사물	N2	この切符は途中下車できます。	このきっぷはとちゅうげしゃできます。	이 표는 도중 하차할 수 있습니다.
下旬	げじゅん	하순	시간	N2	下旬はいつも閉店セールやってる。	げじゅんはいつもへいてんセールやってる。	하순은 늘 폐점 세일을 하고 있습니다.
下水	げすい	하수	사물	N2	下水が完全に詰まっている。	げすいがかんぜんにつまっている。	하수가 완전히 막혀 있습니다.
下駄	げた	게타	사물	N2	下駄を突っかけて表に飛び出した。	げたをつっかけてひょうにとびだした。	게타를 걸치고 밖으로 뛰어나갔습니다.
血圧	けつあつ	혈압	사람	N2	低血圧なんです。	ていけつあつなんです。	저혈압입니다.
月給	げっきゅう	월급	사물	N2	安月給でどうにか暮らしています。	やすげっきゅうでどうにかくらしています。	박봉으로 그럭저럭 살고 있습니다.
傑作	けっさく	걸작	사물	N2	これが現在までの私の最高傑作です。	これがげんざいまでのわたしのさいこうけっさくです。	이것이 지금까지의 제 최고 걸작입니다.
月末	げつまつ	월말	시간	N2	月末にはお金がほとんどなくなります。	げつまつにはおかねがほとんどなくなります。	월말에는 돈이 거의 없어집니다.
気配	けはい	기색	사물	N2	秋の気配がします。	あきのけはいがします。	가을 기색이 납니다.
下品	げひん	천박함	형용사	N2	彼は怒るといつも下品な言葉を使う。	かれはおこるといつもげひんなことばをつかう。	그는 화나면 늘 천박한 말을 씁니다.
見学	けんがく	견학	사물	N2	どういう所を見学したいですか。	どういうところをけんがくしたいですか。	어떤 곳을 견학하고 싶습니까?
謙虚	けんきょ	겸허함	형용사	N2	彼女は自分の業績に謙虚である。	かのじょはじぶんのぎょうせきにけんきょである。	그녀는 자신의 업적에 겸허합니다.
原稿	げんこう	원고	사물	N2	原稿を少し変えたいと思います。	げんこうをすこしかえたいとおもいます。	원고를 조금 바꾸고 싶습니다.
原産	げんさん	원산	사물	N2	サツマイモは、南アメリカが原産です。	サツマイモは、みなみアメリカがげんさんです。	고구마는 남아메리카가 원산입니다.
原始	げんし	원시	사물	N2	こちらはあちらに比べれば全く原始的だった。	こちらはあちらにくらべればまったくげんしてきだった。	이쪽은 저쪽에 비하면 완전히 원시적이었습니다.
研修	けんしゅう	연수	사물	N2	社内研修はスキル向上の良い機会です。	しゃないけんしゅうはスキルこうじょうのよいきかいです。	사내 연수는 기술 향상의 좋은 기회입니다.
厳重	げんじゅう	엄중함	형용사	N2	道路法規は厳重に守らなければならない。	どうろほうきはげんじゅうにまもらなければならない。	도로 법규는 엄중히 지켜야 합니다.
謙遜	けんそん	겸손	사물	N2	謙遜している場合じゃないよ。	けんそんしているばあいじゃないよ。	겸손할 상황이 아니에요.
県庁	けんちょう	현청	장소	N2	千葉県の県庁所在地は千葉市です。	ちばけんのけんちょうしょざいちはちばしです。	지바현의 현청 소재지는 지바시입니다.
限度	げんど	한도	사물	N2	何事にも限度というものがある。	なにごとにもげんどというものがある。	모든 일에는 한도라는 것이 있습니다.
顕微鏡	けんびきょう	현미경	사물	N2	彼はそのスライドを顕微鏡で見た。	かれはそのスライドをけんびきょうでみた。	그는 그 슬라이드를 현미경으로 봤습니다.
懸命	けんめい	열심	사물	N2	あなたは懸命に勉強をすればよい。	あなたはけんめいにべんきょうをすればよい。	당신은 열심히 공부하면 됩니다.
原理	げんり	원리	사물	N2	彼はひとつの原理を考えだした。	かれはひとつのげんりをかんがえだした。	그는 하나의 원리를 생각해 냈습니다.
原料	げんりょう	원료	사물	N2	これはマレーシアから輸入した原料です。	これはマレーシアからゆにゅうしたげんりょうです。	이것은 말레이시아에서 수입한 원료입니다.
コース	コース	코스	사물	N2	おすすめのコースはどこですか。	おすすめのコースはどこですか。	추천하는 코스는 어디입니까?
コーラス	コーラス	합창	사물	N2	彼らはみな一緒にコーラスを歌いました。	かれらはみないっしょにコーラスをうたいました。	그들은 모두 함께 합창을 불렀습니다.
恋しい	こいしい	그립다	형용사	N2	日本のコッペパンが恋しいです。	にほんのコッペパンがこいしいです。	일본의 콧페빵이 그립습니다.
工員	こういん	공원	사람	N2	彼は新しい工員を採用した。	かれはあたらしいこういんをさいようした。	그는 새 공장 직원을 채용했습니다.
強引	ごういん	억지스러움	형용사	N2	与党は強引に税制法案を通過させた。	よとうはごういんにぜいせいほうあんをつうかさせた。	여당은 억지로 세제 법안을 통과시켰습니다.
公害	こうがい	공해	사물	N2	講師は公害問題について講演した。	こうしはこうがいもんだいについてこうえんした。	강사는 공해 문제에 대해 강연했습니다.
高級	こうきゅう	고급	사물	N2	海外の子会社は最高級品を生産しています。	かいがいのこがいしゃはさいこうきゅうひんをせいさんしています。	해외 자회사는 최고급품을 생산하고 있습니다.
公共	こうきょう	공공	사물	N2	公共の交通輸送機関は正確に動いています。	こうきょうのこうつうゆそうきかんはせいかくにうごいています。	공공 교통 수송 기관은 정확하게 움직이고 있습니다.
工芸	こうげい	공예	사물	N2	彼は美術工芸を学校で教えている。	かれはびじゅつこうげいをがっこうでおしえている。	그는 미술 공예를 학교에서 가르치고 있습니다.
孝行	こうこう	효도	사물	N2	敬老の日には祖父母を訪ねて孝行します。	けいろうのひにはそふぼをたずねてこうこうします。	경로의 날에는 조부모를 찾아뵙고 효도합니다.
交差	こうさ	교차	사물	N2	その棒は交差しておかれた。	そのぼうはこうさしておかれた。	그 막대는 교차해 놓였습니다.
講師	こうし	강사	사람	N2	正確に言うと私は大学講師です。	せいかくにいうとわたしはだいがくこうしです。	정확히 말하면 저는 대학 강사입니다.
工事	こうじ	공사	사물	N2	職員室と体育館は、改修工事中です。	しょくいんしつとたいいくかんは、かいしゅうこうじちゅうです。	교무실과 체육관은 개수 공사 중입니다.
公式	こうしき	공식	사물	N2	彼の公式の肩書きは環境庁長官です。	かれのこうしきのかたがきはかんきょうちょうちょうかんです。	그의 공식 직함은 환경청 장관입니다.
口実	こうじつ	구실	사물	N2	彼は遅刻の口実をこしらえた。	かれはちこくのこうじつをこしらえた。	그는 지각의 구실을 만들었습니다.
こうして	こうして	이렇게	부사	N2	こうして私は魚を料理します。	こうしてわたしはさかなをりょうりします。	이렇게 저는 생선을 요리합니다.
公衆	こうしゅう	공중	사람	N2	あの角に公衆電話はあります。	あのかくにこうしゅうでんわはあります。	저 모퉁이에 공중전화는 있습니다.
香水	こうすい	향수	사물	N2	安い香水をつけるのは、やだな。	やすいこうすいをつけるのは、やだな。	싼 향수를 뿌리는 건 싫네요.
功績	こうせき	공적	사물	N2	彼の功績は特筆大書すべきものがある。	かれのこうせきはとくひつたいしょすべきものがある。	그의 공적은 특별히 크게 적어야 할 것이 있습니다.
光線	こうせん	광선	자연	N2	このランプは強い光線を出す。	このランプはつよいこうせんをだす。	이 램프는 강한 광선을 냅니다.
高層	こうそう	고층	사물	N2	高層ビルがたくさんあります。	こうそうビルがたくさんあります。	고층 빌딩이 많이 있습니다.
構造	こうぞう	구조	사물	N2	社会構造はそれほど変わらない。	しゃかいこうぞうはそれほどかわらない。	사회 구조는 그다지 변하지 않습니다.
交替	こうたい	교체	사물	N2	ジョンと私は交替で運転した。	ジョンとわたしはこうたいでうんてんした。	존과 저는 교대로 운전했습니다.
交代	こうたい	교대	사물	N2	父が寝たきりなので私たちが交代で面倒をみています。	ちちがねたきりなのでわたしたちがこうたいでめんどうをみています。	아버지가 누워만 계셔서 저희가 교대로 돌보고 있습니다.
校庭	こうてい	교정	장소	N2	校庭はたいへん小さかったです。	こうていはたいへんちいさかったです。	교정은 아주 작았습니다.
肯定	こうてい	긍정	사물	N2	その子の肯定的な面を見よう。	そのこのこうていてきなめんをみよう。	그 아이의 긍정적인 면을 봅시다.
高度	こうど	고도	사물	N2	これより次第に高度を下げてまいります。	これよりしだいにこうどをさげてまいります。	이제부터 점차 고도를 낮추겠습니다.
高等	こうとう	고등	사물	N2	彼は高等学校の生徒ではありません。	かれはこうとうがっこうのせいとではありません。	그는 고등학교 학생이 아닙니다.
合同	ごうどう	합동	사물	N2	次の図形と合同な図形をかきましょう。	つぎのづけいとごうどうなづけいをかきましょう。	다음 도형과 합동인 도형을 그립시다.
公表	こうひょう	공표	사물	N2	結果が公表され次第お知らせします。	けっかがこうひょうされしだいおしらせします。	결과가 공표되는 대로 알려드리겠습니다.
鉱物	こうぶつ	광물	자연	N2	オーストラリアは鉱物が豊富だ。	オーストラリアはこうぶつがほうふだ。	호주는 광물이 풍부합니다.
公務	こうむ	공무	사물	N2	公務のために多くの時間がとられる。	こうむのためにおおくのじかんがとられる。	공무 때문에 많은 시간이 듭니다.
項目	こうもく	항목	사물	N2	この本は何の項目に入りますか。	このほんはなにのこうもくにはいりますか。	이 책은 어떤 항목에 들어갑니까?
紅葉	こうよう	단풍	자연	N2	秋になると紅葉します。	あきになるともみじします。	가을이 되면 단풍이 듭니다.
合理	ごうり	합리	사물	N2	トムは合理的だと思います。	トムはごうりてきだとおもいます。	톰은 합리적이라고 생각합니다.
交流	こうりゅう	교류	사물	N2	異文化交流は大切だと思います。	いぶんかこうりゅうはたいせつだとおもいます。	이문화 교류는 중요하다고 생각합니다.
合流	ごうりゅう	합류	사물	N2	後であなたたちに合流します。	あとであなたたちにごうりゅうします。	나중에 여러분과 합류하겠습니다.
効力	こうりょく	효력	사물	N2	その法律にはもはや効力はない。	そのほうりつにはもはやこうりょくはない。	그 법률에는 이제 효력이 없습니다.
焦がす	こがす	태우다	동사	N2	トーストを焦がしてしまった。	トーストをこがしてしまった。	토스트를 태워 버렸습니다.
国王	こくおう	국왕	사람	N2	今の国王が会合に出席されている。	いまのこくおうがかいごうにしゅっせきされている。	지금의 국왕이 회합에 참석하고 계십니다.
国立	こくりつ	국립	사물	N2	この国立公園には景色のいい所がたくさんある。	このこくりつこうえんにはけしきのいいところがたくさんある。	이 국립공원에는 경치 좋은 곳이 많이 있습니다.
焦げる	こげる	타다	동사	N2	このコーヒーは焦げた味がする。	このコーヒーはこげたあじがする。	이 커피는 탄 맛이 납니다.
凍える	こごえる	얼다	동사	N2	急いで、トム。凍えちゃう。	いそいで、トム。こごえちゃう。	서둘러, 톰. 얼어 버리겠어.
心当たり	こころあたり	짐작	사물	N2	心当たりはないよ。	こころあたりはないよ。	짐작 가는 데가 없어요.
心得る	こころえる	알다	동사	N2	トムは笑いのツボを心得ている。	トムはわらいのツボをこころえている。	톰은 웃음 포인트를 잘 압니다.
腰掛け	こしかけ	의자	사물	N2	アニー、あそこに腰掛けましょう。	アニー、あそこにこしかけましょう。	애니, 저기에 앉읍시다.
腰掛ける	こしかける	걸터앉다	동사	N2	トムはベンチに腰掛けました。	トムはベンチにこしかけました。	톰은 벤치에 걸터앉았습니다.
五十音	ごじゅうおん	오십음	사물	N2	氏名は五十音順です。	しめいはごじゅうおんじゅんです。	이름은 오십음순입니다.
こしらえる	こしらえる	만들다	동사	N2	彼は借金をこしらえた。	かれはしゃっきんをこしらえた。	그는 빚을 만들었습니다.
個体	こたい	개체	사물	N2	個体発生は系統発生を繰り返す。	こたいはっせいはけいとうはっせいをくりかえす。	개체 발생은 계통 발생을 되풀이합니다.
小遣い	こづかい	용돈	사물	N2	トムは自分の子にお小遣いをあげてます。	トムはじぶんのこにおこづかいをあげてます。	톰은 자기 아이에게 용돈을 주고 있습니다.
コック	コック	요리사	사람	N2	私はコックです。	わたしはコックです。	저는 요리사입니다.
こっそり	こっそり	몰래	부사	N2	こっそり彼にお金を返したんだ。	こっそりかれにおかねをかえしたんだ。	몰래 그에게 돈을 돌려줬습니다.
古典	こてん	고전	사물	N2	古典の文学書を読むことは価値のあることです。	こてんのぶんがくしょをよむことはかちのあることです。	고전 문학서를 읽는 것은 가치 있는 일입니다.
こないだ	こないだ	요전	시간	N2	こないだ貸した本返してほしいんだけど。	こないだかしたほんかえしてほしいんだけど。	요전에 빌려준 책 돌려줬으면 하는데.
御無沙汰	ごぶさた	격조	사물	N2	長いこと御無沙汰いたしました。	ながいことごぶさたいたしました。	오랫동안 격조했습니다.
ゴム	ゴム	고무	사물	N2	新しいヘアゴムを買いたい。	あたらしいヘアゴムをかいたい。	새 머리끈을 사고 싶습니다.
御免	ごめん	사양	사물	N2	まあ面倒はできれば御免願いたいが。	まあめんどうはできればごめんねがいたいが。	뭐 번거로움은 되도록 사양하고 싶지만.
小指	こゆび	새끼손가락	사람	N2	足の小指が痛むんだ。	あしのこゆびがいたむんだ。	발 새끼발가락이 아픕니다.
堪える	こらえる	견디다	동사	N2	この船は遠洋航海には堪えない。	このふねはえんようこうかいにはこたえない。	이 배는 원양 항해에는 견디지 못합니다.
娯楽	ごらく	오락	사물	N2	あなたのお好きな娯楽は何ですか。	あなたのおすきなごらくはなんですか。	당신이 좋아하는 오락은 무엇입니까?
御覧	ごらん	보심	사물	N2	その眠っている赤ちゃんを御覧なさい。	そのねむっているあかちゃんをごらんなさい。	그 자고 있는 아기를 보세요.
コレクション	コレクション	컬렉션	사물	N2	彼は私に切手のコレクションを見せてくれた。	かれはわたしにきってのコレクションをみせてくれた。	그는 저에게 우표 컬렉션을 보여 주었습니다.
転がす	ころがす	굴리다	동사	N2	子供たちが大きな雪の玉を転がしていた。	こどもたちがおおきなゆきのたまをころがしていた。	아이들이 큰 눈덩이를 굴리고 있었습니다.
転がる	ころがる	구르다	동사	N2	ボールは道の向こう側に転がった。	ボールはみちのむこうがわにころがった。	공은 길 건너편으로 굴러갔습니다.
紺	こん	감색	사물	N2	メアリーは紺のワンピースを着ていた。	メアリーはこんのワンピースをきていた。	메리는 감색 원피스를 입고 있었습니다.
コンクール	コンクール	콩쿠르	사물	N2	まもなく音楽コンクールがあります。	まもなくおんがくコンクールがあります。	곧 음악 콩쿠르가 있습니다.
コンクリート	コンクリート	콘크리트	사물	N2	その工場はコンクリートで建造された。	そのこうじょうはコンクリートでけんぞうされた。	그 공장은 콘크리트로 건조되었습니다.
混合	こんごう	혼합	사물	N2	もういちど三種混合の予防接種をしなければならないのです。	もういちどさんしゅこんごうのよぼうせっしゅをしなければならないのです。	한 번 더 삼종 혼합 예방 접종을 해야 합니다.
コンセント	コンセント	콘센트	사물	N2	プリンターのコンセントが抜けてる。	プリンターのコンセントがぬけてる。	프린터 콘센트가 빠져 있어요.
献立	こんだて	식단	음식	N2	毎日の献立を考えるのも大変なんだよ。	まいにちのこんだてをかんがえるのもたいへんなんだよ。	매일 식단을 생각하는 것도 힘들어요.
サークル	サークル	서클	사람	N2	大学のサークル活動を通して、多くの仲間と出会った。	だいがくのサークルかつどうをとおして、おおくのなかまとであった。	대학 서클 활동을 통해 많은 동료를 만났습니다.
在学	ざいがく	재학	사물	N2	彼の息子は今大学に在学中です。	かれのむすこはこんだいがくにざいがくちゅうです。	그의 아들은 지금 대학에 재학 중입니다.
再三	さいさん	재삼	부사	N2	彼は再三再四それをやってみた。	かれはさいさんさいよんそれをやってみた。	그는 재삼재사 그것을 해 봤습니다.
祭日	さいじつ	국경일	시간	N2	今度の祭日は日曜日と重なります。	こんどのさいじつはにちようびとかさなります。	이번 명절은 일요일과 겹칩니다.
催促	さいそく	재촉	사물	N2	しびれを切らして借金の催促をした。	しびれをきらしてしゃっきんのさいそくをした。	참다못해 빚 독촉을 했습니다.
採点	さいてん	채점	사물	N2	その答えは間違いと採点された。	そのこたえはまちがいとさいてんされた。	그 답은 틀림으로 채점되었습니다.
災難	さいなん	재난	사물	N2	あれ以後は災難続きです。	あれいごはさいなんつづきです。	그 이후로는 재난 연속입니다.
裁縫	さいほう	바느질	사물	N2	彼女は裁縫が上手です。	かのじょはさいほうがじょうずです。	그녀는 바느질을 잘합니다.
材木	ざいもく	목재	사물	N2	ひろしは材木をひいて板にしています。	ひろしはざいもくをひいていたにしています。	히로시는 목재를 켜서 판자로 만들고 있습니다.
サイレン	サイレン	사이렌	사물	N2	サイレンが急変を知らせました。	サイレンがきゅうへんをしらせました。	사이렌이 급변을 알렸습니다.
逆さ	さかさ	거꾸로	사물	N2	彼はボールペンを逆さに持った。	かれはボールペンをさかさにもった。	그는 볼펜을 거꾸로 잡았습니다.
逆様	さかさま	거꾸로	사물	N2	彼は真っ逆様にプールに落ちた。	かれはまっさかさまにプールにおちた。	그는 곤두박질쳐 수영장에 떨어졌습니다.
捜す	さがす	찾다	동사	N2	電話をかけるため、ポケットに手を入れて硬貨を捜した。	でんわをかけるため、ポケットにてをいれてこうかをさがした。	전화를 걸려고 주머니에 손을 넣어 동전을 찾았습니다.
遡る	さかのぼる	거슬러 올라가다	동사	N2	映画は第二次世界大戦に遡る。	えいがはだいにじせかいたいせんにさかのぼる。	영화는 제2차 세계대전으로 거슬러 올라갑니다.
酒場	さかば	술집	장소	N2	彼はその酒場で歯医者に成りすましていた。	かれはそのさかばではいしゃになりすましていた。	그는 그 술집에서 치과의사 행세를 하고 있었습니다.
先程	さきほど	아까	시간	N2	彼は先程家に帰ってきた。	かれはさきほどかにかえってきた。	그는 아까 집에 돌아왔습니다.
索引	さくいん	색인	사물	N2	その本には索引がついていますか。	そのほんにはさくいんがついていますか。	그 책에는 색인이 붙어 있습니까?
作者	さくしゃ	작자	사람	N2	この小説の作者はだれだと思いますか。	このしょうせつのさくしゃはだれだとおもいますか。	이 소설의 작자는 누구라고 생각합니까?
削除	さくじょ	삭제	사물	N2	それを削除できると思います。	それをさくじょできるとおもいます。	그것을 삭제할 수 있다고 생각합니다.
作成	さくせい	작성	사물	N2	彼は今書類を作成しています。	かれはこんしょるいをさくせいしています。	그는 지금 서류를 작성하고 있습니다.
探る	さぐる	더듬다	동사	N2	遠まわしに彼の意見を探った。	とおまわしにかれのいけんをさぐった。	에둘러 그의 의견을 떠봤습니다.
囁く	ささやく	속삭이다	동사	N2	彼は私の耳元でその答えを囁いた。	かれはわたしのみみもとでそのこたえをささやいた。	그는 제 귓가에 그 답을 속삭였습니다.
匙	さじ	숟가락	사물	N2	彼には先生も匙を投げている。	かれにはせんせいもさじをなげている。	그에게는 선생님도 두 손 들었습니다.
差し支え	さしつかえ	지장	사물	N2	差し支えなければ同行したいのですが。	さしつかえなければどうこうしたいのですが。	지장 없으면 동행하고 싶습니다만.
刺身	さしみ	회	음식	N2	この季節はカツオの刺身が絶品です。	このきせつはカツオのさしみがぜっぴんです。	이 계절은 가다랑어 회가 일품입니다.
撮影	さつえい	촬영	사물	N2	ここでストロボ撮影をしてもいいですか。	ここでストロボさつえいをしてもいいですか。	여기서 플래시 촬영을 해도 됩니까?
雑音	ざつおん	잡음	사물	N2	その雑音は、私の神経にさわります。	そのざつおんは、わたしのしんけいにさわります。	그 잡음은 제 신경을 건드립니다.
さっさと	さっさと	후딱	부사	N2	さっさと出ていけばいいと思う。	さっさとでていけばいいとおもう。	후딱 나가면 된다고 생각합니다.
早速	さっそく	즉시	부사	N2	早速には返事をしかねます。	さっそくにはへんじをしかねます。	즉시는 답장을 드리기 어렵습니다.
錆	さび	녹	사물	N2	彼はやすりで錆を落とした。	かれはやすりでさびをおとした。	그는 줄로 녹을 벗겨냈습니다.
錆びる	さびる	녹슬다	동사	N2	最近のステンレスって錆びるよね。	さいきんのステンレスってさびるよね。	요즘 스테인리스도 녹슬죠.
座布団	ざぶとん	방석	사물	N2	この座布団を干して下さい。	このざぶとんをほしてください。	이 방석을 말려 주세요.
妨げる	さまたげる	방해하다	동사	N2	事故のために交通が妨げられた。	じこのためにこうつうがさまたげられた。	사고 때문에 교통이 방해받았습니다.
サラリーマン	サラリーマン	샐러리맨	사람	N2	私はしがないサラリーマンです。	わたしはしがないサラリーマンです。	저는 보잘것없는 샐러리맨입니다.
騒がしい	さわがしい	시끄럽다	형용사	N2	ここで騒がしくしてはいけない。	ここでさわがしくしてはいけない。	여기서 시끄럽게 해서는 안 됩니다.
さわやか	さわやか	상쾌함	형용사	N2	私はとても気分がさわやかだ。	わたしはとてもきぶんがさわやかだ。	저는 아주 기분이 상쾌합니다.
三角	さんかく	삼각	사물	N2	あの子が球面三角を書きました。	あのこがきゅうめんさんかくをかきました。	저 아이가 구면삼각을 그렸습니다.
算数	さんすう	산수	사물	N2	今日、算数のテストがあったんだ。	きょう、さんすうのテストがあったんだ。	오늘 산수 시험이 있었어.
産地	さんち	산지	장소	N2	その地方はお茶の産地です。	そのちほうはおちゃのさんちです。	그 지방은 차의 산지입니다.
サンプル	サンプル	샘플	사물	N2	これはサンプルです。	これはサンプルです。	이것은 샘플입니다.
シーズン	シーズン	시즌	시간	N2	スイカは今がシーズンです。	スイカはいまがシーズンです。	수박은 지금이 제철입니다.
シーツ	シーツ	시트	사물	N2	シーツは綿じゃないとダメなんだ。	シーツはめんじゃないとダメなんだ。	시트는 면이 아니면 안 돼.
仕上がる	しあがる	완성되다	동사	N2	洗濯物は仕上がっていますか。	せんたくぶつはしあがっていますか。	세탁물은 다 되었습니까?
明明後日	しあさって	글피	시간	N2	明明後日にまた上げる。	しあさってにまたあげる。	글피에 다시 올리겠습니다.
寺院	じいん	사원	장소	N2	ヒンズー教徒は寺院で礼拝をします。	ヒンズーきょうとはじいんでれいはいをします。	힌두교도는 사원에서 예배를 합니다.
塩辛	しおから	젓갈	음식	N2	このカツオの塩辛は塩辛すぎる。	このカツオのしおからはしおからすぎる。	이 가다랑어 젓갈은 너무 짭니다.
塩辛い	しおからい	짜다	형용사	N2	スープ、めちゃ塩辛いんだけど。	スープ、めちゃしおからいんだけど。	수프, 엄청 짠데요.
司会	しかい	사회	사람	N2	その会議は森首相が司会をした。	そのかいぎはもりしゅしょうがしかいをした。	그 회의는 모리 총리가 사회를 봤습니다.
四角い	しかくい	네모나다	형용사	N2	必要なのは四角いテーブルで、円卓ではない。	ひつようなのはしかくいテーブルで、えんたくではない。	필요한 것은 네모난 테이블이지 원탁이 아닙니다.
時間割	じかんわり	시간표	사물	N2	時間割をもらえますか。	じかんわりをもらえますか。	시간표를 받을 수 있을까요?
敷地	しきち	부지	장소	N2	大学は敷地内にスカッシュコートを完備しています。	だいがくはしきちないにスカッシュコートをかんびしています。	대학은 부지 안에 스쿼시 코트를 완비하고 있습니다.
敷く	しく	깔다	동사	N2	机のしたにカーペットを敷いた。	つくえのしたにカーペットをしいた。	책상 아래에 카펫을 깔았습니다.
茂る	しげる	무성하다	동사	N2	その木は大枝小枝が茂りすぎている。	そのきはおおえださえがしげりすぎている。	그 나무는 큰 가지 작은 가지가 너무 무성합니다.
持参	じさん	지참	사물	N2	この小切手は持参人払いだ。	このこぎってはじさんひとばらいだ。	이 수표는 지참인 지급입니다.
磁石	じしゃく	자석	사물	N2	地球は大きな磁石のようなものです。	ちきゅうはおおきなじしゃくのようなものです。	지구는 큰 자석 같은 것입니다.
四捨五入	ししゃごにゅう	반올림	사물	N2	一円以下は四捨五入してよろしい。	いちえんいかはししゃごにゅうしてよろしい。	1엔 이하는 반올림해도 됩니다.
始終	しじゅう	늘	부사	N2	私は始終あなたのことを考えています。	わたしはしじゅうあなたのことをかんがえています。	저는 늘 당신을 생각하고 있습니다.
自習	じしゅう	자습	사물	N2	自習時間に集中して勉強ができた。	じしゅうじかんにしゅうちゅうしてべんきょうができた。	자습 시간에 집중해서 공부할 수 있었습니다.
静まる	しずまる	가라앉다	동사	N2	音は静まり次第に消えて行った。	おとはしずまりしだいにきえていった。	소리는 잦아들어 점차 사라져 갔습니다.
姿勢	しせい	자세	사물	N2	彼はまっすぐな姿勢で立っていた。	かれはまっすぐなしせいでたっていた。	그는 곧은 자세로 서 있었습니다.
時速	じそく	시속	사물	N2	その列車は時速五十マイルの速さで走っている。	そのれっしゃはじそくごじゅうマイルのはやさではしっている。	그 열차는 시속 50마일의 속도로 달리고 있습니다.
子孫	しそん	자손	사람	N2	子孫にきれいな、緑の地球を残したい。	しそんにきれいな、みどりのちきゅうをのこしたい。	자손에게 깨끗하고 푸른 지구를 남기고 싶습니다.
死体	したい	시신	사물	N2	事故の現場に死体はありませんでした。	じこのげんばにしたいはありませんでした。	사고 현장에 시신은 없었습니다.
下書き	したがき	초고	사물	N2	私はスピーチの下書きを書いています。	わたしはスピーチのしたがきをかいています。	저는 연설 초고를 쓰고 있습니다.
自宅	じたく	자택	장소	N2	彼はたった今自宅に帰りついた。	かれはたったいまじたくにかえりついた。	그는 방금 자택에 도착했습니다.
下町	したまち	서민 동네	장소	N2	ここはしがない下町の店です。	ここはしがないしたまちのみせです。	여기는 보잘것없는 서민 동네 가게입니다.
自治	じち	자치	사물	N2	ロシアや中国は多くの自治区を持ちます。	ロシアやちゅうごくはおおくのじちくをもちます。	러시아나 중국은 많은 자치구를 갖고 있습니다.
実感	じっかん	실감	사물	N2	プロとアマチュアの違いを実感する。	プロとアマチュアのちがいをじっかんする。	프로와 아마추어의 차이를 실감합니다.
しつこい	しつこい	끈질기다	형용사	N2	ここにしつこい痛みがあります。	ここにしつこいいたみがあります。	여기에 끈질긴 통증이 있습니다.
実習	じっしゅう	실습	사물	N2	私は実習をします。	わたしはじっしゅうをします。	저는 실습을 합니다.
実績	じっせき	실적	사물	N2	彼はその実績で金メダルを与えられた。	かれはそのじっせきできんめだるをあたえられた。	그는 그 실적으로 금메달을 받았습니다.
執筆	しっぴつ	집필	사물	N2	この小説は、有名なアメリカの作家が執筆したものです。	このしょうせつは、ゆうめいなアメリカのさっかがしっぴつしたものです。	이 소설은 유명한 미국 작가가 집필한 것입니다.
実物	じつぶつ	실물	사물	N2	この像は実物大です。	このぞうはじつぶつだいです。	이 상은 실물 크기입니다.
しっぽ	しっぽ	꼬리	자연	N2	しっぽが短く切られた犬を見た。	しっぽがみじかくきられたいぬをみた。	꼬리가 짧게 잘린 개를 봤습니다.
実用	じつよう	실용	사물	N2	パソコンを持つことは実用的です。	パソコンをもつことはじつようてきです。	컴퓨터를 갖는 것은 실용적입니다.
実例	じつれい	실례	사물	N2	彼は私に実例をあたえてくれた。	かれはわたしにじつれいをあたえてくれた。	그는 저에게 실례를 주었습니다.
失恋	しつれん	실연	사물	N2	失恋して落ち込んでいます。	しつれんしておちこんでいます。	실연해서 침울해 있습니다.
指定	してい	지정	사물	N2	この映画の指定席はありますか。	このえいがのしていせきはありますか。	이 영화의 지정석은 있습니까?
縛る	しばる	묶다	동사	N2	かれらは彼の両足を縛りあわせた。	かれらはかれのりょうあしをしばりあわせた。	그들은 그의 두 발을 함께 묶었습니다.
地盤	じばん	지반	사물	N2	地盤が柔らかいので、その道路は掘りやすいです。	じばんがやわらかいので、そのどうろはほりやすいです。	지반이 부드러워서 그 도로는 파기 쉽습니다.
しびれる	しびれる	저리다	동사	N2	左手がしびれるんです。	ひだりてがしびれるんです。	왼손이 저립니다.
紙幣	しへい	지폐	사물	N2	入っていたのは紙幣の大きさに切った紙切れだった。	はいっていたのはしへいのおおきさにきったかみきれだった。	들어 있던 것은 지폐 크기로 자른 종잇조각이었습니다.
しぼむ	しぼむ	시들다	동사	N2	花は切られるとすぐにしぼむ。	はなはきられるとすぐにしぼむ。	꽃은 잘리면 바로 시듭니다.
絞る	しぼる	짜다	동사	N2	この明るさで絞りはどのくらいですか。	このあかるさでしぼりはどのくらいですか。	이 밝기로 조리개는 어느 정도입니까?
縞	しま	줄무늬	사물	N2	シマウマは縞模様をしてます。	シマウマはしまもようをしてます。	얼룩말은 줄무늬를 하고 있습니다.
しみじみ	しみじみ	절실히	부사	N2	人生の無常をしみじみと感じる。	じんせいのむじょうをしみじみとかんじる。	인생의 무상함을 절실히 느낍니다.
氏名	しめい	성명	사물	N2	あなたの氏名は何ですか。	あなたのしめいはなんですか。	당신의 성명은 무엇입니까?
締切	しめきり	마감	시간	N2	レポートの締切が近いので、私はとんでもなく忙しい。	レポートのしめきりがちかいので、わたしはとんでもなくいそがしい。	리포트 마감이 가까워서 저는 엄청나게 바쁩니다.
締め切る	しめきる	마감하다	동사	N2	ラスト・オーダーは締め切らせていただきました。	ラスト・オーダーはしめきらせていただきました。	라스트 오더는 마감했습니다.
しめる	しめる	닫다	동사	N2	窓をしめるようおねがいできますか。	まどをしめるようおねがいできますか。	창문을 닫아 주실 수 있을까요?
地面	じめん	지면	자연	N2	トムはラケットを地面に置いた。	トムはラケットをじめんにおいた。	톰은 라켓을 지면에 놓았습니다.
ジャーナリスト	ジャーナリスト	기자	사람	N2	息子はジャーナリストなんです。	むすこはジャーナリストなんです。	아들은 기자입니다.
しゃがむ	しゃがむ	쭈그리다	동사	N2	トムはしゃがみ込んだ。	トムはしゃがみこんだ。	톰은 쭈그리고 앉았습니다.
蛇口	じゃぐち	수도꼭지	사물	N2	水が蛇口からシンクへと流れゆく。	みずがじゃぐちからシンクへとながれゆく。	물이 수도꼭지에서 싱크대로 흘러갑니다.
弱点	じゃくてん	약점	사물	N2	これが彼女の弱点です。	これがかのじょのじゃくてんです。	이것이 그녀의 약점입니다.
車庫	しゃこ	차고	장소	N2	私たちは車庫付きの家を捜しています。	わたしたちはしゃこつきのいえをさがしています。	저희는 차고 딸린 집을 찾고 있습니다.
車掌	しゃしょう	차장	사람	N2	大人になったら、車掌になりたい。	おとなになったら、しゃしょうになりたい。	어른이 되면 차장이 되고 싶습니다.
写生	しゃせい	사생	사물	N2	彼はりんごを写生した。	かれはりんごをしゃせいした。	그는 사과를 사생했습니다.
社説	しゃせつ	사설	사물	N2	今朝の新聞の社説を読みましたか。	けさのしんぶんのしゃせつをよみましたか。	오늘 아침 신문의 사설을 읽었습니까?
しゃっくり	しゃっくり	딸꾹질	사물	N2	しゃっくりがよく出ます。	しゃっくりがよくでます。	딸꾹질이 자주 납니다.
シャッター	シャッター	셔터	사물	N2	シャッターを押してくれますか。	シャッターをおしてくれますか。	셔터를 눌러 주시겠습니까?
しゃぶる	しゃぶる	빨다	동사	N2	私は夏は凍った棒アイスクリームをしゃぶるのが好きです。	わたしはなつはこおったぼうアイスクリームをしゃぶるのがすきです。	저는 여름에 언 막대 아이스크림을 빠는 것을 좋아합니다.
車輪	しゃりん	바퀴	사물	N2	車輪はゆっくり転がり始めた。	しゃりんはゆっくりころがりはじめた。	바퀴는 천천히 구르기 시작했습니다.
洒落	しゃれ	익살	사물	N2	非常にうまい洒落だったので、満場爆笑した。	ひじょうにうまいしゃらくだったので、まんじょうばくしょうした。	아주 훌륭한 말장난이라 장내가 폭소했습니다.
集会	しゅうかい	집회	사물	N2	月に一度、集会を行っています。	つきにいちど、しゅうかいをいっています。	한 달에 한 번 집회를 하고 있습니다.
住居	じゅうきょ	주거	장소	N2	世帯とは住居や生計を同じくしている集団です。	せたいとはじゅうきょやせいけいをおなじくしているしゅうだんです。	세대란 주거나 생계를 함께하는 집단입니다.
集合	しゅうごう	집합	사물	N2	私は集合住宅に住んでいます。	わたしはしゅうごうじゅうたくにすんでいます。	저는 집합 주택에 살고 있습니다.
習字	しゅうじ	습자	사물	N2	手本を見ながら習字をしました。	てほんをみながらしゅうじをしました。	본보기를 보면서 습자를 했습니다.
修繕	しゅうぜん	수선	사물	N2	家を修繕しなくてはならない。	いえをしゅうぜんしなくてはならない。	집을 수선해야 합니다.
終点	しゅうてん	종점	장소	N2	この線の終点はどこですか。	このせんのしゅうてんはどこですか。	이 노선의 종점은 어디입니까?
重点	じゅうてん	중점	사물	N2	この辞書は特に語法に重点を置いている。	このじしょはとくにごほうにじゅうてんをおいている。	이 사전은 특히 어법에 중점을 두고 있습니다.
就任	しゅうにん	취임	사물	N2	彼らは彼を委員会の議長に就任させた。	かれらはかれをいいんかいのぎちょうにしゅうにんさせた。	그들은 그를 위원회 의장에 취임시켰습니다.
周辺	しゅうへん	주변	장소	N2	彼は南極周辺の地域を探検した。	かれはなんきょくしゅうへんのちいきをたんけんした。	그는 남극 주변 지역을 탐험했습니다.
重役	じゅうやく	중역	사람	N2	重役たちは朝食会に集まっています。	じゅうやくたちはちょうしょくかいにあつまっています。	중역들은 조찬회에 모여 있습니다.
終了	しゅうりょう	종료	사물	N2	試合は終了です。	しあいはしゅうりょうです。	시합은 종료입니다.
重量	じゅうりょう	중량	사물	N2	これは重量オーバーです。	これはじゅうりょうオーバーです。	이것은 중량 초과입니다.
重力	じゅうりょく	중력	자연	N2	重力波は探知するのが非常に難しい。	じゅうりょくははたんちするのがひじょうにむずかしい。	중력파는 탐지하기가 매우 어렵습니다.
熟語	じゅくご	숙어	사물	N2	日本語は四字熟語って結構あるね。	にほんごはよんじじゅくごってけっこうあるね。	일본어는 사자성어가 꽤 있네요.
祝日	しゅくじつ	축일	시간	N2	九月七日はブラジルの祝日です。	くがつなのかはブラジルのしゅくじつです。	9월 7일은 브라질의 축일입니다.
縮小	しゅくしょう	축소	사물	N2	国内市場の縮小はインフレに依るものです。	こくないしじょうのしゅくしょうはインフレによるものです。	국내 시장의 축소는 인플레이션에 의한 것입니다.
受験	じゅけん	수험	사물	N2	私は受験勉強に専念するつもりです。	わたしはじゅけんべんきょうにせんねんするつもりです。	저는 수험 공부에 전념할 생각입니다.
主語	しゅご	주어	사물	N2	文には普通、主語と動詞がある。	ぶんにはふつう、しゅごとどうしがある。	문장에는 보통 주어와 동사가 있습니다.
出勤	しゅっきん	출근	사물	N2	彼は雨の日以外は毎日徒歩で出勤します。	かれはあめのひいがいはまいにちとほでしゅっきんします。	그는 비 오는 날 외에는 매일 걸어서 출근합니다.
出張	しゅっちょう	출장	사물	N2	父はよく出張でパリへ行きます。	ちちはよくしゅっちょうでパリへいきます。	아버지는 자주 출장으로 파리에 갑니다.
寿命	じゅみょう	수명	시간	N2	日本での平均寿命はどれだけですか。	にほんでのへいきんじゅみょうはどれだけですか。	일본에서의 평균 수명은 얼마입니까?
主役	しゅやく	주역	사람	N2	次の文化祭で初めて主役を演じることになっています。	つぎのぶんかさいではじめてしゅやくをえんじることになっています。	다음 문화제에서 처음으로 주역을 연기하게 되어 있습니다.
受話器	じゅわき	수화기	사물	N2	彼は座るとすぐに受話器をとった。	かれはすわるとすぐにじゅわきをとった。	그는 앉자마자 수화기를 들었습니다.
循環	じゅんかん	순환	사물	N2	カナダでは季節の循環がはっきり見られます。	カナダではきせつのじゅんかんがはっきりみられます。	캐나다에서는 계절의 순환이 뚜렷이 보입니다.
巡査	じゅんさ	순경	사람	N2	すぐに巡査が呼びにやられた。	すぐにじゅんさがよびにやられた。	곧 순경이 불려 갔습니다.
順序	じゅんじょ	순서	사물	N2	トムさんは考えを順序立てられませんでした。	トムさんはかんがえをじゅんじょたてられませんでした。	톰 씨는 생각을 순서대로 세우지 못했습니다.
純情	じゅんじょう	순정	사물	N2	君って、意外に純情だね。	きみって、いがいにじゅんじょうだね。	너 의외로 순수하네.
純粋	じゅんすい	순수함	형용사	N2	彼女は言われたこと全てを信じるとても純粋な子です。	かのじょはいわれたことすべてをしんじるとてもじゅんすいなこです。	그녀는 들은 것 모두를 믿는 아주 순수한 아이입니다.
消化	しょうか	소화	사물	N2	おかゆは消化しやすいんです。	おかゆはしょうかしやすいんです。	죽은 소화하기 쉽습니다.
小学生	しょうがくせい	초등학생	사람	N2	この本は、小学生の時に読んだよ。	このほんは、しょうがくせいのときによんだよ。	이 책은 초등학생 때 읽었어요.
将棋	しょうぎ	장기	사물	N2	私は将棋をすることが好きだ。	わたしはしょうぎをすることがすきだ。	저는 장기 두는 것을 좋아합니다.
蒸気	じょうき	증기	자연	N2	この船は蒸気で動かされている。	このふねはじょうきでうごかされている。	이 배는 증기로 움직입니다.
定規	じょうぎ	자	사물	N2	定規は直線を引くのに役立つ。	じょうぎはちょくせんをひくのにやくだつ。	자는 직선을 긋는 데 도움이 됩니다.
上級	じょうきゅう	상급	사물	N2	トムは上級のスノーボーダーだ。	トムはじょうきゅうのスノーボーダーだ。	톰은 상급 스노보더입니다.
商業	しょうぎょう	상업	사물	N2	その手紙は商業用語で書かれた。	そのてがみはしょうぎょうようごでかかれた。	그 편지는 상업 용어로 쓰였습니다.
賞金	しょうきん	상금	사물	N2	協力者に対しては賞金が出ます。	きょうりょくしゃにたいしてはしょうきんがでます。	협력자에게는 상금이 나옵니다.
上下	じょうげ	상하	사물	N2	ぶらんこが上下に動いている。	ぶらんこがじょうげにうごいている。	그네가 위아래로 움직이고 있습니다.
障子	しょうじ	장지문	사물	N2	壁に耳あり、障子に目あり。	かべにみみあり、しょうじにめあり。	벽에 귀 있고 장지문에 눈 있다.
商社	しょうしゃ	상사	사물	N2	私は商社で働いています。	わたしはしょうしゃではたらいています。	저는 상사에서 일하고 있습니다.
乗車	じょうしゃ	승차	사물	N2	ご乗車ありがとうございます。	ごじょうしゃありがとうございます。	승차해 주셔서 감사합니다.
小数	しょうすう	소수	사물	N2	次の分数を小数に直しなさい。	つぎのぶんすうをしょうすうになおしなさい。	다음 분수를 소수로 고치세요.
生ずる	しょうずる	생기다	동사	N2	再開発によって地域に便益が生ずる。	さいかいはつによってちいきにべんえきがしょうずる。	재개발에 의해 지역에 편익이 생깁니다.
商店	しょうてん	상점	장소	N2	中心部にあるので商店やオフィスに行くのに便利です。	ちゅうしんぶにあるのでしょうてんやオフィスにいくのにべんりです。	중심부에 있어서 상점이나 사무실에 가기 편합니다.
焦点	しょうてん	초점	사물	N2	話の焦点は内容に置かれている。	はなしのしょうてんはないようにおかれている。	이야기의 초점은 내용에 놓여 있습니다.
消毒	しょうどく	소독	사물	N2	ほ乳瓶を煮沸消毒しなさい。	ほにゅうびんをしゃふつしょうどくしなさい。	젖병을 끓여서 소독하세요.
勝敗	しょうはい	승패	사물	N2	勝敗は問題ではない。	しょうはいはもんだいではない。	승패는 문제가 아닙니다.
蒸発	じょうはつ	증발	사물	N2	水は熱を加えると蒸発します。	みずはねつをくわえるとじょうはつします。	물은 열을 가하면 증발합니다.
勝負	しょうぶ	승부	사물	N2	パッシングではなくロブで勝負だ。	パッシングではなくロブでしょうぶだ。	패싱이 아니라 로브로 승부합니다.
小便	しょうべん	소변	사물	N2	小便の検査をします。	しょうべんのけんさをします。	소변 검사를 합니다.
消防署	しょうぼうしょ	소방서	장소	N2	消防署に連絡してください。	しょうぼうしょにれんらくしてください。	소방서에 연락해 주세요.
正面	しょうめん	정면	장소	N2	正面近くの席に座りたいのですが。	しょうめんちかくのせきにすわりたいのですが。	정면 가까운 자리에 앉고 싶습니다만.
消耗	しょうもう	소모	사물	N2	簡単そうに見えるけど、結構体力消耗するなぁ。	かんたんそうにみえるけど、けっこうたいりょくしょうもうするなぁ。	간단해 보이지만 꽤 체력 소모되네요.
初級	しょきゅう	초급	사물	N2	これは初級の教科書です。	これはしょきゅうのきょうかしょです。	이것은 초급 교과서입니다.
助教授	じょきょうじゅ	조교수	사람	N2	私は教授です、いやもっと正確に言えば、助教授です。	わたしはきょうじゅです、いやもっとせいかくにいえば、じょきょうじゅです。	저는 교수입니다, 아니 더 정확히 말하면 조교수입니다.
食塩	しょくえん	식염	음식	N2	めんどうですが食塩をとっていただけませんか。	めんどうですがしょくえんをとっていただけませんか。	번거롭지만 식염을 집어 주시겠습니까?
職人	しょくにん	장인	사람	N2	家具の工場で、家具職人をしています。	かぐのこうじょうで、かぐしょくにんをしています。	가구 공장에서 가구 장인을 하고 있습니다.
職場	しょくば	직장	장소	N2	インスは学校に行こうと職場での仕事を投げ出した。	インスはがっこうにいこうとしょくばでのしごとをなげだした。	인수는 학교에 가려고 직장에서의 일을 내던졌습니다.
書籍	しょせき	서적	사물	N2	書籍や教材から学ぶことも有効です。	しょせきやきょうざいからまなぶこともゆうこうです。	서적이나 교재에서 배우는 것도 유효합니다.
食器	しょっき	식기	사물	N2	私は食器を洗っています。	わたしはしょっきをあらっています。	저는 식기를 씻고 있습니다.
ショップ	ショップ	숍	장소	N2	コーヒーショップはどこですか。	コーヒーショップはどこですか。	커피숍은 어디입니까?
書店	しょてん	서점	장소	N2	私達は、書店に行ってきました。	わたしたちは、しょてんにいってきました。	저희는 서점에 다녀왔습니다.
書道	しょどう	서예	사물	N2	書道は少しかじったことがある。	しょどうはすこしかじったことがある。	서예는 조금 배운 적이 있습니다.
白髪	しらが	흰머리	사람	N2	白髪が急にふえています。	はくはつがきゅうにふえています。	흰머리가 갑자기 늘고 있습니다.
知り合い	しりあい	지인	사람	N2	子供のころからの知り合いです。	こどものころからのしりあいです。	어릴 적부터의 지인입니다.
私立	しりつ	사립	사물	N2	あなたは、私立高校の生徒ですか。	あなたは、しりつこうこうのせいとですか。	당신은 사립 고등학교 학생입니까?
汁	しる	국물	음식	N2	野菜多めのみそ汁がありがたい。	やさいおおめのみそじるがありがたい。	채소 많은 된장국이 고맙습니다.
芯	しん	심	사물	N2	トムはりんごの芯をゴミ箱に捨てた。	トムはりんごのしんをごみばこにすてた。	톰은 사과 속을 쓰레기통에 버렸습니다.
新幹線	しんかんせん	신칸센	사물	N2	台湾の新幹線は速く、とても便利です。	たいわんのしんかんせんははやく、とてもべんりです。	대만의 고속철도는 빠르고 아주 편리합니다.
真空	しんくう	진공	사물	N2	その実験には真空が必要だ。	そのじっけんにはしんくうがひつようだ。	그 실험에는 진공이 필요합니다.
人事	じんじ	인사	사물	N2	山田さんは人事課長です。	やまださんはじんじかちょうです。	야마다 씨는 인사과장입니다.
心身	しんしん	심신	사람	N2	祖父はまだ心身ともにしっかりしています。	そふはまだしんしんともにしっかりしています。	할아버지는 아직 심신 모두 튼튼합니다.
信ずる	しんずる	믿다	동사	N2	見ることは信ずることなり。	みることはしんずることなり。	보는 것이 믿는 것입니다.
申請	しんせい	신청	사물	N2	日本語の申請書はありますか。	にほんごのしんせいしょはありますか。	일본어 신청서는 있습니까?
人造	じんぞう	인조	사물	N2	人造皮革は本物の皮にかなわない。	じんぞうひかくはほんもののかわにかなわない。	인조 가죽은 진짜 가죽에 못 미칩니다.
寝台	しんだい	침대	사물	N2	寝台車を予約したいのですが。	しんだいしゃをよやくしたいのですが。	침대차를 예약하고 싶습니다만.
診断	しんだん	진단	사물	N2	健康診断を受けに行きます。	けんこうしんだんをうけにいきます。	건강 진단을 받으러 갑니다.
侵入	しんにゅう	침입	사물	N2	どんな目的で君はその家に侵入したのですか。	どんなもくてきできみはそのいえにしんにゅうしたのですか。	어떤 목적으로 당신은 그 집에 침입했습니까?
人命	じんめい	인명	사물	N2	どんな大金も人命には換えられない。	どんなたいきんもじんめいにはかえられない。	어떤 큰돈도 인명과는 바꿀 수 없습니다.
深夜	しんや	심야	시간	N2	日本の深夜はアメリカの朝です。	にほんのしんやはアメリカのあさです。	일본의 심야는 미국의 아침입니다.
森林	しんりん	삼림	자연	N2	その国は森林でおおわれている。	そのくにはしんりんでおおわれている。	그 나라는 삼림으로 덮여 있습니다.
親類	しんるい	친척	사람	N2	彼は私の遠い親類です。	かれはわたしのとおいしんるいです。	그는 제 먼 친척입니다.
神話	しんわ	신화	사물	N2	なにかギリシャ神話を、知っていますか。	なにかギリシャしんわを、しっていますか。	뭔가 그리스 신화를 알고 있습니까?
炊事	すいじ	취사	사물	N2	私は炊事が全然できない。	わたしはすいじがぜんぜんできない。	저는 취사를 전혀 못 합니다.
水蒸気	すいじょうき	수증기	자연	N2	雲は水蒸気のかたまりである。	くもはすいじょうきのかたまりである。	구름은 수증기 덩어리입니다.
水素	すいそ	수소	자연	N2	水素はそれ自体としては自然界に存在しない。	すいそはそれじたいとしてはしぜんかいにそんざいしない。	수소는 그 자체로는 자연계에 존재하지 않습니다.
垂直	すいちょく	수직	사물	N2	その柱は垂直になっていない。	そのはしらはすいちょくになっていない。	그 기둥은 수직이 되어 있지 않습니다.
推定	すいてい	추정	사물	N2	天文学者が局部超銀河団の存在を推定しました。	てんもんがくしゃがきょくぶちょうぎんがだんのそんざいをすいていしました。	천문학자가 국부 초은하단의 존재를 추정했습니다.
水滴	すいてき	물방울	자연	N2	植物の葉に水滴がついていてきれいだった	しょくぶつのはにすいてきがついていてきれいだった	식물 잎에 물방울이 맺혀 있어서 예뻤습니다.
水筒	すいとう	물통	사물	N2	水筒にはほとんど水が残っていない。	すいとうにはほとんどみずがのこっていない。	물통에는 물이 거의 남아 있지 않습니다.
随筆	ずいひつ	수필	사물	N2	この随筆は一個の旅行かばんについてのものです。	このずいひつはいちこのりょこうかばんについてのものです。	이 수필은 한 개의 여행 가방에 대한 것입니다.
水分	すいぶん	수분	사물	N2	暑いと、水分はすぐに蒸発してしまいます。	あついと、すいぶんはすぐにじょうはつしてしまいます。	더우면 수분은 금방 증발해 버립니다.
水平	すいへい	수평	사물	N2	水平線に漁船がいくつか見えます。	すいへいせんにぎょせんがいくつかみえます。	수평선에 어선이 몇 척 보입니다.
水面	すいめん	수면	자연	N2	死んだ魚が水面に浮かんできた。	しんださかながすいめんにうかんできた。	죽은 물고기가 수면에 떠올랐습니다.
水曜	すいよう	수요일	시간	N2	水曜の午後は授業はありません。	すいようのごごはじゅぎょうはありません。	수요일 오후는 수업이 없습니다.
末っ子	すえっこ	막내	사람	N2	マイクは末っ子です。	マイクはすえっこです。	마이크는 막내입니다.
スカーフ	スカーフ	스카프	사물	N2	このスカーフはすべすべする。	このスカーフはすべすべする。	이 스카프는 매끈매끈합니다.
図鑑	ずかん	도감	사물	N2	植物図鑑を見ながら庭の花の名前を調べている。	しょくぶつずかんをみながらにわのはなのなまえをしらべている。	식물 도감을 보면서 정원 꽃의 이름을 조사하고 있습니다.
隙	すき	틈	사물	N2	どうにか隙を見つけて逃げなければまずい。	どうにかひまをみつけてにげなければまずい。	어떻게든 틈을 찾아 도망가지 않으면 곤란합니다.
好き嫌い	すききらい	호불호	사물	N2	好き嫌い言わないで全部食べなさい。	すききらいいわないでぜんぶたべなさい。	호불호 말하지 말고 전부 먹으세요.
好き好き	すきずき	취향	사물	N2	あなたのアイデア、好き好き。	あなたのアイデア、すきずき。	당신의 아이디어, 아주 좋아요.
透き通る	すきとおる	비쳐 보이다	동사	N2	青く透き通る海に、魚の影が揺れていた。	あおくすきとおるうみに、さかなのかげがゆれていた。	푸르게 비치는 바다에 물고기 그림자가 흔들리고 있었습니다.
隙間	すきま	틈새	사물	N2	カーテンの隙間から光が差し込む。	カーテンのすきまからひかりがさしこむ。	커튼 틈새로 빛이 들어옵니다.
スクール	スクール	스쿨	장소	N2	ビジネススクールに行きたいのです。	ビジネススクールにいきたいのです。	비즈니스 스쿨에 가고 싶습니다.
少なくとも	すくなくとも	적어도	부사	N2	トムは毎朝コーヒーを少なくとも三杯飲みます。	トムはまいあさコーヒーをすくなくともさんばいのみます。	톰은 매일 아침 커피를 적어도 세 잔 마십니다.
図形	ずけい	도형	사물	N2	次の図形と合同な図形をかきましょう。	つぎのづけいとごうどうなづけいをかきましょう。	다음 도형과 합동인 도형을 그립시다.
鈴	すず	방울	사물	N2	だれがその猫に鈴をつけられるか。	だれがそのねこにすずをつけられるか。	누가 그 고양이에게 방울을 달 수 있을까요.
涼む	すずむ	바람을 쐬다	동사	N2	ここは風通しが良くて、涼むにはもってこいの場所なんだ。	ここはかぜとおしがよくて、すずむにはもってこいのばしょなんだ。	여기는 바람이 잘 통해서 더위를 식히기에 안성맞춤인 곳입니다.
スタート	スタート	스타트	사물	N2	今日からもう販売スタートしてます。	きょうからもうはんばいスタートしてます。	오늘부터 이미 판매 시작했습니다.
スチュワーデス	スチュワーデス	승무원	사람	N2	彼はスチュワーデスと結婚した。	かれはスチュワーデスとけっこんした。	그는 승무원과 결혼했습니다.
すっきり	すっきり	산뜻함	부사	N2	今はすっきりした気分です。	いまはすっきりしたきぶんです。	지금은 개운한 기분입니다.
ステージ	ステージ	무대	장소	N2	彼女はステージで歌っています。	かのじょはステージでうたっています。	그녀는 무대에서 노래하고 있습니다.
ストッキング	ストッキング	스타킹	사물	N2	このストッキングはとても高い。	このストッキングはとてもたかい。	이 스타킹은 아주 비쌉니다.
ストップ	ストップ	스톱	사물	N2	これは日本製のストップウオッチ。	これはにほんせいのストップウオッチ。	이것은 일본제 스톱워치입니다.
素直	すなお	고분고분함	형용사	N2	トムは奥さんに素直です。	トムはおくさんにすなおです。	톰은 아내에게 고분고분합니다.
頭脳	ずのう	두뇌	사람	N2	二人の頭脳は一人の頭脳に勝る。	ふたりのずのうはひとりのずのうにまさる。	두 사람의 두뇌는 한 사람의 두뇌보다 낫습니다.
スピーカー	スピーカー	스피커	사물	N2	イギリス英語のネイティブスピーカーです。	イギリスえいごのネイティブスピーカーです。	영국 영어 원어민입니다.
スマート	スマート	스마트	형용사	N2	トムとメアリーは、スマートハウスに住んでいます。	トムとメアリーは、スマートハウスにすんでいます。	톰과 메리는 스마트하우스에 살고 있습니다.
住まい	すまい	거처	장소	N2	姉はオーストラリア住まいです。	あねはオーストラリアずまいです。	누나는 호주에 삽니다.
相撲	すもう	스모	사물	N2	相撲を見たことがありますか。	すもうをみたことがありますか。	스모를 본 적이 있습니까?
スライド	スライド	슬라이드	사물	N2	次のスライドをお願いします。	つぎのスライドをおねがいします。	다음 슬라이드를 부탁합니다.
ずらす	ずらす	늦추다	동사	N2	混雑を避けるために、予定をオフピークの時間にずらした。	こんざつをさけるために、よていをオフピークのじかんにずらした。	혼잡을 피하기 위해 예정을 비수기 시간으로 옮겼습니다.
スリッパ	スリッパ	슬리퍼	사물	N2	スリッパをはいてください。	スリッパをはいてください。	슬리퍼를 신어 주세요.
寸法	すんぽう	치수	사물	N2	スーツをつくる時は正確に寸法を測る必要があります。	スーツをつくるときはせいかくにすんぽうをはかるひつようがあります。	정장을 만들 때는 정확히 치수를 잴 필요가 있습니다.
税関	ぜいかん	세관	장소	N2	税関はどこですか。	ぜいかんはどこですか。	세관은 어디입니까?
製作	せいさく	제작	사물	N2	小説をもとに製作された映画です。	しょうせつをもとにせいさくされたえいがです。	소설을 바탕으로 제작된 영화입니다.
制作	せいさく	제작	사물	N2	美術の時間は、絵画制作に取り組んだ。	びじゅつのじかんは、かいがせいさくにとりくんだ。	미술 시간에는 회화 제작에 몰두했습니다.
清書	せいしょ	정서	사물	N2	作文を清書する必要はありません。	さくぶんをせいしょするひつようはありません。	작문을 정서할 필요는 없습니다.
青少年	せいしょうねん	청소년	사람	N2	私には青少年の心理がわからない。	わたしにはせいしょうねんのしんりがわからない。	저는 청소년의 심리를 모릅니다.
清掃	せいそう	청소	사물	N2	洗面所をつかった後には、清掃すること。	せんめんしょをつかったのちには、せいそうすること。	화장실을 쓴 뒤에는 청소할 것.
生存	せいぞん	생존	사물	N2	平和は人類にとって大事な生存条件の一つです。	へいわはじんるいにとってだいじなせいぞんじょうけんのひとつです。	평화는 인류에게 중요한 생존 조건 중 하나입니다.
政党	せいとう	정당	사물	N2	彼はその政党の主導権をにぎった。	かれはそのせいとうのしゅどうけんをにぎった。	그는 그 정당의 주도권을 쥐었습니다.
性能	せいのう	성능	사물	N2	この車はあの車より性能がよい。	このくるまはあのくるまよりせいのうがよい。	이 차는 저 차보다 성능이 좋습니다.
整備	せいび	정비	사물	N2	車はいつも整備しておきなさい。	くるまはいつもせいびしておきなさい。	차는 늘 정비해 두세요.
成分	せいぶん	성분	사물	N2	コールタールを蒸留して得られる成分名は下表の通りである。	コールタールをじょうりゅうしてえられるせいぶんめいはかひょうのとおりである。	콜타르를 증류해 얻는 성분명은 아래 표와 같습니다.
性別	せいべつ	성별	사물	N2	性別による差別は禁じられています。	せいべつによるさべつはきんじられています。	성별에 의한 차별은 금지되어 있습니다.
正方形	せいほうけい	정사각형	사물	N2	私たちは正方形のテーブルを持っています。	わたしたちはせいほうけいのテーブルをもっています。	저희는 정사각형 테이블을 갖고 있습니다.
正門	せいもん	정문	장소	N2	それは正門です。	それはせいもんです。	그것은 정문입니다.
成立	せいりつ	성립	사물	N2	商談を成立させるなら今だぞ。	しょうだんをせいりつさせるならいまだぞ。	상담을 성립시키려면 지금입니다.
背負う	せおう	짊어지다	동사	N2	そんなリスクを背負いたくない。	そんなリスクをせおいたくない。	그런 위험을 짊어지고 싶지 않습니다.
赤道	せきどう	적도	자연	N2	その国の首都は赤道下にある。	そのくにのしゅとはせきどうかにある。	그 나라의 수도는 적도 아래에 있습니다.
折角	せっかく	모처럼	부사	N2	折角ではございますが、今回はご辞退させていただきます。	せっかくではございますが、こんかいはごじたいさせていただきます。	모처럼이지만 이번에는 사양하겠습니다.
接近	せっきん	접근	사물	N2	台風が日本に接近中です。	たいふうがにほんにせっきんちゅうです。	태풍이 일본에 접근 중입니다.
接する	せっする	접하다	동사	N2	フランスはイタリアと国境を接する。	フランスはイタリアとこっきょうをせっする。	프랑스는 이탈리아와 국경을 접합니다.
せっせと	せっせと	부지런히	부사	N2	彼女は今せっせとやっています。	かのじょはいませっせとやっています。	그녀는 지금 부지런히 하고 있습니다.
接続	せつぞく	접속	사물	N2	インターネットにはどうやって接続しますか。	インターネットにはどうやってせつぞくしますか。	인터넷에는 어떻게 접속합니까?
瀬戸物	せともの	도자기	사물	N2	この店は瀬戸物を売っている。	このみせはせとものをうっている。	이 가게는 도자기를 팔고 있습니다.
ぜひとも	ぜひとも	꼭	부사	N2	この質問には、ぜひともお答えしたいです。	このしつもんには、ぜひともおこたえしたいです。	이 질문에는 꼭 답하고 싶습니다.
迫る	せまる	다가오다	동사	N2	彼らは私に支払いを迫っている。	かれらはわたしにしはらいをせまっている。	그들은 저에게 지불을 재촉하고 있습니다.
ゼミ	ゼミ	세미나	사물	N2	明日はゼミの発表。ぼろくそ言われそうで怖いな。	あしたはゼミのはっぴょう。ぼろくそいわれそうでこわいな。	내일은 세미나 발표. 혹평받을 것 같아 무섭네.
セメント	セメント	시멘트	사물	N2	砂利をセメントで固める必要がある。	じゃりをセメントでかためるひつようがある。	자갈을 시멘트로 굳힐 필요가 있습니다.
台詞	せりふ	대사	사물	N2	それはこっちの台詞だよ。	それはこっちのだいしだよ。	그건 이쪽 대사예요.
栓	せん	마개	사물	N2	この栓は取り替えないとダメですね。	このせんはとりかえないとダメですね。	이 마개는 갈지 않으면 안 되겠네요.
全集	ぜんしゅう	전집	사물	N2	この全集は最終巻が欠けている。	このぜんしゅうはさいしゅうまきがかけている。	이 전집은 마지막 권이 빠져 있습니다.
扇子	せんす	부채	사물	N2	犬が腕時計と扇子を食った。	いぬがうでどけいとせんすをくった。	개가 손목시계와 부채를 먹었습니다.
専制	せんせい	전제	사물	N2	彼は専制君主である。	かれはせんせいくんしゅである。	그는 전제 군주입니다.
先祖	せんぞ	조상	사람	N2	この先祖伝来の家宝は君の物だ。	このせんぞでんらいのかほうはきみのものだ。	이 조상 전래의 가보는 당신 것입니다.
先端	せんたん	첨단	사물	N2	彼女は先端を行っています。	かのじょはせんたんをいっています。	그녀는 첨단을 가고 있습니다.
センチ	センチ	센티	사물	N2	今年のスカートは膝上数センチだ。	ことしのスカートはひざじょうすうセンチだ。	올해 치마는 무릎 위 몇 센티입니다.
先頭	せんとう	선두	사물	N2	彼女が列の先頭です。	かのじょがれつのせんとうです。	그녀가 줄의 선두입니다.
全般	ぜんぱん	전반	사물	N2	そのことは人間全般に言える。	そのことはにんげんぜんぱんにいえる。	그 일은 인간 전반에 말할 수 있습니다.
扇風機	せんぷうき	선풍기	사물	N2	机の上に扇風機があります。	つくえのうえにせんぷうきがあります。	책상 위에 선풍기가 있습니다.
洗面	せんめん	세면	사물	N2	洗面台の上に赤いろうそくがあります。	せんめんだいのうえにあかいろうそくがあります。	세면대 위에 빨간 초가 있습니다.
全力	ぜんりょく	전력	사물	N2	ここからあそこまで全力で走ってもらいます。	ここからあそこまでぜんりょくではしってもらいます。	여기서 저기까지 전력으로 달려 주세요.
線路	せんろ	선로	사물	N2	鉄道線路と道路は平行している。	てつどうせんろとどうろはへいこうしている。	철도 선로와 도로는 평행합니다.
相違	そうい	상이	사물	N2	私たちの間には見解の相違があるようです。	わたしたちのまにはけんかいのそういがあるようです。	저희 사이에는 견해의 차이가 있는 것 같습니다.
雑巾	ぞうきん	걸레	사물	N2	朝の清掃で、雑巾がけをがんばった。	あさのせいそうで、ぞうきんがけをがんばった。	아침 청소로 걸레질을 열심히 했습니다.
増減	ぞうげん	증감	사물	N2	この数年、体重は増減していません。	このすうねん、たいじゅうはぞうげんしていません。	최근 몇 년 체중은 증감하지 않았습니다.
相互	そうご	상호	사물	N2	愛は相互的なものです。	あいはそうごてきなものです。	사랑은 상호적인 것입니다.
創作	そうさく	창작	사물	N2	あなたは創作とノンフィクションのどちらが好きですか。	あなたはそうさくとノンフィクションのどちらがすきですか。	당신은 창작과 논픽션 중 어느 쪽을 좋아합니까?
葬式	そうしき	장례식	사물	N2	葬式には黒い服を着ていくのが習慣です。	そうしきにはくろいふくをきていくのがしゅうかんです。	장례식에는 검은 옷을 입고 가는 것이 관습입니다.
増大	ぞうだい	증대	사물	N2	言うまでもなく、サーバの負荷が増大してしまうのです。	いうまでもなく、サーバのふかがぞうだいしてしまうのです。	말할 것도 없이 서버의 부하가 증대되어 버립니다.
そうっと	そうっと	살며시	부사	N2	赤ちゃんの目を覚まさないように、そうっと歩いた。	あかちゃんのめをさまさないように、そうっとあるいた。	아기가 깨지 않도록 살며시 걸었습니다.
送別	そうべつ	송별	사물	N2	私たちは彼のために送別会を開く予定です。	わたしたちはかれのためにそうべつかいをひらくよていです。	저희는 그를 위해 송별회를 열 예정입니다.
送料	そうりょう	배송료	사물	N2	送料が高くなって買い控えるようになった。	そうりょうがたかくなってかいひかえるようになった。	배송료가 비싸져서 구매를 자제하게 되었습니다.
速達	そくたつ	속달	사물	N2	速達便でお願いします。	そくたつびんでおねがいします。	속달 편으로 부탁합니다.
測定	そくてい	측정	사물	N2	速度を測定する方法はいくつかある。	そくどをそくていするほうほうはいくつかある。	속도를 측정하는 방법은 몇 가지 있습니다.
素質	そしつ	소질	사물	N2	彼にはかなり芸術的な素質がある。	かれにはかなりげいじゅつてきなそしつがある。	그에게는 꽤 예술적인 소질이 있습니다.
祖先	そせん	조상	사람	N2	あなたの祖先をご存知ですか。	あなたのそせんをごぞんじですか。	당신의 조상을 아십니까?
そそっかしい	そそっかしい	덜렁대다	형용사	N2	私、すごくそそっかしくて。	わたし、すごくそそっかしくて。	저, 굉장히 덜렁대서요.
率直	そっちょく	솔직함	형용사	N2	あなたの率直な意見が聞きたいのです。	あなたのそっちょくないけんがききたいのです。	당신의 솔직한 의견을 듣고 싶습니다.
その他	そのほか	그 밖	사물	N2	その他のことならなんでもします。	そのたのことならなんでもします。	그 밖의 일이라면 뭐든지 하겠습니다.
剃る	そる	깎다	동사	N2	まだ、ひげを剃ってないんだ。	まだ、ひげをすってないんだ。	아직 수염을 안 깎았어요.
それなのに	それなのに	그런데도	부사	N2	彼は若い、それなのに分別がある。	かれはわかい、それなのにふんべつがある。	그는 젊습니다, 그런데도 분별이 있습니다.
それなら	それなら	그렇다면	부사	N2	それならよりお得になります。	それならよりおとくになります。	그렇다면 더 이득이 됩니다.
算盤	そろばん	주판	사물	N2	算盤とは日本のアバカスのことだ。	そろばんとはにほんのアバカスのことだ。	주판이란 일본의 아바쿠스를 말합니다.
存じる	ぞんじる	알다	동사	N2	お名前はよく存じあげています。	おなまえはよくぞんじあげています。	성함은 잘 알고 있습니다.
損得	そんとく	손익	사물	N2	損得なしにしよう。	そんとくなしにしよう。	손익 없이 합시다.
大学院	だいがくいん	대학원	장소	N2	大学院に進学するつもりです。	だいがくいんにしんがくするつもりです。	대학원에 진학할 생각입니다.
大工	だいく	목수	사람	N2	私のおじいちゃんは大工です。	わたしのおじいちゃんはだいくです。	제 할아버지는 목수입니다.
体系	たいけい	체계	사물	N2	情報を体系的に管理しておく。	じょうほうをたいけいてきにかんりしておく。	정보를 체계적으로 관리해 둡니다.
太鼓	たいこ	북	사물	N2	彼らは太鼓をずっとたたき続けた。	かれらはたいこをずっとたたきつづけた。	그들은 북을 계속 두드렸습니다.
対策	たいさく	대책	사물	N2	これは有効な犯罪防止対策だ。	これはゆうこうなはんざいぼうしたいさくだ。	이것은 유효한 범죄 방지 대책입니다.
大して	たいして	그다지	부사	N2	彼は大して妻の話し相手にはならない。	かれはたいしてつまのはなしあいてにはならない。	그는 그다지 아내의 말상대가 되지 않습니다.
大小	だいしょう	대소	사물	N2	道路上の大小の石に気をつけなさい。	どうろじょうのだいしょうのいしにきをつけなさい。	도로 위의 크고 작은 돌을 조심하세요.
体制	たいせい	체제	사물	N2	爆破予告以来、空港の警備体制は強化された。	ばくはよこくいらい、くうこうのけいびたいせいはきょうかされた。	폭파 예고 이후 공항의 경비 체제는 강화되었습니다.
体積	たいせき	부피	사물	N2	体積が大きいからといって常に重量も重いとは限らない。	たいせきがおおきいからといってつねにじゅうりょうもおもいとはかぎらない。	부피가 크다고 해서 늘 중량도 무거운 것은 아닙니다.
大層	たいそう	대단히	부사	N2	ロシア語は大層学びにくい。	ロシアごはたいそうまなびにくい。	러시아어는 대단히 배우기 어렵습니다.
体操	たいそう	체조	사물	N2	クロスワードパズルは頭の体操にちょうどいい。	クロスワードパズルはあたまのたいそうにちょうどいい。	십자말풀이는 두뇌 체조에 딱 좋습니다.
大木	たいぼく	큰 나무	자연	N2	イチョウは大木です。	イチョウはたいぼくです。	은행나무는 큰 나무입니다.
代名詞	だいめいし	대명사	사물	N2	中学生が英語を学ぶ際の最難関の一つが関係代名詞です。	ちゅうがくせいがえいごをまなぶさいのさいなんかんのひとつがかんけいだいめいしです。	중학생이 영어를 배울 때 최난관 중 하나가 관계대명사입니다.
ダイヤモンド	ダイヤモンド	다이아몬드	사물	N2	これは恐らく本物のダイヤモンドです。	これはおそらくほんもののダイヤモンドです。	이것은 아마 진짜 다이아몬드입니다.
ダイヤル	ダイヤル	다이얼	사물	N2	市外局番もダイヤルするのですか。	しがいきょくばんもダイヤルするのですか。	시외 국번도 누르는 겁니까?
対立	たいりつ	대립	사물	N2	彼はいつも上司と対立している。	かれはいつもじょうしとたいりつしている。	그는 늘 상사와 대립하고 있습니다.
田植え	たうえ	모내기	사물	N2	私たちは田植えをしました。	わたしたちはたうえをしました。	저희는 모내기를 했습니다.
絶えず	たえず	끊임없이	부사	N2	彼は父親を絶えず恐れている。	かれはちちおやをたえずおそれている。	그는 아버지를 끊임없이 두려워합니다.
楕円	だえん	타원	사물	N2	卵は、真ん丸ではなく楕円です。	たまごは、まんまるではなくだえんです。	달걀은 완전히 둥근 게 아니라 타원입니다.
耕す	たがやす	갈다	동사	N2	私がこの土地を耕すのは初めてだ。	わたしがこのとちをたがやすのははじめてだ。	제가 이 땅을 가는 것은 처음입니다.
滝	たき	폭포	자연	N2	その滝は橋の少し下流にあります。	そのたきははしのすこしかりゅうにあります。	그 폭포는 다리보다 조금 하류에 있습니다.
蓄える	たくわえる	비축하다	동사	N2	まさかの時のために蓄えなさい。	まさかのときのためにたくわえなさい。	만일에 대비해 비축하세요.
竹	たけ	대나무	자연	N2	パンダは竹が大好きです。	パンダはたけがだいすきです。	판다는 대나무를 아주 좋아합니다.
立ち止まる	たちどまる	멈춰 서다	동사	N2	彼らに話すために立ち止まった。	かれらにはなすためにたちどまった。	그들에게 말하려고 멈춰 섰습니다.
たちまち	たちまち	순식간에	부사	N2	その知らせはたちまち広まった。	そのしらせはたちまちひろまった。	그 소식은 순식간에 퍼졌습니다.
脱線	だっせん	탈선	사물	N2	脱線しないようにしなきゃな。	だっせんしないようにしなきゃな。	탈선하지 않도록 해야겠네요.
妥当	だとう	타당함	형용사	N2	手数料が妥当かどうかは疑問。	てすうりょうがだとうかどうかはぎもん。	수수료가 타당한지는 의문입니다.
例える	たとえる	비유하다	동사	N2	人生を一つの物語に例える人もいます。	じんせいをひとつのものがたりにたとえるひともいます。	인생을 하나의 이야기에 비유하는 사람도 있습니다.
頼もしい	たのもしい	믿음직하다	형용사	N2	ヤニーって、頼もしい。	ヤニーって、たのもしい。	야니는 믿음직합니다.
ダブル	ダブル	더블	사물	N2	ダブルルームをおねがいします。	ダブルルームをおねがいします。	더블룸을 부탁합니다.
ダム	ダム	댐	사물	N2	ダムの底に水車小屋があった。	ダムのそこにすいしゃこやがあった。	댐 바닥에 물레방앗간이 있었습니다.
溜息	ためいき	한숨	사물	N2	と、お母さんは溜息をついて言うのでした。	と、おかあさんはためいきをついていうのでした。	하고 어머니는 한숨을 쉬며 말했습니다.
ためらう	ためらう	망설이다	동사	N2	彼と映画に行くのをためらった。	かれとえいがにいくのをためらった。	그와 영화 보러 가는 것을 망설였습니다.
足る	たる	족하다	동사	N2	取るに足らない問題です。	とるにたらないもんだいです。	하찮은 문제입니다.
段階	だんかい	단계	사물	N2	病気はまだ初期の段階です。	びょうきはまだしょきのだんかいです。	병은 아직 초기 단계입니다.
短期	たんき	단기	시간	N2	どんな語学も短期では無理だ。	どんなごがくもたんきではむりだ。	어떤 어학도 단기로는 무리입니다.
炭鉱	たんこう	탄광	장소	N2	炭鉱の内部に多くの労働者が閉じ込められた。	たんこうのないぶにおおくのろうどうしゃがとじこめられた。	탄광 내부에 많은 노동자가 갇혔습니다.
短所	たんしょ	단점	사물	N2	短所も含め、彼のことが好きなの。	たんしょもふくめ、かれのことがすきなの。	단점도 포함해 그를 좋아합니다.
たんす	たんす	장롱	사물	N2	昨日、たんすを買いました。	きのう、たんすをかいました。	어제 장롱을 샀습니다.
淡水	たんすい	담수	자연	N2	その魚は淡水に生息しています。	そのさかなはたんすいにせいそくしています。	그 물고기는 담수에 서식합니다.
断水	だんすい	단수	사물	N2	水道が断水しました。	すいどうがだんすいしました。	수도가 단수되었습니다.
単数	たんすう	단수	사물	N2	今日は、一般動詞の三人称単数現在について説明します。	きょうは、いっぱんどうしのさんにんしょうたんすうげんざいについてせつめいします。	오늘은 일반 동사의 3인칭 단수 현재에 대해 설명하겠습니다.
団地	だんち	단지	장소	N2	団地も昔と変わっていなかった。	だんちもむかしとかわっていなかった。	단지도 옛날과 변하지 않았습니다.
断定	だんてい	단정	사물	N2	昨晩の火事は放火と断定された。	さくばんのかじはほうかとだんていされた。	어젯밤 화재는 방화로 단정되었습니다.
短編	たんぺん	단편	사물	N2	トムは短編小説を書きます。	トムはたんぺんしょうせつをかきます。	톰은 단편 소설을 씁니다.
誓う	ちかう	맹세하다	동사	N2	たばこはやめると誓います。	たばこはやめるとちかいます。	담배는 끊겠다고 맹세합니다.
近付ける	ちかづける	가까이하다	동사	N2	子供たちを薬に近付けるな。	こどもたちをくすりにちかづけるな。	아이들을 약에 가까이하지 마세요.
近寄る	ちかよる	다가가다	동사	N2	みんなから近寄りがたいってよく言われます。	みんなからちかよりがたいってよくいわれます。	모두에게 다가가기 어렵다는 말을 자주 듣습니다.
力強い	ちからづよい	힘차다	형용사	N2	なるほどこの車は小さいが力強い。	なるほどこのくるまはちいさいがちからづよい。	과연 이 차는 작지만 힘찹니다.
ちぎる	ちぎる	찢다	동사	N2	その犬は私のブーツを食いちぎった。	そのいぬはわたしのブーツをくいちぎった。	그 개는 제 부츠를 물어뜯었습니다.
地質	ちしつ	지질	자연	N2	地質学者が私たちの農場で石油の実地調査を行った。	ちしつがくしゃがわたしたちののうじょうでせきゆのじっちちょうさをいった。	지질학자가 저희 농장에서 석유 실지 조사를 했습니다.
知人	ちじん	지인	사람	N2	彼の知人ですか。	かれのちじんですか。	그의 지인입니까?
地帯	ちたい	지대	장소	N2	天気が良ければ、私たちは明日田園地帯へ旅行に行きます。	てんきがよければ、わたしたちはあしたでんえんちたいへりょこうにいきます。	날씨가 좋으면 저희는 내일 전원 지대로 여행 갑니다.
縮む	ちぢむ	줄다	동사	N2	セーターは洗ったら縮んだんだ。	セーターはあらったらちぢんだんだ。	스웨터는 빨았더니 줄었어요.
縮める	ちぢめる	줄이다	동사	N2	すさんだ生活を送るのは、命を縮めるようなものだ。	すさんだせいかつをおくるのは、いのちをちぢめるようなものだ。	황폐한 생활을 보내는 것은 수명을 줄이는 것과 같습니다.
縮れる	ちぢれる	곱슬거리다	동사	N2	パーマをかけたので、髪の毛が縮れています。	パーマをかけたので、かみのけがちぢれています。	파마를 해서 머리카락이 곱슬거립니다.
チップ	チップ	팁	사물	N2	チップはお断りします。	チップはおことわりします。	팁은 사양하겠습니다.
地点	ちてん	지점	장소	N2	その湖はこの地点が一番深いんです。	そのみずうみはこのちてんがいちばんふかいんです。	그 호수는 이 지점이 가장 깊습니다.
地名	ちめい	지명	사물	N2	一度聞いたら忘れられない地名です。	いちどきいたらわすれられないちめいです。	한 번 들으면 잊을 수 없는 지명입니다.
茶色い	ちゃいろい	갈색이다	형용사	N2	私は茶色い髪をしています。	わたしはちゃいろいかみをしています。	저는 갈색 머리를 하고 있습니다.
中間	ちゅうかん	중간	장소	N2	駅はその二つの町の中間にある。	えきはそのふたつのまちのちゅうかんにある。	역은 그 두 마을의 중간에 있습니다.
抽象	ちゅうしょう	추상	사물	N2	あなたの説明は私には抽象的すぎます。	あなたのせつめいはわたしにはちゅうしょうてきすぎます。	당신의 설명은 저에게는 너무 추상적입니다.
中世	ちゅうせい	중세	시간	N2	私の専門は中世ヨーロッパ史です。	わたしのせんもんはちゅうせいヨーロッパしです。	제 전공은 중세 유럽사입니다.
中性	ちゅうせい	중성	사물	N2	アレックスは、中性的な名前です。	アレックスは、ちゅうせいてきななまえです。	알렉스는 중성적인 이름입니다.
中途	ちゅうと	중도	시간	N2	私たちは山の中途まで登った。	わたしたちはやまのちゅうとまでのぼった。	저희는 산 중턱까지 올랐습니다.
中年	ちゅうねん	중년	사람	N2	彼女は中年デブだ。	かのじょはちゅうねんデブだ。	그녀는 중년 비만입니다.
チョーク	チョーク	분필	사물	N2	一本のチョークを取り出した。	いっぽんのチョークをとりだした。	분필 하나를 꺼냈습니다.
超過	ちょうか	초과	사물	N2	その車は制限速度を超過している。	そのくるまはせいげんそくどをちょうかしている。	그 차는 제한 속도를 초과하고 있습니다.
彫刻	ちょうこく	조각	사물	N2	イヌイットの彫刻は美しいです。	イヌイットのちょうこくはうつくしいです。	이누이트의 조각은 아름답습니다.
長所	ちょうしょ	장점	사물	N2	あなたの長所は何ですか。	あなたのちょうしょはなんですか。	당신의 장점은 무엇입니까?
長女	ちょうじょ	맏딸	사람	N2	彼が一番愛しているのは彼女の長女です。	かれがいちばんあいしているのはかのじょのちょうじょです。	그가 가장 사랑하는 것은 그녀의 맏딸입니다.
調整	ちょうせい	조정	사물	N2	今後の計画について、関係者と調整を行っております。	こんごのけいかくについて、かんけいしゃとちょうせいをいっております。	앞으로의 계획에 대해 관계자와 조정을 하고 있습니다.
調節	ちょうせつ	조절	사물	N2	このつまみを回すことでテレビの色を調節できます。	このつまみをまわすことでテレビのいろをちょうせつできます。	이 손잡이를 돌려서 텔레비전 색을 조절할 수 있습니다.
頂点	ちょうてん	정점	사물	N2	自動車生産は頂点を超えた。	じどうしゃせいさんはちょうてんをこえた。	자동차 생산은 정점을 넘었습니다.
長男	ちょうなん	맏아들	사람	N2	長男の名前はトムです。	ちょうなんのなまえはトムです。	맏아들의 이름은 톰입니다.
長方形	ちょうほうけい	직사각형	사물	N2	長方形の向かい合う辺は平行です。	ちょうほうけいのむかいあうあたりはへいこうです。	직사각형의 마주 보는 변은 평행합니다.
直後	ちょくご	직후	시간	N2	夏休みの直後に試験です。	なつやすみのちょくごにしけんです。	여름방학 직후에 시험입니다.
直線	ちょくせん	직선	사물	N2	その直線は直角に交わっている。	そのちょくせんはちょっかくにまじわっている。	그 직선은 직각으로 교차하고 있습니다.
直前	ちょくぜん	직전	시간	N2	試合の直前にはいつもあがっています。	しあいのちょくぜんにはいつもあがっています。	시합 직전에는 늘 긴장합니다.
直通	ちょくつう	직통	사물	N2	ダイヤル直通ですか。	ダイヤルちょくつうですか。	다이얼 직통입니까?
直角	ちょっかく	직각	사물	N2	これらの線は直角に交わる。	これらのせんはちょっかくにまじわる。	이 선들은 직각으로 교차합니다.
直径	ちょっけい	지름	사물	N2	池の直径はどのくらいですか。	いけのちょっけいはどのくらいですか。	연못의 지름은 어느 정도입니까?
散らかす	ちらかす	어지르다	동사	N2	お前の物をその辺りに散らかすな。	おまえのものをそのあたりにちらかすな。	네 물건을 그 근처에 어지르지 마.
散らかる	ちらかる	어질러지다	동사	N2	お前の部屋、散らかってんなぁ。	おまえのへや、ちらかってんなぁ。	네 방, 어질러졌네.
追加	ついか	추가	사물	N2	ウィッシュリストに追加します。	ウィッシュリストについかします。	위시리스트에 추가하겠습니다.
ついで	ついで	겸사	사물	N2	ついでに私のも買ってきてくれますか。	ついでにわたしのもかってきてくれますか。	가는 김에 제 것도 사다 주시겠습니까?
通ずる	つうずる	통하다	동사	N2	全ての道はヘルシンゲルに通ず。	すべてのみちはヘルシンゲルにつうず。	모든 길은 헬싱외르로 통합니다.
通知	つうち	통지	사물	N2	採用と決定したらご通知いたします。	さいようとけっていしたらごつうちいたします。	채용으로 결정되면 통지드리겠습니다.
通帳	つうちょう	통장	사물	N2	貯金通帳に残っていた金で利子がついた。	ちょきんかよいちょうにのこっていたきんでりしがついた。	저금 통장에 남아 있던 돈으로 이자가 붙었습니다.
通用	つうよう	통용	사물	N2	大学生として通用します。	だいがくせいとしてつうようします。	대학생으로 통합니다.
突き当たり	つきあたり	막다른 곳	장소	N2	突き当たりに郵便局があります。	つきあたりにゆうびんきょくがあります。	막다른 곳에 우체국이 있습니다.
突き当たる	つきあたる	부딪치다	동사	N2	突き当たりに郵便局があります。	つきあたりにゆうびんきょくがあります。	막다른 곳에 우체국이 있습니다.
月日	つきひ	세월	시간	N2	月日の経つのは矢のように早く、果物はバナナのように飛ぶ。	つきひのたつのはやのようにはやく、くだものはバナナのようにとぶ。	세월이 지나는 것은 화살처럼 빠릅니다.
突っ込む	つっこむ	돌진하다	동사	N2	信号は赤だったのに、あの車が突っ込んできたんです。	しんごうはあかだったのに、あのくるまがつっこんできたんです。	신호는 빨간불이었는데 저 차가 돌진해 왔습니다.
務める	つとめる	맡다	동사	N2	姉がブライズメイドを務めます。	あねがブライズメイドをつとめます。	누나가 들러리를 맡습니다.
努める	つとめる	힘쓰다	동사	N2	現在、通常のサービスの早急な復旧に努めています。	げんざい、つうじょうのサービスのそうきゅうなふっきゅうにつとめています。	현재 통상 서비스의 조속한 복구에 힘쓰고 있습니다.
綱	つな	밧줄	사물	N2	その綱を引っ張ってください。	そのつなをひっぱってください。	그 밧줄을 당겨 주세요.
繋がり	つながり	연결	사물	N2	インターネットを繋ごうとしても、繋がりません。	インターネットをつなごうとしても、つながりません。	인터넷을 연결하려 해도 연결되지 않습니다.
粒	つぶ	알갱이	사물	N2	粒の小さなイチゴが安く売られている。	つぶのちいさなイチゴがやすくうられている。	알이 작은 딸기가 싸게 팔리고 있습니다.
潰す	つぶす	으깨다	동사	N2	水ぶくれを潰さないでくれ。	みずぶくれをつぶさないでくれ。	물집을 터뜨리지 말아 주세요.
潰れる	つぶれる	찌그러지다	동사	N2	わぁ、カバンの中でバナナが潰れてるよ。	わぁ、カバンのなかでバナナがつぶれてるよ。	와, 가방 안에서 바나나가 뭉개졌어요.
つまずく	つまずく	걸려 넘어지다	동사	N2	木の根っこに足つまずかせて、こけちゃったよ。	きのねっこにあしつまずかせて、こけちゃったよ。	나무뿌리에 발이 걸려 넘어졌어요.
躓く	つまずく	걸려 넘어지다	동사	N2	家に上がる時、マットに躓いた。	いえにあがるとき、マットにつまずいた。	집에 올라갈 때 매트에 걸려 넘어졌습니다.
詰まる	つまる	막히다	동사	N2	のどが詰まった感じです。	のどがつまったかんじです。	목이 막힌 느낌입니다.
爪	つめ	손톱	사람	N2	ちょうど爪を切ったところだよ。	ちょうどつめをきったところだよ。	막 손톱을 깎은 참이에요.
艶	つや	윤기	사물	N2	メアリーは艶やかな黒髪をしている。	メアリーはつややかなくろかみをしている。	메리는 윤기 있는 검은 머리를 하고 있습니다.
強気	つよき	강경함	형용사	N2	今日は強気でいきます。	きょうはつよきでいきます。	오늘은 강하게 가겠습니다.
釣り合う	つりあう	균형이 맞다	동사	N2	仕事の量と賃金が釣り合っていない。	しごとのりょうとちんぎんがつりあっていない。	일의 양과 임금이 균형이 맞지 않습니다.
吊る	つる	매달다	동사	N2	ランプが木の枝から吊り下げられた。	ランプがきのえだからつりさげられた。	램프가 나뭇가지에 매달렸습니다.
吊す	つるす	매달다	동사	N2	彼は天井にランプを吊した。	かれはてんじょうにランプをつるした。	그는 천장에 램프를 매달았습니다.
テーマ	テーマ	테마	사물	N2	今は卒論のテーマを探しているところです。	いまはそつろんのテーマをさがしているところです。	지금은 졸업 논문 테마를 찾고 있는 중입니다.
手洗い	てあらい	화장실	장소	N2	ちょっとお手洗い行ってきます。	ちょっとおてあらいいってきます。	잠깐 화장실 다녀올게요.
定員	ていいん	정원	사물	N2	ボートは定員オーバーでバランスを失った。	ボートはていいんオーバーでバランスをうしなった。	보트는 정원 초과로 균형을 잃었습니다.
定価	ていか	정가	사물	N2	定価で売ってる店なんて、ここらじゃ見たことない。	ていかでうってるみせなんて、ここらじゃみたことない。	정가로 파는 가게 같은 건 이 근처에서는 본 적이 없습니다.
低下	ていか	저하	사물	N2	最近、出生率は低下し続けている。	さいきん、しゅっしょうりつはていかしつづけている。	최근 출생률은 계속 저하되고 있습니다.
停止	ていし	정지	사물	N2	ボタンを押すとエンジンが停止します。	ボタンをおすとエンジンがていしします。	버튼을 누르면 엔진이 정지합니다.
停車	ていしゃ	정차	사물	N2	次に停車する町はどこですか。	つぎにていしゃするまちはどこですか。	다음에 정차할 마을은 어디입니까?
出入り	でいり	출입	사물	N2	そのドアから台所へ出入りできる。	そのドアからだいどころへでいりできる。	그 문으로 부엌에 출입할 수 있습니다.
出入り口	でいりぐち	출입구	장소	N2	乗務員がただいま出入り口を開けております。	じょうむいんがただいまでいりぐちをあけております。	승무원이 지금 출입구를 열고 있습니다.
手入れ	ていれ	손질	사물	N2	お宅の庭は少し手入れが必要です。	おたくのにわはすこしていれがひつようです。	댁의 정원은 조금 손질이 필요합니다.
出来上がり	できあがり	완성	사물	N2	どのくらいでこの洗濯物は出来上がりますか。	どのくらいでこのせんたくぶつはできあがりますか。	어느 정도면 이 세탁물은 다 됩니까?
出来上がる	できあがる	완성되다	동사	N2	どのくらいでこの洗濯物は出来上がりますか。	どのくらいでこのせんたくぶつはできあがりますか。	어느 정도면 이 세탁물은 다 됩니까?
的確	てきかく	적확함	형용사	N2	彼の答えは的確だ。	かれのこたえはてきかくだ。	그의 답은 적확합니다.
手首	てくび	손목	사람	N2	転んだ時、手首を折った。	ころんだとき、てくびをおった。	넘어졌을 때 손목이 부러졌습니다.
凸凹	でこぼこ	울퉁불퉁	사물	N2	この道路は未舗装で凸凹している。	このどうろはみほそうででこぼこしている。	이 도로는 비포장이라 울퉁불퉁합니다.
手頃	てごろ	알맞음	형용사	N2	休日に着る手頃な着物を今選んでいるところです。	きゅうじつにきるてごろなきものをいまえらんでいるところです。	휴일에 입을 알맞은 옷을 지금 고르는 중입니다.
手ごろ	てごろ	적당함	형용사	N2	その値段は手ごろです。	そのねだんはてごろです。	그 가격은 적당합니다.
弟子	でし	제자	사람	N2	弟子達はイエスを信じた。	でしたちはイエスをしんじた。	제자들은 예수를 믿었습니다.
でたらめ	でたらめ	엉터리	사물	N2	あの人の言うことはでたらめです。	あのひとのいうことはでたらめです。	저 사람이 하는 말은 엉터리입니다.
手帳	てちょう	수첩	사물	N2	腰を下ろし、手帳を開きました。	こしをおろし、てちょうをひらきました。	허리를 낮추고 수첩을 폈습니다.
鉄橋	てっきょう	철교	사물	N2	その川には鉄橋がすでに建設中だ。	そのかわにはてっきょうがすでにけんせつちゅうだ。	그 강에는 철교가 이미 건설 중입니다.
手続き	てつづき	수속	사물	N2	手続きを説明していただけますか。	てつづきをせつめいしていただけますか。	수속을 설명해 주시겠습니까?
鉄砲	てっぽう	총	사물	N2	矢でも鉄砲でも持ってこい。	やでもてっぽうでももってこい。	화살이든 총이든 가져와 봐라.
手前	てまえ	앞	장소	N2	手前にひいて開けてください。	てまえにひいてあけてください。	앞으로 당겨서 열어 주세요.
出迎え	でむかえ	마중	사물	N2	明日、駅でお出迎えしましょう。	あした、えきでおでむかえしましょう。	내일 역에서 마중하겠습니다.
出迎える	でむかえる	마중하다	동사	N2	ジェーンを出迎える事はわくわくします。	ジェーンをでむかえることはわくわくします。	제인을 마중하는 것은 설렙니다.
照らす	てらす	비추다	동사	N2	月が部屋を照らしています。	つきがへやをてらしています。	달이 방을 비추고 있습니다.
照る	てる	비치다	동사	N2	降っても照っても明日は出発します。	おりてもてってもあしたはしゅっぱつします。	비가 오든 해가 비치든 내일은 출발합니다.
展開	てんかい	전개	사물	N2	与党は野党非難のキャンペーンを展開しています。	よとうはやとうひなんのキャンペーンをてんかいしています。	여당은 야당 비난 캠페인을 전개하고 있습니다.
伝記	でんき	전기	사물	N2	偉大な天才は最短の伝記を有する。	いだいなてんさいはさいたんのでんきをゆうする。	위대한 천재는 가장 짧은 전기를 갖습니다.
電球	でんきゅう	전구	사물	N2	電球がきれています。	でんきゅうがきれています。	전구가 나갔습니다.
点数	てんすう	점수	사물	N2	反応が早ければ点数が上がります。	はんのうがはやければてんすうがあがります。	반응이 빠르면 점수가 오릅니다.
伝染	でんせん	전염	사물	N2	深刻な伝染病が北京で発生した。	しんこくなでんせんびょうがぺきんではっせいした。	심각한 전염병이 베이징에서 발생했습니다.
電池	でんち	전지	사물	N2	この電池はどれくらいもちますか。	このでんちはどれくらいもちますか。	이 전지는 얼마나 갑니까?
電柱	でんちゅう	전봇대	사물	N2	そのバイクは電柱にぶつかった。	そのバイクはでんちゅうにぶつかった。	그 오토바이는 전봇대에 부딪쳤습니다.
天皇	てんのう	천황	사람	N2	かつて天皇は京都におわした。	かつててんのうはきょうとにおわした。	일찍이 천황은 교토에 계셨습니다.
電波	でんぱ	전파	사물	N2	なんかここ、電波悪いんだよねえ。	なんかここ、でんぱわるいんだよねえ。	뭔가 여기, 전파가 안 좋네요.
テンポ	テンポ	템포	사물	N2	テンポのいい映画が好きです。	テンポのいいえいががすきです。	템포가 좋은 영화를 좋아합니다.
電流	でんりゅう	전류	사물	N2	ソレノイドへの突入電流でノイズが発生します。	ソレノイドへのとつにゅうでんりゅうでノイズがはっせいします。	솔레노이드로의 돌입 전류로 노이즈가 발생합니다.
電力	でんりょく	전력	사물	N2	父は電力会社に勤めています。	ちちはでんりょくかいしゃにつとめています。	아버지는 전력 회사에 근무하고 있습니다.
問い合わせ	といあわせ	문의	사물	N2	お問い合わせいただきありがとうございます。	おといあわせいただきありがとうございます。	문의해 주셔서 감사합니다.
銅	どう	구리	사물	N2	このスプーンは銅製です。	このスプーンはどうせいです。	이 숟가락은 구리 제품입니다.
統一	とういつ	통일	사물	N2	彼はレースにのぞんで精神統一した。	かれはレースにのぞんでせいしんとういつした。	그는 레이스에 임해 정신 통일을 했습니다.
峠	とうげ	고개	자연	N2	病人はもう峠を越した。	びょうにんはもうとうげをこした。	환자는 이제 고비를 넘겼습니다.
統計	とうけい	통계	사물	N2	統計的に予測した歳入見込み額ならお知らせできます。	とうけいてきによそくしたさいにゅうみこみがくならおしらせできます。	통계적으로 예측한 세입 예상액이라면 알려드릴 수 있습니다.
動作	どうさ	동작	사물	N2	彼は動作がはやい。	かれはどうさがはやい。	그는 동작이 빠릅니다.
東西	とうざい	동서	장소	N2	これは古今東西に通ずる真理である。	これはここんとうざいにつうずるしんりである。	이것은 고금동서에 통하는 진리입니다.
投書	とうしょ	투고	사물	N2	新聞や雑誌の投書欄を読みます。	しんぶんやざっしのとうしょらんをよみます。	신문이나 잡지의 독자 투고란을 읽습니다.
登場	とうじょう	등장	사물	N2	いよいよトムの登場です。	いよいよトムのとうじょうです。	드디어 톰의 등장입니다.
どうせ	どうせ	어차피	부사	N2	どうせ言っても分からないじゃん。	どうせいってもわからないじゃん。	어차피 말해도 모르잖아.
灯台	とうだい	등대	장소	N2	灯台はきらきらと光を放っていた。	とうだいはきらきらとひかりをはなっていた。	등대는 반짝반짝 빛을 내고 있었습니다.
盗難	とうなん	도난	사물	N2	盗難届はどのようにすればいいのですか。	とうなんとどけはどのようにすればいいのですか。	도난 신고는 어떻게 하면 됩니까?
当番	とうばん	당번	사물	N2	今日はジョンが当番です。	きょうはジョンがとうばんです。	오늘은 존이 당번입니다.
透明	とうめい	투명	사물	N2	透明度はどれくらいですか。	とうめいどはどれくらいですか。	투명도는 어느 정도입니까?
灯油	とうゆ	등유	사물	N2	このストーブは灯油を使用します。	このストーブはとうゆをしようします。	이 난로는 등유를 씁니다.
童話	どうわ	동화	사물	N2	あなたはこの童話を一人で書いたのですか。	あなたはこのどうわをひとりでかいたのですか。	당신은 이 동화를 혼자서 썼습니까?
通り掛かる	とおりかかる	지나가다	동사	N2	私は通り掛かりの人にどの道をいったらいいのか尋ねた。	わたしはとおりかかりのひとにどのみちをいったらいいのかたずねた。	저는 지나가던 사람에게 어느 길로 가면 되는지 물었습니다.
溶かす	とかす	녹이다	동사	N2	バターを熱し、溶かします。	バターをねっし、とかします。	버터를 데워 녹입니다.
尖る	とがる	뾰족해지다	동사	N2	彼女の言い方は私の神経を尖らせる。	かのじょのいいかたはわたしのしんけいをとがらせる。	그녀의 말투는 제 신경을 날카롭게 합니다.
どきどき	どきどき	두근두근	부사	N2	少し走ったら胸がどきどきした。	すこしはしったらむねがどきどきした。	조금 달렸더니 가슴이 두근거렸습니다.
特殊	とくしゅ	특수함	형용사	N2	間違いなく特殊なケースです。	まちがいなくとくしゅなケースです。	틀림없이 특수한 케이스입니다.
特色	とくしょく	특색	사물	N2	湿気の多い気候はその半島の特色です。	しっけのおおいきこうはそのはんとうのとくしょくです。	습한 기후는 그 반도의 특색입니다.
特定	とくてい	특정	사물	N2	警察はいまだ犯人を特定できないでいる。	けいさつはいまだはんにんをとくていできないでいる。	경찰은 아직 범인을 특정하지 못하고 있습니다.
特売	とくばい	특매	사물	N2	あの店では今夏物の特売中です。	あのみせではこんなつもののとくばいちゅうです。	저 가게에서는 지금 여름 상품 특가 판매 중입니다.
溶け込む	とけこむ	녹아들다	동사	N2	海は水平線で空に溶け込んでいた。	うみはすいへいせんでそらにとけこんでいた。	바다는 수평선에서 하늘에 녹아들어 있었습니다.
退ける	どける	물리치다	동사	N2	彼の計画は退けられた。	かれのけいかくはしりぞけられた。	그의 계획은 기각되었습니다.
都心	としん	도심	장소	N2	彼はその商売を都心に集中した。	かれはそのしょうばいをとしんにしゅうちゅうした。	그는 그 장사를 도심에 집중했습니다.
戸棚	とだな	찬장	사물	N2	皿を戸棚へしまってくれますか。	さらをとだなへしまってくれますか。	접시를 찬장에 넣어 주시겠습니까?
とっくに	とっくに	진작에	부사	N2	とっくに彼はそれに気づいていた。	とっくにかれはそれにきづいていた。	진작에 그는 그것을 알아차렸습니다.
どっと	どっと	와르르	부사	N2	乗客たちは道路にどっと降りた。	じょうきゃくたちはどうろにどっとおりた。	승객들은 도로에 와르르 내렸습니다.
整う	ととのう	갖춰지다	동사	N2	あなたの出発の準備がすべて整うよう取り計らいます。	あなたのしゅっぱつのじゅんびがすべてととのうようとりはからいます。	당신의 출발 준비가 모두 갖춰지도록 처리하겠습니다.
留まる	とどまる	머무르다	동사	N2	行くも留まるもあなたの自由です。	いくもとまるもあなたのじゆうです。	가는 것도 머무르는 것도 당신의 자유입니다.
怒鳴る	どなる	호통치다	동사	N2	彼は腹を立てて私に怒鳴った。	かれははらをたててわたしにどなった。	그는 화를 내며 저에게 호통쳤습니다.
飛び込む	とびこむ	뛰어들다	동사	N2	トムはざぶんと水に飛び込んだ。	トムはざぶんとすいにとびこんだ。	톰은 첨벙 물에 뛰어들었습니다.
ともかく	ともかく	어쨌든	부사	N2	効果はともかくなかなか楽しいよ。	こうかはともかくなかなかたのしいよ。	효과는 어쨌든 꽤 즐겁습니다.
捕える	とらえる	잡다	동사	N2	早起きの鳥は虫を捕える。	はやおきのとりはむしをとらえる。	일찍 일어나는 새가 벌레를 잡습니다.
取り入れる	とりいれる	들여놓다	동사	N2	洗濯物を中へ取り入れて下さい。	せんたくぶつをなかへとりいれてください。	세탁물을 안으로 들여놔 주세요.
取り出す	とりだす	꺼내다	동사	N2	彼はペンを取り出して小切手にサインした。	かれはペンをとりだしてこぎってにサインした。	그는 펜을 꺼내 수표에 사인했습니다.
採る	とる	따다	동사	N2	トマトを採ってるんだよ。	トマトをとってるんだよ。	토마토를 따고 있어요.
捕る	とる	잡다	동사	N2	ネズミがネズミ捕りに捕まった。	ネズミがネズミとりにつかまった。	쥐가 쥐덫에 걸렸습니다.
丼	どんぶり	덮밥	음식	N2	彼はご飯を丼で食べたよ。	かれはごはんをどんぶりでたべたよ。	그는 밥을 덮밥 그릇으로 먹었어요.
内科	ないか	내과	사물	N2	内科はどこですか。	ないかはどこですか。	내과는 어디입니까?
内線	ないせん	내선	사물	N2	交換手です。内線番号をどうぞ。	こうかんしゅです。ないせんばんごうをどうぞ。	교환원입니다. 내선 번호를 말씀해 주세요.
ナイロン	ナイロン	나일론	사물	N2	このナイロンソックスは、洗濯がきく。	このナイロンソックスは、せんたくがきく。	이 나일론 양말은 세탁이 잘됩니다.
仲直り	なかなおり	화해	사물	N2	私と仲直りしてくれませんか。	わたしとなかなおりしてくれませんか。	저와 화해해 주시지 않겠습니까?
長引く	ながびく	길어지다	동사	N2	会議は長引いて深夜まで続いた。	かいぎはながびいてしんやまでつづいた。	회의는 길어져 심야까지 이어졌습니다.
中指	なかゆび	가운뎃손가락	사람	N2	中指が一番長いです。	なかゆびがいちばんながいです。	가운뎃손가락이 가장 깁니다.
仲良し	なかよし	친한 사이	사람	N2	トムとメアリーは大の仲良しです。	トムとメアリーはだいのなかよしです。	톰과 메리는 아주 친한 사이입니다.
慰める	なぐさめる	위로하다	동사	N2	悲しみに暮れるその女性は友人たちに慰められた。	かなしみにくれるそのじょせいはゆうじんたちになぐさめられた。	슬픔에 잠긴 그 여성은 친구들에게 위로받았습니다.
為す	なす	하다	동사	N2	事ここにいたっては為すすべがない。	ことここにいたってはなすすべがない。	일이 이 지경에 이르러서는 할 방법이 없습니다.
撫でる	なでる	쓰다듬다	동사	N2	このあたりを撫でると、しこりのようなものがあるんです。	このあたりをなでると、しこりのようなものがあるんです。	이 부근을 만지면 멍울 같은 것이 있습니다.
斜め	ななめ	비스듬함	형용사	N2	布を斜めにカットします。	ぬのをななめにカットします。	천을 비스듬히 자릅니다.
なにしろ	なにしろ	아무튼	부사	N2	なにしろ、独り者で。	なにしろ、ひとりもので。	아무튼 독신이라서요.
何分	なにぶん	몇 분	부사	N2	バスは何分おきに出ていますか。	バスはなんぷんおきにでていますか。	버스는 몇 분마다 출발하고 있습니까?
生意気	なまいき	건방짐	형용사	N2	これ以上生意気言うとたたくぞ。	これいじょうなまいきいうとたたくぞ。	더 이상 건방진 말 하면 때린다.
並木	なみき	가로수	자연	N2	歩道の並木が四季の移ろいを感じさせてくれる。	ほどうのなみきがしきのうつろいをかんじさせてくれる。	보도의 가로수가 사계절의 변화를 느끼게 해 줍니다.
南極	なんきょく	남극	장소	N2	それから彼らはインド洋へとまわり南極まで飛んでいきます。	それからかれらはいんどようへとまわりなんきょくまでとんでいきます。	그리고 그들은 인도양으로 돌아 남극까지 날아갑니다.
なんとなく	なんとなく	어쩐지	부사	N2	中国語はなんとなくわかります。	ちゅうごくごはなんとなくわかります。	중국어는 어쩐지 알 것 같습니다.
なんとも	なんとも	아무렇지도	부사	N2	その知らせなんかなんともない。	そのしらせなんかなんともない。	그 소식 따위 아무렇지도 않습니다.
何とも	なんとも	정말	부사	N2	これは何とも悲しい物語です。	これはなんともかなしいものがたりです。	이것은 정말 슬픈 이야기입니다.
ナンバー	ナンバー	넘버	사물	N2	お名前とフライトナンバーをお願いします。	おなまえとフライトナンバーをおねがいします。	성함과 항공편 번호를 부탁합니다.
南米	なんべい	남미	장소	N2	私は清水の舞台から飛び降りる気持ちで南米に渡ります。	わたしはしみずのぶたいからとびおりるきもちでなんべいにわたります。	저는 큰맘 먹고 남미로 건너갑니다.
南北	なんぼく	남북	장소	N2	日本は南北に長い国です。	にほんはなんぼくにながいくにです。	일본은 남북으로 긴 나라입니다.
逃がす	にがす	놓치다	동사	N2	今度こそは彼女を逃がさないぞ。	こんどこそはかのじょをにがさないぞ。	이번에야말로 그녀를 놓치지 않겠습니다.
憎い	にくい	밉다	형용사	N2	かわいさ余って憎さ百倍。	かわいさあまってにくさひゃくばい。	귀여움이 지나쳐 미움이 백배.
憎む	にくむ	미워하다	동사	N2	未だにあなたのことを憎んでいます。	いまだにあなたのことをにくんでいます。	아직도 당신을 미워하고 있습니다.
憎らしい	にくらしい	얄밉다	형용사	N2	本当に憎らしいったらありゃしない。	ほんとうににくらしいったらありゃしない。	정말 얄미워 죽겠습니다.
にこにこ	にこにこ	생글생글	부사	N2	いつもにこにこしてるから、彼女は幸せみたいです。	いつもにこにこしてるから、かのじょはしあわせみたいです。	늘 생글생글하니 그녀는 행복한 것 같습니다.
濁る	にごる	흐려지다	동사	N2	コップの水は濁ってる。	コップのみずはにごってる。	컵의 물은 흐려져 있습니다.
虹	にじ	무지개	자연	N2	東には虹があります。	ひがしにはにじがあります。	동쪽에는 무지개가 있습니다.
日時	にちじ	일시	시간	N2	会合の日時はおってお知らせします。	かいごうのにちじはおっておしらせします。	모임의 일시는 추후 알려드리겠습니다.
日課	にっか	일과	사물	N2	朝食前に新聞を読むのが私の日課です。	ちょうしょくまえにしんぶんをよむのがわたしのにっかです。	아침 식사 전에 신문을 읽는 것이 제 일과입니다.
日程	にってい	일정	시간	N2	日程は後日決定いたします。	にっていはごじつけっていいたします。	일정은 후일 결정하겠습니다.
入社	にゅうしゃ	입사	사물	N2	彼は高校卒業直後に入社した。	かれはこうこうそつぎょうちょくごににゅうしゃした。	그는 고교 졸업 직후에 입사했습니다.
女房	にょうぼう	아내	사람	N2	去年、女房に死なれたんだよ。	きょねん、にょうぼうにしなれたんだよ。	작년에 아내를 잃었어요.
睨む	にらむ	노려보다	동사	N2	私を睨み返した少女は怒っていた。	わたしをにらみかえしたしょうじょはおこっていた。	저를 노려본 소녀는 화가 나 있었습니다.
縫う	ぬう	꿰매다	동사	N2	彼女は糸を通した針で縫います。	かのじょはいとをとおしたはりでぬいます。	그녀는 실을 꿴 바늘로 꿰맵니다.
ねじ	ねじ	나사	사물	N2	そのねじまわしを私は、友人から借りた。	そのねじまわしをわたしは、ゆうじんからかりた。	그 드라이버를 저는 친구에게 빌렸습니다.
ネックレス	ネックレス	목걸이	사물	N2	これは私が昨日なくしたのと同じネックレスです。	これはわたしがきのうなくしたのとおなじネックレスです。	이것은 제가 어제 잃어버린 것과 같은 목걸이입니다.
熱する	ねっする	가열하다	동사	N2	熱気球に乗ったことありますか。	ねつききゅうにのったことありますか。	열기구를 탄 적이 있습니까?
寝間着	ねまき	잠옷	사물	N2	トムったら、寝間着のまま授業にきたのよ。	トムったら、ねまきのままじゅぎょうにきたのよ。	톰은 잠옷 차림으로 수업에 왔어요.
寝巻	ねまき	잠옷	사물	N2	寝巻のまま学校に行ってしまった。	ねまきのままがっこうにいってしまった。	잠옷 차림으로 학교에 가 버렸습니다.
狙い	ねらい	겨냥	사물	N2	狙い通りに決まって気持ちいい。	ねらいどおりにきまってきもちいい。	겨냥한 대로 되어서 기분 좋습니다.
狙う	ねらう	노리다	동사	N2	コツコツやって、ジワジワ上昇を狙ってます。	コツコツやって、ジワジワじょうしょうをねらってます。	꾸준히 해서 서서히 상승을 노리고 있습니다.
農産物	のうさんぶつ	농산물	음식	N2	わが国の主な農産物は米である。	わがくにのおもなのうさんぶつはこめである。	우리나라의 주요 농산물은 쌀입니다.
農村	のうそん	농촌	장소	N2	日本の農村風景は大きく変わったといわれています。	にほんののうそんふうけいはおおきくかわったといわれています。	일본의 농촌 풍경은 크게 바뀌었다고 합니다.
農薬	のうやく	농약	사물	N2	たくさん農薬使ってそうでこわい。	たくさんのうやくつかってそうでこわい。	농약을 많이 쓴 것 같아 무섭습니다.
能率	のうりつ	능률	사물	N2	そうすれば能率が上がりますよ。	そうすればのうりつがあがりますよ。	그렇게 하면 능률이 오릅니다.
のこぎり	のこぎり	톱	사물	N2	父はのこぎりで木を切った。	ちちはのこぎりできをきった。	아버지는 톱으로 나무를 잘랐습니다.
残らず	のこらず	남김없이	부사	N2	あなたは私の夢を、残らず実現させてくれた。	あなたはわたしのゆめを、のこらずじつげんさせてくれた。	당신은 제 꿈을 남김없이 실현시켜 주었습니다.
上り	のぼり	상행	사물	N2	生計費は昨年うなぎ上りでした。	せいけいひはさくねんうなぎのぼりでした。	생계비는 작년 급등했습니다.
糊	のり	풀	사물	N2	彼はメモをドアに糊で貼った。	かれはメモをドアにのりではった。	그는 메모를 문에 풀로 붙였습니다.
乗り換え	のりかえ	환승	사물	N2	乗り換え切符をもらえますか。	のりかえきっぷをもらえますか。	환승표를 받을 수 있을까요?
乗り越し	のりこし	지나침	사물	N2	考え事をしてたら、乗り越してしまった。	かんがえごとをしてたら、のりこしてしまった。	생각에 잠겼더니 내릴 역을 지나쳤습니다.
のろのろ	のろのろ	느릿느릿	부사	N2	前の車がのろのろでいらいらする。	まえのくるまがのろのろでいらいらする。	앞차가 느릿느릿해서 짜증 납니다.
呑気	のんき	태평함	형용사	N2	トムは呑気でマイペースな性格だ。	トムはのんきでマイペースなせいかくだ。	톰은 태평하고 자기 페이스인 성격입니다.
灰色	はいいろ	회색	사물	N2	あの灰色のビルですか。	あのはいいろのビルですか。	저 회색 빌딩입니까?
俳句	はいく	하이쿠	사물	N2	この文は俳句の調べ持つ文よ。	このぶんははいくのしらべもつぶんよ。	이 문장은 하이쿠의 가락을 지닌 문장이에요.
売店	ばいてん	매점	장소	N2	病院売店はどこにありますか。	びょういんばいてんはどこにありますか。	병원 매점은 어디에 있습니까?
売買	ばいばい	매매	사물	N2	ディール市内と近辺の家屋の売買を仲介しています。	ディールしないときんぺんのかおくのばいばいをちゅうかいしています。	딜 시내와 근처 가옥의 매매를 중개하고 있습니다.
這う	はう	기다	동사	N2	彼らの赤ちゃんはちょうど這い始めたところです。	かれらのあかちゃんはちょうどはいはじめたところです。	그들의 아기는 막 기기 시작한 참입니다.
剥がす	はがす	떼다	동사	N2	まず、バリを剥がしてください。	まず、バリをはがしてください。	우선 버를 떼어 주세요.
秤	はかり	저울	사물	N2	浴室の秤で体重を計った。	よくしつのはかりでたいじゅうをはかった。	욕실 저울로 체중을 쟀습니다.
吐き気	はきけ	구역질	사물	N2	なんだかめまいと吐き気がします。	なんだかめまいとはきけがします。	뭔가 어지럽고 구역질이 납니다.
はきはき	はきはき	또렷하게	부사	N2	はきはきと意見を言ってください。	はきはきといけんをいってください。	또렷하게 의견을 말해 주세요.
歯車	はぐるま	톱니바퀴	사물	N2	ここの小さな歯車がないんだ。	ここのちいさなはぐるまがないんだ。	여기 작은 톱니바퀴가 없어요.
バケツ	バケツ	양동이	사물	N2	バケツに少し水があります。	バケツにすこしみずがあります。	양동이에 물이 조금 있습니다.
挟まる	はさまる	끼이다	동사	N2	ルネの指がドアに挟まっている。	ルネのゆびがドアにはさまっている。	르네의 손가락이 문에 끼여 있습니다.
挟む	はさむ	끼우다	동사	N2	私が口を挟むことではないのは分かってます。	わたしがくちをはさむことではないのはわかってます。	제가 말참견할 일이 아닌 것은 압니다.
梯子	はしご	사다리	사물	N2	彼は梯子を登ります。	かれははしごをのぼります。	그는 사다리를 오릅니다.
パターン	パターン	패턴	사물	N2	手段が目的になってるパターン。	しゅだんがもくてきになってるパターン。	수단이 목적이 된 패턴.
肌着	はだぎ	속옷	사물	N2	彼は肌着を裏返しに着た。	かれははだぎをうらがえしにきた。	그는 속옷을 뒤집어 입었습니다.
果たして	はたして	과연	부사	N2	そのうわさは果たして本当だろうか。	そのうわさははたしてほんとうだろうか。	그 소문은 과연 사실일까요.
鉢	はち	화분	사물	N2	彼女はだんだん、捨て鉢になった。	かのじょはだんだん、すてはちになった。	그녀는 점점 자포자기가 되었습니다.
発揮	はっき	발휘	사물	N2	早くも、意志薄弱ぶりを発揮した。	はやくも、いしはくじゃくぶりをはっきした。	벌써 의지박약함을 발휘했습니다.
バック	バック	백	사물	N2	このバックパックは彼のものですか。	このバックパックはかれのものですか。	이 배낭은 그의 것입니까?
発想	はっそう	발상	사물	N2	新しい発想力は、商品やサービスの競争力向上に寄与します。	あたらしいはっそうりょくは、しょうひんやサービスのきょうそうりょくこうじょうにきよします。	새로운 발상력은 상품이나 서비스의 경쟁력 향상에 기여합니다.
発電	はつでん	발전	사물	N2	ここに原子力発電所があります。	ここにげんしりょくはつでんしょがあります。	여기에 원자력 발전소가 있습니다.
発売	はつばい	발매	사물	N2	あなたの本はいつ発売されるのですか。	あなたのほんはいつはつばいされるのですか。	당신의 책은 언제 발매됩니까?
話し合い	はなしあい	의논	사물	N2	私は上司とその問題について話し合います。	わたしはじょうしとそのもんだいについてはなしあいます。	저는 상사와 그 문제에 대해 의논합니다.
話し掛ける	はなしかける	말을 걸다	동사	N2	彼女には話し掛ける人がいない。	かのじょにははなしかけるひとがいない。	그녀에게는 말을 걸 사람이 없습니다.
甚だしい	はなはだしい	심하다	형용사	N2	あんなことを彼女に言うなんて非常識も甚だしい。	あんなことをかのじょにいうなんてひじょうしきもはなはだしい。	그런 것을 그녀에게 말하다니 몰상식도 심합니다.
花火	はなび	불꽃놀이	사물	N2	夜までいて花火を見ていこうよ。	よるまでいてはなびをみていこうよ。	밤까지 있다가 불꽃놀이를 보고 가자.
花嫁	はなよめ	신부	사람	N2	彼が花嫁の父親です。	かれがはなよめのちちおやです。	그가 신부의 아버지입니다.
跳ねる	はねる	튀다	동사	N2	彼はトラックに跳ね飛ばされた。	かれはトラックにはねとばされた。	그는 트럭에 치여 날아갔습니다.
破片	はへん	파편	사물	N2	床にガラスの破片が落ちてたよ。	ゆかにガラスのはへんがおちてたよ。	바닥에 유리 파편이 떨어져 있었어요.
歯磨き	はみがき	양치질	사물	N2	彼は歯磨きの仕方を知っている。	かれははみがきのしかたをしっている。	그는 양치질하는 법을 알고 있습니다.
はめる	はめる	끼우다	동사	N2	彼女は腕にギブスをはめている。	かのじょはうでにギブスをはめている。	그녀는 팔에 깁스를 하고 있습니다.
早口	はやくち	말이 빠름	사물	N2	彼女は早口でまくしたてて、人をまるめこみます。	かのじょははやくちでまくしたてて、ひとをまるめこみます。	그녀는 빠른 말로 몰아붙여 사람을 구슬립니다.
払い込む	はらいこむ	납입하다	동사	N2	彼はそのお金を口座に払い込んだ。	かれはそのおかねをこうざにはらいこんだ。	그는 그 돈을 계좌에 납입했습니다.
払い戻す	はらいもどす	환불하다	동사	N2	この切符は払い戻しできません。	このきっぷははらいもどしできません。	이 표는 환불할 수 없습니다.
針金	はりがね	철사	사물	N2	このかごは、針金でできている。	このかごは、はりがねでできている。	이 바구니는 철사로 되어 있습니다.
張り切る	はりきる	의욕이 넘치다	동사	N2	今日は遠足なので、うちの子は張り切って出かけた。	きょうはえんそくなので、うちのこははりきってでかけた。	오늘은 소풍이라 저희 아이는 신나서 나갔습니다.
反映	はんえい	반영	사물	N2	私の目は夢を反映する海である。	わたしのめはゆめをはんえいするうみである。	제 눈은 꿈을 반영하는 바다입니다.
判子	はんこ	도장	사물	N2	例えば、宅配便の受け取りには、判子は必要有りません。	たとえば、たくはいびんのうけとりには、はんこはひつようありません。	예를 들어 택배 수령에는 도장은 필요 없습니다.
万歳	ばんざい	만세	인사	N2	女王様に万歳三唱。	じょおうさまにばんざいさんしょう。	여왕님께 만세 삼창.
判事	はんじ	판사	사람	N2	君はあの判事を買収できない。	きみはあのはんじをばいしゅうできない。	당신은 저 판사를 매수할 수 없습니다.
パンツ	パンツ	바지	사물	N2	そのパンツいいね。	そのパンツいいね。	그 바지 좋네.
バンド	バンド	밴드	사람	N2	私の学校にはバンドがあります。	わたしのがっこうにはバンドがあります。	제 학교에는 밴드가 있습니다.
半島	はんとう	반도	자연	N2	湿気の多い気候はその半島の特色です。	しっけのおおいきこうはそのはんとうのとくしょくです。	습한 기후는 그 반도의 특색입니다.
ハンドル	ハンドル	핸들	사물	N2	日本車は、右ハンドルです。	にほんくるまは、みぎハンドルです。	일본 차는 오른쪽 핸들입니다.
日当たり	ひあたり	볕	사물	N2	私のアパートは日当たりがいいんです。	わたしのアパートはひあたりがいいんです。	제 아파트는 볕이 잘 듭니다.
日帰り	ひがえり	당일치기	시간	N2	彼は日帰り旅行に行った。	かれはひがえりりょこうにいった。	그는 당일치기 여행을 갔습니다.
比較的	ひかくてき	비교적	부사	N2	平日は比較的混んでいないようです。	へいじつはひかくてきこんでいないようです。	평일은 비교적 붐비지 않는 것 같습니다.
日陰	ひかげ	그늘	장소	N2	日陰と日向ではかなり温度差がある。	ひかげとひなたではかなりおんどさがある。	그늘과 양지는 꽤 온도 차가 있습니다.
ぴかぴか	ぴかぴか	반짝반짝	부사	N2	彼女の車はぴかぴかに磨いてある。	かのじょのくるまはぴかぴかにみがいてある。	그녀의 차는 반짝반짝 닦여 있습니다.
引き返す	ひきかえす	되돌아가다	동사	N2	今は引き返すには遅すぎる。	いまはひきかえすにはおそすぎる。	지금은 되돌아가기에는 너무 늦었습니다.
引き出す	ひきだす	끌어내다	동사	N2	読書から楽しみを引き出すのは読者次第です。	どくしょからたのしみをひきだすのはどくしゃしだいです。	독서에서 즐거움을 끌어내는 것은 독자에게 달렸습니다.
引き止める	ひきとめる	만류하다	동사	N2	彼女は男の子を引き止める。	かのじょはおとこのこをひきとめる。	그녀는 남자아이를 붙잡습니다.
卑怯	ひきょう	비겁함	형용사	N2	卑怯者は悪党です。	ひきょうしゃはあくとうです。	비겁한 사람은 악당입니다.
引き分け	ひきわけ	무승부	사물	N2	その試合は引き分けに終わった。	そのしあいはひきわけにおわった。	그 시합은 무승부로 끝났습니다.
日差し	ひざし	햇살	자연	N2	赤ちゃんを強い日差しにさらすのは危険です。	あかちゃんをつよいひざしにさらすのはきけんです。	아기를 강한 햇살에 노출시키는 것은 위험합니다.
肘	ひじ	팔꿈치	사람	N2	こうすると、肘が痛いんです。	こうすると、ひじがいたいんです。	이렇게 하면 팔꿈치가 아픕니다.
ピストル	ピストル	권총	사물	N2	トムはピストルを持ってたんだ。	トムはピストルをもってたんだ。	톰은 권총을 갖고 있었어요.
ビタミン	ビタミン	비타민	사물	N2	リンゴはビタミンが豊富です。	リンゴはビタミンがほうふです。	사과는 비타민이 풍부합니다.
ぴたり	ぴたり	딱	부사	N2	彼らは息がぴたりと合っている。	かれらはいきがぴたりとあっている。	그들은 호흡이 딱 맞습니다.
引っ掛かる	ひっかかる	걸리다	동사	N2	私は釘に引っ掛かって上着を破ってしまった。	わたしはくぎにひっかかってうわぎをやぶってしまった。	저는 못에 걸려 겉옷을 찢어 버렸습니다.
筆記	ひっき	필기	사물	N2	トムは秘書に口述筆記で手紙を書かせた。	トムはひしょにこうじゅつひっきでてがみをかかせた。	톰은 비서에게 구술 필기로 편지를 쓰게 했습니다.
引っ越し	ひっこし	이사	사물	N2	彼は私の引っ越しを手伝ってくれた。	かれはわたしのひっこしをてつだってくれた。	그는 제 이사를 도와주었습니다.
引っ込む	ひっこむ	물러나다	동사	N2	無理が通れば、道理が引っ込む。	むりがとおれば、どうりがひっこむ。	무리가 통하면 도리가 물러납니다.
筆者	ひっしゃ	필자	사람	N2	この記事の筆者は有名な評論家です。	このきじのひっしゃはゆうめいなひょうろんかです。	이 기사의 필자는 유명한 평론가입니다.
人通り	ひとどおり	인적	사물	N2	その道路は人通りはなかった。	そのどうろはひとどおりはなかった。	그 도로는 인적이 없었습니다.
ひとまず	ひとまず	일단	부사	N2	ひとまず、連絡します。	ひとまず、れんらくします。	일단 연락하겠습니다.
瞳	ひとみ	눈동자	사람	N2	彼女の瞳は青い。	かのじょのひとみはあおい。	그녀의 눈동자는 파랗습니다.
一休み	ひとやすみ	한숨 돌림	사물	N2	ここで一休みしたいものです。	ここでひとやすみしたいものです。	여기서 한숨 돌리고 싶습니다.
独り言	ひとりごと	혼잣말	사물	N2	独り言をいいます。	ひとりごとをいいます。	혼잣말을 합니다.
ひとりでに	ひとりでに	저절로	부사	N2	彼女はひとりでに目を覚ました。	かのじょはひとりでにめをさました。	그녀는 저절로 잠에서 깼습니다.
ビニール	ビニール	비닐	사물	N2	ビニールは熱に弱いのが難点だ。	ビニールはねつによわいのがなんてんだ。	비닐은 열에 약한 것이 단점입니다.
皮肉	ひにく	비꼼	사물	N2	彼女は彼の皮肉がわかるだろう。	かのじょはかれのひにくがわかるだろう。	그녀는 그의 비꼼을 알아차릴 겁니다.
日にち	ひにち	날짜	시간	N2	日にちはどのくらいかかりますか。	ひにちはどのくらいかかりますか。	날짜는 어느 정도 걸립니까?
捻る	ひねる	비틀다	동사	N2	体を捻ってから下までしゃがみます。	からだをひねってからしたまでしゃがみます。	몸을 비튼 다음 아래까지 쭈그립니다.
日の入り	ひのいり	일몰	시간	N2	こんな美しい日の入りを見たことがありますか。	こんなうつくしいひのいりをみたことがありますか。	이렇게 아름다운 일몰을 본 적이 있습니까?
日の出	ひので	일출	시간	N2	トムは日の出と共に起きます。	トムはひのでとともにおきます。	톰은 일출과 함께 일어납니다.
響き	ひびき	울림	사물	N2	出席状況が最終の成績に響きます。	しゅっせきじょうきょうがさいしゅうのせいせきにひびきます。	출석 상황이 최종 성적에 영향을 줍니다.
響く	ひびく	울리다	동사	N2	前のメールがきつく響かなかったことを願っています。	まえのメールがきつくひびかなかったことをねがっています。	앞선 메일이 심하게 들리지 않았기를 바랍니다.
皮膚	ひふ	피부	사람	N2	カメレオンは皮膚の色を変えることができます。	カメレオンはひふのいろをかえることができます。	카멜레온은 피부색을 바꿀 수 있습니다.
美容	びよう	미용	사물	N2	ホテルの中に美容院はありますか。	ホテルのなかにびよういんはありますか。	호텔 안에 미용실은 있습니까?
表紙	ひょうし	표지	사물	N2	父は表紙の取れた古い辞書を使っています。	ちちはひょうしのとれたふるいじしょをつかっています。	아버지는 표지가 떨어진 오래된 사전을 쓰고 있습니다.
標識	ひょうしき	표지판	사물	N2	あれは何の標識ですか。	あれはなにのひょうしきですか。	저것은 무슨 표지판입니까?
標準	ひょうじゅん	표준	사물	N2	その赤ちゃんの発育はその年齢では標準です。	そのあかちゃんのはついくはそのねんれいではひょうじゅんです。	그 아기의 발육은 그 나이로는 표준입니다.
標本	ひょうほん	표본	사물	N2	たとえば、標本はいくつですか。	たとえば、ひょうほんはいくつですか。	예를 들어 표본은 몇 개입니까?
評論	ひょうろん	평론	사물	N2	彼は小説家というよりもむしろ評論家です。	かれはしょうせつかというよりもむしろひょうろんかです。	그는 소설가라기보다 오히려 평론가입니다.
昼寝	ひるね	낮잠	사물	N2	私は昼寝します。	わたしはひるねします。	저는 낮잠을 잡니다.
広場	ひろば	광장	장소	N2	タクシム広場はどちら側ですか。	タクシムひろばはどちらがわですか。	탁심 광장은 어느 쪽입니까?
ピンク	ピンク	핑크	사물	N2	あのピンクの服を着た女性はだれですか。	あのピンクのふくをきたじょせいはだれですか。	저 분홍 옷을 입은 여성은 누구입니까?
便箋	びんせん	편지지	사물	N2	便箋をください。	びんせんをください。	편지지를 주세요.
ファスナー	ファスナー	지퍼	사물	N2	彼は上着のファスナーを閉めた。	かれはうわぎのファスナーをしめた。	그는 겉옷의 지퍼를 잠갔습니다.
風船	ふうせん	풍선	사물	N2	風船が空に向かって上昇しています。	ふうせんがそらにむかってじょうしょうしています。	풍선이 하늘을 향해 올라가고 있습니다.
不運	ふうん	불운	사물	N2	彼は、不運な人です。	かれは、ふうんなひとです。	그는 불운한 사람입니다.
不規則	ふきそく	불규칙	사물	N2	生理が不規則です。	せいりがふきそくです。	생리가 불규칙합니다.
普及	ふきゅう	보급	사물	N2	電子商取引が急速に普及し始めた。	でんししょうとりひきがきゅうそくにふきゅうしはじめた。	전자 상거래가 급속히 보급되기 시작했습니다.
付近	ふきん	부근	장소	N2	この付近は駐車禁止です。	このふきんはちゅうしゃきんしです。	이 부근은 주차 금지입니다.
副詞	ふくし	부사	사물	N2	次の文には形容詞と副詞が含まれています。	つぎのぶんにはけいようしとふくしがふくまれています。	다음 문장에는 형용사와 부사가 포함되어 있습니다.
複写	ふくしゃ	복사	사물	N2	エジソンは複写の装置を発明した。	エジソンはふくしゃのそうちをはつめいした。	에디슨은 복사 장치를 발명했습니다.
複数	ふくすう	복수	사물	N2	その単語には複数の意味があります。	そのたんごにはふくすうのいみがあります。	그 단어에는 여러 뜻이 있습니다.
膨らます	ふくらます	부풀리다	동사	N2	イースト菌がパン生地を膨らます。	いーすときんがぱんきじをふくらます。	이스트균이 빵 반죽을 부풀립니다.
膨らむ	ふくらむ	부풀다	동사	N2	タイヤに空気を入れれば膨らむ。	タイヤにくうきをいれればふくらむ。	타이어에 공기를 넣으면 부풉니다.
不潔	ふけつ	불결함	형용사	N2	不潔は病気を生み出す。	ふけつはびょうきをうみだす。	불결은 병을 낳습니다.
更ける	ふける	깊어지다	동사	N2	夜が更けるにつれて寒くなった。	よるがふけるにつれてさむくなった。	밤이 깊어지면서 추워졌습니다.
夫妻	ふさい	부부	사람	N2	ウエスト夫妻は新婚旅行中です。	ウエストふさいはしんこんりょこうちゅうです。	웨스트 부부는 신혼여행 중입니다.
塞がる	ふさがる	막히다	동사	N2	今手が塞がっているんです。	こんてがふさがっているんです。	지금 손이 비어 있지 않습니다.
塞ぐ	ふさぐ	막다	동사	N2	工事が通りへの進路を塞いだ。	こうじがとおりへのしんろをふさいだ。	공사가 거리로 가는 길을 막았습니다.
ふざける	ふざける	장난치다	동사	N2	彼はふざけた調子でそう言った。	かれはふざけたちょうしでそういった。	그는 장난스러운 어조로 그렇게 말했습니다.
武士	ぶし	무사	사람	N2	武士は食わねど高楊枝。	ぶしはくわねどたかようじ。	무사는 굶어도 이를 쑤십니다.
付属	ふぞく	부속	사물	N2	この大学には付属病院があります。	このだいがくにはふぞくびょういんがあります。	이 대학에는 부속 병원이 있습니다.
物騒	ぶっそう	뒤숭숭함	형용사	N2	物騒で不安だから様子みてくる。	ぶっそうでふあんだからようすみてくる。	뒤숭숭하고 불안해서 상황을 보고 오겠습니다.
ぶつぶつ	ぶつぶつ	투덜투덜	부사	N2	赤いぶつぶつが体中にできています。	あかいぶつぶつがからだちゅうにできています。	붉은 발진이 온몸에 났습니다.
船便	ふなびん	배편	사물	N2	船便だといくらになりますか。	ふなびんだといくらになりますか。	배편이면 얼마가 됩니까?
吹雪	ふぶき	눈보라	자연	N2	外の吹雪を見ると、寒気がする。	そとのふぶきをみると、さむけがする。	밖의 눈보라를 보면 한기가 듭니다.
父母	ふぼ	부모	사람	N2	私の父母は、そこに大きな農場を持っている。	わたしのちちははは、そこにおおきなのうじょうをもっている。	제 부모는 그곳에 큰 농장을 갖고 있습니다.
踏切	ふみきり	건널목	장소	N2	その時、突然踏切の警報音が鳴り始めた。	そのとき、とつぜんふみきりのけいほうおんがなりはじめた。	그때 갑자기 건널목 경보음이 울리기 시작했습니다.
麓	ふもと	기슭	자연	N2	山の麓に日が昇るが早いかただ一人山を登り始めた。	やまのふもとにひがのぼるがはやいかただひとりやまをのぼりはじめた。	산기슭에 해가 뜨자마자 홀로 산을 오르기 시작했습니다.
フライパン	フライパン	프라이팬	사물	N2	フライパンに油が回ったら肉を入れます。	フライパンにあぶらがまわったらにくをいれます。	프라이팬에 기름이 돌면 고기를 넣습니다.
ブラウス	ブラウス	블라우스	사물	N2	このブラウスは好きですか。	このブラウスはすきですか。	이 블라우스는 좋아합니까?
ブラシ	ブラシ	브러시	사물	N2	家に帰ると必ずコートにブラシをかけるんです。	いえにかえるとかならずコートにブラシをかけるんです。	집에 돌아오면 반드시 코트에 솔질을 합니다.
プラットホーム	プラットホーム	플랫폼	장소	N2	ロンドン行きの列車のプラットホームはどちらですか。	ロンドンいきのれっしゃのプラットホームはどちらですか。	런던행 열차의 플랫폼은 어느 쪽입니까?
フリー	フリー	프리	사물	N2	その食品はグルテンフリーです。	そのしょくひんはグルテンフリーです。	그 식품은 글루텐 프리입니다.
振り向く	ふりむく	돌아보다	동사	N2	私が呼んだとき彼は振り向いた。	わたしがよんだときかれはふりむいた。	제가 불렀을 때 그는 돌아봤습니다.
プリント	プリント	프린트	사물	N2	必要なミョウバンの量はプリントに書いてあります。	ひつようなミョウバンのりょうはプリントにかいてあります。	필요한 명반의 양은 유인물에 쓰여 있습니다.
振舞う	ふるまう	행동하다	동사	N2	君の好きなように振舞って良い。	きみのすきなようにふるまってよい。	당신이 좋아하는 대로 행동해도 좋습니다.
ブローチ	ブローチ	브로치	사물	N2	彼女はブローチをつけている。	かのじょはブローチをつけている。	그녀는 브로치를 달고 있습니다.
プログラム	プログラム	프로그램	사물	N2	プログラムをいただけますか。	プログラムをいただけますか。	프로그램을 받을 수 있을까요?
風呂敷	ふろしき	보자기	사물	N2	彼の大風呂敷はいつものこと。	かれのだいふろしきはいつものこと。	그의 허풍은 늘 있는 일입니다.
ふわふわ	ふわふわ	둥실둥실	부사	N2	寝不足で足元がふわふわしています。	ねぶそくであしもとがふわふわしています。	잠이 부족해서 발밑이 붕 뜬 느낌입니다.
噴火	ふんか	분화	자연	N2	その活火山は周期的に噴火する。	そのかっかざんはしゅうきてきにふんかする。	그 활화산은 주기적으로 분화합니다.
分解	ぶんかい	분해	사물	N2	その男の子はラジオを分解した。	そのおとこのこはラジオをぶんかいした。	그 남자아이는 라디오를 분해했습니다.
文芸	ぶんげい	문예	사물	N2	文芸誌に初めてエッセイが掲載されて感動した。	ぶんげいしにはじめてエッセイがけいさいされてかんどうした。	문예지에 처음으로 에세이가 실려 감동했습니다.
文献	ぶんけん	문헌	사물	N2	星印は重要な参照文献を示す。	ほししるしはじゅうようなさんしょうぶんけんをしめす。	별표는 중요한 참조 문헌을 나타냅니다.
噴水	ふんすい	분수	사물	N2	駅の前に噴水があります。	えきのまえにふんすいがあります。	역 앞에 분수가 있습니다.
分数	ぶんすう	분수	사물	N2	次の分数を小数に直しなさい。	つぎのぶんすうをしょうすうになおしなさい。	다음 분수를 소수로 고치세요.
文体	ぶんたい	문체	사물	N2	あの作家の文体は優れている。	あのさっかのぶんたいはすぐれている。	저 작가의 문체는 뛰어납니다.
分布	ぶんぷ	분포	사물	N2	その植物はヨーロッパの北から南まで分布している。	そのしょくぶつはヨーロッパのきたからみなみまでぶんぷしている。	그 식물은 유럽 북쪽에서 남쪽까지 분포하고 있습니다.
文房具	ぶんぼうぐ	문구	사물	N2	私たちは文房具類を大量に買う。	わたしたちはぶんぼうぐるいをたいりょうにかう。	저희는 문구류를 대량으로 삽니다.
文脈	ぶんみゃく	문맥	사물	N2	言葉の意味は文脈によって変わりうる。	ことばのいみはぶんみゃくによってかわりうる。	말의 뜻은 문맥에 따라 달라질 수 있습니다.
分類	ぶんるい	분류	사물	N2	郵便配達員は毎朝郵便物を分類します。	ゆうびんはいたついんはまいあさゆうびんぶつをぶんるいします。	우편배달원은 매일 아침 우편물을 분류합니다.
閉会	へいかい	폐회	사물	N2	オリンピックの閉会式は見事であった。	オリンピックのへいかいしきはみごとであった。	올림픽 폐회식은 훌륭했습니다.
平気	へいき	태연함	형용사	N2	彼は病気など平気だと思っている。	かれはびょうきなどへいきだとおもっている。	그는 병 따위 아무렇지 않다고 생각합니다.
並行	へいこう	병행	사물	N2	その道路は川と並行している。	そのどうろはかわとへいこうしている。	그 도로는 강과 병행하고 있습니다.
兵隊	へいたい	병사	사람	N2	兵隊が橋を見張っていた。	へいたいがはしをみはっていた。	병사가 다리를 지키고 있었습니다.
平凡	へいぼん	평범함	형용사	N2	彼は平凡な男性です。	かれはへいぼんなだんせいです。	그는 평범한 남성입니다.
平野	へいや	평야	자연	N2	川はうねるように平野を流れている。	かわはうねるようにへいやをながれている。	강은 굽이치듯 평야를 흐르고 있습니다.
凹む	へこむ	움푹 들어가다	동사	N2	車、凹んでるよ。	くるま、へこんでるよ。	차, 찌그러졌어요.
隔てる	へだてる	사이에 두다	동사	N2	彼は私たちと道を隔てた反対側に住んでいます。	かれはわたしたちとみちをへだてたはんたいがわにすんでいます。	그는 저희와 길을 사이에 둔 반대편에 살고 있습니다.
別荘	べっそう	별장	장소	N2	その別荘は風景と調和していた。	そのべっそうはふうけいとちょうわしていた。	그 별장은 풍경과 조화를 이루고 있었습니다.
ベテラン	ベテラン	베테랑	사람	N2	彼はベテランのドライバーだ。	かれはベテランのドライバーだ。	그는 베테랑 운전자입니다.
ヘリコプター	ヘリコプター	헬리콥터	사물	N2	ヘリコプターが超低空飛行をしています。	ヘリコプターがちょうていくうひこうをしています。	헬리콥터가 초저공 비행을 하고 있습니다.
編集	へんしゅう	편집	사물	N2	ビルは編集部員です。	ビルはへんしゅうぶいんです。	빌은 편집부원입니다.
便所	べんじょ	화장실	장소	N2	生徒はこの便所を使ってはならない。	せいとはこのべんじょをつかってはならない。	학생은 이 화장실을 써서는 안 됩니다.
ペンチ	ペンチ	펜치	사물	N2	ペンチは道具箱に入れといて。	ペンチはどうぐばこにいれといて。	펜치는 공구함에 넣어 둬.
ボーナス	ボーナス	보너스	사물	N2	三ヶ月ごとにボーナスがあるんだ。	さんかげつごとにボーナスがあるんだ。	3개월마다 보너스가 있어요.
望遠鏡	ぼうえんきょう	망원경	사물	N2	この望遠鏡は星と夢が見えます。	このぼうえんきょうはほしとゆめがみえます。	이 망원경은 별과 꿈이 보입니다.
方角	ほうがく	방위	사물	N2	その物体は光を放ちながら南の方角へ飛んで行った。	そのぶったいはひかりをはなちながらみなみのほうがくへとんでいった。	그 물체는 빛을 내며 남쪽 방향으로 날아갔습니다.
箒	ほうき	빗자루	사물	N2	掃除の時間はいつも新品の箒の取り合いになる。	そうじのじかんはいつもしんぴんのほうきのとりあいになる。	청소 시간은 늘 새 빗자루 쟁탈전이 됩니다.
方言	ほうげん	방언	사물	N2	彼らは南部の方言で話していた。	かれらはなんぶのほうげんではなしていた。	그들은 남부 방언으로 이야기하고 있었습니다.
坊さん	ぼうさん	스님	사람	N2	あの偉い坊さんを見ろよ。	あのえらいぼうさんをみろよ。	저 훌륭한 스님을 봐.
防止	ぼうし	방지	사물	N2	トラブル防止のため名札は本名ではありません。	トラブルぼうしのためなふだはほんみょうではありません。	문제 방지를 위해 명찰은 본명이 아닙니다.
方針	ほうしん	방침	사물	N2	個人情報を公開しないのが私たちの方針です。	こじんじょうほうをこうかいしないのがわたしたちのほうしんです。	개인 정보를 공개하지 않는 것이 저희 방침입니다.
法則	ほうそく	법칙	사물	N2	今日はオームの法則に関する実験を行います。	きょうはオームのほうそくにかんするじっけんをおこないます。	오늘은 옴의 법칙에 관한 실험을 합니다.
包帯	ほうたい	붕대	사물	N2	バンドエードか包帯、ありますか。	バンドエードかほうたい、ありますか。	반창고나 붕대 있습니까?
膨大	ぼうだい	방대함	형용사	N2	辞書を編さんするには膨大な時間を要する。	じしょをへんさんするにはぼうだいなじかんをようする。	사전을 편찬하려면 방대한 시간이 필요합니다.
包丁	ほうちょう	식칼	사물	N2	彼女は長年の間に包丁をすり減らした。	かのじょはながねんのまにほうちょうをすりへらした。	그녀는 오랜 세월에 걸쳐 식칼을 닳게 했습니다.
方程式	ほうていしき	방정식	사물	N2	その少年は連立方程式を楽に解いた。	そのしょうねんはれんりつほうていしきをらくにといた。	그 소년은 연립방정식을 쉽게 풀었습니다.
防犯	ぼうはん	방범	사물	N2	防犯カメラの映像をよく見たら人がいた。	ぼうはんカメラのえいぞうをよくみたらひとがいた。	방범 카메라 영상을 잘 보니 사람이 있었습니다.
方面	ほうめん	방면	장소	N2	兄はあなたと同じ方面の仕事をしています。	あにはあなたとおなじほうめんのしごとをしています。	형은 당신과 같은 방면의 일을 하고 있습니다.
坊や	ぼうや	꼬마	사람	N2	楽しい夢を見てね、ティミー坊や。	たのしいゆめをみてね、ティミーぼうや。	즐거운 꿈 꾸렴, 티미야.
放る	ほうる	던지다	동사	N2	トムがナイフを川に放り投げたのさ。	トムがナイフをかわにほうりなげたのさ。	톰이 칼을 강에 던져 버린 거예요.
朗らか	ほがらか	명랑함	형용사	N2	朗らかな人は、周りに安心を与える。	ほがらかなひとは、まわりにあんしんをあたえる。	명랑한 사람은 주위에 안심을 줍니다.
牧場	ぼくじょう	목장	장소	N2	牧場で暮らす動物は家畜です。	ぼくじょうでくらすどうぶつはかちくです。	목장에서 사는 동물은 가축입니다.
保健	ほけん	보건	사물	N2	君は保健室に行った方がいいぞ。	きみはほけんしつにいったほうがいいぞ。	너는 보건실에 가는 게 좋겠어.
募集	ぼしゅう	모집	사물	N2	その会の会員募集に応募した。	そのかいのかいいんぼしゅうにおうぼした。	그 모임의 회원 모집에 응모했습니다.
干す	ほす	말리다	동사	N2	室内干しの場合は、乾燥機や除湿器を利用すると効率的です。	しつないほしのばあいは、かんそうきやじょしめうつわをりようするとこうりつてきです。	실내 건조의 경우는 건조기나 제습기를 이용하면 효율적입니다.
ポスター	ポスター	포스터	사물	N2	新しいポスターを製作した。	あたらしいポスターをせいさくした。	새 포스터를 제작했습니다.
北極	ほっきょく	북극	장소	N2	彼らは北極地方から南へとびます。	かれらはほっきょくちほうからみなみへとびます。	그들은 북극 지방에서 남쪽으로 날아갑니다.
掘る	ほる	파다	동사	N2	ジャガイモを掘ったことがありますか。	ジャガイモをほったことがありますか。	감자를 캔 적이 있습니까?
彫る	ほる	새기다	동사	N2	彼らは大理石で像を彫っている。	かれらはだいりせきでぞうをほっている。	그들은 대리석으로 상을 조각하고 있습니다.
ぼろ	ぼろ	누더기	사물	N2	今日の試合はぼろ負けだった。	きょうのしあいはぼろまけだった。	오늘 시합은 참패였습니다.
盆	ぼん	쟁반	사물	N2	覆水、盆に返らず。	ふくすい、ぼんにかえらず。	엎지른 물은 쟁반에 돌아오지 않습니다.
盆地	ぼんち	분지	자연	N2	この地方は盆地になっている。	このちほうはぼんちになっている。	이 지방은 분지로 되어 있습니다.
本部	ほんぶ	본부	장소	N2	大学本部はニューヨークに分校を設立することを決定した。	だいがくほんぶはニューヨークにぶんこうをせつりつすることをけっていした。	대학 본부는 뉴욕에 분교를 설립하기로 결정했습니다.
本来	ほんらい	본래	부사	N2	これは本来無害です。	これはほんらいむがいです。	이것은 본래 무해합니다.
枚数	まいすう	장수	사물	N2	コピーの枚数を数えてください。	コピーのまいすうをかぞえてください。	복사 장수를 세어 주세요.
毎度	まいど	매번	부사	N2	毎度お引き立てありがとうございます。	まいどおひきたてありがとうございます。	매번 애용해 주셔서 감사합니다.
まく	まく	뿌리다	동사	N2	春になると畑をほりかえして種をまきます。	はるになるとはたけをほりかえしてたねをまきます。	봄이 되면 밭을 갈아엎고 씨를 뿌립니다.
枕	まくら	베개	사물	N2	枕は高い方が気持ちよく眠れます。	まくらはたかいほうがきもちよくねむれます。	베개는 높은 편이 기분 좋게 잘 수 있습니다.
曲げる	まげる	굽히다	동사	N2	トムは、自分の意見を曲げません。	トムは、じぶんのいけんをまげません。	톰은 자기 의견을 굽히지 않습니다.
摩擦	まさつ	마찰	사물	N2	現在の日米貿易摩擦の原因は何であると思いますか。	げんざいのにちべいぼうえきまさつのげんいんはなんであるとおもいますか。	현재의 미일 무역 마찰의 원인은 무엇이라고 생각합니까?
まざる	まざる	섞이다	동사	N2	水と油はまざらない。	みずとあぶらはまざらない。	물과 기름은 섞이지 않습니다.
まじる	まじる	섞이다	동사	N2	彼女の髪は白髪まじりだ。	かのじょのかみははくはつまじりだ。	그녀의 머리는 흰머리가 섞여 있습니다.
マスク	マスク	마스크	사물	N2	トムは医療用マスクをしている。	トムはいりょうようマスクをしている。	톰은 의료용 마스크를 하고 있습니다.
まぜる	まぜる	섞다	동사	N2	私は、安心とあせりがごちゃまぜの、複雑な心境だ。	わたしは、あんしんとあせりがごちゃまぜの、ふくざつなしんきょうだ。	저는 안심과 초조가 뒤섞인 복잡한 심경입니다.
またぐ	またぐ	넘다	동사	N2	彼女は小川をひょいとまたいだ。	かのじょはおがわをひょいとまたいだ。	그녀는 개울을 훌쩍 넘었습니다.
待合室	まちあいしつ	대기실	장소	N2	彼は待合室に座っています。	かれはまちあいしつにすわっています。	그는 대기실에 앉아 있습니다.
待ち合わせる	まちあわせる	만나기로 하다	동사	N2	駅で待ち合わせよう。	えきでまちあわせよう。	역에서 만납시다.
街角	まちかど	길모퉁이	장소	N2	あの老人たちは街角に無駄話をしに行くのが好きだ。	あのろうじんたちはまちかどにむだばなしをしにいくのがすきだ。	저 노인들은 길모퉁이에 잡담하러 가는 것을 좋아합니다.
真っ暗	まっくら	캄캄함	형용사	N2	深海は、真っ暗です。	しんかいは、まっくらです。	심해는 캄캄합니다.
真っ黒	まっくろ	새까맣다	형용사	N2	真っ黒な卵ってすごいね。	まっくろなたまごってすごいね。	새까만 달걀이라니 대단하네요.
真っ青	まっさお	새파랗다	형용사	N2	あなたは顔が真っ青です。	あなたはかおがまっさおです。	당신은 얼굴이 새파랗습니다.
真っ先	まっさき	맨 먼저	부사	N2	地震が来たら、真っ先に何をしますか。	じしんがきたら、まっさきになにをしますか。	지진이 오면 맨 먼저 무엇을 하겠습니까?
真っ白	まっしろ	새하얗다	형용사	N2	その小道はもう雪で真っ白です。	そのこみちはもうゆきでまっしろです。	그 오솔길은 이미 눈으로 새하얗습니다.
祭る	まつる	모시다	동사	N2	九頭竜明神を祭るために灯篭をながす。	くずりゅうみょうじんをまつるためにとうろうをながす。	구두룡 명신을 모시기 위해 등롱을 띄웁니다.
窓口	まどぐち	창구	장소	N2	予約はどの窓口でできますか。	よやくはどのまどぐちでできますか。	예약은 어느 창구에서 할 수 있습니까?
真似る	まねる	흉내 내다	동사	N2	みんなが真似て個性がなくなった。	みんながまねてこせいがなくなった。	모두가 흉내 내서 개성이 없어졌습니다.
まぶた	まぶた	눈꺼풀	사람	N2	まぶたが熱を持っています。	まぶたがねつをもっています。	눈꺼풀이 화끈거립니다.
マフラー	マフラー	머플러	사물	N2	マフラーをしなさい。外は寒いわ。	マフラーをしなさい。そとはさむいわ。	머플러를 하세요. 밖은 추워요.
間もなく	まもなく	머지않아	부사	N2	間もなく彼らは結婚します。	まもなくかれらはけっこんします。	머지않아 그들은 결혼합니다.
マラソン	マラソン	마라톤	사물	N2	マラソンは晴雨にかかわらず開かれます。	マラソンはせいうにかかわらずひらかれます。	마라톤은 맑든 비가 오든 열립니다.
稀	まれ	드묾	형용사	N2	ピカソのような画家は稀だ。	ピカソのようながかはまれだ。	피카소 같은 화가는 드뭅니다.
回り道	まわりみち	우회로	장소	N2	彼らはぐるっと回り道をしてやってきた。	かれらはぐるっとまわりみちをしてやってきた。	그들은 빙 둘러 돌아서 왔습니다.
満員	まんいん	만원	사물	N2	このクラスはもう満員です。	このクラスはもうまんいんです。	이 반은 이미 만원입니다.
マンション	マンション	아파트	장소	N2	トムはマンションに住んでいます。	トムはマンションにすんでいます。	톰은 아파트에 살고 있습니다.
満点	まんてん	만점	사물	N2	彼が試験で満点を取ったのは本当です。	かれがしけんでまんてんをとったのはほんとうです。	그가 시험에서 만점을 받은 것은 사실입니다.
見上げる	みあげる	올려다보다	동사	N2	彼の正直さは見上げたものだ。	かれのしょうじきさはみあげたものだ。	그의 정직함은 훌륭합니다.
見送る	みおくる	배웅하다	동사	N2	彼女を見送ってたところです。	かのじょをみおくってたところです。	그녀를 배웅하던 참입니다.
見下ろす	みおろす	내려다보다	동사	N2	彼は下の方の谷を見下ろした。	かれはしたのほうのたにをみおろした。	그는 아래쪽 골짜기를 내려다봤습니다.
見掛け	みかけ	겉모습	사물	N2	人を見掛けで評価してはならない。	ひとをみかけでひょうかしてはならない。	사람을 겉모습으로 평가해서는 안 됩니다.
三日月	みかづき	초승달	자연	N2	足で三日月を踏んでいる。	あしでみっかつきをふんでいる。	발로 초승달을 밟고 있습니다.
岬	みさき	곶	자연	N2	そこでは岬が海に突き出している。	そこではみさきがうみにつきだしている。	그곳에서는 곶이 바다로 튀어나와 있습니다.
みじめ	みじめ	비참함	형용사	N2	わたしはそのことで全くみじめです。	わたしはそのことでまったくみじめです。	저는 그 일로 완전히 비참합니다.
ミシン	ミシン	재봉틀	사물	N2	新しいミシンを買った。	あたらしいミシンをかった。	새 재봉틀을 샀습니다.
自ら	みずから	스스로	부사	N2	トムは自らファースーツを作った。	トムはみずからファースーツをつくった。	톰은 스스로 퍼슈트를 만들었습니다.
水着	みずぎ	수영복	사물	N2	彼女はかわいい水着を着ている。	かのじょはかわいいみずぎをきている。	그녀는 귀여운 수영복을 입고 있습니다.
見出し	みだし	표제	사물	N2	辞書の見出しは、アルファベット順です。	じしょのみだしは、アルファベットじゅんです。	사전의 표제어는 알파벳순입니다.
道順	みちじゅん	길 순서	사물	N2	道順はご存知ですか。	みちじゅんはごぞんじですか。	가는 길을 아십니까?
みっともない	みっともない	꼴사납다	형용사	N2	犬食いはみっともないよね。	いぬぐいはみっともないよね。	개처럼 먹는 건 꼴사납죠.
見慣れる	みなれる	눈에 익다	동사	N2	目覚めると、見慣れない部屋にいた。	めざめると、みなれないへやにいた。	깨어 보니 낯선 방에 있었습니다.
醜い	みにくい	추하다	형용사	N2	私を醜いと思いますか。	わたしをみにくいとおもいますか。	저를 못생겼다고 생각합니까?
実る	みのる	결실하다	동사	N2	君の努力はもうじき実るだろう。	きみのどりょくはもうじきみのるだろう。	당신의 노력은 곧 결실을 맺을 겁니다.
身分	みぶん	신분	사물	N2	もとは相当の身分の人だったそうです。	もとはそうとうのみぶんのひとだったそうです。	원래는 상당한 신분의 사람이었다고 합니다.
見舞う	みまう	맞다	동사	N2	全国的に好景気に見舞われている。	ぜんこくてきにこうけいきにみまわれている。	전국적으로 호경기를 맞고 있습니다.
未満	みまん	미만	사물	N2	トムとは友達以上恋人未満の関係です。	トムとはともだちいじょうこいびとみまんのかんけいです。	톰과는 친구 이상 연인 미만인 관계입니다.
名字	みょうじ	성	사물	N2	私たち、名字が一緒なんです。	わたしたち、みょうじがいっしょなんです。	저희, 성이 같아요.
民間	みんかん	민간	사물	N2	島の民間伝承はいまだにそのいかだの話を伝えている。	しまのみんかんでんしょうはいまだにそのいかだのはなしをつたえている。	섬의 민간 전승은 아직도 그 뗏목 이야기를 전하고 있습니다.
民謡	みんよう	민요	사물	N2	兄が民謡に興味を抱き始めたのは十二歳ごろだった。	あにがみんようにきょうみをいだきはじめたのはじゅうにさいごろだった。	형이 민요에 흥미를 갖기 시작한 것은 열두 살 무렵이었습니다.
無限	むげん	무한	사물	N2	だが宇宙は無限だ。	だがうちゅうはむげんだ。	하지만 우주는 무한합니다.
矛盾	むじゅん	모순	사물	N2	結果は理論に矛盾しないだろう。	けっかはりろんにむじゅんしないだろう。	결과는 이론에 모순되지 않을 겁니다.
無数	むすう	무수	사물	N2	目に見える星の数は無数です。	めにみえるほしのかずはむすうです。	눈에 보이는 별의 수는 무수합니다.
紫	むらさき	보라	사물	N2	このノートは紫じゃないです。	このノートはむらさきじゃないです。	이 공책은 보라가 아닙니다.
群れ	むれ	무리	사람	N2	鳥は群れをなして飛んでいた。	とりはむれをなしてとんでいた。	새는 무리를 지어 날고 있었습니다.
姪	めい	조카딸	사람	N2	実を言うと彼女は私の姪です。	みをいうとかのじょはわたしのめいです。	사실을 말하면 그녀는 제 조카딸입니다.
名作	めいさく	명작	사물	N2	名作はいつ観ても味わいがある。	めいさくはいつみてもあじわいがある。	명작은 언제 봐도 맛이 있습니다.
名所	めいしょ	명소	장소	N2	ここの観光名所にはどんなところがありますか。	ここのかんこうめいしょにはどんなところがありますか。	여기 관광 명소에는 어떤 곳이 있습니까?
迷信	めいしん	미신	사물	N2	多くの迷信がまだ信じられている。	おおくのめいしんがまだしんじられている。	많은 미신이 아직도 믿어지고 있습니다.
名物	めいぶつ	명물	사물	N2	この店の名物料理はありますか。	このみせのめいぶつりょうりはありますか。	이 가게의 명물 요리는 있습니까?
恵まれる	めぐまれる	혜택받다	동사	N2	ここしばらく、いい天気に恵まれてます。	ここしばらく、いいてんきにめぐまれてます。	요즘 좋은 날씨를 만나고 있습니다.
巡る	めぐる	돌다	동사	N2	春が再び巡ってくることを楽しみにしています。	はるがふたたびめぐってくることをたのしみにしています。	봄이 다시 돌아오기를 기대하고 있습니다.
目指す	めざす	목표로 하다	동사	N2	彼は何を目指しているのですか。	かれはなにをめざしているのですか。	그는 무엇을 목표로 하고 있습니까?
目覚し	めざまし	자명종	사물	N2	彼は寝る前に目覚し時計をあわせた。	かれはねるまえにめざましとけいをあわせた。	그는 자기 전에 자명종을 맞췄습니다.
目下	めした	현재	시간	N2	目下のところ、計画は未だ宙に浮いたままです。	もっかのところ、けいかくはいまだちゅうにういたままです。	현재로서는 계획은 아직 붕 뜬 채입니다.
目印	めじるし	표시	사물	N2	何か目印がありますか。	なにかめじるしがありますか。	뭔가 표시가 있습니까?
目立つ	めだつ	눈에 띄다	동사	N2	トムは超目立ちたがり屋です。	トムはちょうめだちたがりやです。	톰은 아주 눈에 띄고 싶어 하는 사람입니다.
めちゃくちゃ	めちゃくちゃ	엉망	부사	N2	仕事がめちゃくちゃ忙しかったんです。	しごとがめちゃくちゃいそがしかったんです。	일이 엄청 바빴습니다.
めっきり	めっきり	부쩍	부사	N2	めっきり春めいてきましたね。	めっきりはるめいてきましたね。	부쩍 봄다워졌네요.
めでたい	めでたい	경사스럽다	형용사	N2	その一件はめでたく落着するだろう。	そのいちけんはめでたくらくちゃくするだろう。	그 건은 잘 마무리될 겁니다.
メニュー	メニュー	메뉴	사물	N2	もう一度メニューをお願いします。	もういちどメニューをおねがいします。	한 번 더 메뉴를 부탁합니다.
めまい	めまい	현기증	사물	N2	めまいがします。	めまいがします。	현기증이 납니다.
免税	めんぜい	면세	사물	N2	この品物は全部免税です。	このしなものはぜんぶめんぜいです。	이 물건은 전부 면세입니다.
面積	めんせき	면적	사물	N2	この都市の面積はどれくらいか。	このとしのめんせきはどれくらいか。	이 도시의 면적은 어느 정도입니까?
モーター	モーター	모터	사물	N2	モーターから異音がしている。	モーターからいおとがしている。	모터에서 이상한 소리가 나고 있습니다.
儲かる	もうかる	벌리다	동사	N2	先生って、あまり儲からないよ。	せんせいって、あまりもうからないよ。	선생님은 별로 돈이 안 벌려요.
儲ける	もうける	벌다	동사	N2	アルバイトで金を儲けたんだ。	アルバイトできんをもうけたんだ。	아르바이트로 돈을 벌었어요.
木材	もくざい	목재	사물	N2	この古い家は木材でできている。	このふるいいえはもくざいでできている。	이 오래된 집은 목재로 되어 있습니다.
目次	もくじ	목차	사물	N2	皆さんは目次を見てください。	みなさんはもくじをみてください。	여러분은 목차를 봐 주세요.
潜る	もぐる	잠수하다	동사	N2	海に潜ったら耳抜きしてください。	うみにもぐったらみみぬきしてください。	바다에 잠수하면 귀를 뚫어 주세요.
もたれる	もたれる	기대다	동사	N2	胃がもたれます。	いがもたれます。	속이 더부룩합니다.
モダン	モダン	모던	형용사	N2	この付近はモダンな建物が多い。	このふきんはモダンなたてものがおおい。	이 부근은 모던한 건물이 많습니다.
餅	もち	떡	음식	N2	日本ではお正月にお餅を食べる習慣があります。	にほんではおしょうがつにおもちをたべるしゅうかんがあります。	일본에서는 설에 떡을 먹는 습관이 있습니다.
モデル	モデル	모델	사물	N2	この新しいモデルは市場で入手可能ですか。	このあたらしいモデルはしじょうでにゅうしゅかのうですか。	이 새 모델은 시장에서 구할 수 있습니까?
物置	ものおき	광	장소	N2	君が捜してる箱は物置にあるよ。	きみがさがしてるはこはものおきにあるよ。	네가 찾는 상자는 광에 있어.
物語る	ものがたる	이야기하다	동사	N2	その物語りは突然終わりになった。	そのものがたりはとつぜんおわりになった。	그 이야기는 갑자기 끝이 났습니다.
物差し	ものさし	자	사물	N2	物差しを使って線を引きなさい。	ものさしをつかってせんをひきなさい。	자를 써서 선을 그으세요.
揉む	もむ	주무르다	동사	N2	ま、適当に揉んでやるとしよう。	ま、てきとうにもんでやるとしよう。	뭐, 적당히 주물러 주기로 하죠.
もやす	もやす	태우다	동사	N2	彼らは石炭をもやした。	かれらはせきたんをもやした。	그들은 석탄을 태웠습니다.
催し	もよおし	행사	사물	N2	今日の催しのチケットはありますか。	きょうのもよおしのチケットはありますか。	오늘 행사 티켓은 있습니까?
盛る	もる	담다	동사	N2	あいつ、すぐ話を盛るからな。	あいつ、すぐはなしをもるからな。	저 녀석, 금방 이야기를 부풀리니까.
やかましい	やかましい	까다롭다	형용사	N2	彼は食べ物にとてもやかましい。	かれはたべものにとてもやかましい。	그는 음식에 아주 까다롭습니다.
夜間	やかん	야간	시간	N2	ドアは夜間にロックされています。	ドアはやかんにロックされています。	문은 야간에 잠겨 있습니다.
やかん	やかん	주전자	사물	N2	彼女はガスにやかんをかけた。	かのじょはガスにやかんをかけた。	그녀는 가스에 주전자를 올렸습니다.
役者	やくしゃ	배우	사람	N2	その役者の事は聞いたことが無い。	そのやくしゃのことはきいたことがない。	그 배우에 대한 일은 들은 적이 없습니다.
役所	やくしょ	관공서	장소	N2	この手続きにはお役所仕事がだいぶからんでいます。	このてつづきにはおやくしょしごとがだいぶからんでいます。	이 절차에는 관공서 일이 꽤 얽혀 있습니다.
役人	やくにん	관리	사람	N2	税関の役人は箱を検査した。	ぜいかんのやくにんははこをけんさした。	세관 관리는 상자를 검사했습니다.
薬品	やくひん	약품	사물	N2	この薬品は場合によって毒にも薬にもなる。	このやくひんはばあいによってどくにもくすりにもなる。	이 약품은 경우에 따라 독도 약도 됩니다.
役目	やくめ	역할	사물	N2	歴史家の役目は何ですか。	れきしかのやくめはなんですか。	역사가의 역할은 무엇입니까?
火傷	やけど	화상	사물	N2	オーブン熱いから火傷しないようにね。	オーブンあついからかしょうしないようにね。	오븐이 뜨거우니까 화상 입지 않게 조심해.
夜行	やこう	야행	사물	N2	猫は夜行性の動物だ。	ねこはやこうせいのどうぶつだ。	고양이는 야행성 동물입니다.
矢印	やじるし	화살표	사물	N2	矢印は進行方向を示しています。	やじるしはすすむゆくえむかいをしめしています。	화살표는 진행 방향을 나타내고 있습니다.
薬局	やっきょく	약국	장소	N2	薬局は何時まで開いていますか。	やっきょくはなんじまでひらいていますか。	약국은 몇 시까지 열려 있습니까?
やっつける	やっつける	해치우다	동사	N2	ジャイアンツをやっつけろ。	ジャイアンツをやっつけろ。	자이언츠를 해치워라.
やっぱり	やっぱり	역시	부사	N2	やっぱり朝はこのくらいゆっくり出発したいものです。	やっぱりあさはこのくらいゆっくりしゅっぱつしたいものです。	역시 아침은 이 정도로 느긋하게 출발하고 싶습니다.
家主	やぬし	집주인	사람	N2	家主は彼がドアを赤く塗ることを許してくれない。	やぬしはかれがドアをあかくぬることをゆるしてくれない。	집주인은 그가 문을 빨갛게 칠하는 것을 허락해 주지 않습니다.
破く	やぶく	찢다	동사	N2	彼女は手紙をびりびりに破いた。	かのじょはてがみをびりびりにやぶいた。	그녀는 편지를 갈기갈기 찢었습니다.
やむをえない	やむをえない	어쩔 수 없다	형용사	N2	彼女は少しあいまいな態度だったのはやむをえなかった。	かのじょはすこしあいまいなたいどだったのはやむをえなかった。	그녀가 조금 애매한 태도였던 것은 어쩔 수 없었습니다.
軟らかい	やわらかい	부드럽다	형용사	N2	ダンサーは体が軟らかくてよくしなる。	ダンサーはからだがやわらかくてよくしなる。	댄서는 몸이 부드럽고 잘 휩니다.
夕刊	ゆうかん	석간	사물	N2	彼は夕刊にさっと目を通した。	かれはゆうかんにさっとめをとおした。	그는 석간을 훑어봤습니다.
郵送	ゆうそう	우송	사물	N2	それを郵送してくれますか。	それをゆうそうしてくれますか。	그것을 우송해 주시겠습니까?
夕立	ゆうだち	소나기	자연	N2	今日は夕立があるかもしれない。	きょうはゆうだちがあるかもしれない。	오늘은 소나기가 올지도 모릅니다.
夕日	ゆうひ	석양	자연	N2	ある日、公園で美しい夕日を見た。	あるひ、こうえんでうつくしいゆうひをみた。	어느 날 공원에서 아름다운 석양을 봤습니다.
有料	ゆうりょう	유료	사물	N2	この道路は有料です。	このどうろはゆうりょうです。	이 도로는 유료입니다.
浴衣	ゆかた	유카타	사물	N2	この浴衣欲しいな。	このゆかたほしいな。	이 유카타 갖고 싶네.
行方	ゆくえ	행방	사물	N2	行方が分からなくなった子を捜してるんです。	ゆくえがわからなくなったこをさがしてるんです。	행방을 알 수 없게 된 아이를 찾고 있습니다.
湯気	ゆげ	김	사물	N2	コーヒーの湯気がゆっくりと立ち上る。	コーヒーのゆげがゆっくりとたちのぼる。	커피의 김이 천천히 피어오릅니다.
輸血	ゆけつ	수혈	사물	N2	輸血が必要です。	ゆけつがひつようです。	수혈이 필요합니다.
輸送	ゆそう	수송	사물	N2	公共の交通輸送機関は正確に動いています。	こうきょうのこうつうゆそうきかんはせいかくにうごいています。	공공 교통 수송 기관은 정확하게 움직이고 있습니다.
油断	ゆだん	방심	사물	N2	私は油断していたことに気づいた。	わたしはゆだんしていたことにきづいた。	저는 방심하고 있었다는 것을 깨달았습니다.
湯飲み	ゆのみ	찻잔	사물	N2	湯飲みにはお茶を入れてお茶碗にはご飯をよそいます。	ゆのみにはおちゃをいれておちゃわんにはごはんをよそいます。	찻잔에는 차를 담고 밥그릇에는 밥을 담습니다.
溶岩	ようがん	용암	자연	N2	その火山は溶岩を流し出した。	そのかざんはようがんをながしだした。	그 화산은 용암을 흘려보냈습니다.
用語	ようご	용어	사물	N2	独特の専門用語を持っている。	どくとくのせんもんようごをもっている。	독특한 전문 용어를 갖고 있습니다.
要旨	ようし	요지	사물	N2	以下は大統領の演説の要旨だ。	いかはだいとうりょうのえんぜつのようしだ。	아래는 대통령 연설의 요지입니다.
幼児	ようじ	유아	사람	N2	トムは幼児です。	トムはようじです。	톰은 유아입니다.
容積	ようせき	용적	사물	N2	容積を計算するためには縦と横と深さをかければよい。	ようせきをけいさんするためにはたてとよことふかさをかければよい。	용적을 계산하려면 세로와 가로와 깊이를 곱하면 됩니다.
幼稚	ようち	유치함	형용사	N2	このゲームの幼稚っぽさがいいんだよ。	このゲームのようちっぽさがいいんだよ。	이 게임의 유치한 느낌이 좋은 겁니다.
幼稚園	ようちえん	유치원	장소	N2	息子は幼稚園に通っています。	むすこはようちえんにかよっています。	아들은 유치원에 다니고 있습니다.
用途	ようと	용도	사물	N2	この地図は、用途地域ごとに色分けがされています。	このちずは、ようとちいきごとにいろわけがされています。	이 지도는 용도 지역별로 색이 구분되어 있습니다.
羊毛	ようもう	양모	사물	N2	父のしごとは羊毛の買い付けです。	ちちのしごとはようもうのかいつけです。	아버지의 일은 양모 매입입니다.
漸く	ようやく	간신히	부사	N2	漸く、私は何が起きたのか分かった。	ようやく、わたしはなにがおきたのかわかった。	간신히 저는 무슨 일이 일어났는지 알았습니다.
要領	ようりょう	요령	사물	N2	この報告書は要領をえていない。	このほうこくしょはようりょうをえていない。	이 보고서는 요령을 얻지 못했습니다.
欲張り	よくばり	욕심쟁이	사람	N2	持てば持つほど、欲張りになる。	もてばもつほど、よくばりになる。	가지면 가질수록 욕심쟁이가 됩니다.
余計	よけい	쓸데없음	형용사	N2	すみません、余計なこと聞いて。	すみません、よけいなこときいて。	죄송합니다, 쓸데없는 걸 물어서.
よこす	よこす	보내다	동사	N2	ベルボーイをよこしていただけますか。	ベルボーイをよこしていただけますか。	벨보이를 보내 주시겠습니까?
よごす	よごす	더럽히다	동사	N2	あいつは一家のつらよごし。	あいつはいっかのつらよごし。	저 녀석은 집안의 수치입니다.
四つ角	よつかど	네거리	장소	N2	四つ角は二つの道が十字に交わった所である。	よっつかくはふたつのみちがじゅうじにまじわったところである。	네거리는 두 길이 십자로 교차한 곳입니다.
酔っ払い	よっぱらい	취객	사람	N2	トムと私は二人とも酔っ払いです。	トムとわたしはふたりともよっぱらいです。	톰과 저는 둘 다 술에 취했습니다.
予備	よび	예비	사물	N2	予備のシューズでも買っておこうか。	よびのシューズでもかっておこうか。	예비 신발이라도 사 둘까.
呼び出す	よびだす	불러내다	동사	N2	夫は仕事で呼び出されたんです。	おっとはしごとでよびだされたんです。	남편은 일 때문에 불려 나갔습니다.
蘇る	よみがえる	되살아나다	동사	N2	不思議な感じが蘇ってきた。	ふしぎなかんじがよみがえってきた。	이상한 느낌이 되살아났습니다.
来日	らいにち	일본 방문	사물	N2	ヤニーは初来日してます。	ヤニーははつらいにちしてます。	야니는 처음 일본에 왔습니다.
落第	らくだい	낙제	사물	N2	ほとんどの生徒が落第しました。	ほとんどのせいとがらくだいしました。	대부분의 학생이 낙제했습니다.
ラッシュアワー	ラッシュアワー	러시아워	시간	N2	ラッシュアワーにでくわすのは最低だ。	ラッシュアワーにでくわすのはさいていだ。	러시아워를 만나는 것은 최악입니다.
欄	らん	난	사물	N2	新聞や雑誌の投書欄を読みます。	しんぶんやざっしのとうしょらんをよみます。	신문이나 잡지의 독자 투고란을 읽습니다.
ランチ	ランチ	런치	음식	N2	ランチは普段一人で食べます。	ランチはふだんひとりでたべます。	점심은 보통 혼자 먹습니다.
ランニング	ランニング	러닝	사물	N2	彼女は毎朝、ランニングをしに行きます。	かのじょはまいあさ、ランニングをしにいきます。	그녀는 매일 아침 러닝을 하러 갑니다.
乱暴	らんぼう	난폭함	형용사	N2	乱暴な言葉を使ってはいけない。	らんぼうなことばをつかってはいけない。	난폭한 말을 써서는 안 됩니다.
理科	りか	이과	사물	N2	理科も数学もどっちも好きです。	りかもすうがくもどっちもすきです。	이과도 수학도 둘 다 좋아합니다.
利害	りがい	이해	사물	N2	この件は君の利害にも関わることだ。	このけんはきみのりがいにもかかわることだ。	이 건은 당신의 이해에도 관계된 일입니다.
リズム	リズム	리듬	사물	N2	あの歌のゆっくりしたリズムが好きです。	あのうたのゆっくりしたリズムがすきです。	저 노래의 느린 리듬을 좋아합니다.
リットル	リットル	리터	사물	N2	このジョッキには約半リットル入ります。	このジョッキにはやくはんリットルはいります。	이 조끼에는 약 반 리터 들어갑니다.
リポート	リポート	리포트	사물	N2	彼のリポートはたった今提出された。	かれのリポートはたったいまていしゅつされた。	그의 리포트는 방금 제출되었습니다.
リボン	リボン	리본	사물	N2	リボンをかけてもらえますか。	リボンをかけてもらえますか。	리본을 달아 주시겠습니까?
略す	りゃくす	줄이다	동사	N2	私の名前はロバートなので、皆は略してボブと呼びます。	わたしのなまえはロバートなので、みなはりゃくしてボブとよびます。	제 이름은 로버트라서 모두 줄여서 밥이라고 부릅니다.
流域	りゅういき	유역	장소	N2	ダムが切れて流域に大水が押し寄せた。	ダムがきれてりゅういきにおおみずがおしよせた。	댐이 터져 유역에 큰물이 밀려왔습니다.
両側	りょうがわ	양쪽	장소	N2	通りの両側には大勢の人がいた。	とおりのりょうがわにはたいせいのひとがいた。	거리 양쪽에는 많은 사람이 있었습니다.
漁師	りょうし	어부	사람	N2	彼らは漁師に変装し船に乗って逃げた。	かれらはりょうしにへんそうしせんにのってにげた。	그들은 어부로 변장해 배를 타고 도망쳤습니다.
領収	りょうしゅう	영수	사물	N2	この領収書にサインをお願いします。	このりょうしゅうしょにサインをおねがいします。	이 영수증에 사인을 부탁합니다.
臨時	りんじ	임시	사물	N2	番組の途中ですが、ここで臨時ニュースをお伝えします。	ばんぐみのとちゅうですが、ここでりんじニュースをおつたえします。	프로그램 도중입니다만 여기서 임시 뉴스를 전해 드립니다.
留守番	るすばん	집 지키기	사물	N2	私たちが帰るまで留守番をお願いします。	わたしたちがかえるまでるすばんをおねがいします。	저희가 돌아올 때까지 집을 봐 주세요.
レインコート	レインコート	비옷	사물	N2	雨の日はレインコートを着ます。	あめのひはレインコートをきます。	비 오는 날은 비옷을 입습니다.
レジャー	レジャー	레저	사물	N2	週末はレジャーを楽しみます。	しゅうまつはレジャーをたのしみます。	주말에는 레저를 즐깁니다.
列島	れっとう	열도	자연	N2	日本列島は南北に長いです。	にほんれっとうはなんぼくにながいです。	일본 열도는 남북으로 깁니다.
煉瓦	れんが	벽돌	사물	N2	この家は煉瓦でできています。	このいえはれんがでできています。	이 집은 벽돌로 되어 있습니다.
連合	れんごう	연합	사물	N2	三つの国が連合しました。	みっつのくにがれんごうしました。	세 나라가 연합했습니다.
レンズ	レンズ	렌즈	사물	N2	眼鏡のレンズを替えました。	めがねのレンズをかえました。	안경 렌즈를 갈았습니다.
ローマ字	ローマじ	로마자	사물	N2	名前をローマ字で書いてください。	なまえをろーまじでかいてください。	이름을 로마자로 써 주세요.
ろうそく	ろうそく	촛불	사물	N2	停電でろうそくをつけました。	ていでんでろうそくをつけました。	정전이라 촛불을 켰습니다.
録音	ろくおん	녹음	사물	N2	会議を録音してもいいですか。	かいぎをろくおんしてもいいですか。	회의를 녹음해도 됩니까?
ロッカー	ロッカー	사물함	사물	N2	荷物はロッカーに入れてください。	にもつはロッカーにいれてください。	짐은 사물함에 넣어 주세요.
ロビー	ロビー	로비	장소	N2	ホテルのロビーで待ちます。	ホテルのロビーでまちます。	호텔 로비에서 기다립니다.
和英	わえい	일영	사물	N2	和英辞典を買いました。	かずひでじてんをかいました。	일영사전을 샀습니다.
詫びる	わびる	사과하다	동사	N2	遅れたことを詫びました。	おくれたことをわびました。	늦은 것을 사과했습니다.
和服	わふく	일본 옷	사물	N2	正月に和服を着ます。	しょうがつにわふくをきます。	설에 일본 옷을 입습니다.
割引	わりびき	할인	사물	N2	学生は割引があります。	がくせいはわりびきがあります。	학생은 할인이 있습니다.
ワンピース	ワンピース	원피스	사물	N2	青いワンピースを買いました。	あおいワンピースをかいました。	파란 원피스를 샀습니다.
朝御飯	あさごはん	아침밥	음식	N5	朝御飯はパンを食べます。	あさごはんはパンをたべます。	아침밥은 빵을 먹습니다.
一日	いちにち	하루	시간	N5	一日中家にいました。	いちにちじゅういえにいました。	하루 종일 집에 있었습니다.
五日	いつか	닷새	시간	N5	五日かかりました。	いつかかかりました。	닷새 걸렸습니다.
色々	いろいろ	여러 가지	부사	N5	色々な花があります。	いろいろなはながあります。	여러 가지 꽃이 있습니다.
映画館	えいがかん	영화관	장소	N5	駅前の映画館へ行きます。	えきまえのえいがかんへいきます。	역 앞 영화관에 갑니다.
お皿	おさら	접시	사물	N5	お皿を三枚出してください。	おさらをさんまいだしてください。	접시를 세 장 꺼내 주세요.
お手洗い	おてあらい	화장실	장소	N5	お手洗いはどこですか。	おてあらいはどこですか。	화장실은 어디입니까?
お兄さん	おにいさん	형	사람	N5	お兄さんは大学生ですか。	おにいさんはだいがくせいですか。	형은 대학생입니까?
お姉さん	おねえさん	누나	사람	N5	お姉さんは先生です。	おねえさんはせんせいです。	누나는 선생님입니다.
伯母さん	おばさん	이모	사람	N5	伯母さんが遊びに来ました。	おばさんがあそびにきました。	이모가 놀러 왔습니다.
お風呂	おふろ	목욕	사물	N5	毎晩お風呂に入ります。	まいばんおふろにはいります。	매일 밤 목욕을 합니다.
お弁当	おべんとう	도시락	음식	N5	お弁当を持って行きます。	おべんとうをもっていきます。	도시락을 갖고 갑니다.
外国人	がいこくじん	외국인	사람	N5	この学校には外国人が多いです。	このがっこうにはがいこくじんがおおいです。	이 학교에는 외국인이 많습니다.
九日	ここのか	아흐레	시간	N5	九日に会いましょう。	ここのかにあいましょう。	9일에 만납시다.
さ来年	さらいねん	내후년	시간	N5	さ来年、日本へ行きます。	さらいねん、にほんへいきます。	내후년에 일본에 갑니다.
すぐに	すぐに	바로	부사	N5	すぐに返事をください。	すぐにへんじをください。	바로 답장을 주세요.
誕生日	たんじょうび	생일	시간	N5	誕生日はいつですか。	たんじょうびはいつですか。	생일은 언제입니까?
段々	だんだん	점점	부사	N5	段々寒くなりました。	だんだんさむくなりました。	점점 추워졌습니다.
十日	とおか	열흘	시간	N5	十日ほど休みます。	とおかほどやすみます。	열흘 정도 쉽니다.
七つ	ななつ	일곱 개	사물	N5	りんごを七つ買いました。	りんごをななつかいました。	사과를 일곱 개 샀습니다.
七日	なのか	이레	시간	N5	七日に出発します。	なのかにしゅっぱつします。	7일에 출발합니다.
温い	ぬるい	미지근하다	형용사	N5	このお茶は温いです。	このおちゃはぬくいです。	이 차는 미지근합니다.
二十歳	はたち	스무 살	시간	N5	弟は二十歳になりました。	おとうとははたちになりました。	남동생은 스무 살이 되었습니다.
二十日	はつか	스무날	시간	N5	二十日に試験があります。	にとおかにしけんがあります。	20일에 시험이 있습니다.
晩御飯	ばんごはん	저녁밥	음식	N5	晩御飯は七時に食べます。	ばんごはんはしちじにたべます。	저녁밥은 7시에 먹습니다.
一人	ひとり	한 사람	사람	N5	一人で行きます。	ひとりでいきます。	혼자서 갑니다.
昼御飯	ひるごはん	점심밥	음식	N5	昼御飯を食べましょう。	ひるごはんをたべましょう。	점심밥을 먹읍시다.
二人	ふたり	두 사람	사람	N5	二人で映画を見ました。	ふたりでえいがをみました。	둘이서 영화를 봤습니다.
二日	ふつか	이틀	시간	N5	二日休みました。	ふつかやすみました。	이틀 쉬었습니다.
三日	みっか	사흘	시간	N5	三日待ってください。	みっかまってください。	사흘 기다려 주세요.
六日	むいか	엿새	시간	N5	六日に会議があります。	むいかにかいぎがあります。	6일에 회의가 있습니다.
ゆっくりと	ゆっくりと	천천히	부사	N5	ゆっくりと歩きました。	ゆっくりとあるきました。	천천히 걸었습니다.
八日	ようか	여드레	시간	N5	八日に帰ります。	ようかにかえります。	8일에 돌아갑니다.
四日	よっか	나흘	시간	N5	四日かかります。	よっかかかります。	나흘 걸립니다.
ラジオカセ	ラジオカセ	라디오 카세트	사물	N5	古いラジオカセを持っています。	ふるいラジオカセをもっています。	오래된 라디오 카세트를 갖고 있습니다.
運転手	うんてんしゅ	운전기사	사람	N4	タクシーの運転手に道を聞きました。	タクシーのうんてんしゅにみちをききました。	택시 기사에게 길을 물었습니다.
非常に	ひじょうに	매우	부사	N4	非常に難しい問題です。	ひじょうにむずかしいもんだいです。	매우 어려운 문제입니다.
ございます	ございます	있습니다	동사	N4	受付は二階にございます。	うけつけはにかいにございます。	접수처는 2층에 있습니다.
落る	おちる	떨어지다	동사	N4	葉が落ちました。	はがおちました。	잎이 떨어졌습니다.
動物園	どうぶつえん	동물원	장소	N4	日曜日に動物園へ行きます。	にちようびにどうぶつえんへいきます。	일요일에 동물원에 갑니다.
再来月	さらいげつ	다다음 달	시간	N4	再来月引っ越します。	さらいげつひっこします。	다다음 달에 이사합니다.
食料品	しょくりょうひん	식료품	음식	N4	食料品を買いに行きます。	しょくりょうひんをかいにいきます。	식료품을 사러 갑니다.
ご主人	ごしゅじん	남편분	사람	N4	ご主人はお元気ですか。	ごしゅじんはおげんきですか。	남편분은 잘 지내십니까?
お土産	おみやげ	기념품	사물	N4	お土産を買って帰ります。	おみやげをかってかえります。	기념품을 사서 돌아갑니다.
楽む	たのしむ	즐기다	동사	N4	旅行を楽みます。	りょこうをらくみます。	여행을 즐깁니다.
おつり	おつり	거스름돈	사물	N4	おつりをください。	おつりをください。	거스름돈을 주세요.
おいでになる	おいでになる	오시다	동사	N4	先生がおいでになりました。	せんせいがおいでになりました。	선생님이 오셨습니다.
お金持ち	かねもち	부자	사람	N4	彼はお金持ちです。	かれはおかねもちです。	그는 부자입니다.
駐車場	ちゅうしゃじょう	주차장	장소	N4	駐車場は建物の裏です。	ちゅうしゃじょうはたてもののうらです。	주차장은 건물 뒤입니다.
天気予報	てんきよほう	일기예보	사물	N4	天気予報を見ました。	てんきよほうをみました。	일기예보를 봤습니다.
お見舞い	おみまい	병문안	사물	N4	友達のお見舞いに行きます。	ともだちのおみまいにいきます。	친구 병문안을 갑니다.
展覧会	てんらんかい	전람회	사물	N4	展覧会は明日までです。	てんらんかいはあしたまでです。	전람회는 내일까지입니다.
新聞社	しんぶんしゃ	신문사	장소	N4	兄は新聞社に勤めています。	あにはしんぶんしゃにつとめています。	형은 신문사에 근무하고 있습니다.
ひげ	ひげ	수염	사람	N4	毎朝ひげをそります。	まいあさひげをそります。	매일 아침 수염을 깎습니다.
研究室	けんきゅうしつ	연구실	장소	N4	先生は研究室にいます。	せんせいはけんきゅうしつにいます。	선생님은 연구실에 있습니다.
この頃	このごろ	요즘	시간	N4	この頃よく雨が降ります。	このころよくあめがふります。	요즘 자주 비가 옵니다.
看護婦	かんごふ	간호사	사람	N4	看護婦が薬を持ってきました。	かんごふがくすりをもってきました。	간호사가 약을 갖고 왔습니다.
様々	さまざま	여러 가지	형용사	N3	様々な意見があります。	さまざまないけんがあります。	여러 가지 의견이 있습니다.
四角	しかく	사각	사물	N3	四角のテーブルを買いました。	しかくのテーブルをかいました。	사각 테이블을 샀습니다.
奨学金	しょうがくきん	장학금	사물	N3	奨学金をもらいました。	しょうがくきんをもらいました。	장학금을 받았습니다.
少々	しょうしょう	조금	부사	N3	少々時間がかかります。	しょうしょうじかんがかかります。	조금 시간이 걸립니다.
徐々に	じょじょに	서서히	부사	N3	徐々に良くなっています。	じょじょによくなっています。	서서히 좋아지고 있습니다.
知合い	しりあい	아는 사이	사람	N3	彼とは古い知合いです。	かれとはふるいしりあいです。	그와는 오랜 아는 사이입니다.
少しも	すこしも	조금도	부사	N3	少しも変わっていません。	すこしもかわっていません。	조금도 변하지 않았습니다.
清む	すむ	맑아지다	동사	N3	空気が清みました。	くうきがきよみました。	공기가 맑아졌습니다.
刷る	する	인쇄하다	동사	N3	チラシを千枚刷りました。	チラシをせんまいすりました。	전단지를 천 장 인쇄했습니다.
生長	せいちょう	생장	사물	N3	植物の生長が早いです。	しょくぶつのせいちょうがはやいです。	식물의 생장이 빠릅니다.
いけない	いけない	안 된다	형용사	N3	ここに入ってはいけないです。	ここにはいってはいけないです。	여기 들어가면 안 됩니다.
一度に	いちどに	한꺼번에	부사	N3	一度に全部食べました。	いちどにぜんぶたべました。	한꺼번에 전부 먹었습니다.
いつでも	いつでも	언제든지	부사	N3	いつでも来てください。	いつでもきてください。	언제든지 오세요.
いつまでも	いつまでも	언제까지나	부사	N3	いつまでも忘れません。	いつまでもわすれません。	언제까지나 잊지 않겠습니다.
うがい	うがい	양치	사물	N3	帰ったらうがいをします。	かえったらうがいをします。	돌아오면 양치를 합니다.
押える	おさえる	누르다	동사	N3	傷口を押えてください。	きずぐちをおさえてください。	상처를 눌러 주세요.
男の人	おとこのひと	남자	사람	N3	男の人が待っています。	おとこのひとがまっています。	남자가 기다리고 있습니다.
お目に掛かる	おめにかかる	뵙다	동사	N3	明日お目に掛かります。	あしたおめにかかります。	내일 뵙겠습니다.
主に	おもに	주로	부사	N3	主に日本語を教えています。	おもににほんごをおしえています。	주로 일본어를 가르치고 있습니다.
反る	かえる	휘다	동사	N3	板が反ってしまいました。	いたがそってしまいました。	판자가 휘어 버렸습니다.
方々	かたがた	분들	사람	N3	大勢の方々が来ました。	たいせいのかたがたがきました。	많은 분들이 왔습니다.
かもしれない	かもしれない	일지도 모른다	형용사	N3	明日は雨かもしれないです。	あしたはあめかもしれないです。	내일은 비일지도 모릅니다.
可愛そう	かわいそう	가엾음	형용사	N3	捨て猫が可愛そうです。	すてねこがかわいそうです。	버려진 고양이가 가엾습니다.
酌む	くむ	따르다	동사	N3	お酒を酌みます。	おさけをくみます。	술을 따릅니다.
訓	くん	훈	사물	N3	この漢字の訓を教えてください。	このかんじのくんをおしえてください。	이 한자의 훈을 알려 주세요.
極	ごく	극히	부사	N3	極まれな例です。	ごくまれなれいです。	극히 드문 예입니다.
寧ろ	むしろ	오히려	부사	N3	寧ろこちらの方がいいです。	むしろこちらのほうがいいです。	오히려 이쪽이 좋습니다.
もしかすると	もしかすると	어쩌면	부사	N3	もしかすると来ないかもしれません。	もしかするとこないかもしれません。	어쩌면 안 올지도 모릅니다.
尤も	もっとも	지당함	형용사	N3	それは尤もな意見です。	それはもっともないけんです。	그것은 지당한 의견입니다.
因る	よる	기인하다	동사	N3	事故は不注意に因ります。	じこはふちゅういによります。	사고는 부주의에서 기인합니다.
我々	われわれ	우리	사람	N3	我々は同じ考えです。	われわれはおなじかんがえです。	우리는 같은 생각입니다.
碗	わん	공기	사물	N3	碗にご飯をよそいます。	わんにごはんをよそいます。	공기에 밥을 담습니다.
当り	あたり	적중	사물	N3	くじが当りでした。	くじがあたりでした。	제비가 당첨이었습니다.
宛てる	あてる	앞으로 보내다	동사	N3	先生に宛てて手紙を書きました。	せんせいにあてててがみをかきました。	선생님 앞으로 편지를 썼습니다.
異動	いどう	인사이동	사물	N3	四月に異動があります。	しがつにいどうがあります。	4월에 인사이동이 있습니다.
渦	うず	소용돌이	자연	N3	川に渦ができています。	かわにうずができています。	강에 소용돌이가 생겼습니다.
格	かく	격	사물	N3	彼とは格が違います。	かれとはかくがちがいます。	그와는 격이 다릅니다.
加味	かみ	가미	사물	N3	新しい要素を加味しました。	あたらしいようそをかみしました。	새 요소를 가미했습니다.
季刊	きかん	계간	사물	N3	この雑誌は季刊です。	このざっしはきかんです。	이 잡지는 계간입니다.
個々	ここ	각각	사물	N3	個々の意見を聞きます。	ここのいけんをききます。	각각의 의견을 듣습니다.
ことによると	ことによると	어쩌면	부사	N3	ことによると中止になります。	ことによるとちゅうしになります。	어쩌면 중지될 수도 있습니다.
具える	そなえる	갖추다	동사	N3	必要な道具を具えました。	ひつようなどうぐをそなえました。	필요한 도구를 갖췄습니다.
田	た	논	자연	N3	春に田を耕します。	はるにたをたがやします。	봄에 논을 갑니다.
大部分	だいぶぶん	대부분	사물	N3	大部分の人が賛成しました。	だいぶぶんのひとがさんせいしました。	대부분의 사람이 찬성했습니다.
偶	たま	짝수	사물	N3	偶数を選んでください。	ぐうすうをえらんでください。	짝수를 골라 주세요.
違いない	ちがいない	틀림없다	형용사	N3	彼が犯人に違いないです。	かれがはんにんにちがいないです。	그가 범인임에 틀림없습니다.
付合う	つきあう	사귀다	동사	N3	彼女と三年付合っています。	かのじょとさんねんつきあっています。	그녀와 3년 사귀고 있습니다.
次々	つぎつぎ	잇따라	부사	N3	次々に人が来ました。	つぎつぎにひとがきました。	잇따라 사람이 왔습니다.
出合い	であい	만남	사물	N3	いい出合いがありました。	いいであいがありました。	좋은 만남이 있었습니다.
適する	てきする	적합하다	동사	N3	この土地は農業に適しています。	このとちはのうぎょうにてきしています。	이 땅은 농업에 적합합니다.
できれば	できれば	가능하면	부사	N3	できれば明日来てください。	できればあしたきてください。	가능하면 내일 와 주세요.
どうぞよろしく	どうぞよろしく	잘 부탁드립니다	인사	N3	初めまして、どうぞよろしく。	はじめまして、どうぞよろしく。	처음 뵙겠습니다, 잘 부탁드립니다.
溶く	とく	풀다	동사	N3	卵を溶いてください。	たまごをといてください。	달걀을 풀어 주세요.
どこか	どこか	어딘가	장소	N3	どこかで会いましたか。	どこかであいましたか。	어딘가에서 만났습니까?
年寄	としより	노인	사람	N3	年寄に席を譲ります。	としよりにせきをゆずります。	노인에게 자리를 양보합니다.
とんでもない	とんでもない	당치도 않다	형용사	N3	とんでもない話です。	とんでもないはなしです。	당치도 않은 이야기입니다.
中味	なかみ	내용물	사물	N3	箱の中味を見ました。	はこのなかみをみました。	상자의 내용물을 봤습니다.
何か	なにか	무언가	사물	N3	何か食べたいです。	なにかたべたいです。	뭔가 먹고 싶습니다.
中々	なかなか	좀처럼	부사	N4	中々来ませんね。	なかなかきませんね。	좀처럼 오지 않네요.
精々	せいぜい	기껏해야	부사	N3	精々三日でしょう。	せいぜいみっかでしょう。	기껏해야 사흘이겠지요.
咥える	くわえる	물다	동사	N3	犬が新聞を咥えています。	いぬがしんぶんをくわえています。	개가 신문을 물고 있습니다.
偶々	たまたま	우연히	부사	N3	偶々駅で会いました。	たまたまえきであいました。	우연히 역에서 만났습니다.
なにも	なにも	아무것도	부사	N3	なにも心配いりません。	なにもしんぱいいりません。	아무것도 걱정할 필요 없습니다.
生る	なる	열리다	동사	N3	木に実が生りました。	きにみがなりました。	나무에 열매가 열렸습니다.
馴れる	なれる	길들다	동사	N3	この犬は人に馴れています。	このいぬはひとになれています。	이 개는 사람에게 길들어 있습니다.
日中	にっちゅう	낮	시간	N3	日中は暖かいです。	にちちゅうはあたたかいです。	낮에는 따뜻합니다.
放れる	はなれる	풀리다	동사	N3	犬が綱から放れました。	いぬがつなからはなれました。	개가 밧줄에서 풀렸습니다.
一人一人	ひとりひとり	한 사람씩	부사	N3	一人一人名前を呼びます。	ひとりひとりなまえをよびます。	한 사람씩 이름을 부릅니다.
殖やす	ふやす	늘리다	동사	N3	資産を殖やしたいです。	しさんをふやしたいです。	자산을 늘리고 싶습니다.
堀	ほり	해자	장소	N3	城の堀を歩きました。	しろのほりをあるきました。	성의 해자를 걸었습니다.
濠	ほり	해자	장소	N3	濠に水が満ちています。	ほりにみずがみちています。	해자에 물이 가득합니다.
交ざる	まざる	섞이다	동사	N3	白と黒が交ざっています。	しろとくろがまざっています。	흰색과 검은색이 섞여 있습니다.
交ぜる	まぜる	섞다	동사	N3	材料をよく交ぜてください。	ざいりょうをよくまぜてください。	재료를 잘 섞어 주세요.
磁器	じき	자기	사물	N3	白い磁器の皿を買いました。	しろいじきのさらをかいました。	흰 자기 접시를 샀습니다.
字体	じたい	서체	사물	N3	この字体は読みやすいです。	このじたいはよみやすいです。	이 서체는 읽기 쉽습니다.
衆	しゅう	무리	사람	N3	大衆の意見を聞きます。	たいしゅうのいけんをききます。	대중의 의견을 듣습니다.
住	じゅう	주거	사물	N3	衣食住が基本です。	いしょくじゅうがきほんです。	의식주가 기본입니다.
助詞	じょし	조사	사물	N3	助詞の使い方が難しいです。	じょしのつかいかたがむずかしいです。	조사의 사용법이 어렵습니다.
正規	せいき	정규	사물	N3	正規の手続きが必要です。	せいきのてつづきがひつようです。	정규 절차가 필요합니다.
敗	はい	패	사물	N3	三勝二敗でした。	さんしょうにはいでした。	3승 2패였습니다.
諮る	はかる	자문하다	동사	N3	委員会に諮ります。	いいんかいにはかります。	위원회에 자문합니다.
膜	まく	막	사물	N3	表面に薄い膜ができています。	ひょうめんにうすいまくができています。	표면에 얇은 막이 생겼습니다.
捲る	めくる	넘기다	동사	N3	本のページを捲ります。	ほんのページをめくります。	책 페이지를 넘깁니다.
刊	かん	간	사물	N2	この本は月刊です。	このほんはげっかんです。	이 책은 월간입니다.
時間目	じかんめ	교시	시간	N2	三時間目は数学です。	さんじかんめはすうがくです。	3교시는 수학입니다.
庁	ちょう	청	장소	N2	気象庁が発表しました。	きしょうちょうがはっぴょうしました。	기상청이 발표했습니다.
兆	ちょう	조	사물	N2	予算は一兆円です。	よさんはいちちょうえんです。	예산은 1조 엔입니다.
丁目	ちょうめ	가	장소	N2	三丁目で降ります。	さんちょうめでおります。	3가에서 내립니다.
遍	へん	번	사물	N2	一遍だけ会いました。	いちへんだけあいました。	한 번만 만났습니다.
扇ぐ	あおぐ	부치다	동사	N2	暑いので扇ぎます。	あついのであおぎます。	더워서 부채질합니다.
あちらこちら	あちらこちら	여기저기	장소	N2	あちらこちら探しました。	あちらこちらさがしました。	여기저기 찾았습니다.
あみもの	あみもの	뜨개질	사물	N2	冬はあみものをします。	ふゆはあみものをします。	겨울에는 뜨개질을 합니다.
粗筋	あらすじ	줄거리	사물	N2	映画の粗筋を教えてください。	えいがのあらすじをおしえてください。	영화 줄거리를 알려 주세요.
言い付ける	いいつける	이르다	동사	N2	先生に言い付けます。	せんせいにいいつけます。	선생님께 이르겠습니다.
行っていらっしゃい	いっていらっしゃい	다녀오세요	인사	N2	気をつけて行っていらっしゃい。	きをつけていっていらっしゃい。	조심해서 다녀오세요.
いってきます	いってきます	다녀오겠습니다	인사	N2	それでは、いってきます。	それでは、いってきます。	그럼 다녀오겠습니다.
いってまいります	いってまいります	다녀오겠습니다	인사	N2	ただ今からいってまいります。	ただいまからいってまいります。	지금부터 다녀오겠습니다.
行ってらっしゃい	いってらっしゃい	다녀오세요	인사	N2	行ってらっしゃい、気をつけて。	いってらっしゃい、きをつけて。	다녀오세요, 조심하세요.
緯度	いど	위도	사물	N2	この町の緯度を調べました。	このまちのいどをしらべました。	이 마을의 위도를 조사했습니다.
炒る	いる	볶다	동사	N2	豆を炒ります。	まめをいります。	콩을 볶습니다.
入れ物	いれもの	그릇	사물	N2	大きい入れ物をください。	おおきいいれものをください。	큰 그릇을 주세요.
ウーマン	ウーマン	우먼	사람	N2	彼女はキャリアウーマンです。	かのじょはキャリアウーマンです。	그녀는 커리어우먼입니다.
打合せ	うちあわせ	협의	사물	N2	明日、打合せがあります。	あした、うちあわせがあります。	내일 협의가 있습니다.
ええと	ええと	저기	부사	N2	ええと、少し待ってください。	ええと、すこしまってください。	저기, 조금 기다려 주세요.
円周	えんしゅう	원주	사물	N2	円周の長さを計算します。	えんしゅうのながさをけいさんします。	원주의 길이를 계산합니다.
おおざっぱ	おおざっぱ	대략적임	형용사	N2	おおざっぱな計画を立てました。	おおざっぱなけいかくをたてました。	대략적인 계획을 세웠습니다.
大凡	おおよそ	대략	부사	N2	大凡三十人来ました。	おおよそさんじゅうにんきました。	대략 30명 왔습니다.
お帰り	おかえり	어서 와	인사	N2	お帰り、疲れたでしょう。	おかえり、つかれたでしょう。	어서 와, 피곤했지.
おかけください	おかけください	앉으세요	인사	N2	どうぞおかけください。	どうぞおかけください。	자, 앉으세요.
おかげさまで	おかげさまで	덕분에	인사	N2	おかげさまで元気です。	おかげさまでげんきです。	덕분에 잘 지냅니다.
おかまいなく	おかまいなく	신경 쓰지 마세요	인사	N2	どうぞおかまいなく。	どうぞおかまいなく。	부디 신경 쓰지 마세요.
お代わり	おかわり	리필	사물	N2	ご飯のお代わりはいかがですか。	ごはんのおかわりはいかがですか。	밥 더 드시겠습니까?
お気の毒に	おきのどくに	안됐네요	인사	N2	それはお気の毒に。	それはおきのどくに。	그것 참 안됐네요.
送り仮名	おくりがな	오쿠리가나	사물	N2	送り仮名に気をつけてください。	おくりかめいにきをつけてください。	오쿠리가나에 주의해 주세요.
お元気で	おげんきで	건강하세요	인사	N2	それではお元気で。	それではおげんきで。	그럼 건강하세요.
伯父さん	おじさん	큰아버지	사람	N2	伯父さんに手紙を書きました。	おじさんにてがみをかきました。	큰아버지께 편지를 썼습니다.
小父さん	おじさん	아저씨	사람	N2	隣の小父さんは親切です。	となりのしょうとうさんはしんせつです。	옆집 아저씨는 친절합니다.
お世話になりました	おせわになりました	신세 졌습니다	인사	N2	長い間お世話になりました。	ながいまおせわになりました。	오랫동안 신세 졌습니다.
お大事に	おだいじに	몸조리하세요	인사	N2	どうぞお大事に。	どうぞおだいじに。	부디 몸조리하세요.
落着く	おちつく	안정되다	동사	N2	深呼吸して落着きました。	しんこきゅうしておちつきました。	심호흡하고 진정했습니다.
お出掛け	おでかけ	외출	사물	N2	お出掛けの予定はありますか。	おでかけのよていはありますか。	외출 예정은 있습니까?
お手伝いさん	おてつだいさん	가정부	사람	N2	お手伝いさんが来ています。	おてつだいさんがきています。	가정부가 와 있습니다.
落し物	おとしもの	분실물	사물	N2	落し物を届けました。	おとしものをとどけました。	분실물을 신고했습니다.
各々	おのおの	각각	사물	N2	各々の意見を書いてください。	おのおののいけんをかいてください。	각각의 의견을 써 주세요.
小母さん	おばさん	아주머니	사람	N2	小母さんが手伝ってくれました。	おばさんがてつだってくれました。	아주머니가 도와주었습니다.
お待たせしました	おまたせしました	기다리셨습니다	인사	N2	お待たせしました、どうぞ。	おまたせしました、どうぞ。	기다리셨습니다, 들어오세요.
お待ちください	おまちください	기다려 주세요	인사	N2	こちらでお待ちください。	こちらでおまちください。	이쪽에서 기다려 주세요.
おまちどおさま	おまちどおさま	오래 기다리셨습니다	인사	N2	おまちどおさま、お料理です。	おまちどおさま、おりょうりです。	오래 기다리셨습니다, 요리 나왔습니다.
思い掛けない	おもいがけない	뜻밖이다	형용사	N2	思い掛けない知らせでした。	おもいかけないしらせでした。	뜻밖의 소식이었습니다.
思いっ切り	おもいっきり	실컷	부사	N2	思いっ切り遊びました。	おもいっきりあそびました。	실컷 놀았습니다.
お休み	おやすみ	안녕히 주무세요	인사	N2	それではお休みなさい。	それではおやすみなさい。	그럼 안녕히 주무세요.
おやつ	おやつ	간식	음식	N2	三時におやつを食べます。	さんじにおやつをたべます。	3시에 간식을 먹습니다.
御中	おんちゅう	귀중	사물	N2	封筒に御中と書きます。	ふうとうにおんちゅうとかきます。	봉투에 귀중이라고 씁니다.
女の人	おんなのひと	여자	사람	N2	女の人が待っています。	おんなのひとがまっています。	여자가 기다리고 있습니다.
回数券	かいすうけん	회수권	사물	N2	回数券を買いました。	かいすうけんをかいました。	회수권을 샀습니다.
概論	がいろん	개론	사물	N2	経済学概論を学びます。	けいざいがくがいろんをまなびます。	경제학 개론을 배웁니다.
却って	かえって	오히려	부사	N2	却って高くつきました。	かえってたかくつきました。	오히려 비싸게 먹혔습니다.
書取	かきとり	받아쓰기	사물	N2	書取のテストがあります。	かきとりのテストがあります。	받아쓰기 시험이 있습니다.
学力	がくりょく	학력	사물	N2	学力が伸びています。	がくりょくがのびています。	학력이 늘고 있습니다.
かけざん	かけざん	곱셈	사물	N2	かけざんを習いました。	かけざんをならいました。	곱셈을 배웠습니다.
火口	かこう	분화구	자연	N2	火口から煙が出ています。	かこうからけむりがでています。	분화구에서 연기가 납니다.
かしょ	かしょ	곳	장소	N2	三かしょ間違えました。	さんかしょまちがえました。	세 곳 틀렸습니다.
加速度	かそくど	가속도	사물	N2	加速度を計算します。	かそくどをけいさんします。	가속도를 계산합니다.
かたかな	かたかな	가타카나	사물	N2	かたかなで書いてください。	かたかなでかいてください。	가타카나로 써 주세요.
片寄る	かたよる	치우치다	동사	N2	意見が片寄っています。	いけんがかたよっています。	의견이 치우쳐 있습니다.
勝手に	かってに	마음대로	부사	N2	勝手に使わないでください。	かってにつかわないでください。	마음대로 쓰지 마세요.
構いません	かまいません	괜찮습니다	인사	N2	遅れても構いません。	おくれてもかまいません。	늦어도 괜찮습니다.
紙屑	かみくず	휴지	사물	N2	紙屑をごみ箱に捨てます。	かみくずをごみばこにすてます。	휴지를 쓰레기통에 버립니다.
剃刀	かみそり	면도칼	사물	N2	剃刀でひげをそります。	かみそりでひげをそります。	면도칼로 수염을 깎습니다.
かるた	かるた	카루타	사물	N2	正月にかるたをします。	しょうがつにかるたをします。	설에 카루타를 합니다.
瓦	かわら	기와	사물	N2	屋根の瓦が落ちました。	やねのかわらがおちました。	지붕 기와가 떨어졌습니다.
寒帯	かんたい	한대	자연	N2	寒帯の動物を調べます。	かんたいのどうぶつをしらべます。	한대의 동물을 조사합니다.
機関車	きかんしゃ	기관차	사물	N2	古い機関車が走っています。	ふるいきかんしゃがはしっています。	오래된 기관차가 달리고 있습니다.
規準	きじゅん	규준	사물	N2	規準に合っているか調べます。	きじゅんにあっているかしらべます。	규준에 맞는지 조사합니다.
切っ掛け	きっかけ	계기	사물	N2	それが始めた切っ掛けです。	それがはじめたきっかけです。	그것이 시작한 계기입니다.
客席	きゃくせき	객석	장소	N2	客席はほぼ満員です。	きゃくせきはほぼまんいんです。	객석은 거의 만원입니다.
斬る	きる	베다	동사	N2	時代劇で竹を斬ります。	じだいげきでたけをきります。	사극에서 대나무를 벱니다.
気を付ける	きをつける	조심하다	동사	N2	車に気を付けてください。	くるまにきをつけてください。	차를 조심해 주세요.
組合せ	くみあわせ	조합	사물	N2	色の組合せがいいです。	いろのくみあわせがいいです。	색 조합이 좋습니다.
蛍光灯	けいこうとう	형광등	사물	N2	蛍光灯を取り替えました。	けいこうとうをとりかえました。	형광등을 갈았습니다.
形容動詞	けいようどうし	형용동사	사물	N2	形容動詞の使い方を習います。	けいようどうしのつかいかたをならいます。	형용동사의 사용법을 배웁니다.
激増	げきぞう	급증	사물	N2	利用者が激増しています。	りようしゃがげきぞうしています。	이용자가 급증하고 있습니다.
桁	けた	자릿수	사물	N2	桁を間違えました。	けたをまちがえました。	자릿수를 틀렸습니다.
煙い	けむい	매캐하다	형용사	N2	部屋が煙いです。	へやがけむいです。	방이 매캐합니다.
現に	げんに	실제로	부사	N2	現にそれを見ました。	げんにそれをみました。	실제로 그것을 봤습니다.
耕地	こうち	경지	장소	N2	この村は耕地が広いです。	このむらはこうちがひろいです。	이 마을은 경지가 넓습니다.
交通機関	こうつうきかん	교통기관	사물	N2	交通機関が止まりました。	こうつうきかんがとまりました。	교통기관이 멈췄습니다.
高等学校	こうとうがっこう	고등학교	장소	N2	兄は高等学校の先生です。	あにはこうとうがっこうのせんせいです。	형은 고등학교 선생님입니다.
こくせき	こくせき	국적	사물	N2	こくせきを書いてください。	こくせきをかいてください。	국적을 써 주세요.
ご苦労様	ごくろうさま	수고하셨습니다	인사	N2	ご苦労様でした。	ごくろうさまでした。	수고하셨습니다.
腰掛	こしかけ	의자	사물	N2	庭に腰掛を置きました。	にわにこしかけをおきました。	정원에 의자를 놓았습니다.
こちらこそ	こちらこそ	저야말로	인사	N2	いいえ、こちらこそ。	いいえ、こちらこそ。	아니요, 저야말로요.
言付ける	ことづける	전언을 남기다	동사	N2	留守の人に言付けました。	るすのひとにいいつけました。	부재중인 사람에게 전언을 남겼습니다.
言葉遣い	ことばづかい	말씨	사물	N2	言葉遣いに気をつけます。	ことばづかいにきをつけます。	말씨에 조심합니다.
ごめんください	ごめんください	실례합니다	인사	N2	ごめんください、どなたかいますか。	ごめんください、どなたかいますか。	실례합니다, 누구 계십니까?
一昨昨日	さきおととい	그끄저께	시간	N2	一昨昨日から雨です。	さきおとといからあめです。	그끄저께부터 비입니다.
作製	さくせい	제작	사물	N2	地図を作製しました。	ちずをさくせいしました。	지도를 제작했습니다.
座敷	ざしき	다다미방	장소	N2	座敷でお茶を飲みます。	ざしきでおちゃをのみます。	다다미방에서 차를 마십니다.
差し引き	さしひき	공제	사물	N2	差し引き五千円残りました。	さしひきごせんえんのこりました。	공제하고 5천 엔 남았습니다.
流石	さすが	과연	부사	N2	流石に上手ですね。	さすがにじょうずですね。	과연 잘하시네요.
山林	さんりん	산림	자연	N2	この地方は山林が多いです。	このちほうはさんりんがおおいです。	이 지방은 산림이 많습니다.
自衛	じえい	자위	사물	N2	自衛のために習いました。	じえいのためにならいました。	자기 방어를 위해 배웠습니다.
仕方がない	しかたがない	어쩔 수 없다	형용사	N2	雨だから仕方がないです。	あめだからしかたがないです。	비라서 어쩔 수 없습니다.
自然科学	しぜんかがく	자연과학	사물	N2	自然科学を専攻しています。	しぜんかがくをせんこうしています。	자연과학을 전공하고 있습니다.
私鉄	してつ	사철	사물	N2	私鉄で通勤しています。	してつでつうきんしています。	사철로 통근하고 있습니다.
萎む	しぼむ	시들다	동사	N2	花が萎んでしまいました。	はながしぼんでしまいました。	꽃이 시들어 버렸습니다.
社会科学	しゃかいかがく	사회과학	사물	N2	社会科学の本を読みます。	しゃかいかがくのほんをよみます。	사회과학 책을 읽습니다.
じゃんけん	じゃんけん	가위바위보	사물	N2	じゃんけんで決めましょう。	じゃんけんできめましょう。	가위바위보로 정합시다.
集金	しゅうきん	수금	사물	N2	新聞の集金に来ました。	しんぶんのしゅうきんにきました。	신문 수금하러 왔습니다.
述語	じゅつご	서술어	사물	N2	主語と述語を探します。	しゅごとじゅつごをさがします。	주어와 서술어를 찾습니다.
順々	じゅんじゅん	차례차례	부사	N2	順々に並んでください。	じゅんじゅんにならんでください。	차례차례 줄 서 주세요.
しょうがない	しょうがない	어쩔 수 없다	형용사	N2	今さら言ってもしょうがないです。	いまさらいってもしょうがないです。	이제 와서 말해도 소용없습니다.
消極的	しょうきょくてき	소극적	형용사	N2	彼は消極的な人です。	かれはしょうきょくてきなひとです。	그는 소극적인 사람입니다.
上旬	じょうじゅん	상순	시간	N2	来月の上旬に伺います。	らいげつのじょうじゅんにうかがいます。	다음 달 상순에 찾아뵙겠습니다.
正味	しょうみ	순	사물	N2	正味の重さは一キロです。	しょうみのおもさはいちキロです。	순 무게는 1킬로입니다.
初旬	しょじゅん	초순	시간	N2	四月の初旬に咲きます。	しがつのしょじゅんにさきます。	4월 초순에 핍니다.
初歩	しょほ	초보	사물	N2	初歩から習いたいです。	しょほからならいたいです。	초보부터 배우고 싶습니다.
シリーズ	シリーズ	시리즈	사물	N2	このシリーズは全五巻です。	このシリーズはぜんごかんです。	이 시리즈는 전 5권입니다.
人文科学	じんぶんかがく	인문과학	사물	N2	人文科学を学んでいます。	じんぶんかがくをまなんでいます。	인문과학을 배우고 있습니다.
針路	しんろ	침로	사물	N2	船の針路を北に変えます。	ふねのしんろをきたにかえます。	배의 침로를 북쪽으로 바꿉니다.
水産	すいさん	수산	사물	N2	この町は水産業が盛んです。	このまちはすいさんぎょうがさかんです。	이 마을은 수산업이 왕성합니다.
水平線	すいへいせん	수평선	자연	N2	水平線に船が見えます。	すいへいせんにふねがみえます。	수평선에 배가 보입니다.
図々しい	ずうずうしい	뻔뻔하다	형용사	N2	図々しいお願いですみません。	ずうずうしいおねがいですみません。	뻔뻔한 부탁이라 죄송합니다.
ずうっと	ずうっと	훨씬	부사	N2	ずうっと前の話です。	ずうっとまえのはなしです。	훨씬 전 이야기입니다.
杉	すぎ	삼나무	자연	N2	杉の花粉が飛んでいます。	すぎのかふんがとんでいます。	삼나무 꽃가루가 날리고 있습니다.
図表	ずひょう	도표	사물	N2	図表で説明します。	ずひょうでせつめいします。	도표로 설명하겠습니다.
すまない	すまない	미안하다	형용사	N2	遅れてすまないです。	おくれてすまないです。	늦어서 미안합니다.
ずらり	ずらり	주르륵	부사	N2	本がずらり並んでいます。	ほんがずらりならんでいます。	책이 주르륵 늘어서 있습니다.
狡い	ずるい	교활하다	형용사	N2	そのやり方は狡いです。	そのやりかたはずるいです。	그 방식은 교활합니다.
整数	せいすう	정수	사물	N2	整数で答えてください。	せいすうでこたえてください。	정수로 답해 주세요.
西暦	せいれき	서기	시간	N2	西暦二千年に生まれました。	せいれきにせんねんにうまれました。	서기 2000년에 태어났습니다.
応ずる	おうずる	응하다	동사	N2	要望に応ずることにしました。	ようぼうにおうずることにしました。	요청에 응하기로 했습니다.
先々月	せんせんげつ	지지난달	시간	N2	先々月に引っ越しました。	せんせんげつにひっこしました。	지지난달에 이사했습니다.
先々週	せんせんしゅう	지지난주	시간	N2	先々週から休んでいます。	せんせんしゅうからやすんでいます。	지지난주부터 쉬고 있습니다.
そういえば	そういえば	그러고 보니	부사	N2	そういえば、まだ聞いていません。	そういえば、まだきいていません。	그러고 보니 아직 못 들었습니다.
造船	ぞうせん	조선	사물	N2	この町は造船で有名です。	このまちはぞうせんでゆうめいです。	이 마을은 조선으로 유명합니다.
騒々しい	そうぞうしい	시끄럽다	형용사	N2	外が騒々しいです。	そとがそうぞうしいです。	밖이 시끄럽습니다.
草履	ぞうり	조리	사물	N2	着物に草履を履きます。	きものにぞうりをはきます。	기모노에 조리를 신습니다.
総理大臣	そうりだいじん	총리대신	사람	N2	総理大臣が会見しました。	そうりだいじんがかいけんしました。	총리대신이 회견했습니다.
続々	ぞくぞく	잇따라	부사	N2	注文が続々入っています。	ちゅうもんがぞくぞくはいっています。	주문이 잇따라 들어오고 있습니다.
測量	そくりょう	측량	사물	N2	土地を測量しました。	とちをそくりょうしました。	토지를 측량했습니다.
速力	そくりょく	속력	사물	N2	船の速力を上げます。	ふねのそくりょくをあげます。	배의 속력을 올립니다.
卒直	そっちょく	솔직함	형용사	N2	卒直な意見を聞かせてください。	そつじかないけんをきかせてください。	솔직한 의견을 들려주세요.
そのころ	そのころ	그 무렵	시간	N2	そのころはまだ学生でした。	そのころはまだがくせいでした。	그 무렵은 아직 학생이었습니다.
そのため	そのため	그 때문에	부사	N2	そのため遅れました。	そのためおくれました。	그 때문에 늦었습니다.
逸れる	それる	빗나가다	동사	N2	話が逸れてしまいました。	はなしがそれてしまいました。	이야기가 빗나가 버렸습니다.
タイア	タイア	타이어	사물	N2	タイアを取り替えました。	タイアをとりかえました。	타이어를 갈았습니다.
ダイヤグラム	ダイヤグラム	다이어그램	사물	N2	ダイヤグラムで説明します。	ダイヤグラムでせつめいします。	다이어그램으로 설명하겠습니다.
但し	ただし	단	부사	N2	参加は自由です。但し、予約が必要です。	さんかはじゆうです。ただし、よやくがひつようです。	참가는 자유입니다. 단 예약이 필요합니다.
だらしない	だらしない	칠칠치 못하다	형용사	N2	服装がだらしないです。	ふくそうがだらしないです。	복장이 칠칠치 못합니다.
田ぼ	たんぼ	논	자연	N2	田ぼに水を入れます。	たぼにみずをいれます。	논에 물을 댑니다.
地下水	ちかすい	지하수	자연	N2	この村は地下水を使っています。	このむらはちかすいをつかっています。	이 마을은 지하수를 쓰고 있습니다.
近々	ちかぢか	머지않아	부사	N2	近々お伺いします。	ちかぢかおうかがいします。	머지않아 찾아뵙겠습니다.
着々	ちゃくちゃく	착착	부사	N2	工事は着々進んでいます。	こうじはちゃくちゃくすすんでいます。	공사는 착착 진행되고 있습니다.
中旬	ちゅうじゅん	중순	시간	N2	五月の中旬に会いましょう。	ごがつのちゅうじゅんにあいましょう。	5월 중순에 만납시다.
長短	ちょうたん	장단	사물	N2	どちらにも長短があります。	どちらにもちょうたんがあります。	어느 쪽에도 장단이 있습니다.
直流	ちょくりゅう	직류	사물	N2	この装置は直流で動きます。	このそうちはちょくりゅうでうごきます。	이 장치는 직류로 움직입니다.
貯蔵	ちょぞう	저장	사물	N2	野菜を地下に貯蔵します。	やさいをちかにちょぞうします。	채소를 지하에 저장합니다.
塵紙	ちりがみ	휴지	사물	N2	塵紙を一つください。	ちりがみをひとつください。	휴지를 하나 주세요.
つうか	つうか	통화	사물	N2	外国のつうかに両替します。	がいこくのつうかにりょうがえします。	외국 통화로 환전합니다.
定期券	ていきけん	정기권	사물	N2	定期券をなくしました。	ていきけんをなくしました。	정기권을 잃어버렸습니다.
定休日	ていきゅうび	정기 휴일	시간	N2	この店の定休日は月曜です。	このみせのていきゅうびはげつようです。	이 가게의 정기 휴일은 월요일입니다.
テニスコート	テニスコート	테니스 코트	장소	N2	公園にテニスコートがあります。	こうえんにテニスコートがあります。	공원에 테니스 코트가 있습니다.
手拭い	てぬぐい	수건	사물	N2	手拭いで汗を拭きます。	てぬぐいであせをふきます。	수건으로 땀을 닦습니다.
点々	てんてん	점점이	부사	N2	畑に花が点々と咲いています。	はたけにはながてんてんとさいています。	밭에 꽃이 점점이 피어 있습니다.
転々	てんてん	이리저리	부사	N2	仕事を転々としました。	しごとをてんてんとしました。	일을 이리저리 옮겼습니다.
同格	どうかく	동격	사물	N2	二人は同格の立場です。	ふたりはどうかくのたちばです。	두 사람은 동격의 입장입니다.
等分	とうぶん	등분	사물	N2	ケーキを四等分します。	ケーキをよんとうぶんします。	케이크를 4등분합니다.
床の間	とこのま	도코노마	장소	N2	床の間に花を飾ります。	とこのまにはなをかざります。	도코노마에 꽃을 장식합니다.
所々	ところどころ	군데군데	부사	N2	所々間違いがあります。	ところどころまちがいがあります。	군데군데 잘못이 있습니다.
殿	どの	님	사람	N2	山田殿と書いてください。	やまだどのとかいてください。	야마다 님이라고 써 주세요.
謎謎	なぞなぞ	수수께끼	사물	N2	子供に謎謎を出しました。	こどもになぞなぞをだしました。	아이에게 수수께끼를 냈습니다.
傾らか	なだらか	완만함	형용사	N2	傾らかな坂を上ります。	なだらかなさかをのぼります。	완만한 언덕을 오릅니다.
何しろ	なにしろ	아무튼	부사	N2	何しろ時間がありません。	なにしろじかんがありません。	아무튼 시간이 없습니다.
何々	なになに	무엇무엇	사물	N2	何々が必要か教えてください。	なになにがひつようかおしえてください。	무엇무엇이 필요한지 알려 주세요.
生意気な	なまいきな	건방진	형용사	N2	生意気な口をきかないでください。	なまいきなくちをきかないでください。	건방진 말투 쓰지 마세요.
倣う	ならう	본받다	동사	N2	先生に倣って書きます。	せんせいにならってかきます。	선생님을 본받아 씁니다.
匂う	におう	향기가 나다	동사	N2	バラが甘く匂います。	バラがあまくにおいます。	장미가 달콤하게 향기를 냅니다.
日用品	にちようひん	일용품	사물	N2	日用品を買いに行きます。	にちようひんをかいにいきます。	일용품을 사러 갑니다.
俄	にわか	갑작스러움	형용사	N2	俄に雨が降り出しました。	にわかにあめがふりだしました。	갑자기 비가 내리기 시작했습니다.
捩る	ねじる	비틀다	동사	N2	針金を捩って留めます。	はりがねをすじってとめます。	철사를 비틀어 고정합니다.
濃度	のうど	농도	사물	N2	塩の濃度を測ります。	しおののうどをはかります。	소금 농도를 잽니다.
乗換	のりかえ	환승	사물	N2	次の駅で乗換です。	つぎのえきでのりかえです。	다음 역에서 환승입니다.
バイバイ	バイバイ	바이바이	인사	N2	それではバイバイ。	それではバイバイ。	그럼 바이바이.
剥す	はがす	벗기다	동사	N2	シールを剥しました。	シールをはがしました。	스티커를 벗겼습니다.
ばからしい	ばからしい	어이없다	형용사	N2	ばからしい話です。	ばからしいはなしです。	어이없는 이야기입니다.
始めに	はじめに	처음에	부사	N2	始めに自己紹介をします。	はじめにじこしょうかいをします。	처음에 자기소개를 하겠습니다.
初めに	はじめに	처음에	부사	N2	初めに名前を書いてください。	はじめになまえをかいてください。	처음에 이름을 써 주세요.
斜	はす	비스듬함	사물	N2	斜に線を引きます。	はすにせんをひきます。	비스듬히 선을 긋습니다.
果して	はたして	과연	부사	N2	果して間に合うでしょうか。	はたしてまにあうでしょうか。	과연 시간에 맞을까요?
話合い	はなしあい	의논	사물	N2	話合いで決めましょう。	はなしあいできめましょう。	의논으로 정합시다.
話中	はなしちゅう	통화 중	사물	N2	電話はずっと話中です。	でんわはずっとはなしちゅうです。	전화는 계속 통화 중입니다.
ばね	ばね	스프링	사물	N2	ばねが伸びてしまいました。	ばねがのびてしまいました。	스프링이 늘어나 버렸습니다.
半径	はんけい	반지름	사물	N2	半径五センチの円を描きます。	はんけいごセンチのえんをえがきます。	반지름 5센티 원을 그립니다.
番地	ばんち	번지	장소	N2	番地を教えてください。	ばんちをおしえてください。	번지를 알려 주세요.
引受る	ひきうける	맡다	동사	N2	その仕事を引受ました。	そのしごとをひきうけました。	그 일을 맡았습니다.
引算	ひきざん	뺄셈	사물	N2	引算を習っています。	ひきざんをならっています。	뺄셈을 배우고 있습니다.
引分け	ひきわけ	무승부	사물	N2	試合は引分けでした。	しあいはひきわけけでした。	시합은 무승부였습니다.
陽射	ひざし	햇살	자연	N2	窓から陽射が入ります。	まどからひしゃがはいります。	창문에서 햇살이 들어옵니다.
引っ繰り返す	ひっくりかえす	뒤집다	동사	N2	箱を引っ繰り返しました。	はこをひっくりかえしました。	상자를 뒤집었습니다.
引っ繰り返る	ひっくりかえる	뒤집히다	동사	N2	コップが引っ繰り返りました。	コップがひっくりかえりました。	컵이 뒤집혔습니다.
必需品	ひつじゅひん	필수품	사물	N2	旅行の必需品を用意します。	りょこうのひつじゅひんをよういします。	여행 필수품을 준비합니다.
人差指	ひとさしゆび	집게손가락	사람	N2	人差指で押してください。	ひとさしゆびでおしてください。	집게손가락으로 눌러 주세요.
一通り	ひととおり	대충	부사	N2	一通り目を通しました。	いちとおりめをとおしました。	대충 훑어봤습니다.
日日	ひにち	날짜	시간	N2	日日を決めましょう。	ひにちをきめましょう。	날짜를 정합시다.
ひゃっかじてん	ひゃっかじてん	백과사전	사물	N2	ひゃっかじてんで調べます。	ひゃっかじてんでしらべます。	백과사전으로 찾아봅니다.
百科事典	ひゃっかじてん	백과사전	사물	N2	百科事典を買いました。	ひゃっかじてんをかいました。	백과사전을 샀습니다.
ビルディング	ビルディング	빌딩	장소	N2	高いビルディングが並んでいます。	たかいビルディングがならんでいます。	높은 빌딩이 늘어서 있습니다.
広さ	ひろさ	넓이	사물	N2	部屋の広さを測ります。	へやのひろさをはかります。	방의 넓이를 잽니다.
広々	ひろびろ	널찍이	부사	N2	広々した庭があります。	ひろびろしたにわがあります。	널찍한 정원이 있습니다.
瓶詰	びんづめ	병조림	음식	N2	瓶詰のジャムを買いました。	びんづめのジャムをかいました。	병에 든 잼을 샀습니다.
ふくめる	ふくめる	포함하다	동사	N2	税をふくめた値段です。	ぜいをふくめたねだんです。	세금을 포함한 가격입니다.
符号	ふごう	부호	사물	N2	正しい符号を選んでください。	ただしいふごうをえらんでください。	올바른 부호를 골라 주세요.
無沙汰	ぶさた	격조	사물	N2	長らく無沙汰しました。	ながらくむさたしました。	오랫동안 격조했습니다.
部首	ぶしゅ	부수	사물	N2	この漢字の部首は何ですか。	このかんじのぶしゅはなんですか。	이 한자의 부수는 무엇입니까?
襖	ふすま	장지문	사물	N2	襖を静かに開けます。	ふすまをしずかにあけます。	장지문을 조용히 엽니다.
附属	ふぞく	부속	사물	N2	附属の説明書を読みます。	ふぞくのせつめいしょをよみます。	부속 설명서를 읽습니다.
ぶらさげる	ぶらさげる	늘어뜨리다	동사	N2	かばんを肩にぶらさげます。	かばんをかたにぶらさげます。	가방을 어깨에 멥니다.
振り仮名	ふりがな	후리가나	사물	N2	漢字に振り仮名を付けます。	かんじにふりかめいをつけます。	한자에 후리가나를 답니다.
古里	ふるさと	고향	장소	N2	久しぶりに古里へ帰ります。	ひさしぶりにふるさとへかえります。	오랜만에 고향에 돌아갑니다.
分量	ぶんりょう	분량	사물	N2	材料の分量を量ります。	ざいりょうのぶんりょうをはかります。	재료의 분량을 잽니다.
へそ	へそ	배꼽	사람	N2	へそのあたりが痛いです。	へそのあたりがいたいです。	배꼽 근처가 아픕니다.
別々	べつべつ	따로따로	부사	N2	会計は別々にしてください。	かいけいはべつべつにしてください。	계산은 따로따로 해 주세요.
牧畜	ぼくちく	목축	사물	N2	この地方は牧畜が盛んです。	このちほうはぼくちくがさかんです。	이 지방은 목축이 왕성합니다.
坊っちゃん	ぼっちゃん	도련님	사람	N2	坊っちゃんはお元気ですか。	ぼっちゃんはおげんきですか。	도련님은 잘 지내십니까?
まあまあ	まあまあ	그럭저럭	부사	N2	成績はまあまあでした。	せいせきはまあまあでした。	성적은 그럭저럭이었습니다.
まごまご	まごまご	우물쭈물	부사	N2	駅でまごまごしました。	えきでまごまごしました。	역에서 우물쭈물했습니다.
跨ぐ	またぐ	넘다	동사	N2	水たまりを跨ぎました。	みずたまりをまたぎました。	물웅덩이를 넘었습니다.
間も無く	まもなく	머지않아	부사	N2	間も無く電車が来ます。	まもなくでんしゃがきます。	머지않아 전철이 옵니다.
惨めな	みじめな	비참한	형용사	N2	惨めな気持ちになりました。	みじめなきもちになりました。	비참한 기분이 되었습니다.
店屋	みせや	가게	장소	N2	店屋で買い物をします。	みせやでかいものをします。	가게에서 쇼핑을 합니다.
見詰める	みつめる	응시하다	동사	N2	じっと画面を見詰めました。	じっとがめんをみつめました。	가만히 화면을 응시했습니다.
無地	むじ	무늬 없음	사물	N2	無地のシャツを買いました。	むじのシャツをかいました。	무늬 없는 셔츠를 샀습니다.
銘々	めいめい	각자	사물	N2	銘々好きな物を選びます。	めいめいすきなものをえらびます。	각자 좋아하는 것을 고릅니다.
目安	めやす	기준	사물	N2	三十分を目安にしてください。	さんじゅっぷんをめやすにしてください。	30분을 기준으로 해 주세요.
面倒臭い	めんどうくさい	귀찮다	형용사	N2	手続きが面倒臭いです。	てつづきがめんどうくさいです。	절차가 귀찮습니다.
申し訳ない	もうしわけない	죄송하다	형용사	N2	遅れて申し訳ないです。	おくれてもうしわけないです。	늦어서 죄송합니다.
もしかしたら	もしかしたら	어쩌면	부사	N2	もしかしたら雨かもしれません。	もしかしたらあめかもしれません。	어쩌면 비일지도 모릅니다.
凭れる	もたれる	기대다	동사	N2	壁に凭れて休みます。	かべにもたれてやすみます。	벽에 기대어 쉽니다.
元々	もともと	원래	부사	N2	元々そういう性格です。	もともとそういうせいかくです。	원래 그런 성격입니다.
物凄い	ものすごい	엄청나다	형용사	N2	物凄い人でした。	ものすごいひとでした。	엄청난 인파였습니다.
モノレール	モノレール	모노레일	사물	N2	空港までモノレールで行きます。	くうこうまでモノレールでいきます。	공항까지 모노레일로 갑니다.
問答	もんどう	문답	사물	N2	問答を繰り返しました。	もんどうをくりかえしました。	문답을 되풀이했습니다.
喧しい	やかましい	시끄럽다	형용사	N2	工事の音が喧しいです。	こうじのおとがやかましいです。	공사 소리가 시끄럽습니다.
やたらに	やたらに	함부로	부사	N2	やたらに触らないでください。	やたらにさわらないでください。	함부로 만지지 마세요.
遊園地	ゆうえんち	유원지	장소	N2	子供と遊園地へ行きます。	こどもとゆうえんちへいきます。	아이와 유원지에 갑니다.
悠々	ゆうゆう	유유히	부사	N2	悠々と歩いていきました。	ゆうゆうとあるいていきました。	유유히 걸어갔습니다.
湯飲	ゆのみ	찻잔	사물	N2	湯飲にお茶を注ぎます。	ゆいんにおちゃをそそぎます。	찻잔에 차를 따릅니다.
洋品店	ようひんてん	양품점	장소	N2	駅前の洋品店で買いました。	えきまえのようひんてんでかいました。	역 앞 양품점에서 샀습니다.
養分	ようぶん	양분	사물	N2	土から養分を取ります。	どからようぶんをとります。	흙에서 양분을 얻습니다.
余所	よそ	다른 곳	장소	N2	余所で買った方が安いです。	よそでかったほうがやすいです。	다른 데서 사는 편이 쌉니다.
呼び掛ける	よびかける	호소하다	동사	N2	参加を呼び掛けました。	さんかをよびかけました。	참가를 호소했습니다.
慶ぶ	よろこぶ	기뻐하다	동사	N2	合格を慶びます。	ごうかくをよろこびます。	합격을 기뻐합니다.
領事	りょうじ	영사	사람	N2	領事館で手続きをします。	りょうじかんでてつづきをします。	영사관에서 절차를 밟습니다.
零点	れいてん	영점	사물	N2	零点を取ってしまいました。	れいてんをとってしまいました。	영점을 받아 버렸습니다.
レクリェーション	レクリェーション	레크리에이션	사물	N2	会社でレクリェーションがあります。	かいしゃでレクリェーションがあります。	회사에서 레크리에이션이 있습니다.
若々しい	わかわかしい	젊어 보이다	형용사	N2	父はまだ若々しいです。	ちちはまだわかわかしいです。	아버지는 아직 젊어 보입니다.
割合に	わりあいに	비교적	부사	N2	割合に安く買えました。	わりあいにやすくかえました。	비교적 싸게 살 수 있었습니다.
割算	わりざん	나눗셈	사물	N2	割算の問題を解きます。	わりざんのもんだいをときます。	나눗셈 문제를 풉니다.
割と	わりと	비교적	부사	N2	割と早く着きました。	わりとはやくつきました。	비교적 빨리 도착했습니다.
存ずる	ぞんずる	알다	동사	N2	その件は存ずるところではありません。	そのけんはぞんずるところではありません。	그 건은 아는 바가 아닙니다.
適確	てきかく	적확함	형용사	N2	適確な判断でした。	てきかくなはんだんでした。	적확한 판단이었습니다.
命ずる	めいずる	명하다	동사	N2	部長が調査を命ずるでしょう。	ぶちょうがちょうさをめいずるでしょう。	부장이 조사를 명할 겁니다.
論ずる	ろんずる	논하다	동사	N2	その問題を論ずるつもりです。	そのもんだいをろんずるつもりです。	그 문제를 논할 생각입니다.
